phi,q025,q16,q50,q84,q975
0.0,-0.6426783981029067,-0.619096755360919,-0.5933129522131669,-0.5664767917271772,-0.5393096971675486
0.00023023023023023025,-0.6396006806890563,-0.6160694172436347,-0.5904788744972108,-0.5637493790948583,-0.5367941906872296
0.0004604604604604605,-0.636556500747889,-0.6130488986729529,-0.5876250665023475,-0.561003749580484,-0.5343145514850197
0.0006906906906906907,-0.6334283704733963,-0.6099834809390556,-0.5847042169321913,-0.5582327993426084,-0.5317606870018171
0.000920920920920921,-0.6302600554013512,-0.6068588421296853,-0.58174656809074,-0.5554464140092896,-0.5291256514775967
0.0011511511511511513,-0.6270000352630118,-0.603795576325513,-0.5787767856836893,-0.5527103435875834,-0.5265474850161259
0.0013813813813813814,-0.623706828008881,-0.6006858311554508,-0.5757828936089373,-0.5498344696517019,-0.5240310313363707
0.0016116116116116118,-0.6205780112896009,-0.5974528739944909,-0.5727849600904565,-0.5470031063767877,-0.52146251353973
0.001841841841841842,-0.6173217337805295,-0.5942322601886588,-0.5697462427832977,-0.5441386171677267,-0.5187529221418581
0.002072072072072072,-0.6140153863341611,-0.5910272824089392,-0.5666938823762024,-0.5412972385532956,-0.5160921031351781
0.0023023023023023025,-0.6106240077613212,-0.5878172981287669,-0.563628121076219,-0.538329702643621,-0.5133586841377157
0.002532532532532533,-0.6072788920055462,-0.5845375771030729,-0.5605206712973166,-0.535419394564932,-0.5106074055397098
0.002762762762762763,-0.6037909220998967,-0.5812207992986874,-0.5573562504221683,-0.532461567367332,-0.5078117095617324
0.0029929929929929933,-0.6003283985659958,-0.5778994602123776,-0.5541837833655808,-0.529465303207121,-0.5049931730093579
0.0032232232232232236,-0.5968832788115153,-0.5745006868166203,-0.5509763679280112,-0.5264383840160747,-0.5021221367847111
0.0034534534534534536,-0.593418161046345,-0.5710804339422437,-0.5477577896835585,-0.5233627177023646,-0.4991425438295354
0.003683683683683684,-0.5898501923772567,-0.5676925759131456,-0.5444734254397517,-0.5202670920704017,-0.4961196182591937
0.003913913913913914,-0.5863264876236444,-0.5642350559856595,-0.5412044374745048,-0.5171203636258235,-0.4931104253700258
0.004144144144144144,-0.5828050218691022,-0.5607569211242336,-0.5379094579815806,-0.5139744530312615,-0.4901611913428174
0.004374374374374375,-0.5791173214450235,-0.5573170540063491,-0.5345716684740816,-0.510733413140016,-0.4872681127326861
0.004604604604604605,-0.5754729336235354,-0.5537426578811214,-0.5311717100601353,-0.5075052996199083,-0.484344196315978
0.0048348348348348355,-0.5717956465510436,-0.5501863776005992,-0.5277819272477298,-0.504224172906049,-0.48142364761410084
0.005065065065065066,-0.5681795400692017,-0.5466540469009641,-0.5243627186804012,-0.5008919962570909,-0.4782687717979635
0.005295295295295295,-0.5645178458355088,-0.5430979075912753,-0.5208987527469886,-0.49761934495610904,-0.4752669369124936
0.005525525525525526,-0.5607470962409523,-0.539494310538111,-0.5174094292678837,-0.4943279829250694,-0.472041488504136
0.005755755755755756,-0.5569850583014189,-0.5358200797326303,-0.5138799895191953,-0.49091878208940315,-0.46886631256886824
0.0059859859859859865,-0.5531942522631902,-0.5321268375661525,-0.5103593853242594,-0.48749584455324546,-0.4655955634379384
0.006216216216216217,-0.5493065516794636,-0.5283793091562786,-0.5068108812438162,-0.4840668818505506,-0.4623625713412668
0.006446446446446447,-0.5455216836642853,-0.524637133949404,-0.503173389077095,-0.48057970196216526,-0.45904110685689276
0.006676676676676677,-0.5416328897876006,-0.520853334354604,-0.49954374329370194,-0.47706261676851247,-0.4557822147457186
0.006906906906906907,-0.5377236577093436,-0.5170597260086262,-0.495843682722658,-0.47355956337774724,-0.4524366905926767
0.007137137137137138,-0.5338433977708483,-0.5131997057902242,-0.49214569703428607,-0.469999166654684,-0.44903085951325106
0.007367367367367368,-0.529947176947541,-0.5093531187273936,-0.4884254346381053,-0.46644409856093766,-0.4457041961839677
0.007597597597597598,-0.5260475902145108,-0.5055010572293296,-0.48467928666321897,-0.46282470765391637,-0.44218862746414195
0.007827827827827828,-0.5220349314089665,-0.5015686943456906,-0.4808838180985704,-0.4591812271689651,-0.43874329713460797
0.008058058058058058,-0.5179599630298743,-0.497669064378377,-0.4770844632935442,-0.4555137994764756,-0.4352821121334097
0.008288288288288289,-0.5139023386785375,-0.49370955796147736,-0.4732253067288834,-0.45184240946597276,-0.4317176192236178
0.008518518518518519,-0.5097827609953031,-0.4897317141764391,-0.4693378028699757,-0.44809744209821845,-0.42805602854241304
0.00874874874874875,-0.5055948874556234,-0.48569731652406256,-0.46543906515463623,-0.4443699964780715,-0.42448440247764285
0.00897897897897898,-0.501380026979551,-0.4816308811958342,-0.4614539049577963,-0.4406181056826245,-0.42076968220542976
0.00920920920920921,-0.49715438153657393,-0.4775902006077352,-0.45751593786496086,-0.4368000862388456,-0.4170610775832566
0.00943943943943944,-0.4929041910985025,-0.47351206715673183,-0.4535267271021873,-0.43294999047621835,-0.4134327856794263
0.009669669669669671,-0.48868688221682366,-0.46941734631353715,-0.44953362867671237,-0.42904698742803865,-0.4096384188211607
0.009899899899899901,-0.4844174626710876,-0.46524371354689237,-0.4454977563711447,-0.4251380224614802,-0.40583390175049466
0.010130130130130132,-0.4802010877777811,-0.46108421663665455,-0.4414028843072687,-0.42119435020275486,-0.4020797237611655
0.01036036036036036,-0.4757751562543673,-0.4568204627522762,-0.4373391668865588,-0.417242066455226,-0.3982604882532192
0.01059059059059059,-0.4714854446775531,-0.45255128625046737,-0.43319747679597065,-0.4132048169847586,-0.39437692736549146
0.010820820820820821,-0.4670832658906545,-0.44827591215700124,-0.4290062794030296,-0.4091913541645683,-0.39047739116672614
0.011051051051051052,-0.4627146879845273,-0.44398412686529315,-0.4248068846935986,-0.40513118909312196,-0.3864747786909996
0.011281281281281282,-0.45819932935845126,-0.43963734593015535,-0.42056326078358247,-0.4010469692785078,-0.3824340949306063
0.011511511511511512,-0.45380241184688197,-0.43526620727040566,-0.4163079918581683,-0.3969598439581203,-0.3784489990966974
0.011741741741741743,-0.4494049319546674,-0.4309420053872051,-0.4119954495003952,-0.39279403902591237,-0.3744929521790868
0.011971971971971973,-0.44487198522279614,-0.42649072002247695,-0.40767432347165206,-0.3885846369778127,-0.370518424683332
0.012202202202202203,-0.44040731114670884,-0.42201179504839076,-0.4033578888816318,-0.3843881923850824,-0.3664714203561452
0.012432432432432434,-0.4358302597295799,-0.4175822314001843,-0.3990380256168771,-0.3801925461062963,-0.36238109947690517
0.012662662662662664,-0.4312098507304942,-0.41307763694875627,-0.394611172688616,-0.3759412609847487,-0.35823094830015045
0.012892892892892895,-0.4265816435574864,-0.40854741250456317,-0.39014657700285144,-0.3716419825770096,-0.35407208707417803
0.013123123123123125,-0.4218726212259178,-0.40397433094576557,-0.3856603942949075,-0.3672527064865985,-0.34976849745393324
0.013353353353353354,-0.4172026439957739,-0.39940412842303075,-0.3811471786743419,-0.3629227287306772,-0.3454599202366779
0.013583583583583584,-0.4125192735356313,-0.3947923619899934,-0.3766142137129288,-0.3585319280798472,-0.3410999013612975
0.013813813813813814,-0.4077952977604789,-0.3901779609395258,-0.3720721294707944,-0.35405847560787795,-0.33674747953408857
0.014044044044044045,-0.4030559630396022,-0.38553588759284235,-0.3675396866062019,-0.3496171501380969,-0.3323353457906439
0.014274274274274275,-0.3981548126137797,-0.380840469806739,-0.36293182275694413,-0.3451674488319694,-0.327978240329984
0.014504504504504506,-0.39333244630636294,-0.37615416819170167,-0.3582993784548828,-0.34063027479326824,-0.3235516888660803
0.014734734734734736,-0.3884767667409991,-0.37141192720458915,-0.3536343946308034,-0.3361409991608833,-0.3190408079909922
0.014964964964964966,-0.3836695455775378,-0.3666682676802137,-0.3489399135832671,-0.3315371188088,-0.3146471536949536
0.015195195195195197,-0.3786797272849598,-0.3619067499962559,-0.34421970945636404,-0.3269011483316804,-0.31019615413689994
0.015425425425425427,-0.3737859321231971,-0.35704289994238253,-0.33946996651124156,-0.32227886603273237,-0.30563789306716643
0.015655655655655656,-0.3688062948892885,-0.3521822782456283,-0.3347146776344925,-0.3175977638745854,-0.30103895923808405
0.015885885885885888,-0.36383325415207485,-0.34731493289007387,-0.32988657031247115,-0.3129236199319237,-0.29637920042115123
0.016116116116116116,-0.3589210055687981,-0.3423727474596023,-0.32509126080796674,-0.3082519093030769,-0.29178428025351566
0.01634634634634635,-0.35386267466757276,-0.3374433691626881,-0.3202245008345983,-0.3034859630678561,-0.2871588217063245
0.016576576576576577,-0.3488951815479251,-0.3324877179144159,-0.3153452374432456,-0.29873709583921365,-0.2825277009620109
0.01680680680680681,-0.3436385291970849,-0.3274434059299843,-0.3104644055119442,-0.2938875855763663,-0.277812235567356
0.017037037037037038,-0.33845792890124676,-0.3224206859793165,-0.30550471458307277,-0.2890561416769466,-0.2730840567835216
0.01726726726726727,-0.33327388634520877,-0.31736355113421666,-0.3005549413656287,-0.28420542567716073,-0.26820222733913596
0.0174974974974975,-0.3281225576236284,-0.3122966037468524,-0.29557262196750883,-0.2792883827731983,-0.26344955711338325
0.017727727727727727,-0.32290231041914946,-0.30722100498257227,-0.29057209173869497,-0.2743353719821242,-0.2586641138796833
0.01795795795795796,-0.317651947409223,-0.3021608796392001,-0.2855204574488641,-0.26941701924231354,-0.2538123715611927
0.018188188188188188,-0.31249746641496984,-0.297045082913245,-0.28048716576528376,-0.2644307145891984,-0.24898226321811176
0.01841841841841842,-0.307285466165101,-0.29186229720772994,-0.2753851554573122,-0.2594372574037981,-0.2439975074615491
0.01864864864864865,-0.30200700256221996,-0.28670338476275187,-0.27029131683087015,-0.2544066268933716,-0.2390515090317181
0.01887887887887888,-0.2965988913384467,-0.28148237657046393,-0.2651503148969542,-0.24934087690712226,-0.23412806114085674
0.01910910910910911,-0.2912775987299327,-0.27618365333126466,-0.2599745570090522,-0.24421158769785062,-0.2291329460096451
0.019339339339339342,-0.285879313464813,-0.2709292614166967,-0.2547967327925933,-0.23911865899499674,-0.22409029099986677
0.01956956956956957,-0.280523865879954,-0.26562451175355106,-0.24961089100949607,-0.23397807838576343,-0.21911540411374705
0.019799799799799803,-0.2751217975184741,-0.2602992991950063,-0.24438629658850933,-0.2287897186055596,-0.21402835696165692
0.02003003003003003,-0.2696656383292528,-0.25499778054945804,-0.23910376170429598,-0.22361480492496186,-0.20890565107061831
0.020260260260260263,-0.26425070198925876,-0.24964180901743738,-0.23380868233936875,-0.21840566269721612,-0.20372717296384305
0.020490490490490492,-0.2587607410892156,-0.24425105228908545,-0.2284985016642087,-0.21315416317725389,-0.19864653517891612
0.02072072072072072,-0.2533028238624106,-0.238854030692931,-0.22316023718874728,-0.20785287787099369,-0.19336998147972706
0.020950950950950953,-0.2478108294352556,-0.23341198970217775,-0.21780014496304445,-0.2025133898439981,-0.18814371134858995
0.02118118118118118,-0.24239566069647672,-0.2279955244002531,-0.21240969286998287,-0.19715994162644296,-0.1829219259974413
0.021411411411411414,-0.23681853039106215,-0.2225149996606745,-0.2070043879254174,-0.19184862693902846,-0.17765853640047827
0.021641641641641642,-0.2312406105936018,-0.2170530719256714,-0.20157328912220857,-0.18647049441185443,-0.17221323323314439
0.021871871871871874,-0.2257669173862539,-0.2115859943392316,-0.19614321145354682,-0.1810409769981458,-0.1669384850980292
0.022102102102102103,-0.22019625682219413,-0.20602572096275953,-0.19068517178013752,-0.17564596142073857,-0.16166782888933193
0.022332332332332335,-0.2146743612668239,-0.20048640349861233,-0.1851894166890743,-0.1702464621388684,-0.15628556565665952
0.022562562562562564,-0.2090608686470983,-0.19485406607016414,-0.17971783543252814,-0.16471289104145662,-0.15080725190796268
0.022792792792792796,-0.20351221826808744,-0.18923543650794328,-0.17421840860932328,-0.1592281601291389,-0.14538813641844398
0.023023023023023025,-0.19789440929608731,-0.18364994035447949,-0.16869431118828834,-0.1537508368297233,-0.13988675066572392
0.023253253253253257,-0.19225628635714445,-0.17809942212012203,-0.16313838454815047,-0.14828146760018132,-0.1344275133917288
0.023483483483483485,-0.18651492550938936,-0.17247696395555634,-0.15755344815112637,-0.14270623328371726,-0.1289837972802664
0.023713713713713714,-0.18087028581181827,-0.16683034042344236,-0.151951410221944,-0.13709951052679317,-0.12330030128605332
0.023943943943943946,-0.17522819457582597,-0.16118693935171854,-0.14631698844584015,-0.1315272177593558,-0.11780008512556174
0.024174174174174175,-0.16944380686249103,-0.15547627566508873,-0.1406604947597616,-0.1258899749429214,-0.1122066332582827
0.024404404404404407,-0.16367697372010503,-0.14971707637556242,-0.1349715954410918,-0.12030341426579921,-0.10656665135677121
0.024634634634634636,-0.15795665788068103,-0.14403859972493627,-0.1292965676806053,-0.11466027963293954,-0.1009495573422574
0.024864864864864868,-0.15226132219049265,-0.1383064579017963,-0.12360079343581039,-0.10902448633428861,-0.09526860143383073
0.025095095095095096,-0.14638580506346804,-0.1325600728733147,-0.11789535359260234,-0.10330190777975357,-0.08952959334076936
0.02532532532532533,-0.1406282424750268,-0.12674920354061986,-0.11216268723393825,-0.09761561589345673,-0.08381118319325505
0.025555555555555557,-0.13484210466353094,-0.12094370694235826,-0.10639039960412869,-0.09188621356095665,-0.07815460617060244
0.02578578578578579,-0.12896374102060237,-0.11514998744682543,-0.10063107338126048,-0.08613138877336726,-0.07246173478497812
0.026016016016016018,-0.1231481004825264,-0.10930819926331432,-0.09486675200064314,-0.08034726820505371,-0.06667620991575421
0.02624624624624625,-0.11727115854926522,-0.10350436574712146,-0.0890784192425595,-0.07455638165371249,-0.06095285916967819
0.02647647647647648,-0.11143752750218025,-0.09765397872005376,-0.08325124321550768,-0.06872538156718917,-0.055142903025687154
0.026706706706706707,-0.1055596244280198,-0.09180437709485816,-0.07739235998143737,-0.06291012970465416,-0.049374100022414685
0.02693693693693694,-0.09971781617661081,-0.08597887406760497,-0.07157439386639787,-0.0570957678616565,-0.04354088218010922
0.027167167167167168,-0.09387604544216238,-0.08010558670850992,-0.06570914180029994,-0.05120955518849896,-0.03769273967582809
0.0273973973973974,-0.08806066191749563,-0.07418762055103922,-0.05984094397383343,-0.0453130427135341,-0.03181163612752021
0.02762762762762763,-0.08211104613267527,-0.06827497513006914,-0.053955095434301714,-0.03942216291197772,-0.02581136935285443
0.02785785785785786,-0.07629353255048264,-0.06241382758187702,-0.0480296175508164,-0.03357496961352004,-0.01994922412972222
0.02808808808808809,-0.07038425323984979,-0.056526765401140426,-0.04213397583722016,-0.02767715401938845,-0.014098079068190814
0.02831831831831832,-0.06452081272475457,-0.050630470379775236,-0.03625462255407534,-0.021764257245213924,-0.008093619801339057
0.02854854854854855,-0.05865108521559705,-0.044704760095503386,-0.030295806439056237,-0.015787976340676264,-0.002081031356834534
0.028778778778778782,-0.052739089698434126,-0.03872366504628784,-0.024349793006809332,-0.009845596204659803,0.0038761694626351646
0.02900900900900901,-0.04687767960677983,-0.03276915931527013,-0.01839371967078849,-0.003860388912776499,0.010003245199800373
0.029239239239239243,-0.04101276025278102,-0.026803382473117848,-0.012404466874087373,0.0021075529793837147,0.016150431789439784
0.029469469469469472,-0.03514105332762495,-0.020861335855782277,-0.006427655730836013,0.008086215550246365,0.02221538871141676
0.0296996996996997,-0.029203436295713512,-0.014908972607041578,-0.0004428012791725849,0.014126226730066223,0.02830328926222451
0.029929929929929933,-0.023227329807691228,-0.008949712193174409,0.00554596812147828,0.020179951701560093,0.03437314381536485
0.03016016016016016,-0.017347416103476992,-0.0029824304953836134,0.011561273697902236,0.026226321080725236,0.04042067269431525
0.030390390390390393,-0.011340340951412219,0.003009131574610658,0.017561469047429612,0.03230204190647903,0.046508414507388365
0.030620620620620622,-0.005414891144889004,0.008964255406489447,0.023589847485209994,0.03835813299511441,0.052606021960091294
0.030850850850850854,0.0006044809769330352,0.014972403214944916,0.02960061765050667,0.04444920730717203,0.05871865223954543
0.031081081081081083,0.006632204969643381,0.021043057858545648,0.03563097744064819,0.05051424142751233,0.06481417323066373
0.03131131131131131,0.012645984579710935,0.027050033963772032,0.041664834346646196,0.056572725200266745,0.07103169478335947
0.03154154154154155,0.018608029645984146,0.03306136738656275,0.04767711523056721,0.06270723751579331,0.07720530675097058
0.031771771771771776,0.024491655715049604,0.03903055824670095,0.05374722601017545,0.06878412325764617,0.08331849542639562
0.032002002002002004,0.030491189127145935,0.04504917137108117,0.05979758571852094,0.07488112631132868,0.08943704242760177
0.03223223223223223,0.03636479914050316,0.05109800679654949,0.06584093690589257,0.08098571242787242,0.09561633378798405
0.03246246246246246,0.04224806322371419,0.057089863297306566,0.07190673251716848,0.08703873290465541,0.10175334435039127
0.0326926926926927,0.04825579640582638,0.06309841117292296,0.07799796729356866,0.09313301592745833,0.10796398377183787
0.032922922922922926,0.054245398525942574,0.06916835972094632,0.0841245260621087,0.09925154318262734,0.11409473706098244
0.033153153153153155,0.06009573607661891,0.07517394197016339,0.09022431593073897,0.10534105225054616,0.12033744095188216
0.03338338338338338,0.06603682190872398,0.08118136215032129,0.09632808937947672,0.11148379722635272,0.126509816448337
0.03361361361361362,0.07204142227542934,0.08715785165778843,0.10239660648516702,0.11762982918740116,0.13262189859169365
0.03384384384384385,0.07806221886538235,0.09319608522561433,0.1084662762966253,0.12379294027074116,0.13878301741948215
0.034074074074074076,0.08407932595057241,0.09928274935680939,0.11455495896168034,0.12995731196560253,0.14493509048517317
0.034304304304304305,0.08999685575896461,0.10524216459004002,0.12065573455365544,0.13612781877668806,0.15112637611178692
0.03453453453453454,0.09599523204762143,0.1112964867486719,0.1267192217601101,0.1423478456322922,0.15730818914162017
0.03476476476476477,0.1019942726034139,0.11732290219653034,0.13278197988934318,0.14848707469486744,0.1635269720960369
0.034994994994995,0.10802018610035632,0.12336683422231949,0.1388828858758907,0.15455240424934877,0.1697160387733878
0.035225225225225226,0.11401516444436148,0.12939513213359274,0.14496740787177947,0.16066691035569816,0.17597530962316804
0.035455455455455455,0.1200354265128892,0.13540055300001932,0.1510326023795453,0.1668037230598605,0.18219552217229473
0.03568568568568569,0.12590007213615337,0.1414147759395195,0.15710675673615923,0.17292806031294314,0.1884156681905428
0.03591591591591592,0.1318791733678096,0.14743236453907482,0.16317229057928048,0.17907859971684004,0.19467477523801918
0.03614614614614615,0.13782520912138113,0.1534476818497008,0.1692155206224252,0.18526703066209235,0.2007915687137167
0.036376376376376376,0.143801600799461,0.15949960987484216,0.175301861443491,0.19142779657981318,0.2069952590729123
0.03660660660660661,0.14977482821560173,0.165515855837571,0.18140365677138814,0.19753477411780399,0.213189630286548
0.03683683683683684,0.1557208351049838,0.17150822475286737,0.18748995313158798,0.20368836300385346,0.2194627559177372
0.03706706706706707,0.1616652860365577,0.17748405581795829,0.1935741829997664,0.20979775908583367,0.22569291164630598
0.0372972972972973,0.16752347855996705,0.18346413574424977,0.19965981802196833,0.21594583177441248,0.23195556736642028
0.037527527527527534,0.17338418946746315,0.18945793869242789,0.20571774822447333,0.22212829792868158,0.23822199133280916
0.03775775775775776,0.1793133856494812,0.1954395603316268,0.21177999775675949,0.22824626784712926,0.24439081220917197
0.03798798798798799,0.18521503024781744,0.20145764929836174,0.21780626517093246,0.23429855449172124,0.25063810307293855
0.03821821821821822,0.19112813561519948,0.20741635304230568,0.22384704898833135,0.24042853862039076,0.25685611747123777
0.03844844844844845,0.19710480030816052,0.21339247446334994,0.22986153073707222,0.2465089581296936,0.26295344388450387
0.038678678678678684,0.20301132414311845,0.2193617394814975,0.23589955961100514,0.2525922617634573,0.2690964137730417
0.03890890890890891,0.20895378501415057,0.2252913749482676,0.24194214440596604,0.25863436758944575,0.27529382021281695
0.03913913913913914,0.2148179401312869,0.23121430814854863,0.24792422847708473,0.26471012669914346,0.28140711338419605
0.03936936936936937,0.22064446544374658,0.23714656477200663,0.2539245304705436,0.27081043821640977,0.287575283423191
0.039599599599599605,0.22647332814932963,0.2430762071753461,0.25993513844348404,0.27687023379681674,0.2937122583272822
0.039829829829829834,0.23246601232878675,0.24897038945310315,0.2659029255324965,0.28289901887013136,0.29989343576951155
0.04006006006006006,0.23823020166508113,0.2548588804354208,0.27187553313708773,0.2889605852033826,0.3059777284976726
0.04029029029029029,0.24405122798149656,0.2607579454404625,0.2778436504262881,0.2949871878092276,0.3120758022804513
0.04052052052052053,0.24982226254895762,0.26666685085434677,0.2837852595609018,0.3010150368840952,0.3181360292387568
0.040750750750750755,0.25561335276551944,0.27257025997557854,0.2897535058764535,0.30704839166566084,0.3241779260806242
0.040980980980980984,0.26140414297115006,0.2784235145283251,0.2956982739119974,0.31303288325398626,0.3301761265914027
0.04121121121121121,0.26734143117710274,0.2842747891130023,0.3016278792454589,0.3189934374022951,0.3362949276371604
0.04144144144144144,0.27314540028039197,0.29012188429787483,0.3075554934661512,0.32496046230545117,0.34240152939028795
0.04167167167167168,0.2789302134231642,0.2959269689382309,0.31346916887758536,0.3309332145251482,0.3484134639418994
0.041901901901901906,0.28474808046343575,0.3018009148176199,0.31939390983023946,0.33685276029082956,0.3543487860085767
0.042132132132132134,0.2904877771567874,0.3075921648905424,0.32527460307651035,0.3428330604744563,0.36028627268082714
0.04236236236236236,0.29621064848191625,0.31341214508027976,0.33113080341569584,0.3487881951962667,0.3661885209577232
0.0425925925925926,0.30200312472616286,0.31924025938945666,0.3369806460360513,0.35469961840443964,0.37201012639220205
0.04282282282282283,0.3077569018663539,0.3250468460295133,0.3428261526672113,0.36057897613857315,0.3778314308105886
0.043053053053053056,0.3134163591606874,0.3308385478959646,0.34865289416352574,0.36641038300721046,0.38375349023861277
0.043283283283283285,0.31916606142841986,0.3365968685271,0.35447173327068254,0.37225137415477655,0.3896019898787508
0.04351351351351352,0.3248916211699427,0.3423110753086749,0.36027555148770035,0.3780943645540249,0.39546194978078436
0.04374374374374375,0.33063597384998855,0.34806663426522316,0.3660460331650987,0.3839137776337705,0.4013261163780409
0.04397397397397398,0.3363939746949682,0.3537759765472407,0.37180776580628644,0.3896831346826233,0.4071597941574338
0.044204204204204206,0.34212957194248894,0.35951248289956067,0.37756276697614155,0.3954347943542622,0.41292065102478487
0.044434434434434435,0.3477428774077103,0.36525156180459567,0.3832936459191039,0.40117849408138984,0.41873935737405704
0.04466466466466467,0.3534796451123077,0.3709356518383179,0.3890534946396524,0.40694855908362987,0.42456257363588856
0.0448948948948949,0.35920393377889687,0.3766044752262682,0.3947605202453535,0.41270929899081243,0.4303575347092194
0.04512512512512513,0.3648298095788614,0.38226017950935437,0.40047327489780593,0.4184045673294119,0.436065705703521
0.045355355355355356,0.3704380454927113,0.387903571422433,0.4061444976319568,0.424125846947408,0.4417216303637115
0.04558558558558559,0.3759399050642635,0.39355812313726013,0.41182397693669254,0.42979757226346005,0.44741780477921145
0.04581581581581582,0.38159041732785864,0.3991994656027809,0.4175013217704401,0.4354636759449694,0.4531384962559467
0.04604604604604605,0.3872162202981185,0.40478344816484085,0.423106222320422,0.44109843928366543,0.45880832078520867
0.04627627627627628,0.392843243389089,0.4104032879877091,0.4287385476865327,0.44674278084443686,0.46449041457773044
0.04650650650650651,0.39838258040001273,0.41596786903260013,0.43433190250657155,0.45234780630278354,0.47017372983776684
0.04673673673673674,0.40388414751600143,0.42154463196548986,0.4398989113819639,0.4579409690944748,0.47585004988837537
0.04696696696696697,0.4094185593192169,0.4270095285661933,0.4454324897857927,0.46355124554388094,0.4814139973626439
0.0471971971971972,0.41496099748907134,0.43255187937409545,0.45097377566388813,0.46916589644058226,0.48687537066218184
0.04742742742742743,0.4204895025904765,0.43803044042808875,0.4565202306074863,0.4747393111339867,0.4925279814991232
0.047657657657657664,0.4259779635174504,0.44348964424989534,0.46204041263138274,0.48028794007165776,0.49807751374041775
0.04788788788788789,0.4314260294052098,0.44893994148349325,0.467557401538802,0.48576174421684615,0.503649880787
0.04811811811811812,0.4368273017394848,0.4543728987468035,0.47302954691576504,0.4911851125073034,0.5091696431155396
0.04834834834834835,0.442261313367213,0.45981759623403556,0.47847285256255456,0.496656511634111,0.5146549392146055
0.048578578578578585,0.4476510156526935,0.4652380275511855,0.483902520889971,0.5021186675554403,0.5200468778576831
0.048808808808808814,0.4529875571104513,0.47069039395873935,0.489309568307948,0.5075948483273048,0.5254610832011726
0.04903903903903904,0.4583386151206073,0.4761133577361272,0.49471727564458445,0.512995284518637,0.5308786723557838
0.04926926926926927,0.4637214900183272,0.4815085147776093,0.5000766958379107,0.518414087251883,0.5362200130861995
0.04949949949949951,0.46900409319849967,0.4868878857316756,0.5054836302342439,0.5238270746538521,0.5415497620345442
0.049729729729729735,0.47430108928712544,0.49218041363491466,0.5108502715937897,0.5291551649976263,0.5468718393862249
0.049959959959959964,0.479582772039127,0.49750573052502356,0.5161503509322384,0.5345070759112032,0.5521882957942913
0.05019019019019019,0.48488184425524966,0.5027586923138802,0.5214481607176265,0.5397826133949901,0.5574943531177248
0.05042042042042042,0.4900503171577333,0.5080114373893918,0.5267384745165168,0.545085302251332,0.5627632845812691
0.05065065065065066,0.49521683767012986,0.513305402280135,0.5319992251899369,0.5503612065534231,0.5680279750485439
0.050880880880880885,0.5005440518062817,0.5185766313425145,0.5372738674708923,0.5555991020353928,0.5732739973474971
0.051111111111111114,0.5059000068723585,0.5238266959482588,0.5424947110483854,0.5608038650668492,0.578524232960043
0.05134134134134134,0.5110804822698397,0.5290902805570188,0.5476783225223071,0.5659658383001953,0.5838151116245721
0.05157157157157158,0.516211816097681,0.5342496818252199,0.5528418711041215,0.5711634186093121,0.5889813727184873
0.05180180180180181,0.5214169250771354,0.5394235387437912,0.5580447766652267,0.5763699630868552,0.5941705005537513
0.052032032032032036,0.5266344617960853,0.5445770756367493,0.563148854957767,0.5815055779633928,0.5993340003651186
0.052262262262262264,0.5317891599462454,0.5496721654864622,0.5682858252132804,0.5866208844375743,0.6045061282466649
0.0524924924924925,0.5369296972986617,0.5547970091263069,0.5734432884082944,0.5917519693232417,0.6096056581669834
0.05272272272272273,0.541947597130918,0.5598579317693414,0.5785135555490705,0.5968760885357449,0.6146984006673842
0.05295295295295296,0.5470348788305657,0.5649433743621773,0.583612728364404,0.6019807595526245,0.619729269046419
0.053183183183183186,0.5521620327567685,0.5700327039576305,0.5886461688850546,0.6070033381732872,0.6247160571076997
0.053413413413413414,0.5571540970200841,0.5750422984858278,0.5936997175976964,0.6119919257783318,0.6298015619866564
0.05364364364364365,0.5620981685753758,0.5800031609979293,0.5987157727846556,0.6169691002246723,0.6347785646964099
0.05387387387387388,0.5670679737241126,0.5850750617967213,0.6036834481192954,0.6219933323218765,0.6398178291841511
0.05410410410410411,0.5720420545467273,0.590068418016546,0.608581633615817,0.6269525432503268,0.6447851972938287
0.054334334334334336,0.5770831317098876,0.5950317208480369,0.6134902225207414,0.6318750252781227,0.6496736776255952
0.05456456456456457,0.5819900616039406,0.5999808006297387,0.6184622177993949,0.6367779483393019,0.654588812609324
0.0547947947947948,0.5868923505932998,0.6048744387097723,0.6233516267578231,0.6416772226511526,0.6595112035799847
0.05502502502502503,0.5917211062455032,0.6097447629228242,0.6282436929093403,0.6465134769943297,0.6644454322520785
0.05525525525525526,0.5964658506796464,0.6146027224964778,0.633104047642508,0.6513350212214035,0.6692215212874549
0.05548548548548549,0.6011985799239102,0.6194278956493696,0.6379448560261424,0.6561619753654989,0.6740669545210645
0.05571571571571572,0.6060022945971737,0.6242044452397997,0.6427192721443381,0.660993424405733,0.6788816588670264
0.05594594594594595,0.6107820094321011,0.6290289168475779,0.6475101781566355,0.6657631273143617,0.6836204704652453
0.05617617617617618,0.6155669330930694,0.6338152600192224,0.6522961848222766,0.6705748731783511,0.6882980477153567
0.05640640640640641,0.6202355148056283,0.6386098956310167,0.6570389034770153,0.6753127397913606,0.693094317046477
0.05663663663663664,0.6250292802332125,0.643343186124909,0.6617624658782312,0.6800400162228271,0.6978392432129342
0.05686686686686687,0.629684997539491,0.6480233080338077,0.6664811595220641,0.6847458778503605,0.7025312876851953
0.0570970970970971,0.634395515125715,0.6527109984871782,0.6711461837277906,0.6894309353678068,0.7073321678062531
0.05732732732732733,0.6390959474261736,0.6573437738674685,0.675850158232451,0.6940986734415128,0.7121020555723355
0.057557557557557565,0.643851156813773,0.6619405042892438,0.6805162335459373,0.6987819173075126,0.7167934617284847
0.057787787787787794,0.6483979110110544,0.6665002049268689,0.6851458283457569,0.7034932902408131,0.721438308485393
0.05801801801801802,0.6530140481828052,0.6710596776749849,0.689779751310893,0.7081255837045256,0.7260770655714038
0.05824824824824825,0.6576257750664566,0.6756647042907719,0.6943362080719293,0.7127302823197804,0.730719067549441
0.058478478478478486,0.6621491335411614,0.6802009214359431,0.6989420823391757,0.7173061509385497,0.7353313003289295
0.058708708708708715,0.6668317262973144,0.6847193812380145,0.7034779247749078,0.7218958724990934,0.7400061305006278
0.058938938938938944,0.6713282484729812,0.6892329942772577,0.7079877448964099,0.726410002027754,0.7446196633974937
0.05916916916916917,0.6758828669911326,0.693741349976005,0.7125161339995848,0.7310062347674092,0.7492854594686024
0.0593993993993994,0.6804137430121527,0.6982480915152066,0.7170213158610265,0.7355519936481449,0.7537820109806673
0.05962962962962964,0.6847874915841404,0.7026837531587927,0.7215081388527065,0.7399957046140171,0.758332382181017
0.059859859859859865,0.6893287557114842,0.7071454106556928,0.7259698209022346,0.7444633430511448,0.7629359658832477
0.060090090090090094,0.6937251254722786,0.7115936338811238,0.7304352671152056,0.748938307549313,0.7674842790431234
0.06032032032032032,0.6980499919475263,0.7159669753635143,0.7348177883533746,0.7533695041638446,0.7720333827681615
0.06055055055055056,0.7025145436349135,0.7203048413918637,0.7392317925792413,0.757748195160881,0.7765262756072627
0.06078078078078079,0.7068990033365351,0.7246779364979063,0.7435917732049121,0.7621448514159119,0.7809587376968604
0.061011011011011015,0.7112949646046668,0.7290198276179758,0.7479079529411078,0.7665540180025229,0.7854198250314333
0.061241241241241244,0.7156142991381732,0.7333012364493936,0.752226975096884,0.7709673792912953,0.7898312959754773
0.06147147147147148,0.7198264183441186,0.7376098723704271,0.7565179486423359,0.7752419309012771,0.7943398144501378
0.06170170170170171,0.7240991863607834,0.7418333622074357,0.7608143570915463,0.7795145721262752,0.7987306006936816
0.06193193193193194,0.7283298524861248,0.7460823663322455,0.76511479851076,0.7838330658360257,0.8031582961934962
0.062162162162162166,0.7324745467509239,0.7502057355646764,0.7693923260841666,0.7881588184188953,0.8076604076799547
0.062392392392392394,0.7366351519325461,0.754478013225812,0.7736428470993526,0.7924759277600898,0.8119782518645393
0.06262262262262262,0.7407673590176839,0.7586456140626524,0.777835431408001,0.796721892919791,0.8161623079540976
0.06285285285285286,0.7448822789649615,0.7627998922989099,0.7820149050234521,0.8009228848049058,0.820491601791199
0.0630830830830831,0.7489884928711595,0.7669674419647017,0.7862420650065226,0.8050645624895882,0.8247323885825144
0.06331331331331332,0.753027774742004,0.7710916016989446,0.790432569483515,0.8093559229608349,0.8289319708764498
0.06354354354354355,0.7570490573205858,0.7751795440746712,0.7945314247532671,0.813550926518161,0.8332741351959216
0.06377377377377377,0.7611265417549313,0.7792228371126472,0.7986945442460954,0.8177266927907029,0.837529275425345
0.06400400400400401,0.7651298599453887,0.7832924702159254,0.8028156632279889,0.821876645077452,0.8417955145288414
0.06423423423423424,0.7691386270994378,0.7873166931490448,0.8069126972300864,0.8260069786428903,0.8460021453346347
0.06446446446446447,0.7730720436332972,0.7913139931979328,0.8110421189872478,0.830182535357489,0.850191407865839
0.0646946946946947,0.7770264900669099,0.7952738254931526,0.815093246097599,0.8342768989016778,0.8543802616968144
0.06492492492492492,0.7807996927444775,0.7992026089017568,0.8191042326428719,0.838294332639377,0.8585830093939798
0.06515515515515516,0.7847356347586313,0.8031586281284068,0.8230980688471533,0.842404238410875,0.8627277844123714
0.0653853853853854,0.7886627788586031,0.8071026545380773,0.8271004727979885,0.8465116239671866,0.8669809199964079
0.06561561561561562,0.7925854273491854,0.8109776279759189,0.8310514999045813,0.8505864057320164,0.8710486295612191
0.06584584584584585,0.7963831228682744,0.8147791968603663,0.8350182395963607,0.8546457013225964,0.875119695515448
0.06607607607607609,0.8001027476053651,0.8186787621318653,0.8389690851442065,0.8586864819468043,0.8793263003912479
0.06630630630630631,0.8038935699380138,0.8225606126620164,0.8429055186988988,0.8626613803075163,0.8833544975282017
0.06653653653653654,0.8077389752636684,0.826434766888929,0.8468037529188008,0.8666955795790048,0.8874530141907888
0.06676676676676677,0.8114995926014714,0.8303020549185743,0.8506755502440088,0.8707151229985409,0.8914990094612089
0.066996996996997,0.8153210948562558,0.8341590143976304,0.8545355377509758,0.8746651745568093,0.8955432772577422
0.06722722722722724,0.8190790945582945,0.8379672554823704,0.8583982388218712,0.8785749138448277,0.8994873505493751
0.06745745745745746,0.8228157344557063,0.841753792038898,0.8622606569099601,0.8824891716557951,0.9034756210851637
0.0676876876876877,0.8265388840608816,0.8455331706911645,0.866106635128829,0.886506123004354,0.9074175744093438
0.06791791791791792,0.8301590516664072,0.849264871157771,0.8699329210009874,0.8903928725708936,0.9113601767850611
0.06814814814814815,0.8337249776883237,0.8530353490829619,0.8737538858527012,0.8943310750390719,0.9153338619924187
0.06837837837837839,0.8372992202830382,0.8567928347303868,0.8775361331954588,0.8982523636048352,0.9192852931576385
0.06860860860860861,0.8408874542143671,0.8604795013880205,0.8812737973465633,0.9021524220055844,0.9233318740680804
0.06883883883883885,0.8444264831694077,0.8641514888866183,0.885043665647582,0.9059931992610893,0.9272607208547159
0.06906906906906908,0.8480432074680001,0.8678479393752173,0.8887495979541198,0.9098344965890618,0.9311588008019797
0.0692992992992993,0.8515397238167942,0.8714963451514929,0.8924479755276512,0.9136907537294985,0.9351568818314071
0.06952952952952954,0.8550157663009607,0.8750905604235579,0.8961723500499927,0.917451845514933,0.9390312034324638
0.06975975975975976,0.8584866588534221,0.878644719934972,0.8998498795984746,0.9212411054695202,0.94307418223603
0.06998998998999,0.8619606330252858,0.8822052730589824,0.9035014039704058,0.9250003224773987,0.9469418735206491
0.07022022022022023,0.8654073886078804,0.8857791166591722,0.9071289258358144,0.9287622712766223,0.9508406991469687
0.07045045045045045,0.8689126453624771,0.8892891742728349,0.9107470637293964,0.9325013141901274,0.9546420260020005
0.07068068068068069,0.8724105716602418,0.8928599771630011,0.9144069782002691,0.9362052407645851,0.9584671123623573
0.07091091091091091,0.8758234612931017,0.8963860292404279,0.9180082005486118,0.9399010572909395,0.9623145809286949
0.07114114114114115,0.879273345336385,0.8999319979901702,0.9215854673020565,0.9436648144558035,0.9660427328957963
0.07137137137137138,0.8827047823454465,0.9034436018398203,0.925166701808529,0.947321776278158,0.9698027331933687
0.0716016016016016,0.8860542177978831,0.906924220529212,0.9287598630498468,0.9510100780189232,0.973529208592801
0.07183183183183184,0.8893956281130292,0.9104538071605731,0.9322951646132559,0.9546281284362998,0.9773057835161137
0.07206206206206207,0.8926795584454725,0.9138850070673772,0.9358024921577635,0.9582975047619511,0.9810235976219518
0.0722922922922923,0.896065001011246,0.9173024959249846,0.939278918379048,0.9619094838342997,0.9847404423324864
0.07252252252252253,0.8993397476330403,0.9206951506996182,0.9428023739707463,0.965520815664153,0.9883774146319945
0.07275275275275275,0.9025228428054967,0.9241146479965733,0.9462367783139084,0.9691287818618093,0.9920445856207447
0.07298298298298299,0.9057019304992928,0.9275327800727231,0.9497091822130593,0.9727013956866016,0.9957209782323041
0.07321321321321322,0.9089942837040059,0.9309235125374312,0.9531727420938925,0.9762601617616684,0.9993784461582297
0.07344344344344345,0.9122399195249664,0.9342505796810376,0.9566193058189005,0.9798046581337904,1.0029986988961304
0.07367367367367368,0.9155619860430708,0.9376184682590231,0.9600652665046238,0.9833550984641605,1.006613758326297
0.0739039039039039,0.9187912401949335,0.9409461714116785,0.9634981821394445,0.9869036161616918,1.0102735828581584
0.07413413413413414,0.9219946713913542,0.9442120243489421,0.9668981519611063,0.9904425716450348,1.0138950379553064
0.07436436436436437,0.9251366234558162,0.9475100058382576,0.9702847642904078,0.9939208974986335,1.0174644399885688
0.0745945945945946,0.9283116704056746,0.9508324082348683,0.97366344923178,0.9974033090783139,1.02109089131508
0.07482482482482483,0.931502591355737,0.9541006066148283,0.9770296386053429,1.0008776103973411,1.0246887668633093
0.07505505505505507,0.9347715111036454,0.9573185282251602,0.9804159909131439,1.0043152879582324,1.0282807390409319
0.07528528528528529,0.9379320151171687,0.9605279795562962,0.9838012206990738,1.0077821150927884,1.0317957041955368
0.07551551551551552,0.9411450570272408,0.9637677252041021,0.9871219859684041,1.01118621258077,1.0353153182415133
0.07574574574574575,0.9443077828030484,0.9669854387655235,0.9904465253334079,1.0145970182797808,1.0388352995687713
0.07597597597597598,0.9474329365014375,0.9702742588851632,0.9937482685941624,1.0180814860506455,1.0423528220843759
0.07620620620620622,0.9504410905651071,0.9734944088451397,0.9970216043395177,1.0214864451666448,1.0458547914839484
0.07643643643643644,0.9533841451364767,0.9767225833201302,1.0003420550139002,1.024909777558907,1.0493288895255455
0.07666666666666667,0.9564337465922619,0.97996180330782,1.0036559348539498,1.028298953108364,1.0527600245956332
0.0768968968968969,0.9594215363597712,0.9831261483730926,1.0069255637849166,1.0316471660518516,1.0562324603628956
0.07712712712712713,0.9624182123467072,0.986299731195615,1.0101489910254913,1.0349733179618454,1.0596111216039843
0.07735735735735737,0.9655838907547317,0.989487722088651,1.013414576140247,1.0383294624986843,1.0630431848720996
0.07758758758758759,0.9686616435642942,0.992585558418598,1.0167036811152133,1.0416183121709162,1.0664538370085845
0.07781781781781782,0.9716645192505453,0.9956893189882852,1.0199078092690155,1.0449586015661971,1.0699273643510936
0.07804804804804806,0.9746916020598889,0.9988337963045375,1.0231358950072222,1.0482813178223993,1.073256315408242
0.07827827827827828,0.9777105124884468,1.0019553070940463,1.0263445522021017,1.051567225310524,1.0765472416450292
0.07850850850850852,0.9807451431463724,1.0050729636160605,1.0295310119650647,1.0548364507748507,1.079922940821633
0.07873873873873874,0.9837227702564751,1.0081464017307629,1.0327116927781264,1.0581420215207757,1.0832188778477907
0.07896896896896897,0.986657131061835,1.0112428726081244,1.0358737417756791,1.061444511307099,1.0864914543311428
0.07919919919919921,0.9896265523735359,1.0143111044231998,1.0390216544899833,1.0646702158196484,1.0899200163051599
0.07942942942942943,0.9925071051196428,1.0173255112680577,1.0421869437035947,1.067890180922649,1.0932237883090885
0.07965965965965967,0.9953856324648249,1.020382605959586,1.045323697188854,1.0711199903886708,1.0965074246173228
0.07988988988988989,0.9982716124854225,1.0234443636410833,1.0484282973188548,1.0743290064733027,1.0998863920651247
0.08012012012012013,1.0011715398344825,1.0264654536708215,1.0515596636150029,1.07750800259361,1.1031244604035073
0.08035035035035036,1.0041815661776905,1.0294775474186106,1.0546623699288642,1.0807101655311564,1.1064400420153966
0.08058058058058058,1.0070163684525502,1.032457130940522,1.057736318743839,1.0838707195960897,1.1097240871315082
0.08081081081081082,1.009949053917561,1.0354164442361637,1.0608119163502832,1.086971451745904,1.1129404995770305
0.08104104104104105,1.0128936966553463,1.0384034149822103,1.0638700794202807,1.0901351882332388,1.1161427221743068
0.08127127127127128,1.0156096988307466,1.041371553093685,1.066893642279229,1.093254165118719,1.1193584458201014
0.08150150150150151,1.0186262321785255,1.0443115438280406,1.069914582582165,1.0963273357573493,1.1224645502654564
0.08173173173173173,1.021416764743376,1.0472172432711433,1.07291527345823,1.0994616863583422,1.1255652535673815
0.08196196196196197,1.0242536893146024,1.0501891957807843,1.0759625296105786,1.10256513852936,1.1287041495587833
0.0821921921921922,1.0271095990130203,1.0531370210920183,1.0789870870707492,1.1056548618625415,1.1319705825193527
0.08242242242242243,1.0299855498588286,1.0560371653199934,1.0820151327934449,1.108693951401369,1.1350905963540683
0.08265265265265266,1.0327780178302794,1.058958873473292,1.0850050951885515,1.1117747078601234,1.1382046314901064
0.08288288288288288,1.035587489673968,1.0618573272564316,1.087980941099164,1.1148408136246992,1.1412907888043995
0.08311311311311312,1.0384717371916836,1.064734279046519,1.0909551811326812,1.1178368656813542,1.1443779127524272
0.08334334334334335,1.0412652099285897,1.0676690489502851,1.0939519311281645,1.120823427489736,1.1473824625206568
0.08357357357357358,1.0440408703719262,1.0705022279584004,1.0968681997686016,1.1239180334483425,1.1504411361595865
0.08380380380380381,1.04685411334643,1.0733874311970102,1.0997711963927694,1.1268569367469485,1.153434409666811
0.08403403403403405,1.049630451939828,1.0762091169226498,1.102698631245174,1.1298462306029633,1.1564948018897248
0.08426426426426427,1.0524125811930514,1.079086959528178,1.1056420793201907,1.1328744422779926,1.1595528482914066
0.0844944944944945,1.055266077709472,1.0819443332481211,1.108578627659091,1.1358816732818084,1.1626594998488826
0.08472472472472473,1.0580453514905714,1.084736893855661,1.1114509010913676,1.1388762160943628,1.1657194427078756
0.08495495495495496,1.0608270922658571,1.0875519144984553,1.1143342970702488,1.1418680841771216,1.1687924646217707
0.0851851851851852,1.0635083642154206,1.0903626812752218,1.117235264184919,1.144797145520428,1.1718050094773835
0.08541541541541542,1.0661963546787518,1.0931164863193668,1.1200987137577372,1.1477650451170598,1.1749042798714868
0.08564564564564565,1.0688723491802803,1.095890176163764,1.1229449134320337,1.1506471741994981,1.1778078152914753
0.08587587587587588,1.07166426628171,1.0987133418044468,1.1257667165625436,1.1535401502366602,1.1807504495509438
0.08610610610610611,1.0744204446127503,1.1015001249299738,1.1286077394772818,1.1564810656158013,1.1836606452937233
0.08633633633633635,1.0771992499257514,1.1042450310752048,1.1314016785267054,1.1593836172151801,1.1865437305383544
0.08656656656656657,1.0800200203260848,1.1070186040151673,1.1342455268161538,1.1622517878937524,1.1894142237793144
0.0867967967967968,1.082647099787688,1.109794414047917,1.137049020463659,1.1651487854708389,1.1921372556682939
0.08702702702702704,1.0853337475369833,1.112518533191075,1.1398905948578613,1.168049516649201,1.195074452577337
0.08725725725725726,1.088086964144697,1.1152701199950001,1.1427153518431434,1.1709193329473198,1.1979328931572781
0.0874874874874875,1.090725619022121,1.1180233530359454,1.1454807500289068,1.1737671502611933,1.2007846447900952
0.08771771771771772,1.0933800206860222,1.1207418768499473,1.1482601605549063,1.176572553961663,1.2037067781581101
0.08794794794794795,1.0959455218052547,1.1234497059746003,1.1510362767919118,1.179394009230848,1.2065968575687342
0.08817817817817819,1.098616543914462,1.1261524554489721,1.153836699176726,1.1822104194933938,1.2094824202971692
0.08840840840840841,1.1012527371804903,1.1289056884013207,1.1566165597930664,1.1849940242792372,1.2123636416419834
0.08863863863863865,1.103887345320709,1.1316491451084147,1.1593428809246937,1.1877796392574325,1.2151887928394751
0.08886886886886887,1.106468464676245,1.1343122629433904,1.1620679708919055,1.190554913656182,1.2179733085426132
0.0890990990990991,1.109104223334884,1.1369650401108504,1.1648295812641434,1.1932439122371705,1.220815546245156
0.08932932932932934,1.111754925984771,1.1396684211441426,1.1675687757529016,1.1960482255031275,1.2236183526958881
0.08955955955955956,1.1143517068511501,1.1423270788026976,1.170244552540184,1.1987661613884348,1.226392832968555
0.0897897897897898,1.116986326213643,1.1449962505792142,1.172949479323593,1.2015092000817165,1.229170784376506
0.09002002002002003,1.119618316099646,1.1476409664767542,1.1756155888991744,1.2042293947375342,1.2319527330399134
0.09025025025025026,1.1222983043419539,1.1502934030074778,1.178343586558503,1.2069398298690195,1.2347218673810427
0.09048048048048049,1.1249558080075512,1.1529384783897005,1.180988393544583,1.2096434258548578,1.237449151736952
0.09071071071071071,1.127632040044565,1.1556226779389605,1.1836246880200174,1.2122942025370922,1.2402293253847796
0.09094094094094095,1.1302858991482643,1.1582725483467655,1.186278578768675,1.2149808153203998,1.2429453812997966
0.09117117117117118,1.1328898460904901,1.1608641538276014,1.1889274175090196,1.2176870372637003,1.245655511052787
0.0914014014014014,1.135512333638403,1.1634761144410877,1.191513916507439,1.2203730914090811,1.24819859738973
0.09163163163163164,1.1380516891646362,1.1660523720233296,1.194147009090086,1.2229961645929257,1.2509166677302168
0.09186186186186186,1.1405871602336026,1.1686483207826306,1.196760385528509,1.2256603646639026,1.253490200830375
0.0920920920920921,1.1430578517686998,1.1711648765299223,1.1993621184611474,1.2282325626963961,1.2562532236905664
0.09232232232232233,1.145576910523263,1.1737923784266877,1.2019548568383964,1.230884335923173,1.2588197174062852
0.09255255255255256,1.148095660387066,1.176340061933741,1.2045211765574424,1.2334909012442647,1.2614746672394919
0.09278278278278279,1.1506778886645697,1.1788343483503945,1.2070938453196491,1.23610064226268,1.2640649351218758
0.09301301301301303,1.153280631801938,1.1814301131043266,1.2097321170860358,1.2386752031963262,1.2667422912783937
0.09324324324324325,1.1558062523123604,1.1840517330085536,1.2123022061473172,1.2412969950443757,1.26935043097535
0.09347347347347348,1.158265328293047,1.1865929022929609,1.214837667208705,1.2438958928324197,1.2719235362409154
0.0937037037037037,1.160738954501145,1.189138901383577,1.2173806829966267,1.2464722343099703,1.2745723365636088
0.09393393393393394,1.1633025572248288,1.1916506142644845,1.2199063038319973,1.2490783931429164,1.2771949964553613
0.09416416416416418,1.1658437846118948,1.1941808994622307,1.2224092069307193,1.2516378140501665,1.2797392621859598
0.0943943943943944,1.1683395129749563,1.1967300927200157,1.2249310189027682,1.2541496739263651,1.2822459845313317
0.09462462462462463,1.1707763032043281,1.1992124935899724,1.2274252694794017,1.2567223897933744,1.2847863955381806
0.09485485485485486,1.1732779919477565,1.2016957987718024,1.2299593043502997,1.2592288871374409,1.2872841016249945
0.09508508508508509,1.1757114140120473,1.2041983736950395,1.232472491502093,1.2617442735392008,1.2897704145775497
0.09531531531531533,1.1781459999931638,1.2066796640754034,1.2349624077787456,1.264251795881269,1.2922334427335076
0.09554554554554555,1.1807619445915671,1.2091322525920465,1.2374706921306877,1.266759941026068,1.2947438884171527
0.09577577577577578,1.1831739646524049,1.211575846504542,1.239945579890088,1.2691852817954443,1.2972567787420117
0.09600600600600602,1.1856422000211198,1.2141220062848195,1.2423727372434619,1.271674868117855,1.2997306880578001
0.09623623623623624,1.1879780858411075,1.216567614461796,1.2448160645665716,1.2741332913469914,1.3022859425875297
0.09646646646646648,1.1904796540292553,1.2189798805226542,1.247243053267369,1.2766015658077925,1.3046718884713093
0.0966966966966967,1.1928153478261452,1.2214404034048247,1.2496193237245175,1.2790941717128488,1.3070845999122465
0.09692692692692693,1.1953312658065691,1.2238494308268129,1.2519934841833689,1.281563706718109,1.3095416705612946
0.09715715715715717,1.1977197197100244,1.2262359741442017,1.2544080467376921,1.28395843767661,1.311998008116616
0.09738738738738739,1.200059738695719,1.2286236243824713,1.256804986283113,1.2863897634028838,1.3144852478457518
0.09761761761761763,1.2024224572696458,1.230978511435104,1.2592140273012769,1.2887697498018265,1.3169700334416152
0.09784784784784785,1.2048975042372319,1.2333258339890723,1.2616291016689574,1.291191776729303,1.3193711375614106
0.09807807807807808,1.207413473156229,1.235772857363914,1.263997226437288,1.2935453122724385,1.3217532482950822
0.09830830830830832,1.20984107349959,1.238144968237621,1.2663470367633345,1.2959586276018187,1.3241902650524562
0.09853853853853854,1.212224365790253,1.240475320912185,1.2687434105571895,1.2982859883359799,1.3265419046953655
0.09876876876876878,1.2146197850112757,1.2428293197813698,1.271077990435114,1.300568007954228,1.3289146051536849
0.09899899899899901,1.216906446433833,1.245131555533132,1.2734637709045935,1.302865376132307,1.3312550817847455
0.09922922922922923,1.2191656333209555,1.2474702694078303,1.2757770037409493,1.305208622446168,1.333460425347054
0.09945945945945947,1.2214619301543783,1.2497908596165488,1.2780799080070724,1.3075001329177207,1.3357918089715195
0.09968968968968969,1.2237246006881628,1.2520695098529568,1.280366129147786,1.3098215921364775,1.3380708779610864
0.09991991991991993,1.2260500977033926,1.2543666890424474,1.282682294304252,1.3121417213278357,1.3402532139631733
0.10015015015015016,1.2283425626851272,1.256654122598634,1.2849447341656781,1.314432795290139,1.342409706085926
0.10038038038038039,1.230515120030931,1.2589352008109402,1.2872541886193531,1.3167093157361551,1.344704622962012
0.10061061061061062,1.2327295779061263,1.2612088721976744,1.289495940527461,1.3190086989407486,1.346999176373436
0.10084084084084084,1.2349733696932255,1.2634516157755327,1.2917856745718195,1.3212422186904238,1.3494048539408008
0.10107107107107108,1.237182460349445,1.2657031596356036,1.2940715288649516,1.323534395651268,1.351728937980137
0.10130130130130131,1.2394996836239416,1.2679434614238674,1.296287085271759,1.3257677233129184,1.3539325705779834
0.10153153153153154,1.241716938359832,1.2701710334456262,1.2985347768202267,1.3279759937059086,1.356072389014757
0.10176176176176177,1.2441019878744628,1.2724418282983896,1.3007471062555025,1.3301493592828924,1.3582582264106347
0.101991991991992,1.2462839246993596,1.2746046495012107,1.3029278592281164,1.332358028260227,1.3605691761995842
0.10222222222222223,1.2486220639791643,1.276774011233587,1.3051478343599632,1.3345272253313067,1.3626792632644529
0.10245245245245246,1.2507403653306124,1.279086067052058,1.3073292193822257,1.3366858481337887,1.3648811021450071
0.10268268268268269,1.2530117487112702,1.281261273903033,1.3094978259715488,1.3388148370582775,1.3669674707066921
0.10291291291291292,1.2552503829277624,1.2834076355510224,1.3116586804680999,1.340997755002633,1.3691664666493915
0.10314314314314316,1.2574419821826717,1.2855455833488358,1.3138723395638416,1.343129188676414,1.3714107511221811
0.10337337337337338,1.2595222893455635,1.2877104531427868,1.3160854064271559,1.3452882937073891,1.3735585142671136
0.10360360360360361,1.2616918092797857,1.289905014803695,1.3182239026104077,1.3474226926497923,1.3758505063004498
0.10383383383383384,1.2639329361362888,1.2920662926957651,1.3203869764759464,1.3495960607956283,1.377941179907316
0.10406406406406407,1.2661259959392794,1.294192827613298,1.3225318063986369,1.351722313510038,1.3800551010617825
0.1042942942942943,1.268301526331761,1.2963130009444601,1.324654310701933,1.3538586148195784,1.3822244006275344
0.10452452452452453,1.2704198370906932,1.2984712156497313,1.3267809693485868,1.3559247501802951,1.3843090695220424
0.10475475475475476,1.2725830110749292,1.300586337377583,1.3288428989609717,1.3580412041600685,1.3864053884215142
0.104984984984985,1.2745611600346247,1.302742038865336,1.3309236281463785,1.360116353744842,1.3884106476712008
0.10521521521521522,1.2765794758789777,1.3048196256435634,1.3329831282516729,1.362200011799878,1.3903572975100216
0.10544544544544546,1.2787090779139882,1.3068511372920755,1.3350563295491988,1.3642217190643202,1.3922846119454255
0.10567567567567568,1.2808435191908434,1.308887918454867,1.337081534666207,1.3662531700770522,1.3942873222793117
0.10590590590590591,1.2830109786456305,1.310932624636824,1.3391107500409583,1.3682978938970747,1.3963091104619054
0.10613613613613615,1.285000889162977,1.3129967660908073,1.3411732025706613,1.3702725525245292,1.3982236403214543
0.10636636636636637,1.2871309770491444,1.3150407744888344,1.3432308875716423,1.372320987614452,1.4002496095958716
0.10659659659659661,1.289211451003381,1.3169887133636913,1.3452634146054618,1.374304865541671,1.402237050464822
0.10682682682682683,1.2912419606808758,1.3189700737848367,1.347209398459905,1.3763037351825689,1.40435678491781
0.10705705705705706,1.2933862001470378,1.320937687996313,1.3491998932322755,1.3783119594387232,1.4063166167381986
0.1072872872872873,1.2952336229430397,1.3229211258919988,1.3512064622439452,1.380279922324654,1.4082986228556122
0.10751751751751752,1.297218841838889,1.324857874449325,1.3531816143098232,1.3822336515246492,1.4102436844115094
0.10774774774774776,1.2992184383618,1.3268836632670096,1.3551428875580234,1.3841481002788176,1.412117583391536
0.10797797797797799,1.3011484066203423,1.3288123635813902,1.3571034661233201,1.3861203838250367,1.4140189521334574
0.10820820820820821,1.3030586325704272,1.330851843439825,1.3590358662863744,1.3880400814022733,1.4157824759590827
0.10843843843843845,1.30499692000649,1.3327234496291651,1.3609422175037527,1.3899832202118048,1.4176511975124424
0.10866866866866867,1.3069308544929668,1.3345672922672358,1.3628711541134497,1.3918916544137143,1.4196619006322562
0.10889889889889891,1.3087082780131543,1.3364996331113597,1.3647805369059582,1.3937541158524687,1.4216514169283072
0.10912912912912914,1.3106093968991206,1.3384358053595848,1.3666892280395175,1.3956462609793865,1.4234076638744937
0.10935935935935936,1.3125899196048767,1.3403244691208784,1.368561124209128,1.397499970528706,1.4254568091998836
0.1095895895895896,1.3144051214389951,1.3422006478864914,1.3704198211588288,1.3992934223413303,1.4273739577574263
0.10981981981981982,1.3162604926119814,1.344048085843793,1.3723190538056744,1.4011657594412303,1.4291527627940561
0.11005005005005006,1.3179862848559394,1.3458946539421786,1.3741927780964065,1.4029806196917614,1.430991145041285
0.1102802802802803,1.3198638289309752,1.3477229463747977,1.3760534427764226,1.4047650958130422,1.4328016014539677
0.11051051051051052,1.3218498919413415,1.3494906872307288,1.3779211837476202,1.4065371765560888,1.4345379814089543
0.11074074074074075,1.3236999460829546,1.3513282676345295,1.3797613787487704,1.4083770171050447,1.4364094900180404
0.11097097097097099,1.3256080843896676,1.3530732366028828,1.381579504242923,1.4101275432629345,1.4382378994202742
0.11120120120120121,1.3276000870514217,1.3549232626949406,1.3833827179061584,1.4119533036460492,1.439991150579265
0.11143143143143144,1.3292312495230663,1.3566847447954593,1.3852021952311837,1.4137292412976248,1.4417532141438847
0.11166166166166167,1.3311112448851259,1.3584193466355656,1.3869903644578832,1.4154834684326394,1.443545305513281
0.1118918918918919,1.3328847383180058,1.3601997933526628,1.38876158356328,1.4172084943143775,1.4453347014368438
0.11212212212212214,1.3347826058333185,1.361951220801401,1.3904403690171296,1.418963652900336,1.4470646476546258
0.11235235235235236,1.3364222126723675,1.3636515553928796,1.3921541074247907,1.420696088578457,1.4488823769001764
0.1125825825825826,1.33822586417722,1.365360158033773,1.3938961845065818,1.42248200143574,1.4505551362320426
0.11281281281281282,1.3399262209752767,1.3670940571597063,1.3955919575860296,1.4241623639766028,1.4521501594780408
0.11304304304304305,1.3416197225065645,1.3687932318233245,1.3972910425384855,1.4258315989430406,1.4537715047293018
0.11327327327327329,1.3433046771133077,1.3705071496521875,1.3989967034442583,1.427455686857479,1.4554278372532603
0.11350350350350351,1.345087639884782,1.3721987631578139,1.4006285235246243,1.4291130321010346,1.4571109270264255
0.11373373373373374,1.3467567654988772,1.3738049261191507,1.4022538782724905,1.4308223822429469,1.4588466051477682
0.11396396396396398,1.3483596778699578,1.3754775846723732,1.4039295732452193,1.4324779350208137,1.460549833413983
0.1141941941941942,1.3501617243344914,1.377117423115183,1.4056304504189545,1.434115997322267,1.462245734714436
0.11442442442442444,1.3517631912118593,1.3786956815771616,1.4072565422736467,1.4357853335739967,1.4639188057302843
0.11465465465465466,1.3532390996745978,1.3802735569601612,1.4088446954895963,1.4373803922377124,1.4655064161124811
0.1148848848848849,1.3549291413213749,1.3819006514371406,1.4104628583672236,1.4389706595342953,1.467243916886789
0.11511511511511513,1.3564906297291954,1.3835113232151137,1.4120785674059442,1.4405307094074415,1.4686746598426141
0.11534534534534535,1.3580553412694303,1.3850834599809991,1.4137051039232076,1.4421304925370861,1.4702809882218701
0.11557557557557559,1.3596304611030008,1.3866250229675388,1.415245239903209,1.4436961608529972,1.471972988111879
0.11580580580580581,1.3611677425763886,1.3881607720356532,1.4167683201829462,1.4452900946041536,1.4734629864955051
0.11603603603603604,1.3626281066557397,1.3896947878678614,1.418308579640785,1.4468120950693795,1.4750735351782647
0.11626626626626628,1.3641524367581177,1.3911887410408494,1.4198175018614128,1.4483674063923353,1.4766525889216338
0.1164964964964965,1.3656357135863422,1.3927010404858615,1.4213207733969238,1.449869719939063,1.478252845123617
0.11672672672672674,1.3669832266786195,1.3941276252012083,1.4228243747340306,1.4513042422385745,1.4796917624128634
0.11695695695695697,1.3683535339905897,1.3955489585038732,1.4243430705293645,1.4527863979205704,1.481048334036118
0.1171871871871872,1.3698546177986515,1.397021375477577,1.4258142970874268,1.4542745520363152,1.4825683020108413
0.11741741741741743,1.3712458113235468,1.3984859777435976,1.4272715325129324,1.4556934781389748,1.4838588353003166
0.11764764764764765,1.372820617602128,1.399846637186425,1.4286711567931272,1.457088040531344,1.485406139815571
0.11787787787787789,1.3741787362823232,1.4012116095747125,1.4300498530293126,1.4585239320210863,1.487028567119005
0.11810810810810812,1.3755607456999641,1.4025902530171928,1.4314503943161712,1.4599467553540684,1.4883600764075013
0.11833833833833834,1.3768983645619712,1.403938379905251,1.432843313523205,1.4613321464813402,1.4896477000342578
0.11856856856856858,1.3781745464829203,1.405325595591097,1.434233323605277,1.4627134391302348,1.4911038415489624
0.1187987987987988,1.379466062536512,1.406685796769014,1.435625868648055,1.464042075208865,1.492634491689961
0.11902902902902904,1.380814333423042,1.4080008721868649,1.436961342977219,1.4653793261029509,1.4941282703122434
0.11925925925925927,1.3821373150843312,1.409283248885402,1.4383084165598967,1.4667564369151596,1.4953918746697485
0.1194894894894895,1.38334802524996,1.4105595556934105,1.439623838542209,1.4680331801609912,1.4967477496256127
0.11971971971971973,1.3846076901576516,1.411785753990599,1.4408984837262697,1.469286085127171,1.4981496578643483
0.11994994994994997,1.385854166134915,1.4130241331163829,1.4421692194283957,1.4706205977380904,1.499574065261917
0.12018018018018019,1.3870551640528768,1.414264238134521,1.4434470958699357,1.4718618904708005,1.5009395707983
0.12041041041041042,1.3883037217695535,1.4155427118308692,1.4447263997721893,1.4732377764283395,1.5022094601213754
0.12064064064064065,1.3894471655138605,1.4167525190186268,1.4460044379187371,1.4744581659316092,1.5035555814617307
0.12087087087087088,1.3905843682295296,1.4179655666526494,1.4473015766214528,1.475732855506008,1.5049001219090863
0.12110110110110112,1.3917368297044306,1.419141351061671,1.4485027890499382,1.476981132047273,1.5061377306304902
0.12133133133133134,1.3928289203942072,1.4202995718969686,1.4496945246860127,1.4782359637501445,1.5074225211109333
0.12156156156156157,1.3939491428699036,1.4214294232209015,1.4509119685567518,1.4794758036885072,1.5086169050524834
0.1217917917917918,1.3950470249412006,1.4225821573013886,1.4520912377922015,1.4806929810415153,1.509984175477282
0.12202202202202203,1.396169124094143,1.4237248590141054,1.4532428209430648,1.4819142709047761,1.5110755561090232
0.12225225225225227,1.3972368386225755,1.4248048339396806,1.4543737006275697,1.483073272613398,1.5123062574108077
0.12248248248248249,1.3983902464101619,1.4258830379861231,1.4554785633667007,1.4842666647740823,1.5135922948306304
0.12271271271271272,1.399648615342496,1.4270602128090242,1.4565681664351218,1.4854495319083332,1.514837326984351
0.12294294294294296,1.4006613719390835,1.428137481832677,1.4576075701962192,1.4865741593276731,1.5159469252258437
0.12317317317317318,1.4016359328773706,1.429208325180845,1.458681566063445,1.4877146152942369,1.5172517222523885
0.12340340340340342,1.4026949973233165,1.430259447789779,1.4597467474424874,1.4888403368797927,1.5183638047475019
0.12363363363363364,1.4037073962580102,1.431279400867679,1.460846725106629,1.489926490515517,1.5196273105681877
0.12386386386386387,1.4047485389890473,1.4323271784514704,1.4619189847862617,1.491028580235747,1.5207716597966052
0.12409409409409411,1.4057708736130898,1.4333109381069333,1.4629554586691698,1.492144467595702,1.5218093291950774
0.12432432432432433,1.4067731714456615,1.4342691827804779,1.4639902168941248,1.4932466399463609,1.5228251072928138
0.12455455455455457,1.4077686131650642,1.4351655720137144,1.464979295678916,1.4943310067800941,1.5239683979138448
0.12478478478478479,1.4086911735413263,1.4361312081947075,1.4659559939257012,1.495393963896386,1.5250775955613183
0.12501501501501502,1.4096317181581786,1.4371167364310413,1.4669730989627325,1.4964031044900756,1.5261335503422857
0.12524524524524525,1.410521553737434,1.4380430010591574,1.4679561744522005,1.4973799276438722,1.5271065887227688
0.1254754754754755,1.4114142320684178,1.438946134767415,1.4689140577274804,1.4982833353677707,1.5283026105220623
0.12570570570570572,1.4122938359983184,1.4398177995263175,1.4698449183883404,1.4993272634661992,1.5293435728410554
0.12593593593593594,1.4131759511412771,1.4407041877223794,1.470775798442935,1.5003340303566168,1.5304549461565327
0.1261661661661662,1.4138887888269067,1.4415753506233238,1.4716708234753957,1.5013303193076784,1.5314542431324887
0.1263963963963964,1.4148257199571657,1.4424394168624581,1.47252450078373,1.5022535516712627,1.5324244409176704
0.12662662662662663,1.4154145470592054,1.4432455297575848,1.4734261510768023,1.5031856068972758,1.5332341698678402
0.12685685685685685,1.416187695207368,1.4441097805161531,1.4742608074882548,1.504128579260512,1.5342157031700807
0.1270870870870871,1.4168694791292957,1.4449012368257619,1.475110049188823,1.5050372692557115,1.5351992964255088
0.12731731731731732,1.4175536051336197,1.4456677802849147,1.4759532765492178,1.5059348645004136,1.5361050229237168
0.12754754754754755,1.4183806783506305,1.4464486675351125,1.4767363855065634,1.506815424473637,1.5370134015310817
0.1277777777777778,1.4190709197436995,1.447207226952061,1.477540874857095,1.5077002956339571,1.537790071825527
0.12800800800800802,1.4198904355339088,1.4479798230896261,1.4783408246276317,1.5086158166997168,1.5385219273739725
0.12823823823823824,1.4205410639613407,1.4487057634496123,1.4791230220834537,1.5094872054122306,1.5392559396596934
0.1284684684684685,1.4211698615673038,1.449326080903493,1.4798689684799995,1.5102351223075927,1.5400675983145127
0.1286986986986987,1.421816719830775,1.4500025054146068,1.4806337407024717,1.5109914315244273,1.5409071702386223
0.12892892892892893,1.4225579203025134,1.4506570277261353,1.4813452216169782,1.5117176659564606,1.5416594804140917
0.12915915915915918,1.4232827350893875,1.4512762092256033,1.4821211794675762,1.512453628795138,1.5425542155040297
0.1293893893893894,1.4239366509619007,1.4519629857422438,1.4828537312802503,1.5131999569210461,1.5432107511553286
0.12961961961961962,1.4243353133637178,1.4526010183004658,1.483525867782807,1.513886924274017,1.5440663261709622
0.12984984984984985,1.4248570116782753,1.4532265853394106,1.4842054848546204,1.5146172754934624,1.5449066418677175
0.1300800800800801,1.4254741490062965,1.4538735088670285,1.484890458544304,1.5152855271196013,1.5457058287598948
0.13031031031031032,1.42594185277158,1.4545589456503853,1.4855540109800642,1.51593573602001,1.546475326002671
0.13054054054054054,1.4265378488917095,1.4552049439947952,1.4861729610203116,1.5165873096548859,1.5472229787412404
0.1307707707707708,1.42711500214407,1.4557808425980487,1.4868149304930534,1.5172146311025672,1.5478762313131618
0.131001001001001,1.427578668264443,1.4563364881977412,1.4874368226611727,1.5178003741058632,1.5484985581741166
0.13123123123123123,1.4281237417685775,1.456912460481872,1.4880016994273173,1.518471283727141,1.5492720813152074
0.13146146146146148,1.4285823775395963,1.4574472107381689,1.4885194582898076,1.5190634710029698,1.549936595685041
0.1316916916916917,1.4290944520981264,1.4579986079361613,1.4889942898793034,1.5196537473887075,1.5506869097505964
0.13192192192192193,1.4296356986779417,1.4584378977085146,1.4895384922229529,1.5201807155295635,1.5511887417172179
0.13215215215215217,1.4300467013241027,1.458950394391394,1.490043118660849,1.520674814048788,1.55178798899702
0.1323823823823824,1.4303945654072798,1.4593659628455178,1.4904833915328126,1.521206269168424,1.5522769276982848
0.13261261261261262,1.4307245892263885,1.4598004282095782,1.4909525292754715,1.5217196061261333,1.5528255463519054
0.13284284284284284,1.431037142451625,1.4602304235336965,1.4914072022426101,1.522218657987653,1.5533877438732913
0.1330730730730731,1.4313548136024288,1.460632292298541,1.4918097775801478,1.5227014861615786,1.5539249812989784
0.1333033033033033,1.4316649627243585,1.4609685005743396,1.4922288631257894,1.523156633715273,1.5543373363333965
0.13353353353353353,1.432052698173293,1.461303816607861,1.4927321452467677,1.523567357251845,1.5548221079318147
0.13376376376376378,1.4323590644767485,1.4616664096124254,1.493121121331604,1.5239544428653826,1.555319681322029
0.133993993993994,1.4326078803012812,1.4619819308653903,1.4935003855166147,1.5244325107134915,1.555697453079406
0.13422422422422423,1.432863972672271,1.4623135359025314,1.4938266955648245,1.5248212142631081,1.556192539959632
0.13445445445445448,1.4331074157668404,1.4626102845465092,1.4941479698552467,1.5251786705483261,1.5566603276822277
0.1346846846846847,1.4332794903907757,1.4629177583295616,1.494489015674061,1.525519828586861,1.5571409715309288
0.13491491491491492,1.433492525127522,1.463202752460266,1.4947826815780938,1.5258568905072856,1.5574376344792964
0.13514514514514517,1.4336692674295701,1.4634062154594245,1.4950707964791055,1.526139271668827,1.5577654816933129
0.1353753753753754,1.4339108787456536,1.4636069903176598,1.4953466929029755,1.5264667678256962,1.5581978580679878
0.1356056056056056,1.4340684813177307,1.4638401567799106,1.49556374231224,1.5268357581748129,1.558529660159984
0.13583583583583583,1.434255641747573,1.4640429222871922,1.4958076025249758,1.527164074180991,1.5588548159000808
0.13606606606606608,1.4343989499015022,1.4642489895821524,1.4960410985809858,1.5273803164235793,1.5591114955587506
0.1362962962962963,1.4345831226829298,1.4644928733201845,1.4962740922482372,1.5276093868059144,1.559392711324497
0.13652652652652653,1.4346942607057065,1.4646765247201552,1.496493039716709,1.5278780731916581,1.5597491916671267
0.13675675675675678,1.434874063232399,1.4648183763535698,1.4966990999721204,1.52808016006432,1.5599269747303783
0.136986986986987,1.4350220877808502,1.4649380244034753,1.4968556332647371,1.5282876070404459,1.5602264766432343
0.13721721721721722,1.4352278050575895,1.465011570975403,1.4969919957936484,1.5285460190448765,1.5605114756221954
0.13744744744744747,1.4353198015029873,1.4651236292255096,1.4971161436006617,1.5287015963333546,1.5607166236264989
0.1376776776776777,1.4353657445045067,1.465235393497855,1.4972644353595264,1.5288543590589228,1.5608398771180905
0.1379079079079079,1.4352848186630551,1.4652879775592556,1.4973799099849512,1.5289861485401517,1.5609035130942144
0.13813813813813816,1.43536440361292,1.4653300667646194,1.4974932451679943,1.5291239192969814,1.5608753678729315
0.13836836836836838,1.435300998347221,1.4653805024679922,1.4975315043305624,1.5292453059281348,1.5610841029920846
0.1385985985985986,1.4351716017723595,1.4653975317073564,1.4976091680513886,1.529265032130359,1.561198182525527
0.13882882882882883,1.435076634750748,1.4654614704757227,1.4976214118873947,1.5292995621741885,1.561186505160832
0.13905905905905908,1.4350250018558852,1.465437694231855,1.4976492339288217,1.5293595072229405,1.5612687708027715
0.1392892892892893,1.435029520371646,1.4653568317999486,1.4976252874673919,1.5294258532805334,1.5613367406767995
0.13951951951951952,1.4349793740426813,1.4653123580655498,1.4975994822432086,1.5294797238666957,1.5612847849503775
0.13974974974974977,1.4349365377511543,1.46522089785251,1.4975706298661549,1.5295114366987381,1.5612850311710786
0.13997997997998,1.434833010678923,1.4651832099680722,1.4975356874960666,1.529448867223184,1.5611869542885208
0.1402102102102102,1.4347037600885935,1.4650885426149556,1.4974953831268967,1.5294683984050852,1.561182665534544
0.14044044044044046,1.434708092174009,1.465041582303064,1.497415719797391,1.5294327132316026,1.56102359216046
0.14067067067067068,1.4345350443793377,1.4649649920766725,1.4973011271063594,1.5293723676232538,1.5609634711811053
0.1409009009009009,1.4342764805390535,1.4648408637692518,1.4971621636591705,1.529236071261478,1.5609332030035061
0.14113113113113115,1.4340423145872376,1.4647284796881208,1.497049341872745,1.5291331383416202,1.5608539898817473
0.14136136136136138,1.433803187584387,1.4645787747791443,1.4969018223711505,1.529012597415972,1.5608208012533287
0.1415915915915916,1.433572352915774,1.4644693403992046,1.49682015186708,1.528934650881009,1.5606507004838346
0.14182182182182182,1.4332753588768457,1.464305655683846,1.4966730447201748,1.528781217654998,1.5605499889371206
0.14205205205205207,1.432957613907065,1.464141558744798,1.496517909081226,1.5286385289907616,1.560416213081852
0.1422822822822823,1.432847895088134,1.4639191651197228,1.4962929416821742,1.5285024540577399,1.5602835411993095
0.1425125125125125,1.4326149380444793,1.4636564277645976,1.4960626020949563,1.5282338248735607,1.5602336836875248
0.14274274274274276,1.4323458603083774,1.4634662623089094,1.495828424785534,1.5280401289293077,1.5600257093272387
0.14297297297297298,1.4320346946002231,1.4631993686525704,1.4956027233429106,1.527730778241836,1.5599213670507146
0.1432032032032032,1.4316603530871193,1.462994692521397,1.4953581919677679,1.5274702156013016,1.5595750763248206
0.14343343343343345,1.4312930940441393,1.46265005228421,1.4950795312287688,1.5272169962013078,1.5593330863886747
0.14366366366366368,1.4309746313553628,1.4623439874924005,1.4947697638296547,1.5269860139083804,1.5592146795529807
0.1438938938938939,1.4305737846203,1.46203992813411,1.494466353839667,1.5266823160375242,1.5589240885237563
0.14412412412412415,1.4302377107978288,1.4616804505106378,1.4941052213117119,1.526315219950437,1.5585992510193112
0.14435435435435437,1.4298104666531335,1.4612990130280634,1.493756881477368,1.5259744206384422,1.558498234332399
0.1445845845845846,1.4294061209364997,1.4609034073676666,1.493449261271041,1.5256139586274615,1.5582620914895997
0.1448148148148148,1.4290488059893791,1.460602540730562,1.4930834795772054,1.5253065445319658,1.557938015833058
0.14504504504504506,1.4285894953439093,1.4602287134047478,1.4927203211499371,1.5249806897129015,1.557648800492224
0.14527527527527528,1.4281886049994592,1.4598462429599162,1.4923230940660301,1.5245958194334244,1.5571680920755324
0.1455055055055055,1.4276752686837058,1.4594038882011113,1.4919335719922298,1.52415328295985,1.556711956965186
0.14573573573573576,1.4272428619120006,1.4589120859589397,1.4915098655832333,1.5237069921978,1.5563061973849706
0.14596596596596598,1.4267523169163094,1.4584545409773404,1.4910232451077738,1.5232636075108807,1.55582353721119
0.1461961961961962,1.4262608158146914,1.4579648427285867,1.4905371752533805,1.522859985837325,1.555453698405236
0.14642642642642645,1.4258759814977486,1.4574277030997203,1.4901163379265938,1.5223925116293828,1.5549822545100904
0.14665665665665667,1.4254758297129972,1.4569075853086224,1.4896269847265313,1.5218824056992737,1.5546232592986378
0.1468868868868869,1.4249940172153301,1.4564051733640067,1.4890850378352574,1.5213931599921955,1.5541052246611233
0.14711711711711714,1.4244410625009505,1.4559451919699211,1.4885662300502405,1.520942301263474,1.5535495927888212
0.14734734734734736,1.4239990232493034,1.4554460039496087,1.488021812182931,1.5203522129878577,1.5530596994523604
0.14757757757757758,1.4235896279995117,1.4548759572143823,1.4874689720662966,1.519844999169171,1.55252371688863
0.1478078078078078,1.4231222125096699,1.4543005769640454,1.48695622859867,1.5192897772469072,1.551992570874129
0.14803803803803806,1.4225649184423472,1.4536985972575325,1.4863886647702487,1.5186876535358087,1.5514015923841644
0.14826826826826828,1.4219509780221002,1.4531181588956832,1.485798771760417,1.518079234155381,1.5508470270631804
0.1484984984984985,1.4213631364142554,1.45242453783943,1.4851845487224788,1.517508564625907,1.5503016020242677
0.14872872872872875,1.4207259725420107,1.4517619204650436,1.4845288913498307,1.5169319178614566,1.549689666240519
0.14895895895895897,1.420048262988519,1.4511737272064644,1.4838550932438301,1.5162987913065842,1.5490637686754618
0.1491891891891892,1.4193811561908398,1.4505483674403945,1.4831553446356913,1.5156205958851539,1.5482961444149521
0.14941941941941944,1.418636361694693,1.4499081163638194,1.482475847430078,1.514896735604379,1.5476261236901154
0.14964964964964966,1.4180440552726967,1.449212175610569,1.4818429446861467,1.514201494542892,1.5469755417617634
0.14987987987987988,1.4173558101815626,1.4485496575134185,1.4811686129141863,1.5134965900775028,1.5462825883683198
0.15011011011011013,1.4165785912625002,1.4478131165569115,1.4804432879276237,1.5128048785018664,1.545662723745757
0.15034034034034036,1.4158030645242368,1.4471124384155574,1.479719811266065,1.5120588507867374,1.545023737287003
0.15057057057057058,1.4150302595604276,1.4463899808136476,1.4790138950691623,1.5112411388438323,1.544253996205145
0.1508008008008008,1.4142529976284968,1.4456946831459827,1.4782657330102997,1.5105025767628195,1.5434934349741987
0.15103103103103105,1.4134040036595346,1.4449629886064006,1.477553928792181,1.5097145375672572,1.5425412511754333
0.15126126126126127,1.412594869813065,1.444183264292747,1.4767971957030288,1.509002397159886,1.5415593147967954
0.1514914914914915,1.4116538225877195,1.4433933789373632,1.4760045451640091,1.5081763952126017,1.5407465879829658
0.15172172172172174,1.4108304226882658,1.4425306330313639,1.4751810267023333,1.5073323043747917,1.5400066593915391
0.15195195195195196,1.4099804991884528,1.4416764603451797,1.4743977721612838,1.506507372532021,1.539186607146843
0.15218218218218219,1.4091766615079313,1.4408495557952703,1.4735327521508848,1.505663905984466,1.538200349089478
0.15241241241241243,1.4084240445486258,1.4399958357793095,1.4726778765092612,1.504850068664164,1.5373266983192637
0.15264264264264266,1.4075288485563793,1.4391422392447353,1.471789462813405,1.5039920142805878,1.5365119303198493
0.15287287287287288,1.4066215613333213,1.4383250610642486,1.4709724043105623,1.5030826828229062,1.5357209876929085
0.15310310310310313,1.4057633177362943,1.4374741022805255,1.4700627654019633,1.502212031665783,1.5349089868816275
0.15333333333333335,1.4049308298918692,1.4365614721911002,1.4691705280458514,1.501324757645119,1.5339602056230313
0.15356356356356357,1.4040431713335755,1.4356981943282354,1.468249835261807,1.500406416570959,1.5330613159718216
0.1537937937937938,1.4031711885377793,1.4346911637486521,1.467320467397672,1.49948430203659,1.5322126619171008
0.15402402402402404,1.4021942508534646,1.4337922662524285,1.4663670312523251,1.4985078217507524,1.5311996272790076
0.15425425425425426,1.4013212865077254,1.4328442579041614,1.4654579537482961,1.4974919289261233,1.5302887636323674
0.15448448448448449,1.4003177385608385,1.4318788520169543,1.4644685514425613,1.4965228712744518,1.5292353943641657
0.15471471471471474,1.39935140673365,1.4309546032622376,1.4634950927643988,1.4955140020274644,1.5283275219357766
0.15494494494494496,1.3983197358237072,1.4299215846070676,1.4625120135782337,1.4945010762857238,1.5271801499310096
0.15517517517517518,1.3974077026568643,1.4289696397763543,1.461445194785631,1.4935035232576785,1.526095271804418
0.15540540540540543,1.3962964845820272,1.4279857806588032,1.4603999202471833,1.4924219962630512,1.5250638618303949
0.15563563563563565,1.3953178413700171,1.426959320358069,1.459338424521736,1.4914376847934088,1.523977868294003
0.15586586586586587,1.3943316639302803,1.4259289234050927,1.4582823559455005,1.4904320382127427,1.5227462937941134
0.15609609609609612,1.3932362573383743,1.4248640962253434,1.4572249951760277,1.4894021617566444,1.52165714149024
0.15632632632632634,1.3920126545516747,1.4238393881033793,1.456115977163108,1.4882950634207224,1.5205930311423186
0.15655655655655656,1.3909933969916741,1.422797207254283,1.4550325842760938,1.4871910826184798,1.519498457717722
0.15678678678678679,1.3900521423545595,1.4217400216948977,1.4538917780213467,1.486075560729692,1.5182199578272784
0.15701701701701704,1.389080842938942,1.4206627759211419,1.4527348486319929,1.4850137662679874,1.5169899583928645
0.15724724724724726,1.3879038940683308,1.4195607457897548,1.4516254839406302,1.4838835330095426,1.5157496391349614
0.15747747747747748,1.3868760341766924,1.4184327815317295,1.4504856128383004,1.4826649611799463,1.5146625788113128
0.15770770770770773,1.38585317804722,1.4172706444455057,1.4493764144422114,1.4815265199735754,1.5135273811622285
0.15793793793793795,1.3847318994464015,1.4161498527525542,1.4482040494970747,1.4803649321337735,1.512233249269065
0.15816816816816817,1.3834683883462184,1.4149325765156127,1.4470810671720713,1.47918322405793,1.5109090001810699
0.15839839839839842,1.3823695781067655,1.4138148612865435,1.44590514342691,1.477989602532433,1.5095308660204763
0.15862862862862864,1.3812966090030945,1.4126071325836018,1.4447084183561651,1.4768184363424919,1.5081387968600877
0.15885885885885886,1.3801122765101015,1.4114366307616895,1.443552831116958,1.4755851790963246,1.5067570132031023
0.15908908908908911,1.3790450056171168,1.4102380316863308,1.4423394324536307,1.4742835881721796,1.5056631080220917
0.15931931931931934,1.3777253116632113,1.4090724217660704,1.4410777418201828,1.4730157290405652,1.5043682822053774
0.15954954954954956,1.3766759304472418,1.4078134949913377,1.4398310542893404,1.4717262318336906,1.503188372089313
0.15977977977977978,1.375506734101292,1.4066505216011311,1.4385890525439342,1.470505248957858,1.5018979122241658
0.16001001001001003,1.3742525596329573,1.4054713463415165,1.4373034237142237,1.469241047357478,1.5005133315973802
0.16024024024024025,1.3730507800020886,1.4041930004694911,1.436016429918406,1.4679899438328032,1.499147891555209
0.16047047047047047,1.3717690363758337,1.4029649040951142,1.4347134619478823,1.466639943059914,1.4976929331770632
0.16070070070070072,1.3705232046159426,1.401755737542305,1.433447602996171,1.4653368705468501,1.4963787732315859
0.16093093093093094,1.3693118832974918,1.4004807375443717,1.4321667275983163,1.4639553703187647,1.4949704328392188
0.16116116116116116,1.3679406547096886,1.3991814621430463,1.4308330879337157,1.4625763376335283,1.4936241805031065
0.16139139139139141,1.3667790224952299,1.3979424667470277,1.4295062737943776,1.4612259478803014,1.4922976323555652
0.16162162162162164,1.3655510694599462,1.3965873727689138,1.4281542961584035,1.4597999474504875,1.4907989265465962
0.16185185185185186,1.3642549373633936,1.3952540638291056,1.426811817805326,1.4584544096177117,1.4894871379980423
0.1620820820820821,1.363119859299683,1.3939706056918946,1.4254058596685337,1.4570683027748998,1.4881504179334961
0.16231231231231233,1.3617869889328758,1.3926259791093423,1.4240166518208108,1.4556335622620487,1.486725979910413
0.16254254254254255,1.3605263526138693,1.3912079337846528,1.4226437152664768,1.4541904655553157,1.4852492532151595
0.16277277277277277,1.3592991788161537,1.389777118317103,1.4212565933719843,1.4527348118161238,1.4839629408636792
0.16300300300300302,1.3579801696869347,1.3884538671366282,1.41987942999297,1.4512925821755551,1.482396765053422
0.16323323323323324,1.3567239882305717,1.3870901365775576,1.418473885601212,1.4498376003761555,1.4810173137008305
0.16346346346346347,1.355341205243096,1.3856627686632308,1.4170715065380373,1.4484087829918832,1.479537666357804
0.16369369369369371,1.3540190352616088,1.384201369835429,1.4156668741696523,1.446947677591405,1.4781235007058033
0.16392392392392394,1.3526935153485333,1.382769350990018,1.414264630251887,1.4454408282855575,1.4766412332255034
0.16415415415415416,1.3513390362684907,1.3814394448089258,1.412875043056916,1.4439403465208887,1.4750956709075094
0.1643843843843844,1.3500420431524636,1.3799956840769332,1.4114497515475182,1.4424898297664999,1.4735531179299401
0.16461461461461463,1.3487822928563427,1.3785551297410967,1.410020824310249,1.4410537725142614,1.4720136612659496
0.16484484484484485,1.3474109744512206,1.3770699166173606,1.4085621328198386,1.4395173431597994,1.4704768281023488
0.1650750750750751,1.3460451735007575,1.3756565306449093,1.4070384396106188,1.438021147072157,1.4689872117250906
0.16530530530530532,1.3445212809788294,1.3741850138206004,1.405566299715726,1.4365058379620468,1.4674074165463769
0.16553553553553554,1.3430931120267187,1.3726914015720075,1.4040863322539905,1.4349329880307686,1.4657596384360119
0.16576576576576577,1.3417168206612127,1.3712007301747433,1.4025500201706997,1.4333656126284617,1.4642462314671412
0.16599599599599602,1.340325110324137,1.3697202256811905,1.4010277604901082,1.4317702341324898,1.4626845735284888
0.16622622622622624,1.3389003560771453,1.3682447017786328,1.399444671812079,1.430153634961203,1.461180741647571
0.16645645645645646,1.337554715484748,1.366742073173208,1.3978980561178362,1.4286803113295423,1.4595411794163715
0.1666866866866867,1.3361553111807432,1.3652284676054738,1.3963511166385905,1.427096032626824,1.4576906875048
0.16691691691691693,1.3347219340377874,1.3637226439858614,1.3948037467922316,1.4255308775970053,1.4559903717942029
0.16714714714714715,1.3332946993276418,1.362223398782972,1.393258070068851,1.4239537973643897,1.454447423023037
0.1673773773773774,1.331758632458655,1.3606955577334932,1.3917105837959096,1.422391588189087,1.4528497417770068
0.16760760760760762,1.3303169393456014,1.3591887025359666,1.3901525958667103,1.4208031329346436,1.4511788993306685
0.16783783783783784,1.3289063476335021,1.3576357076188086,1.388535371206776,1.4191778001889273,1.449503682795771
0.1680680680680681,1.3273467126505345,1.3560776828338823,1.3869445045295166,1.4175904371546042,1.4478133396653152
0.16829829829829832,1.3258219466443846,1.354549621824578,1.3853901562511435,1.4159507671280709,1.4460859133661896
0.16852852852852854,1.324275074045753,1.3530383520348301,1.3837940113096858,1.4142806282527227,1.4443649166865327
0.16875875875875876,1.3228823233361091,1.3514490413217628,1.3821932210320758,1.4126321022899642,1.4426240091710643
0.168988988988989,1.321362400445542,1.3498917389936362,1.3805646010579182,1.4109636127991416,1.441003381818171
0.16921921921921923,1.3197641715356971,1.3482954549799486,1.3789681116838015,1.4092560672584267,1.4392779395888209
0.16944944944944945,1.3183008759169865,1.3466668304287521,1.3773479023456823,1.4075920212682902,1.4375398926443175
0.1696796796796797,1.3167701503243576,1.3450835953456002,1.3756606087550571,1.4059024651662175,1.4357691717188559
0.16990990990990992,1.315141204017305,1.3434748117287727,1.3740122245682076,1.404242396888444,1.4340610873065234
0.17014014014014014,1.3135439887178915,1.3418809443051531,1.3723801426050541,1.402532856433952,1.4322868850668018
0.1703703703703704,1.3118811965997632,1.3402603961001676,1.3707888154076955,1.4008210472928442,1.4304306713207413
0.17060060060060062,1.3102212965404596,1.3386938387868426,1.369105886220865,1.3991253965484771,1.4286010964689677
0.17083083083083084,1.308703903779169,1.3370214996769507,1.3674170702937376,1.397426625685006,1.4268738262838274
0.1710610610610611,1.3070807564386788,1.3353300001052868,1.365746944506978,1.3957056272776953,1.425137009363507
0.1712912912912913,1.3055059500346475,1.3336990057820948,1.3640463089766184,1.3940372594649508,1.423416227853129
0.17152152152152153,1.303989954100904,1.3321075702504788,1.3624134925801528,1.3922667753975928,1.4215841578530415
0.17175175175175175,1.3023052075942767,1.3304396610212088,1.3607057061533385,1.3905142971809301,1.4197758963470795
0.171981981981982,1.3006429597021447,1.328783677033418,1.3590767415757512,1.3888298685633589,1.4180287914300105
0.17221221221221222,1.2988753346672364,1.3271177041404632,1.3573968594509587,1.387055637169003,1.4161493798847136
0.17244244244244245,1.297168906491634,1.3254884688297095,1.3556315105903072,1.385251166283661,1.4144485124281418
0.1726726726726727,1.2955122897448563,1.323786217352016,1.353879903164629,1.383481695692155,1.4126770107675608
0.17290290290290292,1.293833581065259,1.3221012732839883,1.3520903494436345,1.38166733150921,1.4108746325993344
0.17313313313313314,1.2921872276767583,1.3204803334003,1.3503501824396598,1.3799367119958899,1.40910589436382
0.1733633633633634,1.2905110372962596,1.3187612269513311,1.3486579481572092,1.3782733714806006,1.4073076022362525
0.1735935935935936,1.288780592819129,1.317032320708404,1.3469105728634763,1.3764723504552185,1.4055462053066006
0.17382382382382383,1.2870908430651309,1.3153247105702597,1.3451464563640907,1.374653135685964,1.4036897146297536
0.17405405405405408,1.2854013850474801,1.313601441232034,1.3433706213508256,1.3728801994124458,1.4018607629805688
0.1742842842842843,1.2837214447980956,1.3119360663370634,1.3415990754926996,1.3711385253827546,1.4000378581718034
0.17451451451451452,1.2820519435952662,1.3101721392538879,1.339875765570356,1.3692987010716424,1.3981485396050337
0.17474474474474475,1.280406813907239,1.3083872164541892,1.3381406311343644,1.3674889312210672,1.3962735307081333
0.174974974974975,1.2786194183605017,1.306675811648767,1.336408086620881,1.3657095559202845,1.394502808862736
0.17520520520520522,1.2768887457385465,1.3049174171939175,1.3346521389076962,1.3638631871553226,1.392680857680664
0.17543543543543544,1.2752623557346756,1.303150456072663,1.3328150372637828,1.3620320150575962,1.3907984362066186
0.1756656656656657,1.2734977146459756,1.3014350455683983,1.331048522890617,1.3602346073464917,1.3888169491335036
0.1758958958958959,1.2718416535867296,1.299726457256626,1.329273521860428,1.3584442641904932,1.386985161569893
0.17612612612612613,1.2700442020569784,1.2979452406541423,1.327514288455243,1.3566395618144336,1.3849736753702706
0.17635635635635638,1.2684900643403063,1.2962432198565843,1.3257020060546647,1.3547204910151083,1.3832015608668005
0.1765865865865866,1.2666605412349798,1.2945073559263058,1.3238967051457735,1.3529197572279978,1.38127296410459
0.17681681681681682,1.2649004076212227,1.2927531675920172,1.3220795660485265,1.3510614837604347,1.3793294429889655
0.17704704704704707,1.263203513103677,1.2909484027593834,1.32029616827714,1.3491789162154848,1.3775137501282038
0.1772772772772773,1.2615617946308928,1.2892035244000413,1.3184822323888319,1.3473148955347451,1.375634764300875
0.17750750750750752,1.2599356180520385,1.2874597233436584,1.3166647579866355,1.3454006302111705,1.3737399474037522
0.17773773773773774,1.2582125678960627,1.2856981673418384,1.3148451457472226,1.3435301156646433,1.3717964721292302
0.177967967967968,1.2563877291748249,1.2839441340790754,1.3130494776782349,1.3416799289947152,1.3698757186979398
0.1781981981981982,1.2546455225327162,1.2821565338158554,1.3112375225038144,1.3397870453172172,1.367980334221811
0.17842842842842843,1.2528700655548004,1.280426067715231,1.3094204125290867,1.3379347742174812,1.3660533903198508
0.17865865865865868,1.251074162549845,1.278604557354666,1.3075748868595864,1.3360420452302921,1.36413586422281
0.1788888888888889,1.2492272608116848,1.2768393226056338,1.305764076249883,1.3341388387299484,1.3622261275523007
0.17911911911911912,1.247398024528351,1.2751067951532984,1.3039364285021682,1.3323020697581227,1.3602997996546915
0.17934934934934937,1.2456005445271197,1.2733181996425174,1.3020788438716524,1.3304198642355816,1.3583194362004765
0.1795795795795796,1.243830124603174,1.2714296876242708,1.3002505924554555,1.3285052310681453,1.3563696856138365
0.17980980980980982,1.2422154779957892,1.2696382438309977,1.2983977783484082,1.3266047965904035,1.3544039732256112
0.18004004004004007,1.240475677745883,1.2678194281814745,1.2965589067240064,1.3247391359196177,1.3524226003104338
0.1802702702702703,1.2386186560045904,1.2660652104850036,1.2947208240684644,1.322877335110326,1.3505824332842766
0.1805005005005005,1.2368484155580086,1.2642337041739264,1.2928469584608548,1.320950163470225,1.3485583405702888
0.18073073073073073,1.2351055961139417,1.2624226746953444,1.2909727157311233,1.3190363360457145,1.3465881179575148
0.18096096096096098,1.2333990415132583,1.2606219433273016,1.2891225515859106,1.3171464195328437,1.3446684897620536
0.1811911911911912,1.231657972424077,1.2588909548309175,1.287259052485328,1.3152356085371244,1.3427490229913006
0.18142142142142142,1.229895034213568,1.2570003833638022,1.2853884741005595,1.3133203325378904,1.340779241571771
0.18165165165165167,1.228209193586819,1.2552013868670866,1.283510192917382,1.311437508373599,1.3387922560061414
0.1818818818818819,1.2263178735211098,1.253416689208694,1.28158328275296,1.3095583679336957,1.3368015026269322
0.18211211211211212,1.2244365995494333,1.251545956104101,1.2796667532132227,1.3076199561611122,1.3347581846656316
0.18234234234234237,1.2226956359719614,1.2497047551788683,1.2778037755957234,1.3056531268553158,1.3327247523781887
0.1825725725725726,1.2208760400702627,1.2479499411579607,1.2759500251832154,1.3037050639233467,1.330680788043637
0.1828028028028028,1.2191064906354883,1.2461476168618206,1.2740627893547456,1.3017499182885073,1.3286922530203154
0.18303303303303306,1.2173054283642308,1.2443226409537143,1.2721590122795536,1.299827970418815,1.3267870453650163
0.18326326326326328,1.2154499531641179,1.2425347001745508,1.270289873234061,1.2978621676953634,1.324793647943889
0.1834934934934935,1.2136155276758784,1.2406820203447235,1.268445412979524,1.2958864142984323,1.3228323675983198
0.18372372372372373,1.211869577956875,1.2388480383484084,1.2665613926646442,1.2939410728532208,1.3209386691726552
0.18395395395395397,1.2101046952932621,1.2369838302719647,1.264644345123032,1.2919668643716429,1.3188322993599075
0.1841841841841842,1.20824625896632,1.2351247375962824,1.262783288649381,1.2900093920050049,1.3167796020435372
0.18441441441441442,1.2063660248389565,1.2332744718024227,1.2609211716162005,1.2881032280950508,1.3147932618777256
0.18464464464464467,1.2044898718964263,1.2313559910825567,1.2590560497856338,1.286170965952273,1.3127642779790367
0.1848748748748749,1.202649430720471,1.229541455289517,1.2571967015650218,1.284229959635984,1.3107760568003253
0.1851051051051051,1.2009296982960955,1.2277044907482324,1.2552953315955344,1.28227928612213,1.3088977860855302
0.18533533533533536,1.1990516005537275,1.225898858658858,1.2534339157232885,1.2803188346398797,1.3069452693607937
0.18556556556556558,1.197249284208324,1.2240879582033162,1.2514957326922427,1.2783524595619875,1.3049838030793346
0.1857957957957958,1.19552328522139,1.2222010155730352,1.2495914566148847,1.2764466908186285,1.3030202441221261
0.18602602602602605,1.1936761290047289,1.2203820492932804,1.2476930701374471,1.2745821879813368,1.301045712700726
0.18625625625625628,1.1919222630274962,1.2185823454590388,1.2458061059037127,1.2726573748956171,1.2990295314984859
0.1864864864864865,1.1901800787051096,1.2167823667192994,1.2439242690534997,1.2707237967000093,1.2970992243185395
0.18671671671671672,1.188522116710483,1.2149760675441417,1.2420266162945826,1.268832956444909,1.2951395399673669
0.18694694694694697,1.1866219444001598,1.213118007919844,1.2401104128603373,1.266946540068673,1.293186693956385
0.1871771771771772,1.1846986334899257,1.211196993016935,1.2382714023451622,1.2650394536693323,1.2911810384624667
0.1874074074074074,1.1829575202579623,1.2093359296571509,1.2364358151801593,1.2631223699670313,1.2892241806453126
0.18763763763763766,1.1811429365639186,1.207491305306896,1.2344797852287337,1.2611850550067505,1.2873138394463184
0.18786786786786788,1.1794343187268808,1.2056568450160923,1.2326169101876947,1.2592602328060063,1.2854365972478192
0.1880980980980981,1.1776391398689179,1.2038621573256174,1.2307081732179557,1.2573318147186126,1.283419633162007
0.18832832832832835,1.1760406192635222,1.2020180719637825,1.2288624349591577,1.2553579507008792,1.2814577751178964
0.18855855855855858,1.174147486129152,1.2001789280560293,1.2269876584685102,1.253524472574513,1.2795183302475963
0.1887887887887888,1.1722959146470806,1.1983085724186968,1.2251002809528653,1.2516162105943005,1.2775126836169806
0.18901901901901905,1.1705495973389084,1.1964556234859816,1.223213305438466,1.249669331910568,1.275551319265805
0.18924924924924927,1.1687142703203628,1.1946561389327681,1.221297658611807,1.2476882819958106,1.2735029997810798
0.1894794794794795,1.166956575376556,1.1927806639139504,1.219448931489185,1.2458019352424488,1.2715908028074425
0.1897097097097097,1.1652213812297585,1.1909840267410037,1.217631205429588,1.2439378639321717,1.2695889194639651
0.18993993993993996,1.1634071980137326,1.1891790520375765,1.2157827937701922,1.2420064214402804,1.267623539311317
0.19017017017017018,1.1615817100232504,1.1873408155983614,1.213919553227686,1.240095820145237,1.265744464472836
0.1904004004004004,1.1598588262638694,1.1855641574921107,1.21203225957298,1.2381956180612148,1.263783193252582
0.19063063063063065,1.1580995735539932,1.1837620404879805,1.2101361386310243,1.2362764755268054,1.2618173739659404
0.19086086086086088,1.1563138530006618,1.181896431629831,1.208262070040705,1.2343803603456356,1.2598494117809862
0.1910910910910911,1.1545411894848017,1.180066970636437,1.2063849598562528,1.2324632038619028,1.2578595922466294
0.19132132132132135,1.1527760199037922,1.1782343846495273,1.2045193799405984,1.2305938157091592,1.2558228793483404
0.19155155155155157,1.151069201967922,1.176403568741821,1.2026262467453104,1.2287152332551612,1.2538005554974883
0.1917817817817818,1.1492817514119154,1.1745755157133726,1.2007561688485995,1.2267827748815716,1.2517974909009069
0.19201201201201204,1.147502841507761,1.1727560262197654,1.1989348664399129,1.2248788833869015,1.2498836312967156
0.19224224224224226,1.1457040851069031,1.17096720327224,1.1970823418216856,1.2230307236586624,1.2479682128183143
0.19247247247247248,1.143903631321881,1.1691511959869798,1.1952102524584074,1.2211266803927392,1.246031527825626
0.1927027027027027,1.1422049214946353,1.1673882143399452,1.1933677663039377,1.2192168291399326,1.2441489198453901
0.19293293293293295,1.140482023093058,1.1656052767548009,1.1914934519427722,1.2173364440239915,1.2423484000359823
0.19316316316316318,1.1387496311580447,1.1638331267762188,1.1896542468911515,1.2154688185081535,1.240365470994522
0.1933933933933934,1.1369060699597027,1.1620858529772204,1.1877947413358296,1.213608808883303,1.2385342582360586
0.19362362362362365,1.1351629713068043,1.1603094434650805,1.1859215275635344,1.2117874073903951,1.2366200859181922
0.19385385385385387,1.133498888149945,1.1584903297692983,1.1840445517454126,1.2099575180355848,1.2347257476797027
0.1940840840840841,1.1317944342798945,1.156689157474441,1.1821922996797123,1.2081408542964844,1.2328323606846618
0.19431431431431434,1.1300479047773513,1.1548686060206284,1.1803345386879251,1.2062922891453776,1.2310289117405568
0.19454454454454456,1.1282982807635544,1.1530628608067655,1.1785382034995013,1.204417606189786,1.2291237080871218
0.19477477477477478,1.1263890556752685,1.1512502168949976,1.176723484364134,1.2025694799231865,1.2273116640169892
0.19500500500500503,1.1246502411577357,1.1495281302565534,1.1748843810502465,1.2007291529163007,1.2254729673113303
0.19523523523523525,1.1229445918419878,1.147697968596257,1.1729917037394983,1.1988876530389525,1.2236473853522627
0.19546546546546548,1.1211363311297935,1.1459323353592783,1.1711612984421624,1.1970606446315855,1.2218191042765254
0.1956956956956957,1.1192481873219207,1.1441482855126213,1.16940196159236,1.195217260551026,1.2198220397106174
0.19592592592592595,1.1174080381811762,1.1423981962275156,1.167655559849326,1.193369914544453,1.2178435772496867
0.19615615615615617,1.1156055013883686,1.1406191940910781,1.1658703162609882,1.1915442543933241,1.2159382586337266
0.1963863863863864,1.1138848435196647,1.1388147201289527,1.1640515063222847,1.1897309147885295,1.2139951045733193
0.19661661661661664,1.1121757180205172,1.1370999032524252,1.162217436754153,1.1878725076809122,1.2121920469420575
0.19684684684684686,1.1104515742112493,1.1353673543546612,1.1604266327293984,1.18608909288741,1.2103492775717304
0.19707707707707708,1.108701963039205,1.1335885930788452,1.1586055495844925,1.1842441831807404,1.2085253435175034
0.19730730730730733,1.1069547143299718,1.1318617401763111,1.1568600213054818,1.1824030635516583,1.2067010607100657
0.19753753753753756,1.1052383557713434,1.1301876237717143,1.1550879973483565,1.1805760435772876,1.2049643546491164
0.19776776776776778,1.103544800798496,1.1284924458780712,1.1533339629271058,1.1787238294714328,1.2030644590065753
0.19799799799799803,1.101668111752262,1.1267419916411163,1.1515734321975224,1.176947177154134,1.2013085543098287
0.19822822822822825,1.099999432663318,1.1249763629433633,1.1497652520303392,1.175170948492414,1.1994792497987834
0.19845845845845847,1.0983203648880624,1.1232921406881562,1.1479913610269945,1.1733660712865221,1.197598720885965
0.1986886886886887,1.0966395260942474,1.121593833179786,1.146251989588475,1.1715434323049656,1.1958023299101828
0.19891891891891894,1.0948068789015837,1.119908206202839,1.1444828999818457,1.169752742017224,1.1939002621430193
0.19914914914914916,1.0930701554260311,1.118142998975002,1.1427445088357886,1.167920345236738,1.1920708754228604
0.19937937937937938,1.0914795567339477,1.1164700855234932,1.1409346120704502,1.1662135635323676,1.1902761924546201
0.19960960960960963,1.0898176447077246,1.114732131326523,1.1391805617448647,1.1644687238611287,1.1885687611688458
0.19983983983983986,1.088147653834827,1.1130200727829012,1.1374021447351508,1.1627076733997443,1.186712611985662
0.20007007007007008,1.0865395538187215,1.111324942121533,1.1356512661536426,1.1609362568513826,1.1848174504072446
0.20030030030030033,1.0847103240836704,1.109587038894443,1.1338887455465039,1.159141654563026,1.1830773386371882
0.20053053053053055,1.0830171720496886,1.1079025067950168,1.1321848497231723,1.1573951103538969,1.1813579986681555
0.20076076076076077,1.0812991892488117,1.1061345786137102,1.1304490144608201,1.1557073517626189,1.179711359957913
0.20099099099099102,1.0796315008511486,1.1044023420263944,1.1287622299201236,1.1539861136297385,1.1780144988971355
0.20122122122122124,1.0780683475040451,1.1026549556165703,1.1270609519966586,1.1522307213504892,1.1762614780159242
0.20145145145145146,1.0764334764524812,1.1010186379280305,1.1253120047169918,1.1505733508776939,1.1745026146770121
0.20168168168168168,1.0749162759727753,1.0993447433802948,1.1236266776951211,1.148893239482546,1.172777662531999
0.20191191191191193,1.0732076638090933,1.0976005910222073,1.1219142882473798,1.1472229117153856,1.1711137955610686
0.20214214214214216,1.0715188163465155,1.0959340903590162,1.1201870498074564,1.145499363497048,1.169300349685696
0.20237237237237238,1.0698960822871586,1.0942381285738596,1.1184919497187826,1.1438127444853223,1.1676694200724413
0.20260260260260263,1.0681914744857146,1.0926039977322308,1.1168084973193289,1.1421195238215769,1.1660029728087977
0.20283283283283285,1.0666178526819516,1.0909256535815273,1.1151566741728678,1.140423829352709,1.1642850844398192
0.20306306306306307,1.0649680428177664,1.0892178820514746,1.1135022433537305,1.1387007078096139,1.1625519997531948
0.20329329329329332,1.0632605136628401,1.0875971974568568,1.111863190649253,1.1370035974101782,1.160917367401607
0.20352352352352354,1.0616744156534497,1.085938610439288,1.1101493469664874,1.1353205784628153,1.1592559167842407
0.20375375375375376,1.0600873231124834,1.0842809200783825,1.108464028966593,1.1336576181970406,1.1576498813974592
0.203983983983984,1.0584445152929458,1.082602865894509,1.1068136067257648,1.132009857512001,1.1558928306914547
0.20421421421421423,1.056837684497472,1.080951646942189,1.105152790799071,1.1303151724545644,1.1542287773816529
0.20444444444444446,1.0553194604733425,1.0793155778589159,1.1034828108993961,1.1286647175750821,1.152530551744613
0.20467467467467468,1.0537109571470138,1.0776692710776485,1.101851306298048,1.1270030341997268,1.1509065104169887
0.20490490490490493,1.0520224596228938,1.0760512296716558,1.1002611409497514,1.1253586922203878,1.1492657960999002
0.20513513513513515,1.0504247454690183,1.0743668302512834,1.0986702404375017,1.1236902545207546,1.1476399503184294
0.20536536536536537,1.048739315942067,1.072709549387686,1.0970508089094648,1.122053147164383,1.1459112871248056
0.20559559559559562,1.047176583691374,1.0709926254707385,1.0954580474144584,1.1203152058232562,1.144224529787948
0.20582582582582584,1.0455629360211507,1.0694183985292083,1.09385716621626,1.1186828557406274,1.1424710305545736
0.20605605605605606,1.043940372738838,1.0678067362855301,1.0922779002663066,1.1171231894456002,1.1408647460119037
0.2062862862862863,1.0422455680698417,1.0662642859311706,1.0906921584105989,1.115515690219887,1.1393475840803067
0.20651651651651654,1.040604414101648,1.0647076445872048,1.0890945231411897,1.1138897005443675,1.1377180709778927
0.20674674674674676,1.0391907599595565,1.063084156026346,1.087472832920712,1.1123188848287977,1.1361342418553078
0.206976976976977,1.0376697272691802,1.0614945012069115,1.0858726320956227,1.1107928788322485,1.1345409453308235
0.20720720720720723,1.0361044934682409,1.059854467738849,1.0842726746021663,1.1091387427536736,1.1330116035399662
0.20743743743743745,1.0344514885289484,1.0583502624293961,1.0827188791008475,1.1075912431186308,1.1313691185828623
0.20766766766766767,1.0328337363870763,1.0567499500202968,1.0811429102111338,1.1060327375313375,1.1297866663230691
0.20789789789789792,1.0312474973662333,1.0551660305717734,1.079592624921434,1.1044539732779608,1.1283098091844685
0.20812812812812814,1.0295726790835418,1.053571405731429,1.0780400140493862,1.1029007791733068,1.1267537526443685
0.20835835835835836,1.0279477501176537,1.0519486483111333,1.0765193215557798,1.1013513365018055,1.1252346812138077
0.2085885885885886,1.0263385659171471,1.0503992917587355,1.0749707103043271,1.0998518886172042,1.1237180288572852
0.20881881881881884,1.0247341184842595,1.048784123848831,1.0734196483174254,1.0983123555574987,1.1222369633753264
0.20904904904904906,1.0231775555482372,1.0472075916926347,1.0718477963227235,1.0967731037533004,1.1207216712168626
0.2092792792792793,1.0216462288184351,1.045667522123532,1.0703156138193868,1.095258398730925,1.1192289677046374
0.20950950950950953,1.0200151193972773,1.0441365307508526,1.0687630992137225,1.093773738104933,1.1177456491675333
0.20973973973973975,1.0184680708395533,1.0425521446093904,1.067272539908635,1.092314838670955,1.116331568946046
0.20996996996997,1.0169394010218678,1.041038116308516,1.0657853974248537,1.0908586921084173,1.1148150632337774
0.21020020020020022,1.0153067390459185,1.039484203112044,1.064277291113769,1.0893667513945855,1.1134355050879217
0.21043043043043044,1.0137329170515685,1.037921763921634,1.0627320601693047,1.0879026933459301,1.1120671820479764
0.21066066066066066,1.0122375631393794,1.0363741255089944,1.0612472284348038,1.0864814991971625,1.110701081019922
0.21089089089089091,1.0106625184708538,1.0348541787848888,1.059757823820184,1.0850300912424296,1.1091872405959402
0.21112112112112114,1.0091296493429402,1.0333408854307986,1.0582826561226686,1.083542965994122,1.1078195632582628
0.21135135135135136,1.0076230447969337,1.0318487478106138,1.0567968349225385,1.0820535140381355,1.1063788759925715
0.2115815815815816,1.006149902572142,1.0303342532886288,1.055308435283592,1.0806771099334676,1.1049946755475777
0.21181181181181183,1.0046426279641238,1.028831659906176,1.0538833651269008,1.0792286960599762,1.1037235142510233
0.21204204204204205,1.003119881850957,1.0273388846960032,1.05245136892585,1.0778170927814656,1.102446640684081
0.2122722722722723,1.0016631321608733,1.0258493527916135,1.050969971563201,1.0764110478281963,1.1011475642970237
0.21250250250250252,1.0001174666362356,1.0243281143372727,1.0495301250501576,1.074992168652602,1.0997661885280792
0.21273273273273274,0.9985517092902588,1.0228237292954414,1.0481111000062147,1.073573843944659,1.098372141249767
0.212962962962963,0.9969790702259321,1.0213690491888021,1.0466620168209129,1.0721631784141505,1.0969009961542697
0.21319319319319321,0.9955478505594492,1.019896591873773,1.0452418588290497,1.070744563679942,1.0954271154822903
0.21342342342342344,0.994015912376248,1.0183853546925667,1.043847810958403,1.0693184178244388,1.094204287626173
0.21365365365365366,0.9924525780474408,1.0168956930469584,1.042426957664494,1.0679790488524963,1.09282458215647
0.2138838838838839,0.991066031100454,1.0154647728023305,1.0410480567603635,1.0665850342917929,1.091482500438412
0.21411411411411413,0.989654922509328,1.0140666767854774,1.0396596931600235,1.0652451586170693,1.0902295703713762
0.21434434434434435,0.9881998281370844,1.0126596309702585,1.038251209364702,1.0638816448688653,1.0888669355550715
0.2145745745745746,0.9867707381679588,1.0112380614547738,1.0368883536935463,1.0625370926362545,1.0876500687566562
0.21480480480480482,0.9853286910840403,1.009797194753708,1.0354909088022968,1.0611421100015075,1.0863697551555698
0.21503503503503504,0.9837956662845228,1.0084100195958878,1.034107939650027,1.0597731885971708,1.085116469459228
0.2152652652652653,0.9822890799600402,1.0070352397330122,1.0327560747560438,1.0585081606425524,1.083878136365239
0.21549549549549551,0.980903843959895,1.0056508884423538,1.0313986332289433,1.0571711987515937,1.0825992052511324
0.21572572572572574,0.9794811194420749,1.0042194510770197,1.0300513726968386,1.0558271771367742,1.0814473741926274
0.21595595595595599,0.9778918601878203,1.0027738475953027,1.0287263059714493,1.0545136765204417,1.0801198244883667
0.2161861861861862,0.9765281833674196,1.001360012226356,1.0274472540459831,1.0532036848712623,1.0789298634123188
0.21641641641641643,0.9750640349329639,0.9998991821979835,1.0261019440759225,1.0519265669625912,1.0776269091791728
0.21664664664664665,0.9737026755058658,0.9984992062850242,1.0247754000249687,1.050669183565847,1.076464482905074
0.2168768768768769,0.9722782989038917,0.9970997128994245,1.0235060516129786,1.0493957232538815,1.0752130717479136
0.21710710710710712,0.9709611922593661,0.9957312769689305,1.0221783706890726,1.0481414331299863,1.0741529661830447
0.21733733733733734,0.9694866451015098,0.994351733321758,1.0208398291132912,1.0469398458588048,1.0730500890479715
0.2175675675675676,0.9680442660699795,0.9930037912545181,1.019555283933103,1.0457239229935953,1.071908731386054
0.21779779779779782,0.966560523375749,0.9916421224188914,1.0183066571570216,1.0444780786908572,1.0708372328907168
0.21802802802802804,0.9651242928158352,0.9902573504081542,1.0170177962938964,1.043213006776491,1.0696476252592675
0.2182582582582583,0.9636844558735889,0.9889614409228197,1.015711133887926,1.042007691166785,1.0685528772584503
0.2184884884884885,0.9622558660948195,0.9876179013170855,1.0144334807587791,1.0408270580244345,1.0673418154505205
0.21871871871871873,0.9608068848164131,0.9862715701221717,1.013127207978857,1.0396880498867018,1.0662458899160547
0.21894894894894898,0.9593331957820772,0.9849523192617744,1.011867802169876,1.0384629136168655,1.065144158156475
0.2191791791791792,0.9577684369905741,0.983569814559759,1.010620307687144,1.0373104063529186,1.0640928497477964
0.21940940940940942,0.9562954442427806,0.9822630813865832,1.0093822539696369,1.0360834019318648,1.0630289858706992
0.21963963963963964,0.9547433260690737,0.9809370334097995,1.0081241594259365,1.0348601078330122,1.061992731167863
0.2198698698698699,0.9532170812986878,0.9795821699557561,1.0068679262043279,1.0337300012506079,1.0608425082679882
0.22010010010010012,0.9517256646974097,0.9782972415995407,1.0056151610454762,1.0325677128026125,1.0598547068992554
0.22033033033033034,0.9503620076869413,0.9769735073760695,1.0043737159104493,1.0313895739666277,1.0588341856207888
0.2205605605605606,0.9489555114936271,0.9756920645256035,1.00314787954777,1.0302668591151927,1.0577918258940548
0.2207907907907908,0.9477371734756781,0.9743523495102163,1.001908783803123,1.0291711368029224,1.0567563612633109
0.22102102102102103,0.9462965298741896,0.9730612361056532,1.0006688827443926,1.0280573050428796,1.055888774287267
0.22125125125125128,0.9450412144082507,0.97173209554103,0.999500190397005,1.0269013846412496,1.054891144013572
0.2214814814814815,0.9437940483289726,0.9704533011761156,0.9982693178787883,1.0258373173978115,1.053971624083439
0.22171171171171172,0.9424899109827561,0.9692141890284075,0.997080493116505,1.0246583603079311,1.052937746577257
0.22194194194194197,0.9410558315013863,0.9679212765116663,0.9958883485334329,1.0235957479710707,1.0520188432134099
0.2221721721721722,0.9396015508751118,0.9667001707655305,0.9946887758157099,1.022520697302869,1.051094081371106
0.22240240240240242,0.9381628884269302,0.965422256276435,0.9935360601530047,1.0214670760317648,1.0501134625309072
0.22263263263263264,0.9369509756647408,0.964195630399506,0.992405597332957,1.0204157584112905,1.0491671949857264
0.2228628628628629,0.935582242344539,0.9629684994133406,0.9912761707516311,1.019369203295916,1.048294595415989
0.2230930930930931,0.9342776134968747,0.9617029809299876,0.9901218582971507,1.0183182038670124,1.047432817034766
0.22332332332332333,0.9329341538234124,0.9604548986735183,0.9889806081070226,1.0173053840974524,1.046371721532157
0.22355355355355358,0.9316667336850418,0.9592380683212172,0.9878486274669503,1.0162724937447973,1.04538949951508
0.2237837837837838,0.9303461047475279,0.9580309662793292,0.9867206156016575,1.0151856447315033,1.0445068044681893
0.22401401401401402,0.9289492882056058,0.9568484447018566,0.9856118236731521,1.0142033172640608,1.043594474367521
0.22424424424424427,0.9276592238993545,0.955588854382384,0.9844943633381092,1.0132550994812564,1.0427291754416668
0.2244744744744745,0.9265187785122428,0.9544778225235401,0.9833707528962501,1.0122193535004829,1.0419427940994463
0.22470470470470472,0.9253192346667044,0.9532153291210206,0.982292679602746,1.0111806898807818,1.0410455625557233
0.22493493493493497,0.9239711393188853,0.9520449521534415,0.9811897479851825,1.0101945325822352,1.0401928337945432
0.2251651651651652,0.9226608655366576,0.9508419262921879,0.9800676122484538,1.009290388826729,1.0394048024594469
0.2253953953953954,0.9212786890274003,0.9496965880366512,0.9789328169516696,1.0083415665678785,1.038499274813218
0.22562562562562563,0.9199411873922334,0.9484875294514638,0.9778046943926272,1.0073303644274332,1.0376179248153308
0.22585585585585588,0.9187165386564616,0.9472647262796202,0.9767332691787121,1.006427992062224,1.0369114884918365
0.2260860860860861,0.9175039473589792,0.946093046985706,0.9756595785515252,1.0054172137395416,1.036104442952186
0.22631631631631632,0.9163799555604769,0.9449825783765403,0.9746308013505699,1.0044866938540096,1.0352670143880078
0.22654654654654657,0.9150339002345652,0.9437881923291223,0.9735428320096614,1.0035608499992394,1.0344051080106562
0.2267767767767768,0.9137616434257667,0.9426396403196077,0.9724763912239079,1.0025978965097084,1.0336439243726274
0.22700700700700702,0.9126064947797136,0.9414952704759714,0.9714384563256296,1.0016509861580736,1.0328774706781985
0.22723723723723727,0.9115527264179414,0.9402891253061836,0.9704028757026404,1.0007189658106643,1.0320585105191245
0.2274674674674675,0.9103581090634759,0.9391595500426045,0.9694147177511121,0.9998348522015269,1.0313037053849743
0.2276976976976977,0.9090857781352469,0.9380144685893665,0.9683914553867571,0.9989524213053962,1.0305938481522023
0.22792792792792796,0.9078020483861381,0.9368902509327494,0.9673619959771078,0.9980530593816641,1.0297543146050097
0.22815815815815818,0.9064748971813278,0.9358629153916636,0.9663623642788147,0.9971172295193356,1.0290141481502677
0.2283883883883884,0.9052792518245495,0.934757932748534,0.9653634784314084,0.9961375019585915,1.0283498723384918
0.22861861861861862,0.9041339374589717,0.9336199289048278,0.9643727439477638,0.9952714579367121,1.0276996963277942
0.22884884884884887,0.9028464049474025,0.932511503786164,0.9633594124630478,0.9944283745022717,1.026928231899064
0.2290790790790791,0.901601429602515,0.9314637497731211,0.9623755728282234,0.9936339066803965,1.0262202872330586
0.22930930930930932,0.9004351147977299,0.9303564710949075,0.9614134979769824,0.9927561955204184,1.025686581851421
0.22953953953953957,0.899312090059487,0.9292789682915263,0.9604505107384103,0.9919658425836791,1.0248699708142015
0.2297697697697698,0.8981082842332037,0.9282019191701257,0.9595017517538911,0.9911775110499011,1.024254133703803
0.23,0.8968013675867832,0.9271683161050095,0.9585519901894938,0.9903521557531555,1.0236419183549597
