phi,q025,q16,q50,q84,q975
0.0,0.04179657519904029,0.04495563485554992,0.048373770144316305,0.052035390612956936,0.05574427902620977
0.00023023023023023025,0.042278033849272936,0.045455519183430174,0.04890621467760893,0.05259321213924195,0.05633416719723667
0.0004604604604604605,0.04275803791360572,0.04596040328081277,0.04944328527393702,0.05316151916456948,0.05691984159293181
0.0006906906906906907,0.04324963659306289,0.046470929180159895,0.0499852955051645,0.05372799882951856,0.057514412409031775
0.000920920920920921,0.043739614048923875,0.04698283371019491,0.05053091978721224,0.05430002562381133,0.05811934488943026
0.0011511511511511513,0.04424032109680639,0.04750269265854373,0.05107914461673229,0.054877516416823924,0.0587296767721826
0.0013813813813813814,0.044742881258151145,0.048031243061981546,0.0516338755628035,0.05546067677644493,0.059342863226063476
0.0016116116116116118,0.04524982653003546,0.04856641604721018,0.052193935215759796,0.05604815356283318,0.05995392100756278
0.001841841841841842,0.04575578379494442,0.049106981070605044,0.05275968836363161,0.05663983361797073,0.060569551361254144
0.002072072072072072,0.04626586810814621,0.04965431857188268,0.05333421856632164,0.05723619105187437,0.061195744218052565
0.0023023023023023025,0.046798859431510166,0.05020181955865622,0.05391289497840386,0.05783946558172473,0.06182974690248854
0.002532532532532533,0.047319401236422184,0.05075711421877189,0.05449180119244739,0.05845116110558581,0.062467518027066606
0.002762762762762763,0.047844913878063625,0.05132370345548358,0.055075073701956793,0.059064786084077704,0.06310471645153727
0.0029929929929929933,0.048378882282117605,0.05189021149987251,0.05566388506526194,0.0596894919610781,0.06374903515312423
0.0032232232232232236,0.04891790711547186,0.052452026440235416,0.05625955441243062,0.060319511925858514,0.06440057930349137
0.0034534534534534536,0.04947730468250829,0.053021230969978565,0.05685671828196455,0.06095540929290382,0.06505665490838196
0.003683683683683684,0.050021908851437535,0.05359989361301511,0.05746199931860761,0.06159957383273629,0.06572391778152707
0.003913913913913914,0.05060219942488682,0.05419319812769834,0.058074833463351114,0.06224140546041264,0.06640556541255867
0.004144144144144144,0.05113745925993821,0.05477513433698352,0.05869068665141981,0.06288935187688235,0.06709013309586082
0.004374374374374375,0.05172184122482228,0.055372812707279555,0.05931004646727932,0.06354266953081952,0.06777466519199427
0.004604604604604605,0.052295526251791326,0.05597793110434933,0.059933499744991736,0.06420384372631598,0.06846171943003418
0.0048348348348348355,0.05289266358462809,0.05659013863616323,0.06057544349982794,0.06486444613029595,0.06916359221314103
0.005065065065065066,0.053473244422687916,0.05720690914850927,0.061214848589058554,0.0655345489803889,0.06986274699715914
0.005295295295295295,0.05402964288710933,0.057827934046471706,0.061860798300496005,0.06621048979972999,0.07056098835597968
0.005525525525525526,0.05463679270882693,0.058446526138854774,0.06251023902827499,0.06689740569454292,0.07126315897672314
0.005755755755755756,0.05522769517785673,0.059086229626034194,0.06316676005148467,0.06758018473640273,0.07198559570800524
0.0059859859859859865,0.055816594745680924,0.05972743723954204,0.06383209272860937,0.06827263655655477,0.07271724810349327
0.006216216216216217,0.05642187652785899,0.06038352231612746,0.06450916894700003,0.0689729555636712,0.07345514708127689
0.006446446446446447,0.057047314866260745,0.06103043061216601,0.06518594662208577,0.06968542182088497,0.07419933200226723
0.006676676676676677,0.05767294528123357,0.061686148395244444,0.06586864398964366,0.07039704236728171,0.07494984231945846
0.006906906906906907,0.0583103688392554,0.062337403053734496,0.06656060075550273,0.07112134400986536,0.07570651113444728
0.007137137137137138,0.05896069913663107,0.06299714751912915,0.06725194316502466,0.07184402875046994,0.07646909177814783
0.007367367367367368,0.05960674548983498,0.06365564622984637,0.06795089971822352,0.07257422908163674,0.07723938522295183
0.007597597597597598,0.060235769061680745,0.06432209814856435,0.06866270097755738,0.07332088123554913,0.07801365434211623
0.007827827827827828,0.06087760570609914,0.06501310402917784,0.06937809851833449,0.07406356507545181,0.0787927928193425
0.008058058058058058,0.061556054486605845,0.06570063598521723,0.07009248264030501,0.07481923546710391,0.07957520563525014
0.008288288288288289,0.062213037353570304,0.0663933129201879,0.07081429763804345,0.07557985950345941,0.08036085593461263
0.008518518518518519,0.06287676018021715,0.06709231774819707,0.0715505002701797,0.07634077486049194,0.08116240769468996
0.00874874874874875,0.06355516997737955,0.06779864942805205,0.07229281069686586,0.07711146169470366,0.08197103117209097
0.00897897897897898,0.06424184048218473,0.06851156488770371,0.07304018380212052,0.0778898165744285,0.08277960723545735
0.00920920920920921,0.06494484234565213,0.06922820326120338,0.07379196372633563,0.07866724119732629,0.0835995652844794
0.00943943943943944,0.06564576693084573,0.06995132451339535,0.07455305457775599,0.07945261538646024,0.0844233200985622
0.009669669669669671,0.06633303492042542,0.07067570090192929,0.0753269798943327,0.08024453893645075,0.08524745760893004
0.009899899899899901,0.0670597966452625,0.07141638954278329,0.0761013080869839,0.08104299090460589,0.0860814911122492
0.010130130130130132,0.0677922215525499,0.07216787640666655,0.07687434060505027,0.0818453283365604,0.08691880452894157
0.01036036036036036,0.06850215164532361,0.07292266400670605,0.0776529557788193,0.08265995218526713,0.08776510750414326
0.01059059059059059,0.06924880735136421,0.07368359429721565,0.07843974461309654,0.08348418819006688,0.08861428716295598
0.010820820820820821,0.06995574781748053,0.0744465773454504,0.07923811608257461,0.08431029028954597,0.08946757153846206
0.011051051051051052,0.07072592141102961,0.07521558288631748,0.08004728010619645,0.0851357723566546,0.09033162480352815
0.011281281281281282,0.07146881117101854,0.07599382397377547,0.08086086261926557,0.0859695467577848,0.09120424603160937
0.011511511511511512,0.07220955047519782,0.07677041928011112,0.08168182209841009,0.08681525720988886,0.09208068283636449
0.011741741741741743,0.07296125854519332,0.07755279317417517,0.08251114633962679,0.0876640638233493,0.09296395039260079
0.011971971971971973,0.07371770175803044,0.07834839124381077,0.08334873078625829,0.08852158657985632,0.09386405028354156
0.012202202202202203,0.07449711368963323,0.07915677284383518,0.08418680229424011,0.08938826699182925,0.0947637372436929
0.012432432432432434,0.07526921100511874,0.07997669974850025,0.08503797965987864,0.09026092344162634,0.09567368753976327
0.012662662662662664,0.0760505700353198,0.08078582410025867,0.0858854847356755,0.09114013708006613,0.09658568223865611
0.012892892892892895,0.07683623763308431,0.08160423311397666,0.08674747354225391,0.09202530339889296,0.09751100343852669
0.013123123123123125,0.07762907786802482,0.08243096302204907,0.08761831173449847,0.09292051268228631,0.09844118601062755
0.013353353353353354,0.07842868947143472,0.08326281356145905,0.08848976460926578,0.09382248084833371,0.0993815301872514
0.013583583583583584,0.07923917920001691,0.084110700449577,0.08937100085791097,0.09473013764137748,0.10033352479603976
0.013813813813813814,0.08006442720419046,0.08497091771694133,0.09025319158378946,0.09564564945033358,0.10129179834705333
0.014044044044044045,0.0808968968922506,0.08583361232897327,0.09114309605069312,0.09657305280842257,0.1022609498441777
0.014274274274274275,0.08173518231814252,0.08670133991028724,0.09204551432263085,0.09751421945982101,0.10322132037994865
0.014504504504504506,0.08257481693667637,0.08757694268220095,0.09295712652483902,0.09845005405105742,0.10419488266331037
0.014734734734734736,0.08342945693164311,0.08846658802727955,0.09386572312912277,0.09939329916398293,0.10517702593088832
0.014964964964964966,0.08429455838532388,0.08934865855979597,0.09478930172512462,0.10035405883117678,0.10616672534569761
0.015195195195195197,0.08516186161751813,0.09025036596650857,0.09573054767695074,0.10133273678795873,0.10716811969444105
0.015425425425425427,0.08604005888845226,0.09114573956835509,0.09667780401189247,0.10229936668224288,0.10817045226804134
0.015655655655655656,0.08692483001329142,0.09206037014489131,0.0976317236785243,0.10328036418044167,0.10919323234951168
0.015885885885885888,0.08782066361446375,0.09297215208439988,0.09858437212071947,0.10426864240909257,0.11023218911949803
0.016116116116116116,0.08871250694349458,0.09389391592536817,0.09955873249749535,0.1052665511372351,0.11125304822528789
0.01634634634634635,0.0896212876020832,0.09481798510885367,0.10053525685758338,0.10627482643014444,0.11230125483935152
0.016576576576576577,0.09053777519384758,0.09576209504371799,0.10152816607287869,0.1072787883898534,0.11335684061830029
0.01680680680680681,0.09146206196338552,0.096721994801692,0.10252745261310316,0.10830416663061924,0.11443945233118578
0.017037037037037038,0.09235447559997147,0.09769082758504677,0.10352037455239599,0.10934518518584806,0.11549873335778471
0.01726726726726727,0.09330319366337306,0.09866454221105386,0.10452351149448441,0.11037142799659529,0.11660260134584835
0.0174974974974975,0.09426738497429464,0.09964929151747082,0.1055283189137371,0.11141740852301106,0.11768443600652452
0.017727727727727727,0.09518571078398581,0.10064928139344688,0.1065571182635189,0.11247620689118278,0.11878245026118317
0.01795795795795796,0.09614781269020477,0.10164963119841218,0.10757725898020694,0.11353853617997986,0.11987592773895313
0.018188188188188188,0.09711130922614432,0.10264439314469796,0.10860497989445288,0.11462046038272027,0.12098184777362997
0.01841841841841842,0.0980798974975661,0.10364494356811046,0.10963835978962315,0.11570079756799376,0.12208061472227667
0.01864864864864865,0.09910662664753248,0.10465904022075331,0.11068704990390926,0.11679162254169921,0.12319779129818602
0.01887887887887888,0.1000585468010271,0.10568286874643985,0.1117477629290507,0.11788376748789459,0.12432025068843296
0.01910910910910911,0.10109309940273918,0.10670879454629632,0.11281457559069212,0.11898395340610335,0.1254921323624799
0.019339339339339342,0.10213114132969944,0.10775059138489404,0.11388653207153554,0.12009535333181137,0.1266202478071358
0.01956956956956957,0.1031274131138029,0.10880541796107321,0.11497028180535666,0.12122401108019173,0.12778158360544978
0.019799799799799803,0.10416999559852433,0.10986978574280912,0.11606180601611032,0.12236632395272659,0.128949247606607
0.02003003003003003,0.10519961611155183,0.11094243236628122,0.11716100031064079,0.12351658001118604,0.13012192323802088
0.020260260260260263,0.1061935480451134,0.11201517497398579,0.11826889093203168,0.12466607111531189,0.13130572993909248
0.020490490490490492,0.10728302395993597,0.11309869719160265,0.119387649908379,0.12582911347299525,0.1324922232576226
0.02072072072072072,0.10831867563181026,0.11420413833944312,0.12051643883588913,0.12699382056110917,0.13368433580881503
0.020950950950950953,0.10938106738567505,0.1152950471081245,0.12165268763259396,0.12816976111732095,0.13489202356114113
0.02118118118118118,0.11045693104784296,0.11640322868396726,0.12280401591532145,0.12935316720811663,0.13610491309214917
0.021411411411411414,0.11153364387336731,0.11752000604540219,0.12395327804585406,0.13054018933720823,0.13732407124896318
0.021641641641641642,0.11263749781021959,0.11865520123613993,0.1251173128474563,0.13172312782869014,0.1385538069767223
0.021871871871871874,0.11375025345013928,0.11977114098834761,0.12629037575347407,0.13294243770686817,0.13980569851859914
0.022102102102102103,0.11487204705867071,0.12091533293568493,0.12745907602254808,0.1341729410584441,0.14104882179471867
0.022332332332332335,0.11599422173618552,0.12205839665521953,0.128637251351059,0.13541532847390098,0.14231356869845171
0.022562562562562564,0.1171233475415788,0.12321403050167443,0.1298332470445652,0.13667668317275355,0.14362965338300634
0.022792792792792796,0.11826627218995411,0.12437602374398794,0.13105538301611308,0.13793679771228548,0.14493250182103856
0.023023023023023025,0.11940454477517742,0.12555472504566867,0.13226722615087724,0.13918757828878142,0.1462050220518415
0.023253253253253257,0.12057284166351366,0.12673188974007485,0.1334872431053739,0.1404579315654217,0.14753252615331922
0.023483483483483485,0.12170937395622232,0.12792163441197615,0.13472555802039257,0.1417422310830665,0.14881050227715456
0.023713713713713714,0.12287587744365627,0.129132183601043,0.13598026944642913,0.1430238222422289,0.15007447644133562
0.023943943943943946,0.12406210913600321,0.13034725050013535,0.1372500807111913,0.14431073631842609,0.15141337978832234
0.024174174174174175,0.1252360435808737,0.13158301340487505,0.138500169732509,0.14559963714118115,0.1527685538969285
0.024404404404404407,0.12643953061101987,0.1328205189515505,0.13977753236251597,0.14689679334594832,0.1541330550607666
0.024634634634634636,0.12764025118156666,0.13405370040420414,0.14107737470693166,0.1482121097725398,0.15548631929777082
0.024864864864864868,0.12884364405023696,0.13529643093300145,0.14237839086510137,0.14954672004856148,0.15684319485072568
0.025095095095095096,0.1300653028995348,0.13654409652157493,0.1436679085534823,0.1508814120293956,0.1582096973813565
0.02532532532532533,0.13129627773546093,0.13780095504725903,0.14498297662897663,0.15222572209103036,0.15960341984464022
0.025555555555555557,0.1325366155801744,0.13907872625813109,0.1462998059215224,0.15357749341868418,0.1610111317242032
0.02578578578578579,0.13378636096977542,0.14037927393091426,0.14763732026879625,0.15494193276799445,0.16243051859416252
0.026016016016016018,0.13504555920682626,0.14168570462628857,0.14897915656380536,0.15633490431579378,0.1638584501227971
0.02624624624624625,0.13631216425298157,0.14297858914378356,0.15032707978714885,0.1577432752272252,0.1652997966762956
0.02647647647647648,0.13758795091122505,0.14428544492377512,0.1516957798830326,0.1591602829743229,0.16674014774300303
0.026706706706706707,0.13887188602895684,0.14559041640818918,0.15305805557498228,0.16056637549290914,0.1681747388630971
0.02693693693693694,0.14015934646273548,0.14690366395718452,0.1544304508115692,0.16197744071664075,0.169625745523483
0.027167167167167168,0.14147704933335045,0.14822640469949042,0.15580682654810796,0.16339539334344472,0.17111769725482803
0.0273973973973974,0.14280119497063318,0.1495708184368405,0.15720459966466865,0.16482415603095094,0.1726075580943927
0.02762762762762763,0.14412721054444116,0.15095441668231116,0.15861404852516883,0.16626612393755044,0.17408870791676304
0.02785785785785786,0.1454636074377883,0.1523410701204337,0.1600351098887954,0.16771441540341575,0.17557187334008084
0.02808808808808809,0.1468108105048296,0.15372317398132307,0.16146044296637124,0.16917383518808246,0.17707605555333383
0.02831831831831832,0.1481678312607346,0.1551334031936144,0.1629049467251798,0.17064565253842137,0.17858662135460862
0.02854854854854855,0.14953122515300618,0.1565417140890241,0.16437231420949533,0.17212448951331696,0.1800767834765955
0.028778778778778782,0.15090271208937533,0.15798216204564006,0.16581825981845935,0.17361450512372117,0.18161339941712895
0.02900900900900901,0.15228729580137776,0.15940462094451965,0.1672871650474432,0.17511369385828013,0.18316543792468226
0.029239239239239243,0.15368538636796542,0.16083437786651486,0.16878564522759312,0.17662104690312572,0.18472505778004042
0.029469469469469472,0.155103288203835,0.16228544736628692,0.17029354289474957,0.178141555054083,0.1862797505381834
0.0296996996996997,0.1565165268881102,0.16374439936360835,0.17180397217502527,0.17968969505868074,0.18784710161555213
0.029929929929929933,0.1579432948925137,0.1652187705468626,0.17331134104403004,0.1812448654615793,0.18942659085120214
0.03016016016016016,0.15937715804032943,0.16670435293677868,0.17482123288176724,0.1827970179622858,0.19101628247075655
0.030390390390390393,0.16082755008216915,0.16819481878389042,0.17633849375419955,0.18434183830806014,0.19262370341633075
0.030620620620620622,0.16228603130386993,0.16967422737162755,0.17787462172270635,0.18589023823206255,0.19424601010982334
0.030850850850850854,0.16374906175705833,0.17114962375190182,0.17941539591165828,0.18747729912957156,0.1958814232240315
0.031081081081081083,0.16520867746113593,0.17263567895495208,0.18097510919890922,0.1890688007197987,0.19752458481186433
0.03131131131131131,0.16670595236058036,0.1741601278434644,0.18255152789063533,0.19068772203146003,0.19917277520658314
0.03154154154154155,0.16821492696512189,0.17569342180132483,0.18414982629584303,0.19232360690202324,0.20083815980904512
0.031771771771771776,0.16973378604030595,0.1772329686777378,0.18573998969920777,0.19394397688669396,0.20251387126519
0.032002002002002004,0.17125626294344837,0.17879706035704995,0.18733243407441158,0.19561035492410705,0.20421182590431378
0.03223223223223223,0.1727936797460982,0.18035422325719178,0.18894083217671206,0.19724375693378662,0.2059048758016381
0.03246246246246246,0.1743439439935877,0.18194074543235572,0.1905505499821723,0.19889334332934927,0.20761291171172733
0.0326926926926927,0.17590429083037606,0.183537729380003,0.1921733585797229,0.20054857358155861,0.2093451902749306
0.032922922922922926,0.17748871236088337,0.18513773950029372,0.19381873413399753,0.20222478842411112,0.21110347192926876
0.033153153153153155,0.1790513489618834,0.186745348536793,0.1954670966514111,0.20389261402597736,0.21288874462443835
0.03338338338338338,0.18062488665467658,0.18838026641687516,0.19712124458926666,0.20557255991492468,0.21462539674977982
0.03361361361361362,0.18220709819826303,0.19003121858645386,0.19878297270314102,0.2072789838763608,0.21638230933528937
0.03384384384384385,0.18380467917529675,0.19169305073548265,0.20047040855306184,0.20901736622700742,0.21815575801003317
0.034074074074074076,0.18542245155482442,0.19335320829067812,0.20216730488804716,0.2107440645484367,0.21996822484228354
0.034304304304304305,0.18703851304225835,0.19501472621014854,0.2038666358676365,0.21246724625955976,0.2217828963037267
0.03453453453453454,0.18867186179439682,0.19668729230496546,0.20557918711454642,0.21421725078275214,0.2235608783868493
0.03476476476476477,0.1903359324262605,0.1983538446277949,0.2073000525087188,0.21598566535731453,0.22540439840610518
0.034994994994995,0.19198224337903524,0.20004512832270913,0.20901919102329275,0.21774599075760132,0.22723098679499124
0.035225225225225226,0.19366872230749899,0.2017781515158846,0.21076443087422975,0.2195629412585644,0.22904487652044664
0.035455455455455455,0.19536073516037494,0.20350983604751371,0.21251285986214621,0.22134146410160221,0.23086858680433434
0.03568568568568569,0.19705111300080483,0.20524761285053966,0.21429215789911948,0.22316736350210223,0.23275198605716155
0.03591591591591592,0.1987652121727039,0.20700952356246372,0.21607545625310323,0.22500701106827567,0.23460281912183317
0.03614614614614615,0.20045858553417856,0.2087589764049053,0.21787416403589716,0.22685127393207197,0.2364675189602471
0.036376376376376376,0.20217652254100565,0.21053919388813755,0.21968824544159404,0.2287160649740427,0.23832687421692078
0.03660660660660661,0.20393364030217104,0.21233291666890958,0.22150898148407547,0.23058697111862408,0.24023046694470032
0.03683683683683684,0.20570370077254047,0.21413552728427143,0.223340077694278,0.23246298503431734,0.24210552103717572
0.03706706706706707,0.2074444277589757,0.21594007834847925,0.22516858024228445,0.23432653815523657,0.24400796296087637
0.0372972972972973,0.20919328058972567,0.21777410608177097,0.2270168714133902,0.2361977975436192,0.24592291393435142
0.037527527527527534,0.2109520390432991,0.2196253230824811,0.228875103653158,0.23809237197552635,0.24783770401428434
0.03775775775775776,0.21272316857517046,0.22145163718133903,0.23076256264816433,0.24002376854472232,0.24976653891784065
0.03798798798798799,0.2145055017590025,0.22330034272788157,0.23265329617923766,0.24194600207608594,0.2517424824600512
0.03821821821821822,0.2163018409730256,0.2251599364897624,0.23455198349634024,0.24389544376752711,0.25373400129966156
0.03844844844844845,0.2181310445129168,0.2270287682843003,0.2364565370327531,0.24585849549522293,0.2556998703088142
0.038678678678678684,0.22000353289493985,0.22893400028089886,0.23836722094325102,0.24784612099947287,0.25768733472025973
0.03890890890890891,0.22190567944339562,0.23080336509827684,0.2402848770756445,0.2498403596649859,0.25967482835442685
0.03913913913913914,0.22370241697842141,0.23268819600601437,0.24224407268558676,0.2518247305502913,0.26169490361420744
0.03936936936936937,0.22556474069023,0.2345872451759144,0.24421686960228875,0.25382933710084743,0.2637131068610429
0.039599599599599605,0.22744957667926152,0.2364978670836133,0.24620127580336898,0.2558703680841979,0.2657540924171831
0.039829829829829834,0.22935320121400446,0.23842778899498582,0.24819343697074425,0.2578866668866793,0.26784826531863204
0.04006006006006006,0.2312820329968122,0.24036472904995057,0.25020236149639014,0.2598989312384086,0.26994715765399124
0.04029029029029029,0.23322355341414588,0.2423175892382123,0.25221180137638954,0.261912169390579,0.2720036958951349
0.04052052052052053,0.23518957388184336,0.244312486720713,0.2542291568763263,0.26398059324173667,0.2740984046322992
0.040750750750750755,0.23716866643163848,0.246307618154877,0.2562743674782782,0.26608021683797306,0.2761228030272701
0.040980980980980984,0.23915387419607156,0.24827379747002348,0.2583124303888634,0.2681596078526643,0.2782805716642312
0.04121121121121121,0.24114936159576747,0.25028580027558706,0.26036192663746616,0.27025473256571614,0.2803716529296936
0.04144144144144144,0.2431523750740789,0.2523150907191611,0.2624355759694603,0.2723618854805088,0.2825239019625491
0.04167167167167168,0.24515668886454242,0.25436816821572683,0.2645214856644262,0.27446924303848313,0.28467694960585277
0.041901901901901906,0.24721352847361008,0.2563959772472892,0.2666381766368139,0.27660755830658496,0.2868351840649815
0.042132132132132134,0.24923750246806958,0.2584323579736917,0.2687330693474298,0.2787598174501012,0.289018444533741
0.04236236236236236,0.2512630104845636,0.2604797714261853,0.2708435168132057,0.28090387521261295,0.2911951872411719
0.0425925925925926,0.2532749630314142,0.26256089017867656,0.27294780676900054,0.2830806627726802,0.2933980641099145
0.04282282282282283,0.2553193603296559,0.26467776056113723,0.2750877069490848,0.2852695644628102,0.29562212157299445
0.043053053053053056,0.25736172731571644,0.26680398097468316,0.27723393120949297,0.28745602225988376,0.2978387947455075
0.043283283283283285,0.2594247519371028,0.2689228003287156,0.2794002116947409,0.28964730081110457,0.3000915986079878
0.04351351351351352,0.2615336920798615,0.27103697598884674,0.28157893292027564,0.29187467097818603,0.30235197099926214
0.04374374374374375,0.26365779040662235,0.27322719598126294,0.28377394242904647,0.29412564916098966,0.3046115718735176
0.04397397397397398,0.2658225763345251,0.2753577326388003,0.2859617973259185,0.29636960392308953,0.306882663016356
0.044204204204204206,0.26798281497779336,0.2775183588978592,0.2881916203708218,0.2986302461650826,0.309177680663696
0.044434434434434435,0.27006620431358536,0.2797288077856576,0.2904161503259039,0.30085044715198545,0.3114866190774782
0.04466466466466467,0.27218771654819096,0.28195251314372305,0.2926645507666797,0.30315862583258685,0.31381465837750994
0.0448948948948949,0.27439153692133433,0.28417005612427565,0.29489716509643654,0.3054580252394352,0.3161141510061236
0.04512512512512513,0.27661437315860943,0.28640440162219344,0.29716259819879876,0.3077441227901291,0.3184514707690221
0.045355355355355356,0.2788985467932798,0.2886348504386181,0.2994317529682305,0.31003214796472844,0.3207922208336444
0.04558558558558559,0.28110189734102276,0.29087538619384795,0.30171571702246364,0.312352875955816,0.3231860931013681
0.04581581581581582,0.283345164006201,0.2930979784660865,0.304015703813322,0.3146775309693421,0.32554407643255345
0.04604604604604605,0.2855983989475439,0.29535554771005756,0.3063477565919601,0.31703612967539524,0.32795743932517457
0.04627627627627628,0.2878487577745066,0.2976346785154602,0.3086689708117278,0.3193749855672517,0.33031887234502727
0.04650650650650651,0.29014517160903935,0.29992973024157565,0.3109816957185447,0.32173747438449424,0.33274579095403223
0.04673673673673674,0.2923893478596436,0.3022281448872511,0.3133397283700762,0.3241106952029052,0.33518586828121505
0.04696696696696697,0.29465554270929867,0.3045267055767736,0.31570435394181506,0.32649095910171233,0.3376063561033902
0.0471971971971972,0.29694979307805536,0.3068465516927046,0.3180810651103733,0.32891576953909935,0.3400304078338254
0.04742742742742743,0.299275766866333,0.3091792413754899,0.32046213464107853,0.33134323934596305,0.34247881667333907
0.047657657657657664,0.30160459904039316,0.3115293631815345,0.3228419831853923,0.33377683313598755,0.3449297373851944
0.04788788788788789,0.3039376620576306,0.31389814341915695,0.32524005090434494,0.33622659751439776,0.34741930573617696
0.04811811811811812,0.306296517326455,0.316263069282742,0.32767617882247657,0.33867189328884273,0.34990175114222616
0.04834834834834835,0.3086687518643948,0.31863639541169064,0.3301114307904308,0.341141067005237,0.3524064654000392
0.048578578578578585,0.31105386100849125,0.3210779260744091,0.3325558719939708,0.34363649794859186,0.3548649903023185
0.048808808808808814,0.3134517814734396,0.32351695553648047,0.3350286195148666,0.34612479069934127,0.35739641529934374
0.04903903903903904,0.3158660405632877,0.3259310149872447,0.3375082719184233,0.348652409863107,0.3599658520758499
0.04926926926926927,0.3182849656927693,0.3283893269500297,0.3400012600641234,0.3511865416421282,0.3625007621609798
0.04949949949949951,0.32072111382598173,0.330842783056212,0.3425250355702841,0.35370757174588807,0.36507555311207857
0.049729729729729735,0.32318714749095095,0.33330333177291466,0.3450281352110947,0.35622909135805153,0.3676371366773958
0.049959959959959964,0.32566665157155134,0.33576627773330253,0.34755602516381134,0.3587852712872294,0.37027225130895414
0.05019019019019019,0.32813389240603785,0.33824291108268223,0.3501151833096512,0.36134259983216704,0.3729084834163815
0.05042042042042042,0.3305719713951049,0.3407515136079872,0.3526497987557463,0.3639489356414494,0.3755171505471224
0.05065065065065066,0.33306250015478006,0.3432783271747375,0.3552042783545614,0.3665506809449489,0.37811446182728514
0.050880880880880885,0.33555063945697255,0.3458131677586646,0.3577727307781027,0.3691736989074935,0.38072332040100487
0.051111111111111114,0.33807987385338756,0.3483881525057628,0.3603479169906237,0.3718316518640453,0.3833560535480073
0.05134134134134134,0.34061656114269045,0.35096407875676566,0.362944296086961,0.3744574481351323,0.3859799428804234
0.05157157157157158,0.3431633545423161,0.3535304926632502,0.3655730387028287,0.3770802261838567,0.38864146068016997
0.05180180180180181,0.34571846357433367,0.356123362047045,0.36818771383890425,0.37970873972581726,0.3913155140443513
0.052032032032032036,0.34828086898980304,0.3587033715871865,0.37082603467269604,0.38234806706846697,0.39406437023758173
0.052262262262262264,0.3508141715554821,0.36130981277496765,0.373497519667233,0.3850563347995046,0.39682882548365694
0.0524924924924925,0.35337030911985634,0.36395644738582006,0.37616234453698044,0.38776951560470846,0.39960450831118427
0.05272272272272273,0.3559399980277894,0.3665533255615086,0.3788265313509715,0.3904901414617621,0.4023217349286576
0.05295295295295296,0.35853198898860816,0.36918993855893284,0.3814968264453034,0.3932246946515111,0.4050372799800736
0.053183183183183186,0.36112585165245437,0.37177252164725744,0.38418860780364866,0.39595832713745227,0.4078172276183369
0.053413413413413414,0.3637361515753262,0.37440619438795836,0.3868925044733132,0.3987500037428077,0.4106124565391405
0.05364364364364365,0.3664012120265042,0.3770827650768694,0.38961317068669893,0.40151160735021507,0.41341946273657143
0.05387387387387388,0.3690354804704539,0.37980619276479793,0.39237013682221605,0.4042621194772327,0.4162332527169409
0.05410410410410411,0.37165493305059977,0.3825293242701879,0.39509615311382307,0.407073849369042,0.41899228490371565
0.054334334334334336,0.37437244190790536,0.38528830170262507,0.397844987619406,0.4099066266059593,0.4218612735507307
0.05456456456456457,0.3770687995034304,0.38801714119384806,0.4006691085689449,0.41269589790785605,0.4246819363565644
0.0547947947947948,0.3798037571853268,0.390786227043282,0.40348084626538927,0.41553940025194647,0.4275422272177892
0.05502502502502503,0.382512721062426,0.39354644056059956,0.40629227164859794,0.4183415931713596,0.430410765842237
0.05525525525525526,0.385355416667731,0.39628872365357243,0.40910880926158427,0.4212234378245025,0.4332766682591322
0.05548548548548549,0.3881675295672823,0.3991054486145156,0.4119181960384617,0.42408318897536307,0.43616544016368475
0.05571571571571572,0.3909919698732556,0.40189504715901736,0.41476251318401747,0.42697071419659294,0.43906109949123745
0.05594594594594595,0.3938755300629974,0.4047058010215396,0.41757134608877977,0.4298469041352084,0.4419752607215276
0.05617617617617618,0.39661359254290474,0.40753331124472203,0.4204223516602679,0.4327446655782927,0.4448711318340075
0.05640640640640641,0.3993894770198304,0.410367005603936,0.42329072071852275,0.4356401352144259,0.4478191982881558
0.05663663663663664,0.4021909668816506,0.4132177004233926,0.42618742201628934,0.4385650514499001,0.4507190361428413
0.05686686686686687,0.405080189039619,0.41609092860333846,0.4291009941831124,0.4415604089484076,0.45364477588242286
0.0570970970970971,0.4078447929656784,0.4189678775797086,0.4319853000180103,0.4445269457523956,0.4565677108696371
0.05732732732732733,0.4106967260316476,0.4218462677441389,0.43492172753264446,0.4474865993214126,0.4596168857904536
0.057557557557557565,0.41357720679337795,0.424745033918304,0.4378865130675201,0.45046754884402973,0.4626308522017041
0.057787787787787794,0.4164180831224289,0.4276599707953274,0.4408431719738258,0.45346891698174646,0.46563638925256434
0.05801801801801802,0.4192606751015472,0.43057594231403673,0.4438106583777193,0.45649733033354917,0.4686971393421005
0.05824824824824825,0.4221122654382428,0.4335012211150861,0.44677754522019325,0.4594703740148958,0.4717452006374091
0.058478478478478486,0.4250174334674557,0.4364582219639441,0.44977035184194747,0.4625158215159024,0.4749164141133107
0.058708708708708715,0.4279729135456076,0.43939820285898273,0.4527609003627343,0.46556251684527805,0.47799115532159314
0.058938938938938944,0.4309002138592264,0.44237125910187763,0.4557487626878334,0.4686166896921312,0.4811279889746979
0.05916916916916917,0.4339059316230588,0.44530715225727197,0.45877359868847284,0.471642944415428,0.4841023533739424
0.0593993993993994,0.43682819282919316,0.4483029593132616,0.461777233950308,0.4747043898489504,0.48730673661043117
0.05962962962962964,0.4398718447759791,0.451275931681625,0.464824256714222,0.47779949374537256,0.4904294350444678
0.059859859859859865,0.44290279575655633,0.45431886856473624,0.4679066597040494,0.48091468133754556,0.4935590864579558
0.060090090090090094,0.44591175588048954,0.45734668928113437,0.47097121949021453,0.48407859337100106,0.49667313399089535
0.06032032032032032,0.4489614948373695,0.4604370672939365,0.47405084345893844,0.48725228315319385,0.49986953079739305
0.06055055055055056,0.4520267210521376,0.4634965393014207,0.47711441444300423,0.49042349753177733,0.503040283745553
0.06078078078078079,0.455019643001596,0.46652250674121304,0.4802094913027714,0.4936012887124851,0.5061606231811817
0.061011011011011015,0.4579704591425422,0.46957280144072394,0.48334375720824924,0.49675514976168017,0.5092657531533528
0.061241241241241244,0.4611359449889556,0.4726616863439895,0.4865116041981018,0.499963258891923,0.5125661623417958
0.06147147147147148,0.46412708220094295,0.47575237543657956,0.4896634576101399,0.5032185470633366,0.5157818265087113
0.06170170170170171,0.46721134768174793,0.47882242611769377,0.4928566215760703,0.5063376867465772,0.5190251660161405
0.06193193193193194,0.4703094393736853,0.4819779876360238,0.49599593540014564,0.509547827633412,0.5222644172442108
0.062162162162162166,0.47342872850117784,0.4851532981502811,0.4991601621603598,0.5127257080803895,0.5255026414699784
0.062392392392392394,0.47650524867827815,0.4882831128972821,0.5023765012465119,0.5159571326707141,0.5288187512372221
0.06262262262262262,0.4796017297624415,0.4914051886563068,0.5055582778451797,0.5192421661050444,0.5321914203130006
0.06285285285285286,0.4827849827449212,0.494614795783179,0.5087992065412199,0.5225253589146455,0.5355601142054102
0.0630830830830831,0.4858534668102407,0.497814533855901,0.5120361159113268,0.5257517463352213,0.5389637454601617
0.06331331331331332,0.48898920434654664,0.5009761651690948,0.5153117774274194,0.5290304844339868,0.5422075393301183
0.06354354354354355,0.4921827842411154,0.5042198383283639,0.5185789933149034,0.5323454055879094,0.5454976985245634
0.06377377377377377,0.4953988885295728,0.5074389121227503,0.5218663520276732,0.5356403797623006,0.5489574334285582
0.06400400400400401,0.49850997366048627,0.510733506986787,0.525086317490209,0.5390180374330341,0.5523885851589174
0.06423423423423424,0.5017152405471653,0.5139398250264193,0.5283850788969094,0.5423290692306459,0.5557574504536867
0.06446446446446447,0.5049371669939946,0.5172299669457525,0.5316636586501848,0.5456644812477555,0.5591103466434411
0.0646946946946947,0.5081281535219794,0.5204901088357039,0.5349605160077306,0.5490236265034553,0.5625175155809903
0.06492492492492492,0.5113412028818698,0.5237825332509103,0.538267255449496,0.5524364004475683,0.5659681850052618
0.06515515515515516,0.5145576136617366,0.5270765025716425,0.5415477193763998,0.5557586087905853,0.5694252594846932
0.0653853853853854,0.5177728351580073,0.5303573542409226,0.5449083339172092,0.5591352323053446,0.5728937007250059
0.06561561561561562,0.520993121484032,0.5336926431101282,0.548319161184249,0.562559355630453,0.5763641449958677
0.06584584584584585,0.5242933171998634,0.5370115962444623,0.5517411299436235,0.565894771957828,0.5798649638315323
0.06607607607607609,0.5275959240602828,0.5403737348063414,0.555078839169439,0.5693129950777155,0.5833657410004572
0.06630630630630631,0.5309221248256214,0.5437035162672276,0.5584789813185084,0.5726938946411635,0.5868358941347098
0.06653653653653654,0.5342444787020023,0.5470746210024195,0.5618417104571676,0.5761798940631897,0.5903428171991262
0.06676676676676677,0.5375383047121716,0.5504625498024784,0.5652248621423973,0.579630624698436,0.5938855332597203
0.066996996996997,0.5408978893377534,0.5538644292149199,0.5686812124642893,0.5830937850818907,0.5974356668370938
0.06722722722722724,0.5442363735029994,0.5572780426497782,0.5721284312442708,0.5865594019599688,0.6009761616038456
0.06745745745745746,0.5475897311402883,0.560767424818839,0.5755964701082956,0.5900337135985388,0.6045246861028252
0.0676876876876877,0.5509635662394754,0.5641646319715063,0.5790257382910987,0.5935492457104998,0.6081136342058323
0.06791791791791792,0.554362337379858,0.5675898178986343,0.5825213428910103,0.5971204663841746,0.6117005774254733
0.06814814814814815,0.5577796282850107,0.5710264475352848,0.5860205006245426,0.6006696628593924,0.6152689894081989
0.06837837837837839,0.5612014087432048,0.574483366940646,0.5895248275707575,0.6041794562301049,0.6188765304853875
0.06860860860860861,0.564653107137677,0.5779200597020385,0.5930183544543803,0.6078118664206414,0.622498754061964
0.06883883883883885,0.5680407593125323,0.581354498223829,0.5965258325840131,0.6113613340574944,0.6260665789881789
0.06906906906906908,0.5715331379930881,0.5848141295262205,0.6000631829503832,0.6148296379647398,0.6296668547979292
0.0692992992992993,0.5750439300496941,0.5882785490617811,0.6035707862172353,0.6184078573103879,0.6332603591021334
0.06952952952952954,0.5785330631291785,0.5918162967567185,0.607110639556622,0.6220396758134537,0.6368053839518983
0.06975975975975976,0.5820179161348721,0.5953512544840097,0.6106961017546053,0.6255801690956438,0.6404044911068298
0.06998998998999,0.5854645438825093,0.5989235511161944,0.6142803582748411,0.6292497077513187,0.644111360884536
0.07022022022022023,0.5888054463182691,0.6025304225079924,0.6178322792712398,0.6328180855868609,0.6478264694902874
0.07045045045045045,0.5923155767437092,0.6060953834616905,0.6214249098673988,0.636483583572482,0.6515311866513178
0.07068068068068069,0.5959662926518282,0.6096749823733629,0.6250217896437785,0.6401542847745169,0.6552898304488274
0.07091091091091091,0.5996198985186466,0.6132113843708472,0.6286137999934793,0.6437766426622687,0.6590131620218221
0.07114114114114115,0.60307662451325,0.6167794942709246,0.6322192137723492,0.6474113108868417,0.6627351547408045
0.07137137137137138,0.6066353565761703,0.6203239232058871,0.6358347893210777,0.6511024929091713,0.6663650455989689
0.0716016016016016,0.6101946906405614,0.623905539335156,0.6394675412913,0.6548116716869234,0.6700066194584167
0.07183183183183184,0.613726229147854,0.627507248008148,0.6430279316438415,0.6585331627169573,0.673672118012021
0.07206206206206207,0.6172887690761535,0.6311602245427421,0.6466952798597564,0.6622444135492156,0.6773536410819003
0.0722922922922923,0.620842585096635,0.63481534811003,0.6503985684527747,0.665917415821745,0.6811798570716702
0.07252252252252253,0.6244250639446478,0.6384802638375852,0.6540576234601148,0.6696076056466901,0.6851907662311497
0.07275275275275275,0.6279990161499699,0.6421016789247891,0.6577306783942863,0.6733974727331287,0.6891368611833972
0.07298298298298299,0.6315689610983585,0.6457428847558829,0.6614104378969183,0.6770830648346374,0.6928326375122347
0.07321321321321322,0.6352016499922356,0.6493576167011114,0.6651041238234715,0.6808705721065178,0.6964821719580332
0.07344344344344345,0.6388071076933391,0.6530952055939303,0.6688050067139373,0.6845850665555893,0.7001518566758036
0.07367367367367368,0.6424174355389791,0.6568048648938541,0.6725416635827518,0.6883481145917784,0.7038807218781241
0.0739039039039039,0.6459936174327766,0.6604572948029693,0.6763540815084693,0.6921470835072286,0.7077182766974345
0.07413413413413414,0.6496774280029299,0.6641704583643758,0.6801224759548156,0.6959214963704702,0.7115689950110352
0.07436436436436437,0.6533391089363231,0.6678684800115183,0.683863957593954,0.6997949685653928,0.715463725445306
0.0745945945945946,0.6570123218471868,0.6715812411528238,0.6876840885730661,0.7036711184234555,0.7193540047455831
0.07482482482482483,0.6606133930466109,0.675381540965283,0.6914328482469678,0.7074986985666157,0.7231741505083162
0.07505505505505507,0.6643392698894095,0.6791593837310749,0.695241973499014,0.7113630365497277,0.7270540642264641
0.07528528528528529,0.6678303819386411,0.6828810819398377,0.6990213780923735,0.7152165501659725,0.7310099287403522
0.07551551551551552,0.6716502065098585,0.6866826772609131,0.7028020290525187,0.7190186655880785,0.7348187752706017
0.07574574574574575,0.6753018447180283,0.6904525605191854,0.7066257755089065,0.7228767182571691,0.7388061211008252
0.07597597597597598,0.6790925343578353,0.694217946512754,0.7104843013931662,0.7267154468496165,0.7427614258134092
0.07620620620620622,0.6828685788224501,0.6980068935524055,0.7143399646090338,0.730592216760264,0.7467882916225063
0.07643643643643644,0.6865992192478162,0.7018128436536792,0.7182162565853005,0.7344947591633859,0.7505748932150378
0.07666666666666667,0.6903553444612343,0.7056586794646762,0.7220396665318769,0.7384059341680344,0.7545388305461346
0.0768968968968969,0.694095173111607,0.709421233639625,0.725906978572309,0.7423209709284228,0.7584045388436775
0.07712712712712713,0.697882850678549,0.7132455689009408,0.7298197687617748,0.7462548621137661,0.762334268492943
0.07735735735735737,0.7016732315598869,0.7170453791586565,0.7336743853635493,0.7502138239443488,0.7662826348732622
0.07758758758758759,0.705404808515291,0.720910051369471,0.7374937724871679,0.7541769052944958,0.7702664649235008
0.07781781781781782,0.7092102946556778,0.7247995115612502,0.741350605080674,0.7582009732909296,0.7742494674121784
0.07804804804804806,0.7129446963340782,0.7286248321656184,0.7453113950368655,0.7621427119329395,0.7782364103072995
0.07827827827827828,0.7167182529697919,0.7325005009910108,0.7491905350864184,0.7660990822756093,0.7823079049734294
0.07850850850850852,0.7204716842847259,0.7363778788606983,0.7531073226226425,0.7700895253277659,0.7862985762874499
0.07873873873873874,0.72423409847348,0.740265019533139,0.7571026955928938,0.7740755478101669,0.7902963441104333
0.07896896896896897,0.7280317963363334,0.7441888107524731,0.7610252982170873,0.7780017978408631,0.7943110045125567
0.07919919919919921,0.7319124023741996,0.7481048136777662,0.7649871264762066,0.7820153504263448,0.7982998642510943
0.07942942942942943,0.7356695300451952,0.7520252783152535,0.7689193359849336,0.7860643862023197,0.8023672085569913
0.07965965965965967,0.7394781840081499,0.755904091089115,0.7728604845449162,0.7901504061513588,0.8064571416878885
0.07988988988988989,0.7432468745429578,0.7598630010292242,0.7768611565241659,0.7940837736287233,0.8105537261794165
0.08012012012012013,0.7470696896499417,0.7638109652649465,0.7808696575997081,0.7980799009556072,0.8146578724736988
0.08035035035035036,0.7509428694923129,0.767778080433777,0.7847847690300649,0.8022078909946843,0.8187727221744673
0.08058058058058058,0.7549726697146566,0.7717466998455339,0.7887134742830453,0.8062894992862448,0.8228584328493284
0.08081081081081082,0.7588176173984668,0.775653923463984,0.7927595414929913,0.8103243974312925,0.8269071536381004
0.08104104104104105,0.7625350854886571,0.7795751558471684,0.7967177943834035,0.814324946581867,0.8310658142767592
0.08127127127127128,0.7663868596045957,0.7835311295188025,0.8007082706194941,0.8183416423578675,0.8351666327155003
0.08150150150150151,0.7703251719282634,0.7874507714150712,0.8047333853468328,0.822403247800132,0.8391739830105858
0.08173173173173173,0.7742267486002694,0.791400655661029,0.8087908661838998,0.826403311936149,0.8431898064445452
0.08196196196196197,0.7782226291148655,0.7953457856418047,0.8127795955404145,0.8305228912582877,0.8472733751773658
0.0821921921921922,0.7822377244342923,0.7993032487225846,0.8167570204144984,0.8345886700815199,0.8513422315851793
0.08242242242242243,0.7862639827199086,0.803275202683621,0.8208229236644234,0.8386970049119731,0.8555381067313452
0.08265265265265266,0.7902463874663106,0.8072203253238879,0.8248792690793321,0.842768617253221,0.8596523096414509
0.08288288288288288,0.7942674927897425,0.8112250290100924,0.8289400133224621,0.8468913549627184,0.8637353374385212
0.08311311311311312,0.798221639377139,0.81529075314507,0.833013632146117,0.8509799526820986,0.8679683972513849
0.08334334334334335,0.8022460176040667,0.819316395405573,0.8370834365229113,0.8551447177888716,0.8721211933365103
0.08357357357357358,0.8062911335838249,0.8233925445803302,0.8412121379816967,0.8592566289984538,0.8762632563141973
0.08380380380380381,0.8102722218069983,0.8273485217013986,0.8453011619664227,0.8633597088495888,0.8803783012101196
0.08403403403403405,0.8142575826354288,0.8315113872372539,0.8493887846921738,0.8674470299846567,0.8845794352502374
0.08426426426426427,0.8182497927937802,0.8354363833726137,0.8534204557262229,0.8715696003038436,0.8888161048668413
0.0844944944944945,0.8222176222767295,0.8395301640100146,0.8575090295153565,0.8757242004118734,0.8930732507513833
0.08472472472472473,0.8262275727641487,0.8436217818945493,0.861544354034923,0.8798269090522595,0.8972900259127133
0.08495495495495496,0.8302281329531295,0.8476835055384884,0.8656445060701353,0.8840183520893763,0.9014133881727956
0.0851851851851852,0.8342763246071858,0.8517487440065539,0.8697584942075169,0.888157065121039,0.9055745853099975
0.08541541541541542,0.8383668514484202,0.855826903723349,0.8738155541767285,0.8923489842700363,0.9098123054036056
0.08564564564564565,0.8423043147424943,0.8598741018309806,0.8779731924552652,0.8965039421543176,0.9140880773531965
0.08587587587587588,0.846358210642215,0.8639164853759645,0.882110436399346,0.9006260666762633,0.9183706644026696
0.08610610610610611,0.8504482289437226,0.8680226055431487,0.8862725023792539,0.9048153820188161,0.9226827480952877
0.08633633633633635,0.8544085730103241,0.8721057276929559,0.8904289238055437,0.9089840029116683,0.9268256720052314
0.08656656656656657,0.8584324394441252,0.8762350439677534,0.8945935428813095,0.9132113002788884,0.9309654521047362
0.0867967967967968,0.8624870373889114,0.8804223533979558,0.8987156641355725,0.9173826574861792,0.9351082165191823
0.08702702702702704,0.8665081518832319,0.8845192680143635,0.9029041587004256,0.9215578341154622,0.9392769625403514
0.08725725725725726,0.8704282240987433,0.8884886967028582,0.9070250035315236,0.9258351708468662,0.9435756698201628
0.0874874874874875,0.8743946844445056,0.8925293314513055,0.911182416574802,0.9300644893875626,0.9479373361252533
0.08771771771771772,0.8784653337013465,0.8966832496941638,0.9152977286230604,0.9343362451802748,0.9522856140804408
0.08794794794794795,0.8826212319181264,0.9008087968706173,0.9194625157474726,0.938633003328185,0.9565790459871905
0.08817817817817819,0.886732613327246,0.9048774011392656,0.9236280998401435,0.9428452501912907,0.9608636693524424
0.08840840840840841,0.8909044962965145,0.9089419190833014,0.9278515882616764,0.9470305844768817,0.9651966214005729
0.08863863863863865,0.8950451003675493,0.9130022932169678,0.9320702968456787,0.9513122447047273,0.9693884876115443
0.08886886886886887,0.8991302094870229,0.917145343001643,0.9362660026133689,0.9555762354528526,0.9738835521652146
0.0890990990990991,0.9032241139834885,0.9212180095656499,0.9403750863055006,0.9598780293309679,0.9781859179393705
0.08932932932932934,0.90732037790888,0.9253529219709917,0.9445402398993478,0.9641018698668432,0.9825977498342221
0.08955955955955956,0.9113727113613184,0.9295298578588497,0.9486765254847825,0.9683122660809548,0.9869275697904523
0.0897897897897898,0.9154842911310198,0.9336745991101515,0.9528750298687216,0.9725336774860603,0.9912766859777443
0.09002002002002003,0.9195023981065015,0.9377507553216917,0.9570824537182867,0.9768400073990504,0.9956363720981968
0.09025025025025026,0.9235963552563581,0.941907534751883,0.9613029610875512,0.9810255680178664,0.99995868792211
0.09048048048048049,0.9276747452908795,0.9460668521944031,0.9655068799376473,0.9852754391427272,1.0043019077113027
0.09071071071071071,0.9317069967709863,0.9501630258384359,0.9696632512120849,0.9895551104179854,1.0086463983648664
0.09094094094094095,0.9357982382823249,0.9542528456297287,0.9738168558377627,0.9938009650964643,1.0130136862287429
0.09117117117117118,0.9398410093760343,0.9583586053184272,0.9780349876153817,0.9979995879989243,1.0172422979603002
0.0914014014014014,0.9438745256425363,0.9624214089075956,0.9822311752297962,1.0022734909241777,1.0214979349402342
0.09163163163163164,0.9479612270609155,0.9665007361441508,0.9864304783960747,1.0065644373877216,1.025848307897861
0.09186186186186186,0.9520494219328736,0.9706693446126228,0.9906192777768611,1.0107543838344313,1.0300862330877325
0.0920920920920921,0.956263716915504,0.9748672809724679,0.9948348774832412,1.0149430391856706,1.034354302560877
0.09232232232232233,0.960496378398521,0.9790182262021986,0.9990642610407995,1.0191876312968693,1.0386879835815497
0.09255255255255256,0.9644488541395659,0.9830635285212459,1.0032234958570772,1.0235043569060205,1.0429429563459258
0.09278278278278279,0.9685241285415074,0.9872049844106693,1.00743816514534,1.0277649028007987,1.0472354123403453
0.09301301301301303,0.9725901584595116,0.9913760607620933,1.0116641204020265,1.0319829529822413,1.0514931674379624
0.09324324324324325,0.9767329693031273,0.99551442533293,1.0158554599288907,1.0362642864746896,1.0558448031047016
0.09347347347347348,0.9808767011785321,0.9996766036764776,1.0200789196754938,1.0405769639228644,1.0601784375719463
0.0937037037037037,0.9849925756197745,1.003822062872518,1.0242536433500555,1.0448148839384095,1.0645585288388235
0.09393393393393394,0.9891380819203859,1.0079413476596666,1.0284473307541218,1.0490849145855903,1.068884210130546
0.09416416416416418,0.9932740060966669,1.0120917770762718,1.0327146238822027,1.053313075309297,1.0730975282308182
0.0943943943943944,0.9973539845630226,1.0162492607709428,1.0369022281478624,1.057565053921579,1.0773972929356501
0.09462462462462463,1.0014601132883179,1.0203689113317775,1.0410967782303973,1.061879524909322,1.08165603619894
0.09485485485485486,1.00552771942541,1.0245227037076647,1.045269371510229,1.0661375671773676,1.0859945936562014
0.09508508508508509,1.0095950423857596,1.0287255278040586,1.0495425637889908,1.0703917817874105,1.0902466444632306
0.09531531531531533,1.013843741744635,1.0328994212679516,1.05376532361782,1.07467273046251,1.0946021915947473
0.09554554554554555,1.0178776315245177,1.0369946880497605,1.057958979360629,1.0789172711073838,1.0989308711876464
0.09577577577577578,1.0220257371931676,1.0411664603196593,1.0621605467741841,1.0831594672902223,1.1032976107975265
0.09600600600600602,1.0261822726487912,1.045259831618562,1.066363831523117,1.0873649904231968,1.107520570669129
0.09623623623623624,1.0301369795154436,1.0493681865517965,1.0705531939879829,1.0915551997347654,1.1118440818950208
0.09646646646646648,1.0343393954795004,1.0534437815927142,1.074782467544556,1.0957722276997253,1.116101556939954
0.0966966966966967,1.0384097035585782,1.0575345266442147,1.079000515705281,1.100104264534276,1.1204014920551906
0.09692692692692693,1.0425785348338368,1.0615701090579783,1.0832142240054952,1.1044061938371252,1.124710030892519
0.09715715715715717,1.0465464952250814,1.0656927841934716,1.0874385385848586,1.1087585817201746,1.1289979538249968
0.09738738738738739,1.0506672659543055,1.069817377267529,1.0916608448937888,1.1130120062154067,1.1332112947850883
0.09761761761761763,1.0548895907031464,1.0739645093830101,1.0959079813801051,1.1172339658501922,1.137474106276395
0.09784784784784785,1.0590586855499895,1.0781368805234606,1.100102592194448,1.1214908049541505,1.141830671253585
0.09807807807807808,1.0631793335801076,1.0822881024995712,1.1042846491268317,1.1256679212250795,1.1462047842533862
0.09830830830830832,1.0671249243876937,1.0864268254948166,1.1085037314563284,1.129846962684485,1.1505494063811692
0.09853853853853854,1.07114752069904,1.0905922872375242,1.112659386574393,1.1341147690040863,1.1548014167632144
0.09876876876876878,1.0751826485149298,1.0947768087381369,1.1168181863072373,1.1383296717169937,1.1590759397679153
0.09899899899899901,1.0793320532802464,1.0988984648921745,1.1209698742814591,1.1425332416640126,1.163282755244108
0.09922922922922923,1.0835286228722412,1.1030029147906149,1.1251099160513882,1.146752830661712,1.1675267460584013
0.09945945945945947,1.0876692152086984,1.1070936051558447,1.1292660148703257,1.1509965565198668,1.1717531460898198
0.09968968968968969,1.0916428365814417,1.111204293663114,1.1334337029045232,1.1550933825241734,1.1759016287111657
0.09991991991991993,1.0956847242845311,1.1153202458287401,1.1376318741733469,1.1593483935238142,1.1800656860206034
0.10015015015015016,1.09976864086399,1.119417909324362,1.1417943386089628,1.1635244035459678,1.1843132012231439
0.10038038038038039,1.103730138675051,1.1234657209716477,1.1459391845016205,1.1677183031743854,1.1885279932453057
0.10061061061061062,1.1076868778310354,1.1275459071678127,1.150027459745282,1.1718727972030183,1.192710130164121
0.10084084084084084,1.1116670724385735,1.1316428763944824,1.1541768285184093,1.1760654835669158,1.1968863137268277
0.10107107107107108,1.1157243060860929,1.135641359409659,1.1583045965940264,1.1802706238177345,1.2011642803106337
0.10130130130130131,1.1196906434095573,1.1396721927847013,1.1624947677320008,1.1844032717568171,1.2054914068209648
0.10153153153153154,1.1235753737872733,1.1436672307380238,1.166629688885475,1.1885567910551977,1.209764321972669
0.10176176176176177,1.1276950420280762,1.1476909556177601,1.1707302285263022,1.1927780231322942,1.2140495611261128
0.101991991991992,1.1316160139985874,1.151694923942523,1.1748006166528322,1.1969022449946063,1.2183143417817206
0.10222222222222223,1.1355984845930855,1.1557270043797896,1.1789140509567009,1.2011033570138159,1.2225460928556449
0.10245245245245246,1.1394704663268571,1.1597886568303772,1.1829826256882165,1.205257208753922,1.2267478267307674
0.10268268268268269,1.1435618166914434,1.1638492965092377,1.187089384683602,1.2093655722204704,1.2309061537019506
0.10291291291291292,1.1475577399803683,1.1678428483580248,1.1912207263021102,1.2134816341471484,1.2350798798725937
0.10314314314314316,1.151463385073575,1.1719641298674688,1.1952651429281118,1.2176345082979176,1.239289675428845
0.10337337337337338,1.155303998112695,1.1760428488604922,1.1993446478964258,1.2217595376245014,1.243561863147807
0.10360360360360361,1.159227492035905,1.179995179118187,1.2034221924634798,1.2258978270405245,1.2477688743512825
0.10383383383383384,1.1631861474126144,1.1839552681606385,1.2074576282373488,1.2299815330350252,1.2520125784599578
0.10406406406406407,1.167118195050524,1.1878010913996828,1.2115222827672791,1.2340834694880243,1.256188061908954
0.1042942942942943,1.1709968188019089,1.191813116997368,1.215598269914489,1.2381975865200978,1.2603251899912105
0.10452452452452453,1.1748663810726032,1.1957729078217725,1.2196624384863504,1.2423432755842028,1.2644982546881451
0.10475475475475476,1.178748887657639,1.199802091016041,1.2237010188787034,1.2464591254041673,1.2687082848323459
0.104984984984985,1.1826033396692632,1.2038085866163006,1.2277670560589247,1.2505703783814877,1.2729071545399162
0.10521521521521522,1.1864328778192412,1.2078044637636935,1.2317978092571875,1.2546751963935234,1.2770578557607681
0.10544544544544546,1.190321339811573,1.2117803883113203,1.235744191336966,1.2587755453500151,1.281196739255675
0.10567567567567568,1.194275584053408,1.215684300676917,1.2397745017616086,1.2628991156771072,1.2852716371260893
0.10590590590590591,1.1982109434949952,1.2196430474097253,1.243866168390256,1.2668714086682704,1.2893421998354433
0.10613613613613615,1.2021586875959918,1.223609745988453,1.2478691771250554,1.270944242888046,1.2934641285557553
0.10636636636636637,1.2060251312452206,1.2275849386011106,1.251872201397756,1.2750741072644292,1.2976001013439848
0.10659659659659661,1.209960847033701,1.231581578896977,1.2558158237217212,1.2791054293816333,1.301756135243421
0.10682682682682683,1.213747698806396,1.2355446858074612,1.259832313675564,1.2831733625181685,1.3060014813207934
0.10705705705705706,1.2175862673113103,1.2394136417320103,1.263822497889977,1.2872399698585713,1.3101411018464177
0.1072872872872873,1.221309556045985,1.2433722733319301,1.2678059034884603,1.2913156660609095,1.3141954363160517
0.10751751751751752,1.2251270867481612,1.2473069161291723,1.2717836145513857,1.2953548269507755,1.3182871019186528
0.10774774774774776,1.2289654435557806,1.2512255211184944,1.2757461599477222,1.2993705011709447,1.3223150925767269
0.10797797797797799,1.2328804588007014,1.255109002170083,1.2796081163564696,1.3034022779991565,1.3263846960043615
0.10820820820820821,1.2365191407868157,1.2589317964680617,1.283527632158996,1.3074119661132368,1.3304407147016257
0.10843843843843845,1.2401666609323927,1.262739177473486,1.2874713865792822,1.3113799080133097,1.334396041846358
0.10866866866866867,1.2439090987675903,1.2665999963115482,1.2914007542350674,1.3152811376570437,1.338290751655711
0.10889889889889891,1.2476230212521813,1.2704425612215398,1.2953006248618555,1.31920858352605,1.3422379165587728
0.10912912912912914,1.2516350071267202,1.2743417997433961,1.2991661055490087,1.3231614769656008,1.3462796983048693
0.10935935935935936,1.2552088031601354,1.2781173718617989,1.3030950464758535,1.3270050959412143,1.350288886675863
0.1095895895895896,1.2590710552578777,1.2819772299069983,1.3068643471277734,1.33092840466559,1.354301924141956
0.10981981981981982,1.2627738232573316,1.2857519028210669,1.3106618358446704,1.3348673845787322,1.358288785423308
0.11005005005005006,1.2664716945346288,1.2896092465570304,1.3145170956854022,1.3387787120599972,1.3622654012568776
0.1102802802802803,1.2701549926282185,1.2932773024901008,1.318370300249892,1.3425747313533138,1.3661845422641872
0.11051051051051052,1.2738325203212602,1.2968969282906597,1.3221748888313225,1.346408190937241,1.3701751616884563
0.11074074074074075,1.2774850305880008,1.3006640883303267,1.3259917387782174,1.3502556560711185,1.3741124362349513
0.11097097097097099,1.281108175872277,1.3044112554442993,1.3297251106584909,1.3541496901159022,1.3780731870660283
0.11120120120120121,1.2847395217571442,1.3080880228545353,1.3334536642803623,1.3579344434279015,1.3819513891531026
0.11143143143143144,1.2884146899155045,1.3118594871483995,1.3372652496317752,1.3617262056756851,1.385845045194254
0.11166166166166167,1.291998401752731,1.3155793562740392,1.3409348632309586,1.3654920237319008,1.3897143340330833
0.1118918918918919,1.2956051941716356,1.3193247365096772,1.344644507125346,1.369322755202609,1.3935784370457225
0.11212212212212214,1.2992430884523896,1.3230404206386503,1.3483741650165122,1.373048083909441,1.3974344699028907
0.11235235235235236,1.302856516436491,1.326739770171035,1.3520323102469294,1.3768087125412203,1.4011407112845407
0.1125825825825826,1.3063759338608254,1.3304451356605922,1.3557598076172632,1.3805552529519787,1.4049566180139645
0.11281281281281282,1.3099679737099086,1.3341579635950567,1.3594317148069186,1.3843299378819593,1.4088401449187182
0.11304304304304305,1.3135569059759669,1.3378195381220277,1.3631655777173959,1.3880461783357203,1.4126629909167698
0.11327327327327329,1.3170777061155798,1.3414661166686863,1.3669149353586265,1.39180327448601,1.4164348256255523
0.11350350350350351,1.3206389271642114,1.3451265604745881,1.3705666236750293,1.3955006637177814,1.420172889793575
0.11373373373373374,1.3241535878043178,1.348729858860798,1.3742958376001175,1.3991826332574373,1.4239071468747726
0.11396396396396398,1.3277031947384024,1.3522192841708147,1.3778677866595166,1.4028204547515821,1.427598343942523
0.1141941941941942,1.3313423121582837,1.3558057724906467,1.3815367934176708,1.4064313671686135,1.4311995344247659
0.11442442442442444,1.3349033181579288,1.3593736163494388,1.3852869096442404,1.4101413036346795,1.43484486017977
0.11465465465465466,1.338311431415148,1.3629052235722312,1.3888566442575674,1.4137804628555053,1.438583441670689
0.1148848848848849,1.3416848101948833,1.3664638009349253,1.3924315446090896,1.41747442646263,1.442242252118045
0.11511511511511513,1.3450794588850836,1.3700380212076892,1.396046583497482,1.4210863237504767,1.445920009140772
0.11534534534534535,1.3484675714116159,1.3736440766051012,1.3996249881966008,1.4247167904777172,1.4495814903500617
0.11557557557557559,1.3518652656263541,1.3772178263297976,1.4031026585380746,1.4283411667113508,1.4531820708761514
0.11580580580580581,1.3552976632244302,1.3806735832356314,1.4066092723469923,1.4319282443864048,1.4566820252242463
0.11603603603603604,1.3586505842296956,1.3841606095819425,1.4100663748246276,1.4355334067038557,1.4601797523230322
0.11626626626626628,1.362074830330803,1.3876533077608926,1.4136517095651713,1.4390680490464158,1.4636266529118773
0.1164964964964965,1.3654160823575343,1.3910739031776884,1.417085339936535,1.442602991804932,1.4670770447045485
0.11672672672672674,1.3687827986907184,1.3945702383836356,1.4205921981340723,1.446054035172282,1.4706529961768133
0.11695695695695697,1.3720784021559573,1.3980462906152213,1.424036084083993,1.4495803285401658,1.4740457514604042
0.1171871871871872,1.3754380919066238,1.4013656054973012,1.4274911412926725,1.4530812990387243,1.4775571856398977
0.11741741741741743,1.3787740197306397,1.4047489511344178,1.4308971779949817,1.4565414729240107,1.4811089105900632
0.11764764764764765,1.3820222662096462,1.4082053603818332,1.4343604394260476,1.4600637451108371,1.4846734091477258
0.11787787787787789,1.3853378959532705,1.4115909954085741,1.4377341122093579,1.4635169174630982,1.4882311265598946
0.11810810810810812,1.388618203203097,1.414982939355503,1.4411214835899624,1.4670240303148239,1.4917633481156072
0.11833833833833834,1.3918730975694549,1.418261931479943,1.4444399756075053,1.4704639566992819,1.4952632318639005
0.11856856856856858,1.3950792675817183,1.4215279681129946,1.4477933434207462,1.4737678872497988,1.4987201809264352
0.1187987987987988,1.3983298810677207,1.42478319329115,1.4511607423978938,1.477071626966735,1.5020024537378536
0.11902902902902904,1.4014794595354088,1.428050267100867,1.4545166841708317,1.4803494054431146,1.5053966227449214
0.11925925925925927,1.4047347319368784,1.4313225454840905,1.457819805546177,1.4837317695486616,1.5088099394872154
0.1194894894894895,1.4078682263657343,1.4345673094514613,1.4610318207190298,1.4870420503887896,1.5122719560595477
0.11971971971971973,1.4110412485348482,1.4378158571153041,1.4643222959697502,1.4902046107641385,1.5156869526022267
0.11994994994994997,1.4142218283185326,1.4410875343700689,1.4675428757606006,1.493440702810203,1.5189961320215866
0.12018018018018019,1.4173584615224288,1.4443523383876637,1.4707533538576527,1.4967042468135627,1.5222701935899234
0.12041041041041042,1.4205665215287124,1.4474567231477833,1.4739608765237202,1.500042157509199,1.525562099765456
0.12064064064064065,1.4237656423025502,1.4506317049740158,1.4770620511650727,1.5032545662321795,1.5288564080852804
0.12087087087087088,1.4268645741840624,1.4536922111705677,1.480213917860982,1.5065496805762193,1.5320732383196405
0.12110110110110112,1.42989075648943,1.4568869970471443,1.483371437272424,1.509657089038868,1.5352758243592295
0.12133133133133134,1.4329738783140786,1.459986051297684,1.4864528552396958,1.5127550375210204,1.5383562841841218
0.12156156156156157,1.4361320167156364,1.4629737194703383,1.489546777280594,1.51585046869533,1.5415044357556482
0.1217917917917918,1.4392307408203928,1.4660316608329929,1.4925920695260972,1.5190033890136359,1.5446441855572046
0.12202202202202203,1.442144408078415,1.469007421745211,1.495606404739221,1.5221438772649165,1.547782692555339
0.12225225225225227,1.4450806703395134,1.4720654524322176,1.4986009284546167,1.5252515799355681,1.5509319362582392
0.12248248248248249,1.4480526650508407,1.4751375570700171,1.5016722622403238,1.5283188998696604,1.5540654487106618
0.12271271271271272,1.4510634643846374,1.4781416678749246,1.5047380261685255,1.5312877940191623,1.5571603853617861
0.12294294294294296,1.4541407181599961,1.4811253700150129,1.5077240491299213,1.5343463382468665,1.5602027032475214
0.12317317317317318,1.4572009751039228,1.4840697822311177,1.5107482363023932,1.5374419347293506,1.563243213526043
0.12340340340340342,1.4602259014336902,1.4869757879442405,1.5136635226932849,1.540347096580662,1.5663412250429116
0.12363363363363364,1.4632532335650874,1.489861985412869,1.5166295818366267,1.543261160885463,1.5694038273163249
0.12386386386386387,1.4661621155482063,1.4927751722073088,1.519595494612809,1.5462410074380286,1.5723897666616111
0.12409409409409411,1.469136186013755,1.4956476146145896,1.5224822265740436,1.5492651692893002,1.575381805879033
0.12432432432432433,1.4721156076044952,1.4984839863890147,1.5253956459615812,1.5522354878262148,1.5782759646686697
0.12455455455455457,1.4749702082008196,1.5013534265029083,1.5282917267349132,1.55510927671338,1.581171167531435
0.12478478478478479,1.4780084503364235,1.504154492527962,1.5311168168207494,1.55795827464084,1.5840451206262096
0.12501501501501502,1.480413653793406,1.5069663849151325,1.5339889131041835,1.5607926164599175,1.586949598922905
0.12524524524524525,1.4831681610518284,1.5097454823043193,1.5368533061027436,1.5636153235868093,1.5898321892736784
0.1254754754754755,1.48583640571308,1.5125109883816825,1.5396445080773147,1.5664339770768858,1.5927347921761699
0.12570570570570572,1.4886565689788003,1.5152495930627183,1.5423482152759829,1.5692653182440086,1.5955825528021867
0.12593593593593594,1.4914808303648455,1.517981187764955,1.5451282493363305,1.5719476380880766,1.59836508170009
0.1261661661661662,1.4941757832636602,1.5207044433384225,1.5479382678442763,1.5746110709262569,1.6011653461893296
0.1263963963963964,1.497003172114236,1.5234622877583355,1.5506097886986818,1.5772677031268294,1.6039463739241828
0.12662662662662663,1.499728746621712,1.526149855482201,1.5532125077552552,1.5800160620370844,1.606629449244611
0.12685685685685685,1.5023659658992434,1.528813311349009,1.5558882992877052,1.5828162743220413,1.6092868524240391
0.1270870870870871,1.5048789496714674,1.531400074094795,1.558527585536349,1.5855233979889767,1.6119482542334325
0.12731731731731732,1.5073983445388546,1.5340538419988496,1.5610813970816821,1.5881570561073681,1.6147622595794697
0.12754754754754755,1.5099843646716364,1.5366401615938914,1.5636042735797966,1.5907634935432204,1.6172923102452872
0.1277777777777778,1.5123846264007126,1.539154201024978,1.5661224010576598,1.5933887797383286,1.6199032198998207
0.12800800800800802,1.5147909224079066,1.5416498428870005,1.5685941898809121,1.5958897779604093,1.6225079072994615
0.12823823823823824,1.517318689978647,1.5442989546802541,1.5711952843577612,1.5983875786784283,1.6250730986027246
0.1284684684684685,1.5199036907446701,1.546743376855328,1.5737002700297789,1.6009229004258585,1.6277056444108255
0.1286986986986987,1.5223368898756602,1.5491991955775475,1.5761439897725638,1.6034346644777913,1.6301753340094134
0.12892892892892893,1.5248699428533015,1.5516044310180261,1.5786541945040664,1.6058947747854229,1.63267241855587
0.12915915915915918,1.527283243916468,1.5539869378758724,1.5811332316281868,1.6083706427581161,1.6351936074822488
0.1293893893893894,1.5295987285015344,1.5563622065129945,1.5834929879610786,1.610830616960171,1.6376297981746062
0.12961961961961962,1.53188885500299,1.5587542923638131,1.5859448873686794,1.6132594519837793,1.6400688352784938
0.12984984984984985,1.5341565230679508,1.561083851077469,1.5882541916296358,1.6156150422366613,1.6424591518657448
0.1300800800800801,1.5364016913333467,1.5633683463860586,1.5905792758140382,1.6179227953092097,1.6448280397628867
0.13031031031031032,1.5386283295697107,1.5656868686926497,1.592955758259877,1.6201951856320498,1.6471799196638608
0.13054054054054054,1.5408288080906647,1.5678671461042062,1.5952376092170202,1.6225327555855114,1.6495134012072261
0.1307707707707708,1.542962199555683,1.5701529461072463,1.5975600942066461,1.6248968190746567,1.6518433465743922
0.131001001001001,1.5450833369061876,1.5724213379670686,1.5998591292813802,1.6271523142890332,1.6540940869021503
0.13123123123123123,1.5472884329424466,1.574670959357561,1.602144580546626,1.6294297063332555,1.6563308898781521
0.13146146146146148,1.549442876372116,1.5768336158472218,1.6043066631500515,1.6316135635820328,1.6585252606173162
0.1316916916916917,1.5516536618128216,1.579014413661151,1.6064795189480139,1.6338703860233459,1.6607279692560417
0.13192192192192193,1.5538784841525617,1.581202723408137,1.6086038109311325,1.635998969712157,1.6628634971303367
0.13215215215215217,1.5560562514542482,1.583343723024317,1.6107494778931628,1.6381683231790205,1.6649986193822528
0.1323823823823824,1.558258941975978,1.5855109129094667,1.6128741827421404,1.6402751885546607,1.6671356518764606
0.13261261261261262,1.5603599675858142,1.5875686248739427,1.615030528243521,1.6424135029123663,1.6692256651698363
0.13284284284284284,1.562365084193018,1.58953065154857,1.6171032388529105,1.6443849450589278,1.6712474460242461
0.1330730730730731,1.5643649868918335,1.591453906962459,1.6191761346247981,1.6464665997000962,1.6733346258097108
0.1333033033033033,1.566350749790319,1.593472480931469,1.621210990287616,1.6484217765351912,1.6754071290246912
0.13353353353353353,1.5683299263923307,1.5954865775990958,1.6232351614883682,1.6505452551204798,1.677373889749065
0.13376376376376378,1.570331510829235,1.59743258506279,1.6253060422242211,1.6524537188636632,1.6793334969720204
0.133993993993994,1.5721455763768941,1.5993881154632477,1.627248963445618,1.6544510402792365,1.681301981369652
0.13422422422422423,1.5742134958471454,1.6013653656991123,1.629178593434532,1.6565346516311483,1.683322991978125
0.13445445445445448,1.5761596141904155,1.6033362185424263,1.6310895114793913,1.6584144378906374,1.6851712285055263
0.1346846846846847,1.578093019357722,1.6051603603541378,1.6329521158568412,1.6604188704073155,1.6870294459282542
0.13491491491491492,1.5799513240740455,1.607026569726683,1.634783673706418,1.6622449806247497,1.6888142462395834
0.13514514514514517,1.5817367187695561,1.608900713553181,1.6366144350427283,1.6639899949654886,1.6906147516452796
0.1353753753753754,1.5833075459833394,1.610668287475934,1.6384996294184007,1.6657753328078309,1.6923727547162255
0.1356056056056056,1.5847575484115584,1.6123708836772979,1.6402319210872183,1.6675815307129915,1.6940955535009652
0.13583583583583583,1.5865855832426559,1.6141031132821306,1.641976021763169,1.6692583394361027,1.6958011561027386
0.13606606606606608,1.5883014789554093,1.6157933915232379,1.64364564777364,1.6709172698554946,1.6974914055854022
0.1362962962962963,1.590034374942632,1.6174884496853144,1.6452646187021365,1.672577124092156,1.699254423732448
0.13652652652652653,1.5917554678430124,1.6191392249687993,1.6469743553206018,1.6742679689330071,1.7008598523719545
0.13675675675675678,1.5934162018670655,1.620769420695397,1.648653898542285,1.6759511204787494,1.7024299820945286
0.136986986986987,1.5950694782200405,1.6223742330987692,1.6502900192107997,1.6775666057296992,1.7039511222653567
0.13721721721721722,1.5966165508920869,1.6239355889836613,1.6518861425825795,1.6791933805380976,1.7055058635436786
0.13744744744744747,1.5981877773426847,1.6255272209817664,1.65347107572718,1.680720459676656,1.7070280666122983
0.1376776776776777,1.5997121743627738,1.627164769791115,1.6550340301806519,1.682320873484201,1.7085211019496813
0.1379079079079079,1.6012073778211178,1.6287703420841615,1.6565536024423733,1.6838310275056225,1.709979253574958
0.13813813813813816,1.6026649787508203,1.6302875254988718,1.658012482444073,1.685327361815427,1.7114062793274483
0.13836836836836838,1.604138509686034,1.631740355805153,1.659512403691873,1.6866548578947866,1.712811544675628
0.1385985985985986,1.605651962562675,1.6332539313325318,1.6609454348546893,1.6879755819486557,1.7141944681239139
0.13882882882882883,1.607131549558976,1.6347092272634112,1.662256764838017,1.6895199750037015,1.715546331296908
0.13905905905905908,1.608557978738623,1.6360834723203053,1.663638793714648,1.6909858070078334,1.7168653938981346
0.1392892892892893,1.609914909416356,1.6374585900036402,1.66499362771728,1.6922523954160436,1.7181486505506285
0.13951951951951952,1.6111835762565965,1.638730260466318,1.6663181209340323,1.6935174317578847,1.7194146530083478
0.13974974974974977,1.612441276433072,1.6400240804467472,1.6676678092842578,1.6948200780944884,1.7207601676780204
0.13997997997998,1.613661655970512,1.6412844072905235,1.6689340920347642,1.6960445956153856,1.7220479758818674
0.1402102102102102,1.6148979632683804,1.6425126414993332,1.6702131984713733,1.6972272256317733,1.723170435851217
0.14044044044044046,1.6161837313969132,1.6437443781339303,1.6713444442127436,1.6983821002497443,1.7243612718410712
0.14067067067067068,1.6174410840680271,1.6448618830006234,1.6725322658060526,1.6994729619431486,1.7253765153316578
0.1409009009009009,1.6187094841387126,1.646041711655273,1.6735852566039455,1.7005930165184528,1.726432992159147
0.14113113113113115,1.61988934953634,1.6471849123773739,1.6747091254665,1.7017691768272079,1.7275000379385634
0.14136136136136138,1.6209971138667647,1.6482615551760234,1.6757868474451614,1.7028177456172149,1.7284999695031726
0.1415915915915916,1.6220785977054195,1.6494240246871767,1.6769702888613767,1.7038832799968417,1.7295238847413985
0.14182182182182182,1.6231393680981852,1.650543785393123,1.677992408252909,1.7049711921372326,1.7305477491009755
0.14205205205205207,1.6241650954887452,1.6516533525037744,1.678981999409198,1.7060522437604713,1.7314584087439084
0.1422822822822823,1.6251664852061989,1.652738190340794,1.6799669630690504,1.7069906437701283,1.7323521267305262
0.1425125125125125,1.6261773134378559,1.6537720710409194,1.6809092080396748,1.7079357430576707,1.7334585958320416
0.14274274274274276,1.6271073817866815,1.6548130802259566,1.6818202692669006,1.7088820563412375,1.734493226603982
0.14297297297297298,1.6280865106470144,1.6558247863750202,1.6827332410870075,1.709784641999396,1.7353962534896281
0.1432032032032032,1.6289191105240524,1.656658476577178,1.6835906196267874,1.710588003613797,1.736236248151218
0.14343343343343345,1.6298597872208047,1.657546287370953,1.6843810274703979,1.7113751104678943,1.7371162548589363
0.14366366366366368,1.6306902413044526,1.658356558121191,1.6852342111857785,1.7121545247353303,1.7379260894430695
0.1438938938938939,1.6315616712827072,1.6591574833405736,1.6860145749039326,1.712989197399244,1.7386958021009338
0.14412412412412415,1.6323730920723072,1.6600089521701953,1.6867550142731504,1.7137348939106696,1.7393621364595757
0.14435435435435437,1.6333605296935987,1.6607637231409083,1.6875369183517528,1.7145098630286442,1.7400722502658885
0.1445845845845846,1.6343207322905058,1.6614877911538402,1.6881656815832142,1.715246199868122,1.7408156374939077
0.1448148148148148,1.6352548716895363,1.662192467310042,1.688886439268438,1.715910373840176,1.7414708199104534
0.14504504504504506,1.6359789877118707,1.6628074518881155,1.689523982047931,1.7165842973598606,1.7421532193950628
0.14527527527527528,1.636641618421475,1.6636200870431428,1.6901216622376096,1.717263322148141,1.7427537090864667
0.1455055055055055,1.637268614597333,1.6641739003935363,1.6907130137391295,1.7178739273646444,1.7433088791833422
0.14573573573573576,1.6378533392274328,1.6647643802321168,1.69134170612314,1.7184466360496327,1.7437954026480857
0.14596596596596598,1.6383638090247041,1.6653792717240996,1.6917947034408867,1.719015715639488,1.7442410895956675
0.1461961961961962,1.6389532909802758,1.6659183572022973,1.692373897295474,1.7195427893566024,1.7446585423683274
0.14642642642642645,1.639509016069428,1.6665947607320393,1.6928409793908008,1.7200062404565626,1.7451471662547193
0.14665665665665667,1.6401630497196056,1.6669642632265342,1.6932954529858464,1.720488566973571,1.7456497436120726
0.1468868868868869,1.6407776410798638,1.667531404511916,1.6937658315522084,1.7208528741136362,1.7460483364995074
0.14711711711711714,1.6413086138467199,1.6679702012692268,1.69413847156008,1.7212291757230755,1.7463706073303205
0.14734734734734736,1.6417798327033006,1.6684208940866212,1.6944938340373792,1.7216078510296338,1.7466601349269755
0.14757757757757758,1.6421695809718635,1.6687235257635298,1.694852972499426,1.7219243497217835,1.7469637306414125
0.1478078078078078,1.6424620855532677,1.6691057891630896,1.6951435981007354,1.7222725259085,1.7472598732484415
0.14803803803803806,1.6428025845455483,1.6693414005288163,1.6953732777436332,1.7226027870199723,1.7475065828049794
0.14826826826826828,1.6430499592131105,1.669628812993615,1.69566084859623,1.7229144981118976,1.747770142991725
0.1484984984984985,1.6433404961198008,1.6699576801379075,1.695953796777096,1.723139276906608,1.7480057736757333
0.14872872872872875,1.643727590659932,1.6702286956214099,1.6961887854101172,1.7234064483872755,1.748209206935938
0.14895895895895897,1.6440785810331913,1.6704830383314977,1.696403182789537,1.7236399187618745,1.7483258976894853
0.1491891891891892,1.6443069722061032,1.6707368787792225,1.6964968743710565,1.7238617606567506,1.7484076102121262
0.14941941941941944,1.644516966112083,1.6710011992932612,1.69662328654991,1.723869426032455,1.748460607221738
0.14964964964964966,1.644726141689269,1.6712393065746782,1.6967331896149929,1.7238587799630714,1.7484868388381254
0.14987987987987988,1.6449437752264193,1.6714217337337136,1.6968064818456463,1.723943626391864,1.7484866072870262
0.15011011011011013,1.6450792196774522,1.6714584809294284,1.6969079843585964,1.724032004758661,1.748495641753863
0.15034034034034036,1.6451906883342553,1.671429908243886,1.6969437106547678,1.723993319674753,1.7484759806924555
0.15057057057057058,1.645374934857142,1.6714087975654135,1.696912021878685,1.7239922452501026,1.7484145965974194
0.1508008008008008,1.6452572744423968,1.6713113472782855,1.6968422930382563,1.7240258468361558,1.748321392580272
0.15103103103103105,1.6450660803227535,1.6712228472906578,1.6966983319532858,1.7238844002779057,1.7482268168741064
0.15126126126126127,1.644961613293041,1.6711903381205486,1.6965240962750714,1.7237088607185374,1.7480837330966343
0.1514914914914915,1.64504457706113,1.671138917764245,1.6963587361116534,1.7235351571936393,1.7479112806235442
0.15172172172172174,1.644823829189069,1.6710037463377938,1.6962189928371114,1.7232619865057803,1.7476761988240712
0.15195195195195196,1.644793767993559,1.670827734524618,1.696060416286348,1.722978995380115,1.747382675790487
0.15218218218218219,1.644618209873351,1.670701158749844,1.6958597828115745,1.7226570626844175,1.7472110045122555
0.15241241241241243,1.644397016624938,1.6705837567042945,1.6955953248796318,1.7223564510459504,1.7469196241133456
0.15264264264264266,1.6442095720026269,1.6703670589051343,1.69531479906061,1.7220417057558877,1.7465972156579688
0.15287287287287288,1.6439353258152796,1.67010344529366,1.69488738218655,1.7217234224212767,1.7461980721435426
0.15310310310310313,1.6436838546549828,1.6698711893406657,1.694544588746278,1.7213129322781768,1.7458379488690665
0.15333333333333335,1.6433922206200575,1.669615618709408,1.6942342943969293,1.720769174971726,1.7453362217630364
0.15356356356356357,1.643068588952124,1.6692352213521493,1.6938419022994295,1.7203801125618632,1.7447896209800133
0.1537937937937938,1.6428786584023964,1.6688510643521863,1.6934796173136581,1.719999747477147,1.7441904578493097
0.15402402402402404,1.642449611082836,1.668451885890768,1.693092951797206,1.7195471317213782,1.7435254353770107
0.15425425425425426,1.6420683879851714,1.6680381990562156,1.692623377580799,1.7190244414326725,1.74283084567293
0.15448448448448449,1.6417671741273618,1.6677206338722828,1.6921374395578368,1.7184960492583514,1.7422734536092863
0.15471471471471474,1.641143010507413,1.6672980599486844,1.6916599663455048,1.7179578532102437,1.741657115574421
0.15494494494494496,1.6405173135771662,1.6668436589887972,1.6910896760517022,1.7173243490050953,1.7409538294944757
0.15517517517517518,1.6399178943947583,1.6663136946375252,1.6905003777352068,1.7166868562417128,1.7403273186164139
0.15540540540540543,1.6393925461678536,1.6657125290482777,1.68983136142121,1.71597068276911,1.7394951802064393
0.15563563563563565,1.6388002508949673,1.6651057837052516,1.6892422646708853,1.7153464844955244,1.7387905568627868
0.15586586586586587,1.6381452550392952,1.6644847657724389,1.688718204345824,1.714601749897314,1.737993476576407
0.15609609609609612,1.63757914498957,1.6638733412629425,1.6880141244177802,1.714022055419259,1.737367735360469
0.15632632632632634,1.6369847789839576,1.6632007775621285,1.6872870119564507,1.7132508659312133,1.7367577360344348
0.15655655655655656,1.6364146203825585,1.6623944780450022,1.6866029468856498,1.7125408805842937,1.7359778629563936
0.15678678678678679,1.635801061341634,1.661660639276271,1.6857280059790194,1.7117519475530558,1.7350142558148525
0.15701701701701704,1.6349547101398487,1.6608752088594863,1.6848097521962506,1.7109065803838515,1.7342019399923285
0.15724724724724726,1.6342235430070502,1.6600324686346868,1.683990067103466,1.7099933642273881,1.7334213844328088
0.15747747747747748,1.6332747660976212,1.6593246283249803,1.6831163383847985,1.7090249257252355,1.7326199717298638
0.15770770770770773,1.6324660107878701,1.6585173738097094,1.6823160262074661,1.7080595564377599,1.7317906591667003
0.15793793793793795,1.6316970621699491,1.6576344631338524,1.6813820155393886,1.7069887669886212,1.7309339413783111
0.15816816816816817,1.6306919382013292,1.6568308264959897,1.6804708160372637,1.7059913301044907,1.729745738510911
0.15839839839839842,1.6298668556941622,1.6557819599448764,1.679570342873691,1.7049662178466123,1.728737997043072
0.15862862862862864,1.629021719442258,1.654878827770606,1.6786447383776755,1.7038051887404841,1.727521016453407
0.15885885885885886,1.6281070302823735,1.653764727368643,1.6775435776350442,1.7027270283138385,1.7262986719404636
0.15908908908908911,1.627192244273581,1.6527149200083142,1.6764945020567776,1.701644936157692,1.725353610252722
0.15931931931931934,1.6261893571813144,1.651637647606987,1.6754255645263032,1.7006201805849877,1.7243818937006976
0.15954954954954956,1.625276975043906,1.6506293794521338,1.6742879918797062,1.6995125682163146,1.723247341742982
0.15977977977977978,1.6241998342435182,1.6495411337632861,1.6731948615704673,1.6982759770386642,1.721987379919404
0.16001001001001003,1.6230112050317194,1.6483797784555896,1.672008915144953,1.697118481206883,1.7207176791148246
0.16024024024024025,1.621753811990427,1.6471289197330705,1.670748299669531,1.6959790525166445,1.7194331280463078
0.16047047047047047,1.620633189428893,1.6459030045782657,1.6695499745311504,1.6947015394757672,1.7182499756460703
0.16070070070070072,1.6195448561136536,1.6447029138654088,1.6683114733451858,1.6934334844193146,1.7168020773970574
0.16093093093093094,1.6184450421579466,1.6433926813029187,1.6669890622988153,1.6921350947626626,1.7153811026493009
0.16116116116116116,1.617264679793071,1.64212759147286,1.665783446367107,1.690800111345578,1.713967176834615
0.16139139139139141,1.6160156378960304,1.6407755264948714,1.6644564789569247,1.6894384677235006,1.7125478979570155
0.16162162162162164,1.6147080069470838,1.6394539385467966,1.6630336835996034,1.6880874946795792,1.711219962404049
0.16185185185185186,1.613443726510272,1.6380922425092461,1.6616572792793454,1.6866641231443957,1.7099545901340063
0.1620820820820821,1.6122678340381322,1.6367874253788797,1.6602706611668974,1.6852461871401265,1.708597121533083
0.16231231231231233,1.610983610500888,1.6354487494118275,1.6589308925918917,1.6838025189051748,1.7072640082739066
0.16254254254254255,1.609639759988432,1.63403650494266,1.657503619779792,1.6823109113634112,1.7055055097513943
0.16277277277277277,1.6081610942559228,1.632564522084354,1.656080204521345,1.6808540246346562,1.7040238376716814
0.16300300300300302,1.606743913031275,1.6311110051300295,1.6545760562594962,1.6793447670026174,1.7024708003046234
0.16323323323323324,1.6052171586752868,1.6296279520164592,1.6530499996474504,1.6778902383943017,1.7009638011772503
0.16346346346346347,1.6035780239754547,1.6280364181300289,1.651438797742759,1.6763757411849713,1.6994434046270113
0.16369369369369371,1.6020032881122277,1.6264128256131263,1.6498914119618926,1.6747127781630655,1.6978286425595381
0.16392392392392394,1.6004409219820983,1.6247877413657634,1.6482573858326786,1.673057237488231,1.6961227015568425
0.16415415415415416,1.5988138639482752,1.623188310871784,1.646528210461564,1.6713547843502494,1.6943837025312851
0.1643843843843844,1.5971688445604504,1.6214684651599292,1.6448388128985247,1.6695826006146313,1.6926841250989557
0.16461461461461463,1.5957083586494734,1.6198582882476034,1.6431668756847693,1.6678599895909318,1.6908978519082198
0.16484484484484485,1.5942893636880264,1.6180906677224982,1.641476953340476,1.6661858784782886,1.6892653271474938
0.1650750750750751,1.592432351655816,1.616357579903914,1.6397287141762318,1.6643352309697186,1.6875545556494287
0.16530530530530532,1.5905216391427934,1.6146070037317375,1.6379736291883589,1.6626463135147005,1.6857717629542162
0.16553553553553554,1.5886892828037855,1.6128426408924275,1.6362042326585329,1.660762329521073,1.6838858249894908
0.16576576576576577,1.5869053125207506,1.611063969298957,1.6344536634245037,1.6588917052466934,1.6819545583662574
0.16599599599599602,1.5851702718297398,1.6093084998466143,1.6325694370370327,1.6570498779302205,1.680075882256827
0.16622622622622624,1.583258649246572,1.6074324569226244,1.6307188637821373,1.6551866616072728,1.6781782269187078
0.16645645645645646,1.581357793014214,1.605541333972467,1.6288397216139552,1.6532187840750943,1.6762250379025148
0.1666866866866867,1.5793742457511974,1.603715803142154,1.626845113809078,1.6512675316950611,1.6743417495527708
0.16691691691691693,1.5774519793347024,1.6016934901924094,1.6248406340164638,1.649337151203468,1.6723290280149286
0.16714714714714715,1.575499324988381,1.5997395617109162,1.6229147655410068,1.647350979081616,1.6703675295679168
0.1673773773773774,1.573401596339563,1.5977272678330536,1.620939943514568,1.6454101704892754,1.6683125122041769
0.16760760760760762,1.5712606359211507,1.5957768243475474,1.6189744227952585,1.6433164127804074,1.666218905858382
0.16783783783783784,1.5693660169047854,1.5938597516640356,1.6168957443113867,1.6413207732074175,1.6640382454926372
0.1680680680680681,1.5674682309023138,1.5918415974768194,1.6148104883106635,1.639282272415247,1.661869615964245
0.16829829829829832,1.5653650909151757,1.5897889914640115,1.612779004874611,1.6371952891880537,1.6597861676263643
0.16852852852852854,1.5631977755918751,1.5877011788497273,1.610724773657982,1.6351191625876924,1.6575508536443164
0.16875875875875876,1.5610227078574024,1.5855441645496786,1.60862974140245,1.6328637614816564,1.655357539130591
0.168988988988989,1.5588222771602742,1.5833385378569715,1.6064577364292445,1.6306842434291169,1.6532297582556557
0.16921921921921923,1.5565434186809932,1.5811233536207225,1.6043961600888055,1.6284407828671876,1.6510693523571867
0.16944944944944945,1.5543263097466455,1.5789144880441146,1.60212131816652,1.6261867474276401,1.6488482523296237
0.1696796796796797,1.5520654384704506,1.5767056899026215,1.5998945633260562,1.623875737633642,1.646619698193546
0.16990990990990992,1.5499069951626903,1.5743876472103477,1.5976121732323387,1.6216684267716248,1.6443174351511365
0.17014014014014014,1.5477575621168578,1.572137025495921,1.5953343404785498,1.619366849569724,1.6419165696778752
0.1703703703703704,1.545444853467515,1.5698477087954523,1.5930668322749126,1.6170650020007462,1.639502079291544
0.17060060060060062,1.5430067378413606,1.5675737557676779,1.590751967806943,1.6147146100274963,1.6370307780779625
0.17083083083083084,1.5407957770942524,1.5652736558021332,1.5883735946190325,1.6123210396115994,1.6348005276427826
0.1710610610610611,1.5383374880474665,1.5629701140286265,1.5860119065675968,1.609858255573868,1.6323772720344965
0.1712912912912913,1.536081505561853,1.560630714424529,1.5836709878731603,1.6075436348968977,1.6301061206045675
0.17152152152152153,1.5333685415776412,1.5582555733123267,1.5813536760753042,1.6050661300610416,1.6277232646072939
0.17175175175175175,1.5308351734033807,1.5557906370590828,1.5788964819916813,1.6026359707435056,1.6251604640713946
0.171981981981982,1.5283602267265706,1.5534326918595445,1.5764466330149969,1.6000576203786037,1.6227338841891512
0.17221221221221222,1.5259767339667294,1.550980990881832,1.5738879731594486,1.5974453912484343,1.6201678208134376
0.17244244244244245,1.523611333783897,1.548479782032718,1.57148426608816,1.594896987652623,1.6176922938464278
0.1726726726726727,1.5211844182629737,1.5459021443610117,1.5689286049565792,1.5923022501955582,1.6151596000155182
0.17290290290290292,1.5185770668691876,1.5433725927263813,1.566360385079661,1.5897199877928645,1.6127171563101523
0.17313313313313314,1.5158716508543157,1.5407357450787305,1.5638473528687882,1.587132445020631,1.610251995990949
0.1733633633633634,1.5131486659619575,1.538165300358425,1.561287575947528,1.5845404617182022,1.6077599560615414
0.1735935935935936,1.5104125091410192,1.535558858035583,1.5586427181368294,1.58181948252537,1.6052468307981445
0.17382382382382383,1.5078355358959894,1.5328896334232622,1.55598211941709,1.5790417809934985,1.6026339179156879
0.17405405405405408,1.5054600446646498,1.5301865983864227,1.5533565590153273,1.5763049182967739,1.5998639964038919
0.1742842842842843,1.5028588102044773,1.5274713102711763,1.5507660966470531,1.5736866322058924,1.5970214271788434
0.17451451451451452,1.500199792973755,1.5247647806765416,1.5481461809307235,1.5709276875886378,1.5942205041672748
0.17474474474474475,1.4973467847305604,1.5220439961549,1.54541749815315,1.5681629842912461,1.5916621796751693
0.174974974974975,1.4946377723781439,1.519376485389109,1.5427292194147564,1.5653921550125767,1.5888077559332177
0.17520520520520522,1.4919811541451942,1.51660331186058,1.539998127729548,1.5625641685824887,1.5859197879071039
0.17543543543543544,1.489314408176077,1.5137313131133718,1.537236704498229,1.5596319233239055,1.5831797699045447
0.1756656656656657,1.4866750557472392,1.5109335514021558,1.5344531462569888,1.5568425097802943,1.5804200596504367
0.1758958958958959,1.4839103970267897,1.5081175184017852,1.5315646558594358,1.5539972131008124,1.5776385207309827
0.17612612612612613,1.481229424434392,1.5053180509550994,1.528776535893315,1.5512640205976895,1.5748141036859806
0.17635635635635638,1.4784102746342398,1.5024604947586182,1.525888110961998,1.5483432890729631,1.5719784699948884
0.1765865865865866,1.47556611787745,1.4995456922556887,1.523001087477131,1.54542308681134,1.5691208163051142
0.17681681681681682,1.4727140732030997,1.4966472167973726,1.520207438214818,1.5424627969028872,1.5662629833219701
0.17704704704704707,1.4698556278066353,1.4937252290499536,1.5173257665423685,1.539583188793997,1.5632412341476236
0.1772772772772773,1.4669468154611194,1.4906894942457152,1.514366923870973,1.5366087883054451,1.560472771949058
0.17750750750750752,1.463963046821602,1.4876646633935162,1.5114146671470194,1.533639405349209,1.557453201117534
0.17773773773773774,1.4608709454856672,1.4848357996481636,1.5084310157985734,1.5306677417982772,1.5544001081716823
0.177967967967968,1.457769630717174,1.4817381215839267,1.5053793226091987,1.5276476300929112,1.5515241992338258
0.1781981981981982,1.454622582377827,1.4788144049177472,1.5023832288658419,1.5246544052385504,1.5484364378069226
0.17842842842842843,1.4514807014861997,1.475788258625076,1.4993253921716416,1.5216253975477174,1.5451694264026765
0.17865865865865868,1.44833474565933,1.4728194853828562,1.4962260233483626,1.518585920596967,1.5419965189222122
0.1788888888888889,1.4452982364863398,1.4696661359137428,1.493104716948214,1.515534163559854,1.5388418066943033
0.17911911911911912,1.442163616881126,1.4664532915024984,1.4900069833162524,1.5124672602191271,1.5357511916735191
0.17934934934934937,1.4389712441172522,1.4632662540863013,1.4868520895484258,1.5093317020687351,1.5327256388346315
0.1795795795795796,1.4359525348666118,1.4600663151721163,1.4837162452183836,1.506085258135716,1.5296612435989543
0.17980980980980982,1.4327443958878237,1.4568550240079887,1.4805429883158132,1.5030075117000148,1.5264448553807084
0.18004004004004007,1.4295793046718175,1.4536798082193287,1.477457020637078,1.4998826280716813,1.5233190960284515
0.1802702702702703,1.426453619786521,1.450591660867295,1.474289677417699,1.4966913394662609,1.5201900486215005
0.1805005005005005,1.4233170969445426,1.447336825347802,1.4711576236253427,1.4934960910326236,1.5170935686248537
0.18073073073073073,1.420086812201544,1.4440750069366233,1.467923172288095,1.4903034223893756,1.5139528904019148
0.18096096096096098,1.4169556817503572,1.440831627282562,1.464644680308461,1.4870389502152714,1.510832460066594
0.1811911911911912,1.4137426238094064,1.4374957794849017,1.461365349935569,1.4838278687167263,1.5075376300975054
0.18142142142142142,1.4105274039684328,1.4342336272342073,1.458105483258519,1.4805773686742274,1.504244295965615
0.18165165165165167,1.4072991322487223,1.4309587965346517,1.454900852370889,1.4773238488311107,1.5010476785639362
0.1818818818818819,1.4039325070242983,1.4276069153470021,1.4515291670736523,1.4741004098661064,1.4977024434605706
0.18211211211211212,1.4007065023163892,1.4242363251506611,1.4482367986761193,1.470785834789001,1.4944249306857735
0.18234234234234237,1.3974783065924803,1.4208415155438068,1.4449381260504486,1.467384833277181,1.490971171413074
0.1825725725725726,1.3941753131644152,1.4175429934386843,1.4415759073686572,1.463987052383145,1.4875914570752065
0.1828028028028028,1.3906746881927736,1.4140685486949174,1.4381700048863235,1.4606101693373377,1.4841753169342342
0.18303303303303306,1.3872099027347573,1.4104872627565872,1.4346998442393761,1.45717202746648,1.480830106019433
0.18326326326326328,1.3836399733453941,1.407031438004997,1.4312312056820375,1.4538665476957775,1.477498951214074
0.1834934934934935,1.380087249812993,1.4035940303075967,1.427802381641072,1.4504490259077079,1.474150216431011
0.18372372372372373,1.3765062559940278,1.4000657683964255,1.4244593468533668,1.4469013507522601,1.4707462488961096
0.18395395395395397,1.3729317133149088,1.3966685485489125,1.4209519027877715,1.44339856793884,1.4673308683704953
0.1841841841841842,1.3695748240685135,1.3932006420471412,1.4175065078272535,1.439973996413434,1.4639078395922807
0.18441441441441442,1.3660881219086332,1.3897169512397447,1.4140749395996937,1.436582334193744,1.4604725605128108
0.18464464464464467,1.3624655634147542,1.3862038695856076,1.410639417256161,1.4331865642609969,1.4569854337318773
0.1848748748748749,1.3588986869022597,1.3826353902501862,1.407201855061368,1.4297932399172162,1.4535325533662973
0.1851051051051051,1.3552744489463877,1.379039960937394,1.4036384741026684,1.426379183557818,1.4500688923496918
0.18533533533533536,1.3517368167804251,1.3754127434483994,1.4000659920922378,1.422935085136572,1.4465637454817328
0.18556556556556558,1.3480978605728198,1.3719580979248014,1.3965151905520687,1.4195051619115482,1.4430537253756108
0.1857957957957958,1.344674126488429,1.3684473513654347,1.3929454537781156,1.4159435295062848,1.439536120756802
0.18602602602602605,1.3411731341088846,1.3648385950967614,1.3893252009445825,1.412450628306786,1.4360131219880632
0.18625625625625628,1.337612444689127,1.3613896396219864,1.38576055151605,1.4088552919036155,1.43245382497635
0.1864864864864865,1.3340662495002686,1.3577760008291448,1.3821648388550243,1.4052347868019175,1.4289072848267093
0.18671671671671672,1.3302932960763219,1.3541480948436395,1.3785173601135483,1.4015770392890035,1.4254259432643308
0.18694694694694697,1.3265426131618636,1.3505117977760022,1.3748239304877001,1.3979440723858694,1.4217722388295462
0.1871771771771772,1.3228050518336054,1.3469259568868224,1.3712006221440545,1.3943322934953981,1.4183705653649197
0.1874074074074074,1.3190295844714646,1.3430773568618852,1.3675378027806568,1.3906882885366267,1.414769554707297
0.18763763763763766,1.3152310895808488,1.3393065357274059,1.3638626328987853,1.387144563333565,1.4108809313981359
0.18786786786786788,1.3114291357454366,1.335589059294979,1.3601815431508222,1.3835966475603634,1.4073603572237126
0.1880980980980981,1.3075545220504445,1.331921224070117,1.3564543112349465,1.3799437084960318,1.4037690683219135
0.18832832832832835,1.3037255479381926,1.328194911425916,1.352742296191433,1.3762389940726338,1.3999248606327832
0.18855855855855858,1.2998767357435215,1.3244806304585393,1.348956967871915,1.3725932255369566,1.396111195141719
0.1887887887887888,1.2960005031380148,1.3207252713024564,1.3451505189917596,1.3688936105404934,1.3923904043043798
0.18901901901901905,1.2921006227522713,1.3170080628857412,1.3412702524897453,1.3651194595023592,1.3887168401145145
0.18924924924924927,1.2883365004943061,1.3132479106692667,1.3374448222083484,1.3613791844703833,1.3849511656477151
0.1894794794794795,1.2847238887488928,1.3094832776925878,1.3336022276044859,1.357586459947518,1.3813281784417355
0.1897097097097097,1.2811511180093575,1.305627442008967,1.3298803686402574,1.3538388941332156,1.3774958925346603
0.18993993993993996,1.2770959572632639,1.301683351434546,1.326151340535705,1.3501105902270178,1.3737174027803576
0.19017017017017018,1.2731613112807705,1.2977970042610174,1.3222623852337807,1.346391552297517,1.3700719742308203
0.1904004004004004,1.2691311998239083,1.2939586363613347,1.3184343825329476,1.3425982662290439,1.3665245267492798
0.19063063063063065,1.2652016072846564,1.2899735608010259,1.3146192782450168,1.3388310333794777,1.3628848266408338
0.19086086086086088,1.2614861551946432,1.2861267326213164,1.3107962787565095,1.3351048504054426,1.3589635257808934
0.1910910910910911,1.257613697076205,1.2820971673626387,1.3069436273469313,1.3312642676626345,1.3550605969086782
0.19132132132132135,1.2534971045130554,1.2781440772466592,1.3032030430728416,1.3274773272522165,1.351168075085165
0.19155155155155157,1.249685532421955,1.274268876273101,1.2993143520026835,1.3236106453787393,1.347382511535951
0.1917817817817818,1.2457057025152387,1.270390183001664,1.2954196737267292,1.3198127234916137,1.343475038697507
0.19201201201201204,1.241679413811157,1.2663269438743772,1.291520646095149,1.3159823261959005,1.3397036440750538
0.19224224224224226,1.2377220984582389,1.2622660895601254,1.287618544447663,1.3121431684134999,1.3357481045243844
0.19247247247247248,1.233818109433788,1.2582285830448832,1.2836833992843484,1.3083329582979917,1.3319521955003293
0.1927027027027027,1.2298625499060718,1.2542778650078366,1.2796994401936344,1.3044129681518506,1.3282583492628235
0.19293293293293295,1.2259731260429425,1.2503190087565956,1.275749134015705,1.3006554792874896,1.3244067587887727
0.19316316316316318,1.2219182617983964,1.2463086106153252,1.2717839850716421,1.2968053677839104,1.3205666602771624
0.1933933933933934,1.2179241448863714,1.2423199253936041,1.2678087773533586,1.2929183738950154,1.3168988594432869
0.19362362362362365,1.2137941161734864,1.238228103732985,1.2638601869510584,1.2890389906517703,1.3129131982120223
0.19385385385385387,1.2095339880504095,1.234147225300121,1.2599598603302247,1.2850835662503555,1.3090021175217275
0.1940840840840841,1.2055381266082184,1.2300733459287327,1.2559239215607645,1.2811396250439615,1.3050082051642011
0.19431431431431434,1.2014106617357199,1.2261057833941744,1.2519000083677982,1.2771576614404792,1.3010171280430383
0.19454454454454456,1.1973682905542304,1.2220592920841507,1.2480332104125822,1.2731854768847535,1.2969017346390175
0.19477477477477478,1.1933109376875883,1.2181209041418424,1.2440452957733317,1.2692600015864943,1.2931489738769932
0.19500500500500503,1.1893397927522142,1.2140987199378115,1.2400126431966971,1.2652820854047206,1.2890751903349473
0.19523523523523525,1.185325778795734,1.2100509890107864,1.2360948052318619,1.2612750257678593,1.2850924167492968
0.19546546546546548,1.1812329196598752,1.206055132970092,1.2320878046544097,1.2572478785524337,1.2810348874889275
0.1956956956956957,1.1771903690785055,1.2020509700567992,1.2280460574773124,1.253260819650605,1.276791424282761
0.19592592592592595,1.1730201257003376,1.1980826458953322,1.2240204241613801,1.2492876616469364,1.2729744389047075
0.19615615615615617,1.168722218424504,1.1939979256876345,1.219919623074579,1.2451848829162455,1.269065934343211
0.1963863863863864,1.1645337599570769,1.1898419198871448,1.2158273873349899,1.241138078810306,1.2650210031530125
0.19661661661661664,1.1602586625909992,1.1858203547837016,1.2117359550415168,1.2371407066758562,1.2609107034147002
0.19684684684684686,1.1560575611922965,1.1816531977938545,1.207628732842667,1.2331774839268348,1.2568359936167568
0.19707707707707708,1.151877732659949,1.177617882574086,1.2036020339055598,1.2290594545127007,1.252850853107927
0.19730730730730733,1.1475876914891792,1.1733964046283554,1.1994903918893003,1.2250024849059256,1.248885366416278
0.19753753753753756,1.1432286099013982,1.1694177332287798,1.1952899424707815,1.2208216089759665,1.2447124486925891
0.19776776776776778,1.138918632887768,1.1652999978955476,1.1912405727854884,1.216719571801379,1.240629404788182
0.19799799799799803,1.134639677971455,1.1611181309713792,1.1872043341638254,1.212607851240134,1.2367989445131915
0.19822822822822825,1.1303354124545981,1.1570836259293187,1.1831966313778077,1.2085480597738674,1.2328895397716229
0.19845845845845847,1.1260558245173007,1.1529232670142346,1.179145375130907,1.2043902243940885,1.2287642505982774
0.1986886886886887,1.1219362320838704,1.14884275188067,1.175087868400423,1.200349176558477,1.2247354556210284
0.19891891891891894,1.1178292606569815,1.1447417814704564,1.1709675709472884,1.19630957013728,1.2206552587867558
0.19914914914914916,1.113721485489701,1.1405216887296912,1.1667746775814303,1.192254137729913,1.2166487019614574
0.19937937937937938,1.1096253743466329,1.1363371590747164,1.1626895637313674,1.1880737086218096,1.2126346327134172
0.19960960960960963,1.1053798384541913,1.1320884540867897,1.1584795033924913,1.183988959891103,1.208596047258749
0.19983983983983986,1.1012582055657945,1.1278421496431947,1.154333669193771,1.1799550562556502,1.2046163064938373
0.20007007007007008,1.097042239661143,1.1236252671018723,1.1502202586385022,1.1759331147432521,1.200676880729768
0.20030030030030033,1.0928286530632145,1.1194690509912426,1.1460529952293703,1.1719387986137304,1.1966787637077247
0.20053053053053055,1.088686992436092,1.1152622905231446,1.1419285436121036,1.16782161313166,1.1927153032335336
0.20076076076076077,1.0845612957972655,1.1111027275819823,1.1377922673976015,1.1637064217156061,1.1886520916080154
0.20099099099099102,1.0804590003622785,1.1069818971109902,1.1336539897971682,1.1595489663717096,1.1845991401609008
0.20122122122122124,1.0764227915933962,1.1028009470102265,1.1295296053878539,1.1555316817873917,1.1804297175711385
0.20145145145145146,1.0722167523937922,1.098579942587549,1.1254016436580196,1.1514501154521626,1.1762820904554223
0.20168168168168168,1.0681083480618128,1.0943894109046959,1.121244974473139,1.1473809705983695,1.172140010479065
0.20191191191191193,1.0639511251006504,1.0900849052619879,1.1171249153920648,1.1432607248625295,1.167921843588448
0.20214214214214216,1.0597614522607823,1.0859177851344817,1.112924176122918,1.1391739464629818,1.1637482746135381
0.20237237237237238,1.055536971066714,1.0816673739033642,1.1087397891257451,1.1350307805547108,1.159584934377332
0.20260260260260263,1.05126775112205,1.077407422180596,1.104563637374939,1.1309349316272967,1.1555153658769821
0.20283283283283285,1.0470896843380866,1.0731270402158488,1.100416881182608,1.1268310565781245,1.1514244829916733
0.20306306306306307,1.0428986028331566,1.0688692932191786,1.0961852352289054,1.122730535216481,1.1471735709202597
0.20329329329329332,1.0385657843637328,1.0646550861934958,1.0920023949958015,1.118527940224556,1.1429905017879456
0.20352352352352354,1.0343099022184705,1.060384367829567,1.0878034216194676,1.1143563510785182,1.1387864652666864
0.20375375375375376,1.0300392678272128,1.0561160847054012,1.0835896425849443,1.1102106300924208,1.1345843763207004
0.203983983983984,1.0257670463325874,1.051927066001181,1.0793652322413094,1.106011701785216,1.1304760923867432
0.20421421421421423,1.0215225172029538,1.0477212857567877,1.0751227875933402,1.1018293509426322,1.1263839136590184
0.20444444444444446,1.0172139375972036,1.0434595780347258,1.0709477819220723,1.0977103413835174,1.1222191988484227
0.20467467467467468,1.0129947429212256,1.039135867813269,1.0668660812167077,1.093654188541702,1.117987724688612
0.20490490490490493,1.0087426369677936,1.0348640549095276,1.062704262707505,1.0895392968441584,1.1137189208760063
0.20513513513513515,1.0044922748818712,1.0305744287662095,1.058517423757435,1.0853609096941728,1.1094702345910903
0.20536536536536537,1.000283595529337,1.0263051198376718,1.0542777172124205,1.0812313547326566,1.1052698139585722
0.20559559559559562,0.9960877739416304,1.0220586372117006,1.0500842233301408,1.0769931948462372,1.1010985866513725
0.20582582582582584,0.991912921052683,1.0178585150279322,1.0459344715827483,1.0727840738757841,1.097160161980618
0.20605605605605606,0.9877283434869575,1.0135845959048346,1.0417779718719107,1.0685402860880517,1.0930155163980588
0.2062862862862863,0.9835259947121016,1.0092881046572266,1.037591300156779,1.0642911554792764,1.088954462138234
0.20651651651651654,0.9793018057212827,1.0050079278965103,1.0333724688177919,1.060111841419972,1.0848786998323658
0.20674674674674676,0.975179026706337,1.0007365982573562,1.029211116109737,1.0560342066870296,1.0807148261341382
0.206976976976977,0.9710162151308492,0.9965214197273654,1.0250778784161412,1.0518384026751446,1.076683242578775
0.20720720720720723,0.9668141061536941,0.9922671247038601,1.0209051963929199,1.0477069019960952,1.0724757656956843
0.20743743743743745,0.9626444977351286,0.9880137745280013,1.016715067494834,1.043551835636484,1.0683956917449091
0.20766766766766767,0.9584216197045783,0.9838192192891239,1.0124550002857848,1.0393511795612398,1.0641048483444249
0.20789789789789792,0.9543137636237076,0.9795723595658087,1.0082379362623317,1.035216463605188,1.0599604795824256
0.20812812812812814,0.9501882655838111,0.9754415570358494,1.0040351227881708,1.0310313876927562,1.0557165927488381
0.20835835835835836,0.9460052597504441,0.9712636539864697,0.9999273765333143,1.0268299473611844,1.051738031508089
0.2085885885885886,0.9418700870029162,0.9670598724445365,0.9957700408893494,1.0226320482846134,1.0475689595524655
0.20881881881881884,0.9376983136981382,0.9626801366566445,0.9916058792562294,1.0183609378615444,1.0433147725682241
0.20904904904904906,0.9334918725163492,0.9585344428549141,0.9874138411628626,1.0142067598330273,1.0390637070978959
0.2092792792792793,0.9291285216530147,0.9543621995948905,0.9831279710894695,1.0100790040116294,1.0348067105932923
0.20950950950950953,0.9248513635286645,0.9501828442761607,0.9788841614860626,1.005849077050843,1.0306488940665093
0.20973973973973975,0.9205094826313245,0.9460099860809339,0.9746750096741316,1.0016496689833656,1.0264957936011916
0.20996996996997,0.9161738006245235,0.9418072276694878,0.9704905093155329,0.997465149136263,1.022347232559889
0.21020020020020022,0.9119194459979809,0.9375969408527443,0.9662621078655002,0.993258938095684,1.0182072017552652
0.21043043043043044,0.9076088429376679,0.9333433436015912,0.9620465482918963,0.9890371205408641,1.0140931193567555
0.21066066066066066,0.9033741688047946,0.9291396615245735,0.9578480979612064,0.9848124881656573,1.0100667161336307
0.21089089089089091,0.8994334588101701,0.9249310905542087,0.953665182480373,0.9806701509393349,1.0060619502178516
0.21112112112112114,0.8952129285714084,0.9208419023210194,0.9494733093968412,0.9765176319317715,1.0019899208807517
0.21135135135135136,0.8909231138098733,0.9166956839438231,0.9453345233131745,0.9724006069551023,0.9978161049186016
0.2115815815815816,0.8866186370684795,0.9123931399175909,0.9410896053254304,0.9681970120183266,0.99359015800362
0.21181181181181183,0.8823526627362787,0.9081652871231326,0.936921705632328,0.9640679160819289,0.9894472244451161
0.21204204204204205,0.8781763498938532,0.903891185235156,0.9327240548863073,0.9599058611646507,0.985288748970027
0.2122722722722723,0.8739849037625803,0.8997214649085048,0.9286357914706018,0.9556715092970046,0.981289016142332
0.21250250250250252,0.8696814980314495,0.895555058726402,0.9244556414683814,0.9515304586634186,0.9772427541884308
0.21273273273273274,0.865514075349779,0.8912933805673969,0.920305880129788,0.9473665097528498,0.9733544526846843
0.212962962962963,0.8613782299967252,0.8871692914757643,0.9161212171300138,0.9432598560721644,0.9692227039847364
0.21319319319319321,0.8572401341350047,0.8830301436874479,0.9119608864180041,0.9392180804078062,0.9651209224877102
0.21342342342342344,0.853137997489342,0.8788466241940783,0.9078285818229501,0.9350707172267286,0.9610517700303491
0.21365365365365366,0.8490189627636164,0.8745564929798051,0.9036728593803853,0.9309743263297353,0.9570160502329718
0.2138838838838839,0.8449888070739009,0.8703188430388413,0.8994518405369635,0.9269412576970282,0.9529787181614819
0.21411411411411413,0.8409715984538368,0.8661378660871438,0.8953244127442349,0.9227541217519487,0.9488992944294572
0.21434434434434435,0.836738648662461,0.8619753565778593,0.8911813043122395,0.9186880947630044,0.9447068759023585
0.2145745745745746,0.8326152941938642,0.8578845901682289,0.8870883685108347,0.914603654002453,0.9405033851650829
0.21480480480480482,0.8284819908039575,0.8537184094419419,0.8829216400564498,0.9105247054054868,0.9364011875900615
0.21503503503503504,0.8243203392167461,0.8495430988811169,0.8787951565978785,0.9063838488902783,0.9323019418160875
0.2152652652652653,0.8201946698879017,0.845390521702536,0.874614741388556,0.9022623332419788,0.92828413412589
0.21549549549549551,0.8160558417570635,0.8412357794005261,0.8704730640489984,0.8981575478891405,0.9240486055910961
0.21572572572572574,0.8118809679981712,0.8370517218034296,0.8663367848221223,0.8940607702603848,0.9198652074819827
0.21595595595595599,0.807782421777463,0.8329805376214415,0.8622848737726085,0.8899463537657906,0.9156907747640728
0.2161861861861862,0.8036988662967872,0.8288872990656181,0.85824379811163,0.8857892360210565,0.9116518865432666
0.21641641641641643,0.7996586823465903,0.8248603448831394,0.8541962572951524,0.8816447104993793,0.9075756099004044
0.21664664664664665,0.7955920228960497,0.8208028120171863,0.8501038374514633,0.8775152874360512,0.9036038213568663
0.2168768768768769,0.7914051277842687,0.8167563995797259,0.8460414955849819,0.8734570838425151,0.8995745893476335
0.21710710710710712,0.7872841599564995,0.8127091436468145,0.8420085392838661,0.8694750514804431,0.8955391035859115
0.21733733733733734,0.7832168174147133,0.808622609587022,0.8379379009392031,0.8654488851573697,0.8915249897579351
0.2175675675675676,0.7792898907544243,0.8045412426800053,0.8339589467990004,0.8614544756200649,0.8875070585763152
0.21779779779779782,0.7753648740557941,0.8005092606422203,0.8299145574699414,0.8574219228655995,0.8834450571068798
0.21802802802802804,0.7713328226273997,0.7965080208397739,0.8258381842607594,0.8533877296448644,0.8794521351460686
0.2182582582582583,0.7673275568399925,0.7924248028638875,0.8217792077832625,0.8493052946280948,0.8754416658623141
0.2184884884884885,0.7632304648320541,0.7883406503291623,0.8176826679688534,0.8452467340807883,0.8712958751304583
0.21871871871871873,0.7592484708989259,0.7843100101127489,0.8136661518612422,0.8413367715969455,0.8671913381828341
0.21894894894894898,0.7551613785317121,0.7801607433672142,0.8096724486826052,0.8373379971001547,0.8631527563672612
0.2191791791791792,0.7511617727621521,0.7761922263792442,0.8056572562414812,0.8333105766556511,0.8591600962211869
0.21940940940940942,0.7471861457870458,0.7720935663270019,0.8016153302558613,0.8292887875407113,0.8552017034421084
0.21963963963963964,0.7432304328981415,0.7681912595710707,0.7976663556599102,0.8253299912076555,0.8512607760391462
0.2198698698698699,0.7392983575197843,0.7643019878691428,0.793633927112585,0.8213903239646418,0.8473460157039521
0.22010010010010012,0.7353188768227781,0.7602252884175523,0.7896529942063957,0.8174268912139817,0.8433350371704615
0.22033033033033034,0.7313022791161041,0.7561788797780433,0.7856750765953642,0.8133413620321941,0.8392233298110011
0.2205605605605606,0.7273941276796643,0.7522294793789858,0.7816695665748267,0.8093545285937254,0.8351428558727503
0.2207907907907908,0.7234744953046279,0.7481758943425442,0.7777425056079736,0.8054515749933598,0.8313092424766739
0.22102102102102103,0.7195053595886989,0.7442065758605706,0.7737960687029708,0.8015257604268048,0.8273252071133602
0.22125125125125128,0.715606093329762,0.7402389313130332,0.7698182211086986,0.7976356591868042,0.8233391352634913
0.2214814814814815,0.7116864949696229,0.7361946735560172,0.7658904507303478,0.7936233925809882,0.8193330325838907
0.22171171171171172,0.7077563157646329,0.7323129825431315,0.76193951960073,0.7896367850449011,0.8153245993677302
0.22194194194194197,0.7038634707691402,0.7283166443652989,0.7579670997500787,0.7856533920289507,0.8113523949944816
0.2221721721721722,0.6999892812862528,0.7243420516687984,0.7540037871954727,0.7817568719502893,0.8073649682927464
0.22240240240240242,0.6960629976985657,0.7203821955732026,0.7500795991120371,0.7778133251148036,0.8034347841447405
0.22263263263263264,0.6922184407696808,0.7164747718439012,0.7461550143004612,0.7739188971924172,0.7995115985046571
0.2228628628628629,0.6883834344278772,0.7126174791163714,0.7421789138572508,0.7699535831105685,0.7956122070660064
0.2230930930930931,0.6845362645156162,0.7086998560691431,0.738291955556671,0.7659977150863676,0.7917067668736375
0.22332332332332333,0.6806770110114982,0.7048192587975266,0.7344151214188245,0.7621263833126232,0.7878275356088017
0.22355355355355358,0.6768574078842041,0.7009394018769857,0.7305319377722199,0.7582372200205828,0.7839454471628726
0.2237837837837838,0.6730522710688952,0.6970227869888059,0.7266488780466659,0.7543665817962477,0.7800778505766826
0.22401401401401402,0.6692600112721538,0.6932089002132161,0.7227697738783438,0.750530716264074,0.7762169610293567
0.22424424424424427,0.6654884480991983,0.689435228496454,0.7189650785375864,0.7467111649776781,0.7723635071009576
0.2244744744744745,0.6617496042288723,0.6855959863813141,0.7151298898862011,0.7428472905326491,0.7685308110432125
0.22470470470470472,0.6579497368986483,0.6817765859936796,0.7112350038740743,0.7389855847824861,0.7646655994986812
0.22493493493493497,0.6542242281802805,0.6780058466963286,0.7073838128829056,0.7351368121298089,0.7608251209890393
0.2251651651651652,0.6503824135999331,0.6742173554851321,0.703548130376177,0.7312579251911542,0.7569822610112611
0.2253953953953954,0.6465880938916678,0.6703924555099227,0.6997204686527699,0.7274149503714984,0.7531216949122516
0.22562562562562563,0.6428246730953157,0.6666430421732572,0.6959753140725109,0.7235948759515329,0.7492452059945174
0.22585585585585588,0.6390608403054083,0.6629552635832024,0.692190329505062,0.7197778297432093,0.7453837634718368
0.2260860860860861,0.6352833829774561,0.6592022474702851,0.6883781949651837,0.715983513833266,0.741512079387568
0.22631631631631632,0.6315066025519689,0.655448886668869,0.6845739470219059,0.7122362354422321,0.7376840845286736
0.22654654654654657,0.6278224178514503,0.6516984071525673,0.6808343232631133,0.7084482790637585,0.7338961442373584
0.2267767767767768,0.6241571088196286,0.6479658500916982,0.6771193501252675,0.704663485241003,0.7300936223528541
0.22700700700700702,0.6204966358226286,0.6442200279026156,0.6733286850784855,0.7008912561329183,0.7262305234051818
0.22723723723723727,0.6168393128426601,0.6404904622115646,0.6695737842878491,0.6971066860669582,0.7224485131030979
0.2274674674674675,0.6132878948152495,0.6368201550803809,0.6658432841280771,0.6933285657337941,0.7186793749341492
0.2276976976976977,0.6096151734714245,0.6331264271045396,0.6621262316327011,0.6895586445378116,0.7149193221717347
0.22792792792792796,0.6060192835188956,0.629486381051816,0.6583627002349441,0.6857634445177958,0.7111774283015443
0.22815815815815818,0.602422263749936,0.6258452133747493,0.6546220857585245,0.6819957956172966,0.7074570920363011
0.2283883883883884,0.5989074859780026,0.6222798215218875,0.6509517187087375,0.6782563178085879,0.7037515931305266
0.22861861861861862,0.5953724996019335,0.6186775571707827,0.647282215094851,0.6745278079253783,0.7000415232267304
0.22884884884884887,0.591824789413402,0.6150651153055229,0.6436168330331928,0.6708163311260417,0.6963420159802123
0.2290790790790791,0.5882193130963396,0.6114185430277949,0.6398984020508021,0.6672138924355988,0.6926232812536824
0.22930930930930932,0.5846742394151159,0.607826169576338,0.6362182231078343,0.6635250068765276,0.6888961071269452
0.22953953953953957,0.5810786052516455,0.6042065394840322,0.6325403562080404,0.6598519843852118,0.685192147125048
0.2297697697697698,0.5774606948813724,0.6006152238694753,0.6288882928333236,0.6562931298749678,0.6814867164783143
0.23,0.5739756126814991,0.5970052066587981,0.6253280179882894,0.6526009844788478,0.6777862553138152
