phi,q025,q16,q50,q84,q975
0.0,-0.9092619708873869,-0.8597725021447045,-0.8114408112126397,-0.7646806712390471,-0.7206167387547343
0.00023023023023023025,-0.888288743599626,-0.8428434022871832,-0.7978394683972333,-0.7538010067215154,-0.7121051101196768
0.0004604604604604605,-0.8732077557839317,-0.8299519343435275,-0.7868510717655588,-0.7445600728545886,-0.7043652986180436
0.0006906906906906907,-0.8596544015772583,-0.818142949381472,-0.776722165297634,-0.7358218341192084,-0.6969421870341033
0.000920920920920921,-0.8471736128704506,-0.8070926965852387,-0.7670666802395244,-0.7274168877982613,-0.6897483419991324
0.0011511511511511513,-0.8352633875142672,-0.7964535967028522,-0.7577630483874719,-0.7192273419356523,-0.6825885479940988
0.0013813813813813814,-0.8237749256645427,-0.7862153504425095,-0.7487048578700598,-0.7111894617752268,-0.675497865656898
0.0016116116116116118,-0.8127906231317669,-0.7763104875170465,-0.7398666395563486,-0.7032674030909063,-0.6685392457754754
0.001841841841841842,-0.802051075816105,-0.7666609609568423,-0.7311390634784578,-0.69550931039028,-0.6617077202869889
0.002072072072072072,-0.7916079697343119,-0.7572200840511938,-0.7226084147249061,-0.6878927575771725,-0.6548412999087829
0.0023023023023023025,-0.7814738135898239,-0.7479556098996707,-0.7141869762197275,-0.6803343291535259,-0.6481364701740574
0.002532532532532533,-0.7714931797452868,-0.7388979196196493,-0.7059046534713236,-0.6728531273332428,-0.6413942956172153
0.002762762762762763,-0.7618470036043672,-0.7299781573712447,-0.6977299951828329,-0.6654410556962488,-0.6346571332837575
0.0029929929929929933,-0.7522323316615246,-0.7211996831662723,-0.6897422210720761,-0.6580603073254127,-0.6279991979489685
0.0032232232232232236,-0.7429091700490775,-0.7124826641798634,-0.6817540714476382,-0.6507619892689597,-0.6214085967485966
0.0034534534534534536,-0.7337633324330144,-0.7039538945686803,-0.6738790593966453,-0.6435729907743467,-0.6147656294799854
0.003683683683683684,-0.7246116459707026,-0.6955446096295029,-0.6660456276042556,-0.636367448965699,-0.6082407834058365
0.003913913913913914,-0.7156459943424875,-0.687193035074392,-0.6583393668566698,-0.6292489455146102,-0.6016468073036825
0.004144144144144144,-0.7068116013231283,-0.6789994178705081,-0.6506925849663608,-0.622215321102621,-0.5951461716072878
0.004374374374374375,-0.698046292822536,-0.6707949165788205,-0.6430712324286726,-0.615182629643564,-0.5885033799080938
0.004604604604604605,-0.6894197087985425,-0.6627267192311432,-0.6355623956995716,-0.608181824426596,-0.5820680286640106
0.0048348348348348355,-0.6809194287080749,-0.6547338377253358,-0.6280730125763145,-0.6012474270933648,-0.5754959311666662
0.005065065065065066,-0.6725095853520107,-0.6468068198650644,-0.6206733927954678,-0.5943129151262113,-0.5690370251199607
0.005295295295295295,-0.6640655676224144,-0.6389664650984973,-0.6132765298950267,-0.5873955495253703,-0.5625085547367228
0.005525525525525526,-0.655761516539,-0.6311739059652861,-0.6059289331548957,-0.5805020005189443,-0.5560604633319457
0.005755755755755756,-0.6476063028543493,-0.6234538460388183,-0.5986223147414026,-0.5736860658840081,-0.5496038106774771
0.0059859859859859865,-0.6395192285000655,-0.6158233395931492,-0.5913771115893686,-0.5668730687719997,-0.5431954453167949
0.006216216216216217,-0.6314247693170627,-0.6082461430414355,-0.5841728242882304,-0.560123870254982,-0.536789953467604
0.006446446446446447,-0.623448345957451,-0.6006834550296304,-0.5769941063696381,-0.5533738559465714,-0.530447702934032
0.006676676676676677,-0.6155596281771601,-0.5931437728039244,-0.5698933805413618,-0.5466645585799388,-0.5240990491011244
0.006906906906906907,-0.6076154196839445,-0.5856519170623983,-0.5627749993767617,-0.5399622922757679,-0.517739594628275
0.007137137137137138,-0.5998546065780755,-0.5782554340477802,-0.5557032554609295,-0.5332439770998649,-0.5114541681754073
0.007367367367367368,-0.5920958877807035,-0.5708842302879296,-0.5486876690647775,-0.5265784116896047,-0.505036758550505
0.007597597597597598,-0.5844072862750498,-0.5635448894993343,-0.5416630176054464,-0.5199074263516064,-0.49874462497418265
0.007827827827827828,-0.5767854763615183,-0.5562852369507078,-0.5346965541979068,-0.5133588463490819,-0.4923864189080122
0.008058058058058058,-0.5692735856542833,-0.5490511916914224,-0.5277528009670366,-0.506797387245468,-0.4860419865990467
0.008288288288288289,-0.5617103105873791,-0.5418652556670102,-0.5208803492037496,-0.5002328078815153,-0.47981777022839767
0.008518518518518519,-0.5542850147531689,-0.5347082490225679,-0.5140252302272372,-0.4936392981920735,-0.473596628288279
0.00874874874874875,-0.5469061214471277,-0.5276063929135663,-0.5071620473693247,-0.48711038809952845,-0.46729112556541946
0.00897897897897898,-0.5395624128158164,-0.5204921432151806,-0.500375254710425,-0.4805474852347777,-0.4610497287410751
0.00920920920920921,-0.5323130850303307,-0.5134129398646671,-0.49357194632092466,-0.474047907439894,-0.4547898027411925
0.00943943943943944,-0.5250522133657819,-0.5063647366748744,-0.48680070815714255,-0.46757017871148215,-0.4485904465330667
0.009669669669669671,-0.5177772386485049,-0.4993516450991621,-0.4800617644961492,-0.46108887305862994,-0.4423984362109567
0.009899899899899901,-0.5105470196496119,-0.492349856405627,-0.47336012722103005,-0.4546602875411036,-0.4361794170888108
0.010130130130130132,-0.5033638087632037,-0.4854097182527952,-0.4666859286946861,-0.4482083331784727,-0.42990443355254543
0.01036036036036036,-0.49621831144868944,-0.4785377275488774,-0.4600173497524284,-0.4417704236330095,-0.42371241797249976
0.01059059059059059,-0.48910353898732145,-0.4716589336267693,-0.4533592025667079,-0.4353840427896886,-0.41752591703481323
0.010820820820820821,-0.4820696720873715,-0.4648011574502553,-0.44674853762993233,-0.4290127026240338,-0.411373587116802
0.011051051051051052,-0.4750064507990617,-0.4580077042644262,-0.4401529977691919,-0.4226007307255236,-0.40521263651243783
0.011281281281281282,-0.46801300742840724,-0.451242135992186,-0.43357846639517383,-0.4162778717379864,-0.3990868579785562
0.011511511511511512,-0.4610826391170724,-0.4444836990950312,-0.4270280276265878,-0.4099443105214012,-0.39294774343380556
0.011741741741741743,-0.4542242545198509,-0.43778594590108066,-0.4204802515659619,-0.403619453472982,-0.38683827531233156
0.011971971971971973,-0.44724893439404306,-0.4311015426210898,-0.41396877732440424,-0.3973010699147111,-0.3806963007372018
0.012202202202202203,-0.440412347676474,-0.4244338324193025,-0.4074844819451503,-0.3909708899399043,-0.3745200798936333
0.012432432432432434,-0.4335576374519862,-0.4178162224195859,-0.4010320505743834,-0.3846995368160877,-0.36842071761671996
0.012662662662662664,-0.42678469126890334,-0.41118370163833157,-0.39460021860615174,-0.37843534595836,-0.3623367455466269
0.012892892892892895,-0.4200428202774948,-0.40458690139910686,-0.38818555960517015,-0.3721768691428423,-0.35623063541274336
0.013123123123123125,-0.4133906022201909,-0.3980082388999938,-0.3817869994627312,-0.3659375854714458,-0.3501502030118847
0.013353353353353354,-0.4066883934328443,-0.39145769687424675,-0.37542245281819725,-0.3596925100869094,-0.3440904227702057
0.013583583583583584,-0.4000188260804492,-0.3849080487388314,-0.3690493832783811,-0.35343712049101095,-0.3379940822282076
0.013813813813813814,-0.39338305183361916,-0.3784257550862362,-0.36269870512576013,-0.3472445980460578,-0.33185920997017637
0.014044044044044045,-0.38674390325202024,-0.3719420037155605,-0.35634289808402536,-0.3410522954694747,-0.32574171812869684
0.014274274274274275,-0.380115245192568,-0.3654848883175968,-0.3500374345932078,-0.33481853143032175,-0.31967130807605953
0.014504504504504506,-0.3735527999265296,-0.3590296644628474,-0.3437120011947211,-0.3286138211553186,-0.31359334173330594
0.014734734734734736,-0.36706827449286794,-0.352624353368199,-0.33742148225287705,-0.3224170855486464,-0.3075910851336651
0.014964964964964966,-0.36057558050838595,-0.3462244838804898,-0.33117160543427515,-0.3162563577637173,-0.3015600703717435
0.015195195195195197,-0.3540733562399413,-0.33983877825138786,-0.32490771037126615,-0.3101210988423003,-0.29555441029228496
0.015425425425425427,-0.3475927648065468,-0.3334810380141618,-0.3186566075423029,-0.30397802859596185,-0.2894994176030313
0.015655655655655656,-0.34111443658500074,-0.32716750026170244,-0.3124339129463209,-0.2978389090807477,-0.2834811752194631
0.015885885885885888,-0.3347484249290291,-0.32086546340619726,-0.3062321249614829,-0.29172975710875376,-0.27744715746555515
0.016116116116116116,-0.32839025292615054,-0.3145753616732738,-0.3000609114862557,-0.28560017987587444,-0.2714508399980606
0.01634634634634635,-0.32206413762089514,-0.3083042543486566,-0.2938770577587269,-0.2795073975272565,-0.26543862509081706
0.016576576576576577,-0.3157363517209188,-0.30206979662809497,-0.28772564523223315,-0.27340209567562707,-0.25942423587302793
0.01680680680680681,-0.30946849131734183,-0.2958390046458037,-0.2815695157744534,-0.2673215541970803,-0.2534662501481485
0.017037037037037038,-0.3031554418346361,-0.28961783594877133,-0.2754394340561097,-0.2612577329677426,-0.24749330831591723
0.01726726726726727,-0.29686218333848224,-0.2834305335627568,-0.26931821025745334,-0.2552371044964138,-0.2415040156953088
0.0174974974974975,-0.2906153950269431,-0.2772415570498303,-0.263200878586179,-0.24917617372046846,-0.23555582588764726
0.017727727727727727,-0.2843920063706608,-0.27108839983394944,-0.2571157596890163,-0.24317071947815722,-0.22959599030853436
0.01795795795795796,-0.2782027453817508,-0.26494063164687304,-0.25105462263561035,-0.23716667612493228,-0.22365318638116966
0.018188188188188188,-0.2720480384621509,-0.25881844516016755,-0.24497259266333338,-0.2311806345023804,-0.21775858453794952
0.01841841841841842,-0.2658608253817946,-0.25271641393111227,-0.23892041582144777,-0.22518290666102805,-0.21179792867273198
0.01864864864864865,-0.25970663119681664,-0.24662083832101236,-0.23288639649993673,-0.21920173829999123,-0.20583227919644614
0.01887887887887888,-0.25357140203831574,-0.2405471917304507,-0.22686302840055778,-0.21322680892119208,-0.19988682263037535
0.01910910910910911,-0.24748124303058966,-0.2344866279046416,-0.22085702625437575,-0.2072664476193641,-0.1939868455889134
0.019339339339339342,-0.24143396060619512,-0.228433898787337,-0.21485103184248217,-0.201327091670269,-0.18810312688677525
0.01956956956956957,-0.23534762420428046,-0.22239152060871084,-0.2088941672843919,-0.1953683094148637,-0.18221750565717795
0.019799799799799803,-0.2292799806869234,-0.2163871660418147,-0.20293236841688148,-0.18945232196077838,-0.17635035345061306
0.02003003003003003,-0.22326165655127486,-0.210395260201232,-0.19695670614685043,-0.18353223605896068,-0.17049456181026426
0.020260260260260263,-0.21721930438818748,-0.20440627006105297,-0.19101406822345346,-0.1776255809183088,-0.1646321572893863
0.020490490490490492,-0.21120843321699367,-0.19843416324203367,-0.18507101998923883,-0.17171972479383765,-0.15875009159038142
0.02072072072072072,-0.2052057082135049,-0.19246366636460516,-0.1791533231048768,-0.16583755943503645,-0.15285062604322938
0.020950950950950953,-0.19920986096530166,-0.18652611123022955,-0.17326157199382028,-0.15995871114555055,-0.14698912109822412
0.02118118118118118,-0.19326333023628686,-0.18059393249313527,-0.16737138342309318,-0.15410589870392,-0.14116665192450914
0.021411411411411414,-0.18735769384125914,-0.17468283404051124,-0.16148516167161303,-0.14827628296530415,-0.1353592249412607
0.021641641641641642,-0.1814562747944406,-0.16879278118122082,-0.1556276035189441,-0.14244569047268027,-0.12953897440539533
0.021871871871871874,-0.17555747819490455,-0.1628861077839344,-0.1497680890298629,-0.1366162034375248,-0.12371666686803637
0.022102102102102103,-0.16971886476981635,-0.15701516956824582,-0.1439197618943553,-0.1307893900947713,-0.11792218925137148
0.022332332332332335,-0.1638755568797263,-0.15117337617267762,-0.13808704857691598,-0.12498058543691652,-0.11214170046367132
0.022562562562562564,-0.15795525380644276,-0.1453199838819705,-0.13226884441223433,-0.11918482187631636,-0.1063713231830773
0.022792792792792796,-0.15206362474585045,-0.1394921087746016,-0.12645155981967038,-0.11335545965623038,-0.10058984510719388
0.023023023023023025,-0.1462061991524746,-0.13367478328289786,-0.12065847335319983,-0.10755664843556216,-0.09483813042105385
0.023253253253253257,-0.14040093583498964,-0.12788555287474282,-0.11487388344389263,-0.10176339853669808,-0.08910420680522436
0.023483483483483485,-0.13461460226075073,-0.12211515000385692,-0.10910284911017956,-0.09602343145572739,-0.08336127203195798
0.023713713713713714,-0.1288124617834996,-0.11633044046390908,-0.10333823939990949,-0.09027525162066499,-0.07761793993132733
0.023943943943943946,-0.12305411935874849,-0.11056791742574011,-0.09759659183986494,-0.08452190337206505,-0.07184933152802551
0.024174174174174175,-0.11729021789687129,-0.10482375224204654,-0.09185200502669341,-0.0788020991250067,-0.0661636564509632
0.024404404404404407,-0.11153860030120306,-0.0991050189169919,-0.08612161136888265,-0.07309473556989315,-0.06045794174029545
0.024634634634634636,-0.10579194747704809,-0.09336486594546561,-0.0804084209115752,-0.06739410391729499,-0.054748215561234215
0.024864864864864868,-0.10010576368229801,-0.08766910156221691,-0.07469875392881342,-0.06170268181728395,-0.04906050388755923
0.025095095095095096,-0.09439380489570827,-0.08197574422148726,-0.06901673736718299,-0.056004034782014635,-0.043413407169304655
0.02532532532532533,-0.08871683006867932,-0.07629398575901591,-0.06333983574606013,-0.05032376325963813,-0.037722169038622785
0.025555555555555557,-0.08306636053268104,-0.07062357996706815,-0.05767350581330123,-0.04464661241399564,-0.032047851074577804
0.02578578578578579,-0.0774066054607999,-0.0649735050722406,-0.0520061563229436,-0.038999003579359676,-0.02638875362065159
0.026016016016016018,-0.0717921660909814,-0.059326966545690356,-0.04634669085417637,-0.03335226560328541,-0.020724209774244835
0.02624624624624625,-0.06612000441767074,-0.05369823273760636,-0.04071242028356907,-0.02769937873449237,-0.01507344660696686
0.02647647647647648,-0.06049261432504036,-0.04805763835269092,-0.035078428829609536,-0.02207053669316806,-0.009441138804707216
0.026706706706706707,-0.05486923739436237,-0.0424339004944502,-0.029446814858470827,-0.016466467631558537,-0.003807563625190755
0.02693693693693694,-0.04928063727701677,-0.03682791362436661,-0.023844596847511564,-0.010840388277057435,0.0017921540845459024
0.027167167167167168,-0.04366880615334529,-0.03121925151953535,-0.018246407504760538,-0.005253552421364115,0.007406722578075472
0.0273973973973974,-0.03809152957689212,-0.02561287394504769,-0.012661720726711848,0.0003535209387021928,0.012949695730526794
0.02762762762762763,-0.03252515598143482,-0.020037352373804596,-0.007099304086223271,0.005929279403233985,0.018561191983615114
0.02785785785785786,-0.02698162600657285,-0.014462882546369946,-0.0015307485249310211,0.011504428877017572,0.024132071002337822
0.02808808808808809,-0.021460733858189855,-0.008921309082950201,0.004037963456509161,0.017047875798513853,0.029717154595360958
0.02831831831831832,-0.01593277494225595,-0.0033859603571528424,0.009585586898848983,0.022587846964625485,0.035262565478630416
0.02854854854854855,-0.0104333874750035,0.0021368828113891448,0.015109501275596909,0.028101158143198943,0.0407791847120655
0.028778778778778782,-0.0049278904876764425,0.007650253324424422,0.020626804791387964,0.03361352173240601,0.046319416902233554
0.02900900900900901,0.0005700919927554953,0.013143827482400382,0.02613439191333062,0.03912727443971107,0.051813710894194356
0.029239239239239243,0.006077927351358245,0.018658922731081305,0.03165419438142745,0.044627680964022164,0.05726987488072626
0.029469469469469472,0.011579670629158201,0.02414825270376172,0.03714946820507468,0.050102437778797006,0.06278036736674907
0.0296996996996997,0.017030857882891562,0.029614592845824322,0.04262985075974266,0.05559144836139042,0.06828041242162479
0.029929929929929933,0.022482152853546447,0.03508205119811941,0.04809516291604883,0.061062983194692944,0.07376653812307009
0.03016016016016016,0.027913817449229446,0.040536583927245566,0.053555013604809465,0.06652345704494497,0.07923036149327324
0.030390390390390393,0.03337547558324425,0.04598124413935813,0.05899670145679685,0.07198621766063631,0.08467955310460613
0.030620620620620622,0.03881005282344833,0.05140740805297278,0.06444362416503485,0.07743453939070356,0.09013133173421792
0.030850850850850854,0.04423609181724102,0.05681685374305057,0.06987780541855479,0.08287421452080082,0.09558255298865537
0.031081081081081083,0.04965813072740031,0.062214797439629044,0.07527539860535662,0.08829704856287932,0.10097297551032715
0.03131131131131131,0.05504660162484853,0.0676060568708135,0.08069301558419797,0.0937011804149998,0.10640372313837076
0.03154154154154155,0.06042495844182168,0.07301005814537022,0.08609626695530158,0.09911560774660887,0.1117660985423634
0.031771771771771776,0.0658017877723218,0.07839825834664924,0.09148992935191406,0.10451071327488064,0.11719139418380575
0.032002002002002004,0.07117016922302707,0.08377364062175201,0.09688604505025292,0.1098959502563152,0.1225719836694192
0.03223223223223223,0.07650454342731641,0.08913667032382781,0.1022585557274891,0.11526587072182179,0.1279511500034713
0.03246246246246246,0.08184861725747433,0.09448899189813355,0.10762626486403175,0.12065533435002179,0.13333287523923684
0.0326926926926927,0.08719208995018235,0.09981717865291283,0.11298725149661461,0.12600412755206597,0.1387055246746584
0.032922922922922926,0.09253299713281259,0.1051465382023552,0.11833605393166607,0.13136998963909227,0.14400621664748212
0.033153153153153155,0.09785116883230764,0.11047455973821274,0.12367973262803127,0.1367052616949643,0.14937197287651496
0.03338338338338338,0.10316804867441784,0.11580036195218095,0.12899955216208867,0.14201867495921514,0.15467248093248864
0.03361361361361362,0.10845853299931145,0.12109876173021923,0.13431082737178293,0.14730356818549478,0.16000124139171282
0.03384384384384385,0.11375486151735843,0.1264067733068017,0.13962137081528617,0.15260734959831238,0.16530756372780187
0.034074074074074076,0.11903143216856485,0.13169561408327132,0.14491027882409102,0.15789811923091884,0.17061545661258454
0.034304304304304305,0.12432683958562177,0.13696516291142638,0.1501774879121997,0.1631777147943254,0.17592362718312818
0.03453453453453454,0.12960441089068722,0.14222836413277432,0.1554531023924771,0.16845294729587507,0.18120996167162226
0.03476476476476477,0.13486564204512122,0.1474986781691906,0.16070052966968562,0.17370011440523686,0.18646814840139567
0.034994994994995,0.1400914919718856,0.1527259637826467,0.16595670568536622,0.17894397153606373,0.19171512284508305
0.035225225225225226,0.14532460790964902,0.15795899045611828,0.171205906153024,0.18419651070224552,0.19695036370797794
0.035455455455455455,0.15054614254759854,0.16318506806596192,0.17643348852680457,0.18943549159848605,0.2022053646794624
0.03568568568568569,0.15574744222944725,0.1684008503210755,0.18166165218323468,0.19465969195701657,0.2074351361166055
0.03591591591591592,0.16092262531223053,0.17360690843810117,0.18687713404561063,0.1998729106280228,0.2126526570282291
0.03614614614614615,0.1660980676861978,0.17880262118469128,0.19207704928790414,0.2050686467384993,0.2178578530179297
0.036376376376376376,0.17124951817839745,0.18399154513361646,0.19727877583862996,0.2102693894735375,0.22305486155473397
0.03660660660660661,0.17643283995403983,0.18916974035167675,0.2024622776522085,0.21543725999270724,0.2282406023059723
0.03683683683683684,0.1816145990002563,0.19434451977217465,0.20764274448060074,0.22061837782490262,0.23339960810477692
0.03706706706706707,0.18674733326887477,0.19950965085554148,0.21279335972131,0.22579820764803193,0.23855214117042953
0.0372972972972973,0.19190287539945647,0.20467246730333385,0.2179511412150496,0.23096210454498986,0.24371979896082613
0.037527527527527534,0.19706583832281546,0.2098233358759483,0.22308781273843148,0.23611829123887595,0.24888724266298878
0.03775775775775776,0.2022132722896137,0.2149657138218827,0.22822332313735127,0.2412692715192098,0.25402701669714745
0.03798798798798799,0.20732089365128253,0.22009214510823558,0.23334773099570089,0.24640482680012646,0.25918499111600574
0.03821821821821822,0.2124158924802711,0.22519417465016123,0.23845798174903962,0.2515439609163994,0.26427346759095305
0.03844844844844845,0.2174828577980897,0.23028589499712668,0.2435642300650571,0.256651513294756,0.26939054226917714
0.038678678678678684,0.22258264425719446,0.2353638562666287,0.2486747530291127,0.2617497185880965,0.2745008204283336
0.03890890890890891,0.22767393665844424,0.2404585443104503,0.25375251212374467,0.2668413217562141,0.2795889777037682
0.03913913913913914,0.23273815502744544,0.24555108257376834,0.2588235229290093,0.2719412917766117,0.2846765267410613
0.03936936936936937,0.23778792403047574,0.25061466828707524,0.26388602918772924,0.27702565699858395,0.2897249159328048
0.039599599599599605,0.24281979310987412,0.2556654616640905,0.26894849385401065,0.2821015536914733,0.29480805026645807
0.039829829829829834,0.24788472140691564,0.2607239714345554,0.2740051209574315,0.2871684294962945,0.2998789566442885
0.04006006006006006,0.25289373767549894,0.26575928350689404,0.27905909027597936,0.2921964928107069,0.3049350547570754
0.04029029029029029,0.25792098862553275,0.2707869681189695,0.28407903148112823,0.2972248076665506,0.30998965334031237
0.04052052052052053,0.26294024998918836,0.27580714078345836,0.2891085423413508,0.3022631863910951,0.3150293427802772
0.040750750750750755,0.26796954225799496,0.2808214175378157,0.2941154727716569,0.30728174238064315,0.32002094803938735
0.040980980980980984,0.2729644878312379,0.2858081122256634,0.29911980844884567,0.31228594497613726,0.3250647575303417
0.04121121121121121,0.27794359763747606,0.2907946745791461,0.3041106651709,0.31729408043051693,0.33006847835701747
0.04144144144144144,0.2829274730173309,0.2957847088876695,0.30910006954714536,0.32227472701440674,0.33504341496803847
0.04167167167167168,0.28789243050144536,0.3007570757637684,0.3140784303670902,0.32723781676840846,0.3400168582586736
0.041901901901901906,0.29283739006725246,0.30570819014956063,0.3190350429138587,0.332208902622365,0.3450017842038113
0.042132132132132134,0.2977807231067288,0.31065867420338894,0.32399769934605843,0.33715472683986936,0.3499350654991376
0.04236236236236236,0.30272828064581037,0.31558730795482826,0.32893373973428797,0.34211150974336646,0.35489838862211964
0.0425925925925926,0.3076497182161063,0.3205237113589149,0.3338714449484011,0.3470568325248201,0.3598304309642903
0.04282282282282283,0.312557173845955,0.32543815579314844,0.3388015700260446,0.35197331150398425,0.3647683091261113
0.043053053053053056,0.3174813839987274,0.33035468309531574,0.3437250848600384,0.35688134885908585,0.3696883922297425
0.043283283283283285,0.3223652817372455,0.33527152003242433,0.3486418059914555,0.3617810028059906,0.3745799092758982
0.04351351351351352,0.3272871794410562,0.34015721186228415,0.3535387067274547,0.3666969976894831,0.37946393451276844
0.04374374374374375,0.33216521384893205,0.34504598375596196,0.35842993421435554,0.37160881396115086,0.38434623615883906
0.04397397397397398,0.33704161895100593,0.34991957851974825,0.3633058734454526,0.376477316891045,0.3892327859882441
0.044204204204204206,0.3419196846220548,0.35478371128188063,0.3681691139854935,0.3813553803433928,0.39408588528929794
0.044434434434434435,0.346758376850509,0.3596516082381737,0.37303704666359855,0.3862005455573341,0.39892875450120957
0.04466466466466467,0.3515846654063324,0.36449550231052674,0.3778839363690202,0.39106209537520015,0.4037769268727149
0.0448948948948949,0.3563869116505061,0.3693360248562972,0.3827309674379002,0.3958977212931549,0.4086235928360094
0.04512512512512513,0.36120730010764807,0.37416249550981767,0.38756434906529985,0.4007377145364805,0.41345084888959777
0.045355355355355356,0.36602939110623556,0.37898046615889325,0.3923890294205369,0.40555653472365516,0.41828234951935006
0.04558558558558559,0.3708608658854052,0.38378989290565096,0.3972195999209235,0.4103678582257727,0.42309790212364234
0.04581581581581582,0.37564318734501206,0.3885775957870116,0.402019123451231,0.4151723713102282,0.42788663806063565
0.04604604604604605,0.38043345087834746,0.39336608961850905,0.40681428484078486,0.41995877109001684,0.432701229444566
0.04627627627627628,0.3852214667864434,0.39815402842287595,0.4115998410235071,0.424757490095278,0.4375086445145416
0.04650650650650651,0.3899948402610866,0.4029177484556179,0.41638749254787305,0.4295211275801493,0.44227402870900323
0.04673673673673674,0.39475727765527197,0.4076802807264085,0.4211507124695466,0.4342968660472674,0.44708277432483684
0.04696696696696697,0.39951449856329263,0.4124402286662342,0.4259089556766061,0.4390730355028779,0.45187728809243394
0.0471971971971972,0.40425205500701855,0.4171849579874312,0.4306640434586999,0.44381648767457205,0.45662721432367376
0.04742742742742743,0.40899158431670046,0.42192439413046173,0.4354122990440974,0.448536422776395,0.4613985865053453
0.047657657657657664,0.4136957608537679,0.4266473476419153,0.44014737956222,0.45328854568141425,0.4661492707282772
0.04788788788788789,0.41839067331367136,0.43134831394488415,0.4448586658316347,0.45801344181108805,0.47086960937046735
0.04811811811811812,0.4230615904345481,0.43605632369079,0.44956496269045015,0.46271641848649037,0.47556747354023055
0.04834834834834835,0.4277144060391701,0.4407348253948832,0.45425847067515196,0.4674325020558764,0.4802626683016213
0.048578578578578585,0.432378338760601,0.44542158705715695,0.4589562667591164,0.4721156153555421,0.48495151518785323
0.048808808808808814,0.43704969310241853,0.4500955797401486,0.4636263461072238,0.4767932014355064,0.48963217699834105
0.04903903903903904,0.4417538767190105,0.45475239521124805,0.4683118634113299,0.48147822814275965,0.4942968347057971
0.04926926926926927,0.44639444153548985,0.45942117681929123,0.47297436414662947,0.48612131138926945,0.4989458633648135
0.04949949949949951,0.4510445518100631,0.46406586810639733,0.4776314816192972,0.49078045440754503,0.5036422260035905
0.049729729729729735,0.455673158891609,0.468689424101267,0.48227197633648244,0.49543020216916217,0.5083141428900881
0.049959959959959964,0.46027555494853245,0.47332241495521343,0.4869029120662449,0.5000820848986682,0.5129492596071384
0.05019019019019019,0.46486101053800283,0.4779444915157021,0.49153153368271635,0.504721293128049,0.5176127611057055
0.05042042042042042,0.46946803086745764,0.48255902372055776,0.496149014998826,0.5093426112460806,0.5222581756642051
0.05065065065065066,0.4740650272457867,0.4871429360055223,0.5007469357606411,0.5139574696219144,0.5268678422155199
0.050880880880880885,0.47862024718147017,0.49173934469571356,0.5053336764149161,0.5185572406791475,0.5314567807486067
0.051111111111111114,0.48318492569438315,0.49633711420414345,0.5099201764178529,0.5231422046550461,0.536048682761116
0.05134134134134134,0.4877628248497399,0.5009014955974677,0.5144904476083971,0.5277295751669326,0.5406715663552606
0.05157157157157158,0.49231324163298545,0.5054740983039496,0.5190560449194693,0.5323165622971158,0.5452908152069593
0.05180180180180181,0.4968468742787091,0.5100346124261078,0.5236213986599101,0.5368947888970639,0.5498330407489017
0.052032032032032036,0.5013844041479399,0.5145887087306598,0.5281688307532351,0.5414587123783734,0.5543782263403039
0.052262262262262264,0.5058945056464779,0.5191306959504292,0.532704789471413,0.5460097960852419,0.5589058948149636
0.0524924924924925,0.5104330486064976,0.5236491906413075,0.5372325837261331,0.550549310415671,0.5634461319779154
0.05272272272272273,0.5149463222915981,0.5281700598978667,0.5417402817888267,0.5550931498552364,0.5679933823127032
0.05295295295295296,0.5194217767474198,0.5326806055166633,0.5462360260665865,0.5596139387612549,0.5724989609098741
0.053183183183183186,0.523957845690742,0.5371842701136814,0.5507373443016756,0.5641363957392311,0.5770271817234989
0.053413413413413414,0.5284445600850366,0.541681390256981,0.5552476383856116,0.5686332512668746,0.5815333503454102
0.05364364364364365,0.5329369306532065,0.5461656104253375,0.5597301497067302,0.5731141953525815,0.5860395391839437
0.05387387387387388,0.5373668293560163,0.550638403022159,0.5641951926834868,0.5775968369193913,0.5905259459171556
0.05410410410410411,0.5418284828197051,0.5550937536247662,0.568653355035508,0.5820715445347393,0.5950197997981113
0.054334334334334336,0.5462769304572946,0.5595341795312109,0.5730952261519767,0.5865477358202852,0.5994930319686266
0.05456456456456457,0.5507086955743623,0.5639735209403879,0.577539063688955,0.5909983322683805,0.6039853124490491
0.0547947947947948,0.5551156680721404,0.5683945951765413,0.5819655771884148,0.5954612465687937,0.6084376027881638
0.05502502502502503,0.5595623050187545,0.572804147213427,0.5863956609136449,0.5999073392095258,0.612887820896572
0.05525525525525526,0.5639259274249735,0.5772112144566439,0.5908092076268386,0.6043293637650391,0.6173336692767178
0.05548548548548549,0.5683458869033569,0.5816059208891566,0.5952137884739411,0.6087529797818814,0.621759238691377
0.05571571571571572,0.5727223084074725,0.5859984556335331,0.5996166768057866,0.613166699390259,0.6261934466775255
0.05594594594594595,0.5770960525135966,0.5903826511890728,0.6040092910205802,0.6175666636309617,0.6305873322780062
0.05617617617617618,0.5814526711472204,0.5947510848244848,0.6083813560990461,0.621928170298602,0.6349941717869255
0.05640640640640641,0.5857695516468443,0.5991081944518484,0.6127380751680259,0.6262954501454153,0.639381739074366
0.05663663663663664,0.590089241853098,0.6034553604583087,0.617099461682302,0.6306831104359691,0.6437582689489054
0.05686686686686687,0.5944491537926956,0.607804684664928,0.6214461925375089,0.6350458194069258,0.6481040320798132
0.0570970970970971,0.5987620402090701,0.6121308055401942,0.6257820068049151,0.6393901456994587,0.6524629341098499
0.05732732732732733,0.6030857633245652,0.6164582908369655,0.6301043281310601,0.6437321021660783,0.656797557086107
0.057557557557557565,0.6074019466039849,0.6207821402280818,0.6344174170617759,0.6480793592561427,0.6611079221267769
0.057787787787787794,0.6116938614054184,0.6250969167458537,0.6387249326301396,0.6523939567790581,0.6654477668465341
0.05801801801801802,0.6159973087744408,0.6293963210830545,0.6430336292008418,0.6567177502259962,0.6697703507796631
0.05824824824824825,0.6202680914820037,0.633686731163522,0.6473265419876681,0.6610278069496863,0.6741054713665152
0.058478478478478486,0.6245489569552205,0.6379620370607544,0.6516082492220342,0.6653292463755699,0.678418500673825
0.058708708708708715,0.6287910938230183,0.6422164611787028,0.6558883090145727,0.6696090826535156,0.6827207175490019
0.058938938938938944,0.632989683034441,0.646488042659773,0.6601471340418263,0.6738888408146672,0.6870111393655991
0.05916916916916917,0.6372064294698306,0.6507443032795159,0.6644046088473926,0.6781575195647046,0.6913040492208083
0.0593993993993994,0.6414414699203687,0.6549857147117063,0.668659423405698,0.6824230120544879,0.6955429557071451
0.05962962962962964,0.6456625043781365,0.6591884802809903,0.6728953921990655,0.6866615696475893,0.6997972556847682
0.059859859859859865,0.6498547977308742,0.6633781985860993,0.677120932986114,0.6909216601247657,0.7040525255402937
0.060090090090090094,0.6540409597244944,0.6675736648091527,0.6813490504357608,0.6951487822152922,0.7082988455202116
0.06032032032032032,0.6582262185153123,0.6717657359972352,0.6855576795353328,0.6993788444919874,0.7125167762018101
0.06055055055055056,0.6623950031423711,0.675959628193053,0.689747991175737,0.7035799656737732,0.7167454844578992
0.06078078078078079,0.6665520734112175,0.6801314476914695,0.6939311524835424,0.7077793796193999,0.7209575715842788
0.061011011011011015,0.6706997142032805,0.6842896532202208,0.6980991764568788,0.7119785247869589,0.7251974746677096
0.061241241241241244,0.6748589107095053,0.6884217961081773,0.7022715158969927,0.7161662982397327,0.7293976987637102
0.06147147147147148,0.6789745753853113,0.6925812251456629,0.7064141828204864,0.7203543797762668,0.7335550502512543
0.06170170170170171,0.6830977453854541,0.6967125161904806,0.7105710362845766,0.7245395710413417,0.7377080709836683
0.06193193193193194,0.6872070259248876,0.7008427944302971,0.7147185239197019,0.7286971742456676,0.7418878723484589
0.062162162162162166,0.6913175777176326,0.704962720441043,0.7188471477109999,0.7328356337421005,0.7460449916015982
0.062392392392392394,0.6954129091742544,0.7090739418214318,0.7229614144973378,0.7369795279835158,0.7501913753040348
0.06262262262262262,0.6995178800625513,0.7131502928606629,0.7270604389625811,0.7410988573157711,0.754312950508222
0.06285285285285286,0.7036085327321463,0.7172504924961279,0.7311616549143034,0.7452145720500088,0.7584464951334138
0.0630830830830831,0.7076781546803907,0.7213346435929783,0.7352366331990846,0.7493068839690934,0.7625699257857239
0.06331331331331332,0.7117237430287201,0.7253920139315799,0.7393045307367565,0.7534044193046017,0.7667050077736315
0.06354354354354355,0.715762451013575,0.7294415820234376,0.7433745551716904,0.7574967294158018,0.7708182010581851
0.06377377377377377,0.719810397615959,0.7334824019592003,0.7474214088733587,0.7615793307893252,0.7749236537127806
0.06400400400400401,0.7238622255572688,0.7374937214285077,0.7514846322927603,0.7656375073480356,0.7789810689978129
0.06423423423423424,0.7278678144657293,0.7415242236613315,0.7555198476427173,0.769700285083324,0.7830692034048939
0.06446446446446447,0.7318543863102531,0.745545065290826,0.7595407992267418,0.7737392860822274,0.7871206918605103
0.0646946946946947,0.7358117728110649,0.7495443192052605,0.7635680711510944,0.7777914491197687,0.7911842597107439
0.06492492492492492,0.7397597071479904,0.7535428810690381,0.7675783554802305,0.7818168410178085,0.7952344000963828
0.06515515515515516,0.7437073264424994,0.7575248314178779,0.7715710982946471,0.7858329336861476,0.7992788707653389
0.0653853853853854,0.7476753319717153,0.7614862063086849,0.7755663643275583,0.7898597203029781,0.8033319952912006
0.06561561561561562,0.7516027154116443,0.7654423681815214,0.7795512453320144,0.7938685668319972,0.8073376828483685
0.06584584584584585,0.7555244533546452,0.7693954239584441,0.7835188106495338,0.7978481418762402,0.8113582263934599
0.06607607607607609,0.7594405282427612,0.7733316614899897,0.7874733417117706,0.8018346136030571,0.8153638301323953
0.06630630630630631,0.7633239530171916,0.7772762984388157,0.7914174136641755,0.8057999541588694,0.8193554238007614
0.06653653653653654,0.7672201975505494,0.7811856234807728,0.795356629292505,0.8097514836769348,0.8233478119365494
0.06676676676676677,0.7710997892522361,0.7850782082836029,0.7992763667540105,0.8136974384096489,0.8273261726661022
0.066996996996997,0.774998298325731,0.7889807523554929,0.8032035388118629,0.8176637844467325,0.8313106262794893
0.06722722722722724,0.7788926364592734,0.7928536295737754,0.8071178291620575,0.8215980863411418,0.8352928084806416
0.06745745745745746,0.782757148691094,0.796726933700705,0.8110123580142682,0.8255323837831221,0.8392609369047358
0.0676876876876877,0.7866091821771426,0.8006071002093634,0.8148931692845687,0.8294583854125974,0.8431994038865658
0.06791791791791792,0.7904413793377396,0.8044735923260052,0.8187763147453107,0.833374834735965,0.8471637608479089
0.06814814814814815,0.7942675011141328,0.8083229048063572,0.8226491281787829,0.8372709197542234,0.8511221258431793
0.06837837837837839,0.7980810485719789,0.8121610532796847,0.8265170951744886,0.841166913680266,0.8550555290506877
0.06860860860860861,0.8018860862117762,0.8159807257623614,0.8303764905080336,0.8450386313855333,0.8589723377338356
0.06883883883883885,0.8056910762898095,0.8198080027946625,0.8342154936877035,0.8489063289186819,0.8628514164587485
0.06906906906906908,0.8094643280722479,0.8236129769767417,0.8380553084237302,0.8527737944126426,0.8667465921665582
0.0692992992992993,0.8132520034264712,0.8274277817874947,0.8418906177199312,0.8566364497322984,0.8706394582348611
0.06952952952952954,0.8170372220931359,0.8312152183881574,0.845711384983557,0.8604753063991673,0.8745234241485379
0.06975975975975976,0.8208041739064992,0.834998268954909,0.8495175805016113,0.8643105845659146,0.8783841731933786
0.06998998998999,0.8245191497950776,0.8387505710737584,0.8533170219125601,0.8681293291299245,0.8822374278160129
0.07022022022022023,0.8282827963059757,0.842499440168866,0.8571010833099842,0.8719220408534585,0.8860692159238733
0.07045045045045045,0.8319598057933847,0.8462324412409113,0.860867302138813,0.8757069988638444,0.8899180593893959
0.07068068068068069,0.8356505934455493,0.8499626150070275,0.8646253668954866,0.8794883622286005,0.8937423378190682
0.07091091091091091,0.8393402304207271,0.8536784545169441,0.8683729516122947,0.8832643724029341,0.8975534444401395
0.07114114114114115,0.8430082704420977,0.8573997785456694,0.8721146307486617,0.8870425115373699,0.9013672321866865
0.07137137137137138,0.8467074944709273,0.8611156813631894,0.8758522374459404,0.8907946146565763,0.9051544844548749
0.0716016016016016,0.850383440306521,0.8648008239305576,0.8795743387806183,0.8945365159107742,0.9089203373690858
0.07183183183183184,0.854035429622998,0.8684976104950503,0.8832882037413669,0.8982646990113471,0.9126905189993351
0.07206206206206207,0.8576852472440814,0.8721526265395052,0.8869944047379199,0.9019988561895972,0.9164282017798417
0.0722922922922923,0.8613359829600074,0.8758212752264656,0.8906763656172503,0.9057347521991284,0.9201665438996453
0.07252252252252253,0.8649438076798865,0.8794773482634332,0.8943590113455272,0.9094368469520973,0.9239145611453065
0.07275275275275275,0.868558721214326,0.8831239105873393,0.8980495743171583,0.9131453875481881,0.9276504173978427
0.07298298298298299,0.872154392569324,0.8867613024517114,0.9017024145923505,0.9168370554135832,0.9313696124945245
0.07321321321321322,0.8757322287873384,0.8903654938272831,0.905358552022869,0.9205052450659121,0.9350724169267555
0.07344344344344345,0.8793115185524223,0.893947579436386,0.9090071601066054,0.9241693843113413,0.9387668269419049
0.07367367367367368,0.8828806875223554,0.8975418320354055,0.9126462121991923,0.92781799985102,0.9424648065663802
0.0739039039039039,0.8864759267894589,0.9011311414236193,0.9162790142128305,0.9314949763567106,0.9461591615670328
0.07413413413413414,0.8900120493452731,0.9047101866920212,0.9198892926875413,0.9351337007389992,0.9498438555898995
0.07436436436436437,0.8935570708347652,0.9082926826787157,0.9234977758707127,0.938758982824819,0.953518460212798
0.0745945945945946,0.8970926479027665,0.9118554818633967,0.927089341000357,0.9423751257155513,0.9571719904963709
0.07482482482482483,0.9006185009848259,0.9154132200695172,0.9306767803222943,0.9459892488702732,0.9608584787317684
0.07505505505505507,0.9041181259499653,0.9189423816006376,0.9342493343637381,0.9495952011403195,0.9645168850597476
0.07528528528528529,0.9076288271890928,0.9224740038017165,0.9378073460407113,0.9531925162267985,0.9681516601078737
0.07551551551551552,0.911093681886786,0.9259742193614363,0.9413535020649665,0.956779755222731,0.9717739767737767
0.07574574574574575,0.9145778560173292,0.9294833703417356,0.9448963833522696,0.9603466191142537,0.975382170964118
0.07597597597597598,0.9180507311377487,0.9329787060393596,0.9484485077220925,0.9639160107834607,0.9789863447914322
0.07620620620620622,0.9214796016009387,0.9364721655228838,0.951968670941205,0.9674749675731714,0.982589651983764
0.07643643643643644,0.9249221008103166,0.9399542218898209,0.9554769208311047,0.9710125478952789,0.9861831566166064
0.07666666666666667,0.9283514974346283,0.9434197959618276,0.9589862844721432,0.9745537797805015,0.9897435322468789
0.0768968968968969,0.931800554324636,0.9468816639630108,0.9624659467964645,0.9780822997969436,0.9933049905069004
0.07712712712712713,0.9352321885229707,0.950327028418458,0.965938152868463,0.9816073868709141,0.9968500676387978
0.07735735735735737,0.938636057031692,0.9537588527871529,0.9694102996592446,0.9851163408057224,1.0003361519733298
0.07758758758758759,0.9420293267218648,0.9571886206435046,0.9728531373439935,0.9885960136135058,1.0038756480000561
0.07781781781781782,0.9454257698839642,0.9606080555954081,0.9762970024848073,0.9920773636395517,1.0074124631927737
0.07804804804804806,0.948802702303101,0.9640030504154331,0.979738031173037,0.9955623906683372,1.0109169230332793
0.07827827827827828,0.9521468185509127,0.9673882354795306,0.9831561829664626,0.9990137636341032,1.0144138752322598
0.07850850850850852,0.955504291750219,0.9707762920793107,0.9865644904265939,1.0024615193209474,1.0178979978596947
0.07873873873873874,0.9588454483317924,0.9741456807810466,0.9899670583942544,1.0058969208909043,1.0213908453014768
0.07896896896896897,0.9621812924494513,0.9775087134839123,0.9933649469694646,1.0093292635628366,1.0248703363213987
0.07919919919919921,0.9655190470747748,0.9808579535132746,0.9967493939270409,1.012749849568397,1.028299281564355
0.07942942942942943,0.9688356445588036,0.9841792248876959,1.0001353201279226,1.016153208893147,1.0317437129281692
0.07965965965965967,0.9721047933528512,0.9874987941904504,1.0035090052384292,1.0195616264363798,1.0352180958454575
0.07988988988988989,0.9753889537106389,0.9908107893466146,1.006855022322046,1.0229520006589778,1.0386601694269422
0.08012012012012013,0.978700506313824,0.9941180952965766,1.0102002951752413,1.0263215630717635,1.0420650500634616
0.08035035035035036,0.9819592051508242,0.997411532578607,1.0135379883406297,1.029698607644115,1.0455059190541007
0.08058058058058058,0.9852101212270712,1.0006920417191536,1.0168607442167499,1.0330415674609432,1.0489065365151728
0.08081081081081082,0.9884431179940569,1.0039608364967483,1.020179969633869,1.0363809415275522,1.0523090942047877
0.08104104104104105,0.9916714359571654,1.0072218776246447,1.0234998924236336,1.0397056254514379,1.0556745393548723
0.08127127127127128,0.9948623898737283,1.010457933893522,1.02677580595117,1.0430543869507043,1.05906737600221
0.08150150150150151,0.9980482640951771,1.0136910126103733,1.0300566304728758,1.0463666082287972,1.0624208466286411
0.08173173173173173,1.0012692012462097,1.01693605352448,1.0333309185461814,1.0496917340775969,1.0657224558335665
0.08196196196196197,1.0044415842990937,1.0201552834616225,1.0366051196848924,1.0529821554320955,1.0690641647101737
0.0821921921921922,1.0076390808028184,1.0233800859774327,1.0398521353735057,1.0562564011760032,1.0723979055226713
0.08242242242242243,1.0108088747457942,1.0266221963590882,1.0430900904394043,1.059535337973103,1.0757453653726385
0.08265265265265266,1.0139510542043029,1.0298157597258117,1.0463157693263643,1.06280268438579,1.0790765405327245
0.08288288288288288,1.0170984920039636,1.0330124848961644,1.0495301045478458,1.066055595107291,1.082374930829181
0.08311311311311312,1.0202276266407808,1.0361745048501645,1.0527442656689185,1.0692999064385844,1.0856306656046593
0.08334334334334335,1.023365548373279,1.0393277597335275,1.0559474521547847,1.0725362862612902,1.0889498549488028
0.08357357357357358,1.0264931004215017,1.0424748799364445,1.0591370053477094,1.0757651875828438,1.0921983780092692
0.08380380380380381,1.0295641563988458,1.045625124445626,1.0623072289836781,1.0789816786275466,1.0954511113986523
0.08403403403403405,1.0326353336503573,1.0487333851579608,1.0654672285738174,1.082188680002812,1.0986900024022528
0.08426426426426427,1.0357119977217757,1.0518569870124568,1.068613564494776,1.0853833505905401,1.1019689047820247
0.0844944944944945,1.038799119508551,1.0549528225167222,1.0717713446912664,1.0885711365611455,1.1052123397329663
0.08472472472472473,1.0418466359451997,1.0580638543969292,1.0749153714003332,1.09175265660251,1.1084143054875029
0.08495495495495496,1.0449165286687236,1.0611516672127885,1.0780396392371026,1.0949040411098032,1.1116220811456539
0.0851851851851852,1.0479460943486398,1.064223403661304,1.0811607749294474,1.0980621360488563,1.1148354509144924
0.08541541541541542,1.0509572594228798,1.0672655375501312,1.084258551523799,1.1011988518677966,1.1180213835461166
0.08564564564564565,1.0539760586299434,1.070306280433872,1.0873584002485386,1.1043407858066885,1.1212010752217203
0.08587587587587588,1.057002550228038,1.0733419290428818,1.09044731832313,1.1074611677190658,1.1243750931287846
0.08610610610610611,1.060020010293035,1.076375970482575,1.0935117229802085,1.1106033009035337,1.1275305840530625
0.08633633633633635,1.0630146712706725,1.0793891893602867,1.0965619635458137,1.1137112048362123,1.1306486311975412
0.08656656656656657,1.0659574566702126,1.0823882505410358,1.0996064775094718,1.1167955522894062,1.133799026003211
0.0867967967967968,1.0689175063545966,1.085377943417653,1.1026372318338864,1.1198767377025955,1.1369383974852343
0.08702702702702704,1.0718768942263261,1.088360652285377,1.1056593151461145,1.1229664297112478,1.1400538079580533
0.08725725725725726,1.0748042847649604,1.091331857714979,1.1086880675790816,1.1260429294214394,1.1431288403341795
0.0874874874874875,1.0777219026768505,1.0943155218908625,1.1117063010516428,1.1290902892182866,1.146187857090732
0.08771771771771772,1.0806785818205344,1.0972803324129472,1.1147038676813892,1.1321220286781088,1.1492533172814956
0.08794794794794795,1.0836079064365425,1.1002320915866655,1.117681492826547,1.1351408165524637,1.152347201353906
0.08817817817817819,1.0865282274501022,1.1031644230370157,1.1206497054416318,1.1381611674172913,1.1554343873185922
0.08840840840840841,1.0894055407970875,1.106104414066878,1.1236204875246374,1.1411680276901979,1.1584998238564905
0.08863863863863865,1.092224541712193,1.1090237396859222,1.126576862493281,1.144161634875551,1.1615233444977506
0.08886886886886887,1.0951015669693718,1.111927036428886,1.1295260189462673,1.147148244811545,1.1645258376127992
0.0890990990990991,1.0979501350063399,1.1148119065632593,1.1324579361029925,1.1501334787807993,1.1675066340253974
0.08932932932932934,1.100751449148215,1.1177229414667378,1.1353758707579311,1.153083821359895,1.1705098258842879
0.08955955955955956,1.1035922937525011,1.1206047471219382,1.1382796360896221,1.1560373991053037,1.1735135104565633
0.0897897897897898,1.1064137145902917,1.1234512638191008,1.1411880785321844,1.1589759593468412,1.176510167723843
0.09002002002002003,1.1092123763189838,1.1262873362383459,1.1440571484394748,1.1619061858780702,1.1794549103884535
0.09025025025025026,1.1119903669579092,1.129118832789321,1.1469400830293524,1.164850897299108,1.1824203412552923
0.09048048048048049,1.1147885073156762,1.1319591033268992,1.1498171723935526,1.1677648141016452,1.185390161134517
0.09071071071071071,1.1175484540552985,1.1347837765858066,1.1526812022488295,1.1706706520241315,1.1883235168182658
0.09094094094094095,1.1202981216196692,1.137581207964933,1.1555302665413896,1.1735559409469807,1.1912797505242163
0.09117117117117118,1.1230222398859426,1.140369280085343,1.1583632016877343,1.176422959894149,1.19420133134489
0.0914014014014014,1.1257809250594442,1.1431510994137144,1.1611844799263047,1.1792876066999471,1.1971079742667556
0.09163163163163164,1.1284846862222655,1.145928758975729,1.1639861933579896,1.182154279694671,1.2000245981560504
0.09186186186186186,1.1311976076592023,1.1486926906170307,1.1668030747864413,1.1849992882644733,1.202884319660471
0.0920920920920921,1.1339349241207177,1.151449925998896,1.1695892122260814,1.1878436661394018,1.2057708966324279
0.09232232232232233,1.1366546868657084,1.1541854691079525,1.172359507467844,1.1906732536155422,1.2086154361047112
0.09255255255255256,1.1392986900006592,1.1569258095181651,1.1751315105889015,1.193478251854371,1.2114396300171404
0.09278278278278279,1.1419975551854618,1.1596517745350525,1.1778898585064006,1.1962875952575005,1.2142924096089565
0.09301301301301303,1.1446779496549868,1.1623809537361638,1.1806490893943238,1.199086665315518,1.21710018066562
0.09324324324324325,1.1473416901476694,1.1650759033530698,1.183386203807695,1.2018563079985098,1.2199241572877735
0.09347347347347348,1.149979033979678,1.167765629638442,1.1861125210748027,1.2046299752505911,1.2227443755798313
0.0937037037037037,1.1526038320180314,1.170436925614674,1.1888263607120857,1.20739291991149,1.2255577834999982
0.09393393393393394,1.155221633884895,1.1731027294008411,1.1915415950550097,1.2101481431724,1.2283632322599363
0.09416416416416418,1.1578204998031967,1.1757689621890195,1.1942462058584198,1.2128713885746902,1.2311528996649022
0.0943943943943944,1.1604057382734976,1.1783939373183263,1.1969233184932748,1.2156012419749131,1.2339351947618986
0.09462462462462463,1.162986903634602,1.181037624546755,1.1996092792628485,1.2183085758849157,1.236714992731798
0.09485485485485486,1.1655429146296286,1.1836424948215796,1.2022691312641305,1.2210273468791615,1.2394479771295517
0.09508508508508509,1.1681094238164764,1.186256068272142,1.2049177713732857,1.2237155377916826,1.2421799639187183
0.09531531531531533,1.1706551110050483,1.1888264685315229,1.2075554218268822,1.2263865990054112,1.2448959614099322
0.09554554554554555,1.173229728129346,1.1914056798219759,1.2101893577946827,1.2290625341050614,1.247596124752006
0.09577577577577578,1.1757676679656588,1.1939893813978675,1.2128084144696116,1.2317333764546918,1.250294797807162
0.09600600600600602,1.1783138288013857,1.1965802980296085,1.2154134436507515,1.2343748273868296,1.252952145809397
0.09623623623623624,1.1807979337447412,1.1991316040693993,1.2180187975516152,1.2370145891473656,1.2556135428024755
0.09646646646646648,1.1832981603111947,1.201675703445538,1.2206145984160797,1.239647298531274,1.2582873015637555
0.0966966966966967,1.1857857391210753,1.2041967479223563,1.2231798982479654,1.2422695846098457,1.260944653404068
0.09692692692692693,1.188262852404743,1.206720898411305,1.225745754550725,1.2448769050404471,1.2635662484335435
0.09715715715715717,1.1907266010858568,1.2092153249412132,1.2282965870777909,1.2474633303625144,1.2662043399256828
0.09738738738738739,1.1931928439885284,1.2117220178246664,1.2308447848282174,1.2500506884538345,1.268831089506084
0.09761761761761763,1.1956491972212753,1.2142095585131187,1.2333668234665616,1.252631247103221,1.2714546323270064
0.09784784784784785,1.1980949826800773,1.2166808069654989,1.2358895552270275,1.255188918852032,1.2740604181810267
0.09807807807807808,1.2005018495656243,1.2191581359408512,1.2384027736392769,1.2577576780015893,1.2766449097896801
0.09830830830830832,1.202951152192393,1.2216065630477957,1.2409096498235088,1.2602954200017609,1.279223859297047
0.09853853853853854,1.2053631423178877,1.224073544387213,1.2433868937404333,1.2628515631237804,1.2817928375582173
0.09876876876876878,1.2077730255838257,1.2264961672694321,1.2458754035415536,1.2653774196037895,1.2843482551264909
0.09899899899899901,1.2101485974843171,1.2289088678109839,1.2483429663985488,1.2678883427687244,1.2869018288095198
0.09922922922922923,1.2125215321135066,1.2313065791777442,1.2508004478871622,1.2703752588743555,1.2894378520475573
0.09945945945945947,1.2148681336851748,1.233693672868649,1.253247877503163,1.2728580476946352,1.2919493486606786
0.09968968968968969,1.2172075752833103,1.2360906395041844,1.255679278436897,1.2753234797527007,1.294464804979079
0.09991991991991993,1.2195777347663572,1.238464019225722,1.2581108550985636,1.277775379168153,1.2969674243435285
0.10015015015015016,1.2218966640214817,1.2408180210657629,1.2605060841037932,1.2802218550748914,1.299459368011994
0.10038038038038039,1.224214885558721,1.2431764547584285,1.2628988092214692,1.28264758468242,1.3019483727024546
0.10061061061061062,1.2265251056652127,1.2455488958740204,1.2652795400419368,1.2850632185981075,1.3044220992203714
0.10084084084084084,1.228829206956944,1.2478923354162181,1.2676479572368686,1.2874791114247082,1.3068865502958222
0.10107107107107108,1.2311033217091232,1.2502084659702433,1.2700277215153248,1.2898951019393665,1.3093614307030168
0.10130130130130131,1.2333791985596823,1.2525201623631597,1.2723771673739237,1.2923054585695515,1.3117798482081273
0.10153153153153154,1.2356622233271262,1.2548377377948803,1.2747172906241513,1.294692706494325,1.314235739634114
0.10176176176176177,1.237899394247336,1.2571511426642141,1.2770402273736343,1.2970585602532756,1.3166666014837851
0.101991991991992,1.2401341718618417,1.259441892972292,1.2793618545644534,1.2994190812182236,1.3190661378621806
0.10222222222222223,1.242363616916004,1.2617147441677778,1.2816696423446505,1.3017733603637707,1.3214373431083015
0.10245245245245246,1.2445934165475905,1.2639733535491835,1.283965205100298,1.3041083935050557,1.323809096602009
0.10268268268268269,1.2468203631266752,1.26622519662098,1.2862577588145736,1.306426576951212,1.3261758219809936
0.10291291291291292,1.249000615570872,1.268456748270679,1.2885363463749002,1.308747492176495,1.3285200680401548
0.10314314314314316,1.2511971708345735,1.2706785692416205,1.2908048316074627,1.3110382256268733,1.3308634293377164
0.10337337337337338,1.2533754682821545,1.272894325183374,1.2930464935832098,1.313349832576425,1.3331751382126789
0.10360360360360361,1.2555126855984746,1.2750867760345264,1.2953068477329988,1.3156258062554504,1.3354959172420628
0.10383383383383384,1.257702744294214,1.2772909097497431,1.297537459277053,1.3178981800537648,1.3377812964186897
0.10406406406406407,1.259853480023244,1.279464335237611,1.299748075010686,1.3201374776309185,1.3400962982451576
0.1042942942942943,1.2619893227380512,1.281620148224393,1.3019592921688015,1.3223879230141993,1.3423720665552608
0.10452452452452453,1.264083796068343,1.2837686138518618,1.304153790845242,1.324620584626407,1.3446625874754434
0.10475475475475476,1.2662294410971964,1.2859137726626273,1.3063345472469479,1.3268473997563872,1.3469143157391632
0.104984984984985,1.2683101573794755,1.28805452792611,1.308502959740584,1.3290540741773846,1.3491595418309632
0.10521521521521522,1.270392952039304,1.290175914907152,1.3106675952287707,1.3312589249176168,1.3514092444402932
0.10544544544544546,1.272504471332353,1.2922758439670547,1.312819117786653,1.3334525607462497,1.3536431457124465
0.10567567567567568,1.274590457810997,1.2943582419651791,1.3149687945586623,1.3356394586875342,1.355863322590016
0.10590590590590591,1.2766379957416611,1.2964422574405268,1.3170992243065,1.3378106544390858,1.3580546136024017
0.10613613613613615,1.278670946563044,1.2985225925268464,1.3192175161363666,1.3399770640001856,1.3602635236446767
0.10636636636636637,1.2806916089426823,1.300593469231001,1.3213217507341977,1.3421193960166782,1.362456295991818
0.10659659659659661,1.2827209342178698,1.3026425571333853,1.3234180699769225,1.3442353972543726,1.3646405608862002
0.10682682682682683,1.2847752967704296,1.30468259010669,1.325504338526738,1.3463612485011993,1.3668284854466406
0.10705705705705706,1.2867675974006119,1.3067178762472262,1.3275882295658479,1.3484759234127772,1.3689769295428464
0.1072872872872873,1.2887504740759563,1.308736438224361,1.3296600151085616,1.3505624821753943,1.3710980295281006
0.10751751751751752,1.2907136235449272,1.3107489371699366,1.3316992636508493,1.3526542325303752,1.3732224550945067
0.10774774774774776,1.292692399305868,1.3127666141133412,1.3337468278018867,1.3547307515784863,1.3753401600777262
0.10797797797797799,1.294639236790403,1.3147673934750643,1.3357873245579124,1.3567829540428973,1.377440462484326
0.10820820820820821,1.2965743802539782,1.3167511978126039,1.3377969211250407,1.358825878666682,1.3795255380809939
0.10843843843843845,1.298522728228526,1.3187033162685546,1.3398035016826764,1.3608700210124045,1.3816017213843939
0.10866866866866867,1.3004185214933592,1.3206573504982664,1.341792427255501,1.3628988797881192,1.383664938069256
0.10889889889889891,1.3023319201327617,1.322621133539623,1.3437786052633378,1.3649033325386313,1.3857130109651792
0.10912912912912914,1.304206107312803,1.3245621584526286,1.345740810628286,1.3669041858916333,1.387752577738529
0.10935935935935936,1.3060982348836818,1.3264820568848816,1.347709281816102,1.3688935876379944,1.3897807938900575
0.1095895895895896,1.3079782399920317,1.3283990769290661,1.349659021166421,1.3708649845342782,1.3917935560714139
0.10981981981981982,1.3098707321103655,1.330319874591474,1.3515956197828245,1.3728384656262353,1.3937933765854194
0.11005005005005006,1.311741998337061,1.3322000017426714,1.3535288511052979,1.3747910302010171,1.395775981068123
0.1102802802802803,1.3135916877676854,1.334067958066183,1.3554450648573482,1.3767334553347463,1.3977543892781807
0.11051051051051052,1.3154263248278955,1.3359416160883608,1.3573427334218198,1.378668243264526,1.3997155151184935
0.11074074074074075,1.3172700078254278,1.3377839469486354,1.359231443320704,1.3805887161653303,1.4016719203153585
0.11097097097097099,1.319084371747641,1.3396249898705614,1.3611166068860707,1.3824937795437882,1.403595928967344
0.11120120120120121,1.3208947919109808,1.3414546825323075,1.36298962978207,1.384388458513209,1.405508256513548
0.11143143143143144,1.3226643833407026,1.343277347845304,1.3648386207343037,1.3862667945051634,1.4074225222485846
0.11166166166166167,1.324452589936447,1.3451013613928704,1.3666897371759235,1.388133768555921,1.4093219680265798
0.1118918918918919,1.3261900455746707,1.3469058765173614,1.3685227228963839,1.3900081612886883,1.4112212725785025
0.11212212212212214,1.327988179756789,1.3486965270023206,1.3703480397186865,1.3918709998686178,1.4130865797046852
0.11235235235235236,1.329745154317188,1.3504636493512343,1.372154704244325,1.3936895748226779,1.4149791750178495
0.1125825825825826,1.3314500117198584,1.3522397544910965,1.3739627331428563,1.3955273094969605,1.4168606237561665
0.11281281281281282,1.3331815317603724,1.353990829801421,1.375759003512012,1.397356928612429,1.418686472886688
0.11304304304304305,1.3349061267600315,1.3557446964133024,1.3775419365650776,1.3991576358757178,1.4205178862084662
0.11327327327327329,1.336639067535001,1.3574936262703268,1.379294784737422,1.400960207314897,1.4223363940561515
0.11350350350350351,1.3383313187986459,1.3592003494730978,1.3810481011292526,1.4027449270268084,1.424148999886027
0.11373373373373374,1.3400216816411568,1.3609019804008688,1.3827792793007319,1.4045317658223506,1.4259565178597455
0.11396396396396398,1.341659191313791,1.3626177475684105,1.3845058307810996,1.406288005922356,1.4277437901907888
0.1141941941941942,1.3433624008055083,1.3643079763889978,1.3862153863585702,1.408034601441065,1.4295337448117813
0.11442442442442444,1.345010590219106,1.3659920505693388,1.3879264225745782,1.4097823896077488,1.4313171416709387
0.11465465465465466,1.3466584811976832,1.367644656965893,1.3896330146195561,1.4114887077391114,1.4330759564289954
0.1148848848848849,1.3482987571008924,1.3693182485442543,1.3913151051351291,1.4131965007549694,1.434810916368564
0.11511511511511513,1.3499234633276629,1.3709542972030173,1.3929942404851312,1.4148653535663487,1.4365483649086275
0.11534534534534535,1.3515367801121678,1.3726005548036504,1.3946638304531322,1.4165613136417154,1.4382773440147956
0.11557557557557559,1.3531401714805729,1.3742153451806074,1.3962945457243847,1.4182476512155413,1.439986199675858
0.11580580580580581,1.3547082758432833,1.3758233133541626,1.3979517280453406,1.4199026450277548,1.4416792907075144
0.11603603603603604,1.356271691473159,1.3774240373660818,1.3995653787809974,1.421555049792777,1.443357451255744
0.11626626626626628,1.3578617370883341,1.3790045448193786,1.4011761456873608,1.4231837152622262,1.4449976386466235
0.1164964964964965,1.3594012127553357,1.3805818561556162,1.4027642932135473,1.424815712759038,1.4466561719260616
0.11672672672672674,1.3609247316723092,1.38214253027166,1.404346972192427,1.426431582769712,1.4483140610639258
0.11695695695695697,1.362444400050125,1.383687863384245,1.4059297453916066,1.4280348895766979,1.4499588087207111
0.1171871871871872,1.3639855868737423,1.3852263719224036,1.4074937784861066,1.4296341549041354,1.4515656385655873
0.11741741741741743,1.365492995559775,1.3867506145343627,1.4090535670594468,1.4312176372012522,1.4531376205695556
0.11764764764764765,1.3670064945374119,1.3882650002567034,1.4105929709568341,1.4327876938994786,1.4547471006591675
0.11787787787787789,1.3685106218214178,1.3897642408376738,1.4121281040514695,1.4343349579956959,1.4563137437728715
0.11810810810810812,1.3700011634818905,1.3912764106501336,1.413653160775084,1.4358728753235206,1.4578648335735616
0.11833833833833834,1.3715028607973934,1.3927676303169818,1.4151710463442748,1.4373940046815221,1.4593990315316352
0.11856856856856858,1.3729552159867866,1.3942479097388898,1.4166567312558132,1.438907868336887,1.4609139118419676
0.1187987987987988,1.3744076242189458,1.3957149541751175,1.418149862630549,1.4404272332330512,1.4624256935574322
0.11902902902902904,1.3758418895526139,1.3971509213829119,1.4196282785344365,1.4419189109615844,1.4639350751018327
0.11925925925925927,1.377262621551289,1.3985749761854793,1.4211029925727838,1.443404277479795,1.4654272473587615
0.1194894894894895,1.37865619451211,1.3999829922159057,1.422554059137151,1.4448666065639806,1.466929711815404
0.11971971971971973,1.3800594439624576,1.4013912824131214,1.4239937211560376,1.446351333646464,1.46840021806633
0.11994994994994997,1.3814568435938863,1.4028034903404751,1.4254161193812502,1.447794293950297,1.4698742370468951
0.12018018018018019,1.3828295576515337,1.4041853315220065,1.4268197794542152,1.4492412665603949,1.4713263120142177
0.12041041041041042,1.3841973188291885,1.4055624475175068,1.4282151666993723,1.450662812536474,1.4727653633107423
0.12064064064064065,1.3855711616101236,1.406930706283171,1.4296113230385665,1.4520692930937416,1.4741878314466608
0.12087087087087088,1.3869239725321088,1.4083004922235098,1.4309987054703766,1.4534802441463346,1.4756172058221346
0.12110110110110112,1.3882518755035413,1.409643919339222,1.4323799703544442,1.4548697290822317,1.4770256374799688
0.12133133133133134,1.389561788934219,1.4109902613781633,1.4337539778607231,1.4562595701007737,1.478421306837969
0.12156156156156157,1.390857584520152,1.4123131800629467,1.4350940736120765,1.4576195501348457,1.4798075258839374
0.1217917917917918,1.3921620756783895,1.4136295807928188,1.436430964081487,1.4589656274807927,1.4811958264506728
0.12202202202202203,1.3934399505230695,1.4149363789078147,1.4377452091789573,1.4603169384661323,1.4825095477005141
0.12225225225225227,1.3947263369627176,1.4162254812619675,1.439058971270247,1.4616431500242226,1.483866156313122
0.12248248248248249,1.3959687617523087,1.417499639239773,1.4403718918635657,1.4629536582779745,1.485205601127057
0.12271271271271272,1.3972247221518492,1.418779785009156,1.4416623824944148,1.4642649819760478,1.4865233201051942
0.12294294294294296,1.3984584589020244,1.4200295709686495,1.4429380861129673,1.4655601056988412,1.4878383897036747
0.12317317317317318,1.3996860657502987,1.421267389947396,1.4442062233083415,1.4668362799160446,1.4891221555646588
0.12340340340340342,1.400921364805578,1.4225109275861691,1.4454631477610003,1.4681039483091656,1.4904126022423667
0.12363363363363364,1.4020963883523434,1.4237299835220347,1.4466926864595675,1.469361763985151,1.4916648671758208
0.12386386386386387,1.403290695537055,1.4249467770616568,1.4479152260629131,1.4706189408493509,1.4929305356123221
0.12409409409409411,1.404469663202711,1.42615343944581,1.4491377836190669,1.471862230173502,1.4942015794966008
0.12432432432432433,1.4056254964031951,1.4273644683730542,1.450350962510226,1.4730881713281092,1.4954368483961489
0.12455455455455457,1.4067614027484783,1.4285391072241804,1.4515535339594057,1.4742991573413042,1.4966680696481285
0.12478478478478479,1.4079001552788029,1.429704031078881,1.4527284025708103,1.475497352821093,1.4978971613397778
0.12501501501501502,1.4090283014229306,1.4308558721727795,1.4538978955960822,1.4766680249533772,1.4990961653841843
0.12524524524524525,1.4101442668350577,1.4319857063952985,1.4550495435871205,1.4778317035702957,1.5002785575674664
0.1254754754754755,1.4112601299171637,1.4331150187771369,1.456200151761912,1.4789794808151193,1.501467514622891
0.12570570570570572,1.412337594380815,1.434260882923763,1.4573389375271224,1.4801303118502804,1.5026432238772927
0.12593593593593594,1.4134181837039193,1.4353716385125734,1.4584599502623736,1.4812693372650836,1.5037700150100588
0.1261661661661662,1.4145167294185585,1.4364431350868774,1.4595771751432556,1.4824076463233908,1.5049174001533627
0.1263963963963964,1.4156012821096715,1.4375307230858485,1.4606772731473576,1.4835061646502858,1.5060208050198673
0.12662662662662663,1.4166498775820577,1.4386008278288083,1.4617567005219896,1.4845943780206754,1.5071337152448667
0.12685685685685685,1.4177056516847055,1.4396790687734597,1.4628350330636208,1.4856728276760467,1.5082369912721758
0.1270870870870871,1.4187545283627365,1.4407403963496885,1.4639065085743617,1.4867560041259857,1.5093475430164993
0.12731731731731732,1.4198120068104725,1.4417660696560797,1.464961770381393,1.4878333049863481,1.5104429372392503
0.12754754754754755,1.4208457384258812,1.4427850832413955,1.4660035221002368,1.4888750265095703,1.5114942599083094
0.1277777777777778,1.4218683425754224,1.4438027821619295,1.46702198602273,1.4899091704246548,1.5125833339026673
0.12800800800800802,1.4228856759331592,1.4448039719202994,1.4680283616068877,1.4909546680575936,1.5136145887744301
0.12823823823823824,1.423862157534435,1.4457968849834868,1.4690353430822016,1.4919663368429374,1.5146049521719915
0.1284684684684685,1.4248360647868676,1.4467760900131463,1.470022392698211,1.4929651624270646,1.515599304847863
0.1286986986986987,1.425808469122811,1.447748084733202,1.4710059263790067,1.4939661677585252,1.5166369054383093
0.12892892892892893,1.4267714395621502,1.4486905818478124,1.4719764714108465,1.4949471823568279,1.5176369074546183
0.12915915915915918,1.4277126107434694,1.4496504351388937,1.4729319580999554,1.4959079709005905,1.5186426252185086
0.1293893893893894,1.4286394579905777,1.4505972993245426,1.4738745573315162,1.496872909829381,1.5196409390208343
0.12961961961961962,1.4295492470505324,1.451533079940163,1.4748107881985495,1.4978013470825609,1.5205990736159116
0.12984984984984985,1.430471288561419,1.4524594184499835,1.4757419130625793,1.4987355451357445,1.5215496871874177
0.1300800800800801,1.4314004988988558,1.4533676445116874,1.4766508565443077,1.499647166614773,1.522494759317523
0.13031031031031032,1.4322685677718774,1.4542526255191164,1.477559061261452,1.5005516576463418,1.5234047019249888
0.13054054054054054,1.4331377046179143,1.4551213227253263,1.4784349043775793,1.5014365857325558,1.5242793700497292
0.1307707707707708,1.433994508247117,1.4559791194232228,1.4793157295514512,1.5023025516543405,1.5251718274043333
0.131001001001001,1.4348528939992162,1.456824576865589,1.4801739480653793,1.5031728086433445,1.526024417563029
0.13123123123123123,1.4356983101864131,1.4576782338292336,1.4810168879988808,1.5040248011284838,1.5269078753371472
0.13146146146146148,1.436533005430145,1.4585075050686516,1.4818535108992044,1.504879975963362,1.5277468653481592
0.1316916916916917,1.437353694406306,1.4593131972037912,1.4826850010528667,1.5057184935849084,1.5286044931990745
0.13192192192192193,1.4381439598090962,1.460128134827635,1.4835088174745,1.5065400162134195,1.5294432919090128
0.13215215215215217,1.4389140883462184,1.4609277945681989,1.4843085574924537,1.5073340731923197,1.530272274582027
0.1323823823823824,1.4396847745974217,1.461726404787097,1.4850947231397371,1.5081209051373878,1.531082173240973
0.13261261261261262,1.4404605026801311,1.4625118971313988,1.4858762191082149,1.5088900825497704,1.5318839885293691
0.13284284284284284,1.4411913222725357,1.463269962870365,1.4866544534397914,1.5096455229203563,1.5326593019000143
0.1330730730730731,1.4419422610598518,1.464018688122253,1.48741590000802,1.510400735085467,1.5334452486830181
0.1333033033033033,1.4426714926164372,1.4647572898671084,1.4881651815621868,1.5111436836134933,1.5341864710039912
0.13353353353353353,1.4433994928103995,1.4654973569923788,1.4888987761214807,1.511881703389892,1.5348861919270185
0.13376376376376378,1.4441062930146946,1.4662252738733907,1.4896116748912482,1.5125797344451728,1.5355769296627586
0.133993993993994,1.444814120214665,1.466929876820644,1.4903200134549055,1.5132966406069006,1.5362873983658967
0.13422422422422423,1.4455070494094966,1.467634509632014,1.4910184737092893,1.5139990585556142,1.537008479127415
0.13445445445445448,1.4461957327253272,1.4683006690360092,1.4916941626044886,1.514683574493201,1.5377058590190587
0.1346846846846847,1.4468500911861364,1.4689854364235482,1.4923628508379503,1.5153674391815761,1.5383880010259032
0.13491491491491492,1.4475315524808792,1.4696290152477125,1.4930277987925191,1.5160383725081046,1.5390603467891704
0.13514514514514517,1.4481654920142824,1.4702723050268378,1.4936763526073742,1.5166763276267123,1.5397179638010436
0.1353753753753754,1.4488115005881759,1.470925549930682,1.4943221766906758,1.5173168063774956,1.540341712830111
0.1356056056056056,1.4494658325426324,1.4715546477543098,1.4949316741398864,1.517947118761008,1.5409675852943607
0.13583583583583583,1.450056090344729,1.4721767307928628,1.4955464995477563,1.5185442136349183,1.5415725858611349
0.13606606606606608,1.4506642302142667,1.4727796099726884,1.496146586697205,1.5191353434870067,1.542163141792011
0.1362962962962963,1.451261226606669,1.4733793981524619,1.4967266850282333,1.5197281792073678,1.5427546780018802
0.13652652652652653,1.4518318234693988,1.4739632819395345,1.4972947301759783,1.5202950942176212,1.5433129609654885
0.13675675675675678,1.452385605961879,1.474533997055216,1.4978595429374872,1.5208612096492615,1.5438928615525689
0.136986986986987,1.452933393263228,1.475087034641085,1.4984055374406093,1.5214184266662898,1.5444430110191616
0.13721721721721722,1.4534513833451235,1.4756297625848718,1.4989516660615774,1.521954490904527,1.5449542912044139
0.13744744744744747,1.4539583076192737,1.4761747334774573,1.49948180184839,1.5224947906175834,1.5454818428724808
0.1376776776776777,1.4544783150951246,1.4767016671412068,1.4999880753809431,1.5230230971402217,1.545997533963471
0.1379079079079079,1.4550330698329192,1.4772317065696006,1.5004970400833824,1.523510561311493,1.5465092252446104
0.13813813813813816,1.4555044789500533,1.4777304525899972,1.5009869772046196,1.5239955603025561,1.5470053287719785
0.13836836836836838,1.4559819134301228,1.4782226925381081,1.501480623676418,1.5244755789019286,1.5474670734446825
0.1385985985985986,1.4564872319425186,1.4786983269979117,1.501957688363809,1.5249463831283248,1.5479408259450178
0.13882882882882883,1.4569796639763943,1.4791635264200291,1.5024218010907242,1.5253797590646614,1.5483834506126317
0.13905905905905908,1.4574275031456434,1.4796139203825072,1.5028657922972164,1.525841188560213,1.5488164991394213
0.1392892892892893,1.4578381012294617,1.4800591703586383,1.5032952114612106,1.5262496436231223,1.549209644326451
0.13951951951951952,1.45827208617696,1.4804753380575608,1.50372238656246,1.5266795763297265,1.5496479284396245
0.13974974974974977,1.4587125611334608,1.4808956532713378,1.5041257662236391,1.5271016131520172,1.550036677653422
0.13997997997998,1.4591420441762393,1.4813180796881382,1.5045253788239055,1.5274754707828957,1.5504042733695007
0.1402102102102102,1.459590221906794,1.481716367540226,1.504899012674299,1.5278549453771235,1.5507880731285162
0.14044044044044046,1.4599848890186404,1.4820944594918397,1.5052626506707505,1.5282154950815399,1.5511570401077293
0.14067067067067068,1.460329499157043,1.4824661807251913,1.5056321141671352,1.5285774959421363,1.5514918203945727
0.1409009009009009,1.46070194129121,1.4828271435869733,1.505979993042739,1.5289199304361893,1.5517943584095901
0.14113113113113115,1.461055539703297,1.48317566906234,1.5063236430698634,1.5292626912368918,1.5521047253270115
0.14136136136136138,1.4614299833446482,1.4835186987770077,1.5066467818317941,1.5295758568023488,1.5523982107404446
0.1415915915915916,1.4617704245762373,1.4838391790152892,1.506986709418419,1.529894087642935,1.5526932655306134
0.14182182182182182,1.4620631221857667,1.4841737198804468,1.507298947474348,1.5301958978140773,1.552976102036189
0.14205205205205207,1.4623951745637338,1.484487863551763,1.5075922531384918,1.5304834439371058,1.5532456639409389
0.1422822822822823,1.4627159324200674,1.4847801740606483,1.507875529101134,1.5307543144220996,1.5534955791092857
0.1425125125125125,1.4630195901152447,1.485058342525993,1.5081398408835518,1.5310228190677824,1.553717228246423
0.14274274274274276,1.4633081558930547,1.4853358049901693,1.508397744993913,1.5312694704893948,1.5539739035574096
0.14297297297297298,1.463559853032707,1.485604215838162,1.508634377636397,1.5315053416173101,1.5542214271612413
0.1432032032032032,1.4638182233551333,1.4858578009586398,1.5088482070637785,1.5317164559762029,1.5544485120601985
0.14343343343343345,1.4640883145674959,1.4860859679406706,1.5090700961705747,1.5319224772223674,1.5546287967081043
0.14366366366366368,1.464327430686287,1.4862972289728402,1.5092808688247557,1.5321284584457988,1.5548025846218998
0.1438938938938939,1.4645532052895944,1.486489553205997,1.5094718686108712,1.53232636737679,1.5549675775937004
0.14412412412412415,1.4647677122603826,1.486686156566365,1.5096452838218901,1.5325089135067191,1.555147812449428
0.14435435435435437,1.4649609798783125,1.4868875746228916,1.5098095128860451,1.5326625683828343,1.5552989691500243
0.1445845845845846,1.4651458162750077,1.4870469594122064,1.5099685096979534,1.5328250973658837,1.5554450631889927
0.1448148148148148,1.4653287453716668,1.487226624995701,1.5101084508960374,1.5329594838013383,1.5555735639230737
0.14504504504504506,1.4654739029523363,1.4873815227767275,1.510242689503261,1.5330865463658747,1.555702167008064
0.14527527527527528,1.4656242837197317,1.4875161564037709,1.510371732759851,1.5332355979246937,1.5558142340690413
0.1455055055055055,1.4657486920629215,1.487653661135703,1.5104833991971494,1.533341092618539,1.5559016619573414
0.14573573573573576,1.4658868798303801,1.4877643262296925,1.5105866422916692,1.5334367170221632,1.5559668121357348
0.14596596596596598,1.4660058351527259,1.4878770387055678,1.5106758103667497,1.533519672289417,1.5560091352571208
0.1461961961961962,1.4661276640797496,1.4879863909998887,1.510747454719268,1.5335841856146284,1.5560335536477166
0.14642642642642645,1.4662079093696099,1.4880880344470224,1.510816884974752,1.5336463562821727,1.5560596816220487
0.14665665665665667,1.4663010353894885,1.4881517384322085,1.5108656373426455,1.5336825964185876,1.5560620770993694
0.1468868868868869,1.4663728102182139,1.4881836088611569,1.510913451062884,1.5337027211218226,1.556060487841465
0.14711711711711714,1.4664408357610343,1.488222989011084,1.5109446715471977,1.5337155245245049,1.556022729824456
0.14734734734734736,1.4664799814602383,1.4882547983889267,1.510961587013394,1.5337231405851577,1.555978047914982
0.14757757757757758,1.46652752519477,1.4882825366390835,1.5109482749332814,1.5337137102447507,1.5559632848539096
0.1478078078078078,1.466540643259124,1.488292958035377,1.5109481204006472,1.53369959445493,1.5559196580921937
0.14803803803803806,1.4665495906490182,1.4883017256376592,1.5109184863160856,1.5336787133360925,1.5558720649507294
0.14826826826826828,1.4665454547963122,1.4882963708110626,1.5108779655346984,1.5336266044510476,1.5558159594413927
0.1484984984984985,1.4665023115184994,1.4882722945342384,1.5108389775856559,1.5335811177677134,1.5557043649571471
0.14872872872872875,1.4664522362531116,1.4882203970149852,1.5107752968507733,1.5335118512497778,1.555622075154888
0.14895895895895897,1.4664112062230075,1.488139563422239,1.5107103063296812,1.5334442388997667,1.5555064498686844
0.1491891891891892,1.4663579241538867,1.488081798602659,1.5106257751326773,1.5333370127541714,1.5553806204113363
0.14941941941941944,1.466339274007114,1.4880121839133011,1.5105267613398796,1.5332566690992202,1.5552675835064573
0.14964964964964966,1.466254942272301,1.4879266330725192,1.5104259285963821,1.5331590636327765,1.5551068973687114
0.14987987987987988,1.4661929169250754,1.4878424652588629,1.5103186784026474,1.5330362786714984,1.5549236906561235
0.15011011011011013,1.4660964706769832,1.4877518885165133,1.5101899848502944,1.532892727209004,1.5547304876258257
0.15034034034034036,1.4659721561418906,1.4876100688532428,1.5100590966339305,1.5327274517295597,1.5545295879671923
0.15057057057057058,1.4658375912374817,1.4874920424354423,1.509893885725262,1.5325559028867668,1.5543261150083674
0.1508008008008008,1.4656972094601621,1.487350748076843,1.5097302854431576,1.5323734133412343,1.5541153960967067
0.15103103103103105,1.4655652448436458,1.4871751739398966,1.509556690788551,1.5321613945313077,1.5538827576204677
0.15126126126126127,1.4654123268529333,1.4870198003874673,1.5093628829654524,1.5319620662921787,1.5536642429690184
0.1514914914914915,1.46528391455672,1.486849858408799,1.5091550603141468,1.5317503148793694,1.553397526968033
0.15172172172172174,1.4651168928906495,1.4866534255550266,1.508952890929037,1.5315270804082002,1.5531863346367194
0.15195195195195196,1.4649309846081675,1.486445136630919,1.5087265201624283,1.5312978650254965,1.5529077785030043
0.15218218218218219,1.4647247034335296,1.4862310793030031,1.5084989097371184,1.5310388896196907,1.552623944934518
0.15241241241241243,1.4644928693064245,1.485999450079229,1.50825876369458,1.5307556178793875,1.5523399500022477
0.15264264264264266,1.464274473133407,1.4857536636322524,1.5080008260052786,1.5304669012506715,1.55206934975279
0.15287287287287288,1.4640374344724747,1.4854869788723,1.5077290943304784,1.530181279426065,1.5517523428891566
0.15310310310310313,1.463802354062485,1.4852409814124083,1.5074459563759728,1.529886361329587,1.5514356915811363
0.15333333333333335,1.4635447819425682,1.4849674565012678,1.5071434568599664,1.5295578690129654,1.5510602586009608
0.15356356356356357,1.4632465735955198,1.484688751411457,1.506831114535654,1.529236280793517,1.550704827910986
0.1537937937937938,1.4629806911577472,1.4843913636408734,1.506520906091333,1.5289071146821842,1.550377875431721
0.15402402402402404,1.4627088372698482,1.4840635783531777,1.5062011951692276,1.528567476352657,1.5499784082012809
0.15425425425425426,1.4624129137941968,1.4837414670220992,1.5058590697749952,1.528199804180881,1.5495811915871354
0.15448448448448449,1.462113684382367,1.4833881834033589,1.505517136284095,1.5278161128193921,1.5491736149914102
0.15471471471471474,1.4617971710239566,1.4830403252192514,1.5051571493241556,1.5274105902706168,1.5487610626932362
0.15494494494494496,1.461485745638646,1.4826796324527847,1.5047935332437432,1.5270127841536985,1.548329520921331
0.15517517517517518,1.4611304034781267,1.4822948849334145,1.5043984274563342,1.526599886959512,1.5478723029556376
0.15540540540540543,1.4608006906706277,1.4819073210456322,1.5039941954180773,1.5261757636928504,1.5474158747883613
0.15563563563563565,1.4604631342103382,1.4815321933791021,1.503573103074505,1.5257363112565074,1.546966628916402
0.15586586586586587,1.4600684383904343,1.4811378387872491,1.5031638644370275,1.5252748595225871,1.5464880253703759
0.15609609609609612,1.4597227291503028,1.4807276797698128,1.5027155003153014,1.5248062551283716,1.5459997245710093
0.15632632632632634,1.4593441110746284,1.4802970744029849,1.502248479664025,1.524336077835574,1.545525523871559
0.15655655655655656,1.4589199106584165,1.4798611360621252,1.5017815885343073,1.523847360654299,1.545030109757799
0.15678678678678679,1.4584915294858434,1.479406350911218,1.5013108813848617,1.5233365784448014,1.5445441386562433
0.15701701701701704,1.458061471122902,1.4789596921474417,1.5008060376256158,1.5228280783550598,1.544011641216836
0.15724724724724726,1.4576272651752737,1.4784771341922731,1.5002926677877908,1.5222973558429387,1.5434357210664253
0.15747747747747748,1.4571870160412883,1.4780041258021706,1.4997677372464733,1.5217659430596469,1.54284388185311
0.15770770770770773,1.456722745037499,1.477520055601622,1.4992644010722502,1.5212010665787692,1.5422576934340793
0.15793793793793795,1.4562357270580268,1.4770048119605437,1.4987198456858868,1.520652419674156,1.5416888984630241
0.15816816816816817,1.4557406553439076,1.4764741430700006,1.4981788628931172,1.5200730168859626,1.5411017792928392
0.15839839839839842,1.455218891112068,1.475960376735201,1.4976221640482563,1.5194726970855785,1.5404912492382135
0.15862862862862864,1.4547445943984423,1.4754216194263778,1.4970583549478615,1.5188589070772411,1.5399084206994695
0.15885885885885886,1.4542140876663476,1.4748569562412914,1.496489810450601,1.518235137282755,1.539276463657428
0.15908908908908911,1.453649954283922,1.4742986899517867,1.4959059956477616,1.5176005644868602,1.5386161297025118
0.15931931931931934,1.4531693138273092,1.4737173465411184,1.4953054758709843,1.5169749156077497,1.5379518776920282
0.15954954954954956,1.4525605928660985,1.4731218916961635,1.494699592496129,1.5163472935394247,1.5372750328352915
0.15977977977977978,1.4520100651921775,1.4725098892423003,1.4940662639149673,1.5156784372443397,1.536578406303246
0.16001001001001003,1.4513993327020898,1.4718830210257705,1.4934329385480423,1.514997505178303,1.535868468025022
0.16024024024024025,1.450823367956981,1.4712629305967329,1.492775951127024,1.5143078653559763,1.5351809852748348
0.16047047047047047,1.4502152204063699,1.4706194239987267,1.4921210312103788,1.5136228779554217,1.534468386754275
0.16070070070070072,1.4496286102926572,1.4699874982142607,1.4914447348268371,1.5129214563525322,1.5337464078957483
0.16093093093093094,1.4490016905887468,1.4693200413894374,1.4907470754191383,1.5122049234449546,1.5329887715571318
0.16116116116116116,1.4483478328474835,1.468657211089235,1.4900556213236111,1.5114531763527115,1.5322613790703645
0.16139139139139141,1.44770975983845,1.4679808064118327,1.4893370798817427,1.5107396465140566,1.5315070643650206
0.16162162162162164,1.4470972938852387,1.4672670884289556,1.488609314652093,1.5099894381059842,1.53074489959445
0.16185185185185186,1.446431141398287,1.4665523531691227,1.487868231565216,1.509219735892039,1.5299508951587084
0.1620820820820821,1.445773005862102,1.4658343607796016,1.4871373132402743,1.5084611161546566,1.529120056402913
0.16231231231231233,1.4450683644131397,1.465091488740938,1.4863796801649303,1.5076816071182157,1.5283343140612708
0.16254254254254255,1.444333631129208,1.4643443350179846,1.4856016336829478,1.5068764714455096,1.5275000110587786
0.16277277277277277,1.4435933460067896,1.463607624917802,1.4848332398371178,1.5060752687909602,1.5266585042985983
0.16300300300300302,1.4428671863693472,1.4628445917441557,1.4840413484425168,1.5052506861368806,1.5258037669839424
0.16323323323323324,1.4420985416221628,1.4620770809140513,1.4832099407658803,1.5044158746041207,1.5249251217903879
0.16346346346346347,1.4413602220471962,1.4612798663776159,1.4823937625883747,1.5035866104358353,1.524069453311801
0.16369369369369371,1.4405688558701795,1.4604699356717528,1.4815695612668935,1.5027151622305268,1.5231620711219291
0.16392392392392394,1.4397680491201756,1.4596510994257983,1.48073770991515,1.5018432280899572,1.5222382463694655
0.16415415415415416,1.4389543965887832,1.4588251576683342,1.4798807561060132,1.5009546394841509,1.5213343499702052
0.1643843843843844,1.4381398277459339,1.4579936149100858,1.479017974893385,1.5000451368296592,1.5203924235152084
0.16461461461461463,1.4373266380577505,1.4571514898608722,1.478155170525535,1.4991545265061035,1.5194473693147308
0.16484484484484485,1.4365112808562595,1.4562972737842816,1.4772554305566714,1.4982404891706538,1.518485818533898
0.1650750750750751,1.4356220896467482,1.4554321792933493,1.4763484596876175,1.497297261165805,1.5175168081461667
0.16530530530530532,1.4347566657082955,1.4545534560818518,1.475427633976824,1.4963567013135306,1.516509279628256
0.16553553553553554,1.433882632174039,1.4536661104960185,1.4744972159781893,1.4954030885100695,1.5155646520936272
0.16576576576576577,1.4330482684123818,1.4527741271343952,1.473575859939017,1.4944475868583262,1.5146143595007282
0.16599599599599602,1.432122844253949,1.4518501995513682,1.472612254870165,1.4934746969640733,1.513633166188784
0.16622622622622624,1.431220869525767,1.450911172041876,1.4716495926241389,1.4924887853543132,1.5126330216784984
0.16645645645645646,1.4302959748973167,1.4499554426047854,1.4706593041878033,1.4914919244244667,1.5115843827466138
0.1666866866866867,1.4293685829941527,1.4490036443965992,1.4696831806115145,1.4904982952985861,1.5105511458449792
0.16691691691691693,1.4284247861226507,1.4480412603062436,1.4686805556455502,1.489464345389406,1.509533940768317
0.16714714714714715,1.4275049705723166,1.4470648348894146,1.4676647711404465,1.48842988958273,1.5085314895762245
0.1673773773773774,1.4265432845309178,1.4460726317844677,1.4666450246671483,1.4873874794912916,1.507442728453441
0.16760760760760762,1.4255747850374572,1.4450875695756087,1.4656187575388122,1.4863216050550545,1.5063428370817875
0.16783783783783784,1.4245947055077421,1.444072727271118,1.4645824440172561,1.4852505908081228,1.50526855427063
0.1680680680680681,1.4235942672912776,1.4430589341212738,1.4635312193347159,1.4841734893649274,1.5041472273233951
0.16829829829829832,1.4225671000176436,1.4420179188967375,1.4624722720678138,1.4830794322162995,1.5030047333079042
0.16852852852852854,1.4215325956457034,1.4409667248204452,1.4613930107454074,1.4819924719051385,1.501860467852722
0.16875875875875876,1.420501837554859,1.4398905827590778,1.460305072787332,1.4808890749094314,1.5007057935152694
0.168988988988989,1.4194180076475313,1.438795784644724,1.4592115323718582,1.4797345696051605,1.4995447808251636
0.16921921921921923,1.4183563521823366,1.437716657052857,1.4581071945931317,1.4785908238601888,1.4983776345750712
0.16944944944944945,1.4172690551173424,1.4366265167430068,1.4569822913875703,1.4774395165284333,1.4972352090653405
0.1696796796796797,1.4161764695001793,1.4355143775792838,1.4558324867136245,1.476294653551575,1.496031215863689
0.16990990990990992,1.4150581734348457,1.434397237431453,1.4546737093658633,1.4751004329918627,1.4948042215022581
0.17014014014014014,1.4139785242145693,1.433265825144069,1.4535144042829866,1.473904963916314,1.4935876432769444
0.1703703703703704,1.41284059895525,1.4321212592957577,1.4523494858356931,1.4727092791882452,1.4923646906520298
0.17060060060060062,1.411682824361549,1.4309491775916234,1.451174423538907,1.471493255703238,1.4911023342219376
0.17083083083083084,1.4105495005904518,1.4298030643967088,1.4499760023462052,1.470263186426092,1.48983741083889
0.1710610610610611,1.4093909487211722,1.4286285508146694,1.4487780090610276,1.4690457573682396,1.488571403303267
0.1712912912912913,1.408197417277795,1.4274289331169134,1.4475691153943517,1.4678097713095468,1.4873314651131913
0.17152152152152153,1.4070279258234843,1.4262224019304481,1.4463444602483726,1.466543339009988,1.4860393571729027
0.17175175175175175,1.4058459968316874,1.42502459955683,1.4451018829547866,1.4652560692479664,1.4847473397939257
0.171981981981982,1.4046470297299591,1.4238033467018711,1.4438571680618315,1.4639689569495387,1.483431696681011
0.17221221221221222,1.4034316254905805,1.4225520590164573,1.442587810440531,1.4626993610081347,1.4821211504316807
0.17244244244244245,1.4022327417056835,1.4213072711698786,1.4413225214659218,1.4614172832625474,1.4807917288637866
0.1726726726726727,1.4009989197063906,1.4200464236466537,1.4400223956596117,1.4600975885899723,1.4794574955367943
0.17290290290290292,1.3997891113833951,1.4187574954832916,1.4387162407603316,1.4587730593635426,1.4781151019974288
0.17313313313313314,1.3985031523958933,1.417465390910793,1.437404957230796,1.4574423330476145,1.476770000869547
0.1733633633633634,1.3972393384789699,1.4161605467005043,1.4360994521234909,1.45606784267521,1.4754013523056682
0.1735935935935936,1.3959400643382336,1.4148671459017224,1.434756908521119,1.4547067673498053,1.4740158773238539
0.17382382382382383,1.3945917179576064,1.4135428753886166,1.4334228013280943,1.4533403669284413,1.4726217423916284
0.17405405405405408,1.3932808417247133,1.4122136023466254,1.432062070508904,1.45195351781622,1.4711812544382636
0.1742842842842843,1.3919589127036562,1.4108585247905068,1.4306835547302992,1.4505804247080196,1.469727247383465
0.17451451451451452,1.39061531145928,1.4095024776497231,1.429301883709426,1.4491670638487881,1.4682859794995222
0.17474474474474475,1.3893059515993158,1.4081207140191951,1.4279108770446978,1.447727671003966,1.4668541565466788
0.174974974974975,1.3879298907033848,1.4067196935248736,1.4265031952781462,1.4462861947715637,1.4653918467773028
0.17520520520520522,1.3865852661372016,1.4053131095724853,1.4250765675254247,1.444833661066377,1.4639104831259284
0.17543543543543544,1.3851883182055789,1.4039030799209182,1.4236457207113487,1.4433718627284413,1.4624266526702214
0.1756656656656657,1.3837464654223295,1.4025026081781657,1.422202137597113,1.441928724968195,1.4609552672080577
0.1758958958958959,1.382317910749308,1.4010859921085366,1.4207552165733313,1.440468425424732,1.4594544873754396
0.17612612612612613,1.3809089746856105,1.3996532554017875,1.419280427300595,1.4389964207520223,1.457944140026758
0.17635635635635638,1.3794653585903138,1.398195593600883,1.417814178148052,1.437495893326423,1.4564112709943717
0.1765865865865866,1.378024498979286,1.396735422613497,1.4163258145440067,1.435986982665639,1.4548660599183671
0.17681681681681682,1.3765463025993439,1.3952478754531696,1.4148291020250598,1.4344825867609303,1.4533557620432265
0.17704704704704707,1.3750630330702511,1.3937621284968442,1.4133131911629944,1.4329499593114168,1.4517988678558165
0.1772772772772773,1.3735782596103263,1.392259030980916,1.411784825194135,1.4314090386209484,1.4502098867683206
0.17750750750750752,1.3720545301866587,1.3907563332895534,1.4102475552798428,1.4298637161439254,1.448656503703103
0.17773773773773774,1.3705218634421539,1.3892370977597466,1.408687692127402,1.428282070951882,1.4470678651619446
0.177967967967968,1.3689810482433902,1.3876959886623697,1.4071239597302725,1.4267256912388184,1.445467972638709
0.1781981981981982,1.367435142509118,1.3861320991076116,1.4055449808037126,1.4251530090368216,1.4438902529964446
0.17842842842842843,1.3659030924194069,1.3845479113724,1.4039538367983375,1.4235609059863648,1.4422676730202324
0.17865865865865868,1.3643438474825238,1.382990682988442,1.4023504547961498,1.4219686209168447,1.4405728868892762
0.1788888888888889,1.362784393307802,1.3813999788919817,1.4007478576302423,1.420326344679648,1.438919385444749
0.17911911911911912,1.361186240119383,1.379773703268544,1.3991348767641727,1.4186937416111025,1.4373289458230012
0.17934934934934937,1.3595863551916305,1.3781698238111397,1.3975007940963786,1.4170401808150275,1.4356729973471303
0.1795795795795796,1.3579682477232564,1.3765370619200432,1.3958601601635823,1.41536195267895,1.433989988354432
0.17980980980980982,1.3563277726401823,1.3748887677719186,1.3942140908564102,1.4136903282397553,1.4323012947146425
0.18004004004004007,1.3547087700648484,1.3732286644552587,1.3925496676362432,1.4120035510164284,1.4305965553030775
0.1802702702702703,1.3530573139143938,1.3715864164808769,1.390885342590652,1.4103310507138718,1.4288920979650672
0.1805005005005005,1.3514157290527762,1.3699014572893087,1.3891940582501099,1.4086410804340506,1.4271808000114674
0.18073073073073073,1.3497427380372806,1.368200803533678,1.3874807910221936,1.4069203424463677,1.4254902998952828
0.18096096096096098,1.3480392375155594,1.3665084358796948,1.3857805630088682,1.405200891495217,1.4237994302284323
0.1811911911911912,1.3463248375264227,1.3647651788220703,1.3840688855466146,1.4034831168901685,1.4220874041151845
0.18142142142142142,1.3446111245760315,1.3630197052409456,1.3823276499131,1.4017507124471,1.420378716484473
0.18165165165165167,1.3428705805417402,1.3612933431292327,1.3805794362118697,1.4000127384612568,1.4186003525136108
0.1818818818818819,1.3411370592868574,1.3595307678950868,1.3788243783295175,1.398257684973544,1.416813025584943
0.18211211211211212,1.3394058932047792,1.3577744833452845,1.3770608555387875,1.3964760358035093,1.4150151782054838
0.18234234234234237,1.3376971276547356,1.3559909885299184,1.3752688131099835,1.394689014608594,1.4132265974328835
0.1825725725725726,1.3359459001123541,1.3542171898734077,1.3734766873495075,1.3928979176586924,1.4114222539163306
0.1828028028028028,1.3341756483159901,1.3524309186705288,1.3716704936364814,1.3910967328944719,1.4096298243261167
0.18303303303303306,1.3323666025867311,1.3506341567368274,1.369847921967675,1.3892801441044824,1.4078082479313665
0.18326326326326328,1.3305741900094705,1.3488073864573664,1.3680224992719874,1.3874336752554215,1.4060018097841298
0.1834934934934935,1.3287694155014538,1.3469817943512037,1.3662020944958992,1.3855775917595052,1.4041999303909736
0.18372372372372373,1.3269618165869188,1.345114048306823,1.3643609940496706,1.3837375273247563,1.4023618571418477
0.18395395395395397,1.3250880634763538,1.3432574056338715,1.3624941136706201,1.3818669596800248,1.4005173207867676
0.1841841841841842,1.3232378803465372,1.34139720807567,1.3606321436741344,1.3799598441268761,1.3986427314718566
0.18441441441441442,1.3214065503670542,1.339524538499507,1.358735722827553,1.3781048645585683,1.3967495115803714
0.18464464464464467,1.3195393103473663,1.3376761842207048,1.356858417525054,1.376202159376711,1.3948946477765434
0.1848748748748749,1.3176746787699354,1.335782182273558,1.3549653631004979,1.3742737717741786,1.3929976795715189
0.1851051051051051,1.3157493570473475,1.3338498717953375,1.3530434318250477,1.3723598634031233,1.3911039251161539
0.18533533533533536,1.3138340344644004,1.3319130726512707,1.3510983476539418,1.370416886897146,1.389124556076637
0.18556556556556558,1.3119452905693059,1.329956226947225,1.3491579974516763,1.3684968331550786,1.3872202811481547
0.1857957957957958,1.3099795722582377,1.3280102621406082,1.3472009926816977,1.3665329589601327,1.3853021466693423
0.18602602602602605,1.3079787070313198,1.3260467514794996,1.345237652817801,1.36457819336781,1.3833577515554507
0.18625625625625628,1.3059618243546733,1.324079391299677,1.343272916807889,1.362610678020281,1.3813990936828693
0.1864864864864865,1.3039977596351562,1.3220994159710984,1.341289156707429,1.3606344037247249,1.3794281756369786
0.18671671671671672,1.3020088309054345,1.3200952235700922,1.339292796948625,1.3586327028269176,1.3774706434020652
0.18694694694694697,1.3000027468140527,1.3180699787508068,1.3373179060255966,1.3566236261746691,1.375472626738615
0.1871771771771772,1.2979582896630397,1.3160301926617577,1.3353162898483872,1.3545921821514793,1.3734546870776685
0.1874074074074074,1.2959324078955694,1.313980544556879,1.3332738576662442,1.3525573811102685,1.371423484812083
0.18763763763763766,1.2938798221126837,1.3119379695078488,1.3312306969124912,1.3505464423883866,1.3694263298047116
0.18786786786786788,1.291806684764902,1.309865179614655,1.329178794908714,1.3484988919433958,1.3673982363823511
0.1880980980980981,1.2897039894795888,1.307792987061086,1.3271127237539326,1.3464490360757115,1.3652996016507164
0.18832832832832835,1.2875742350195483,1.3056959179973417,1.3250426798605623,1.344374349378727,1.363262538916425
0.18855855855855858,1.2854604954061588,1.3036120475837174,1.3229522368187336,1.3423464116754025,1.3612129877091557
0.1887887887887888,1.2833739353729932,1.3015170629181365,1.3208715300043694,1.3402588893819498,1.3591736376875776
0.18901901901901905,1.2812865007110528,1.2993955140164701,1.3187758743815714,1.3381572415810685,1.3570600977949774
0.18924924924924927,1.2791496864300018,1.2972681773891894,1.3166670687810804,1.3360367797728254,1.3549411092054622
0.1894794794794795,1.2770004254718317,1.2951379701721961,1.3145372373684718,1.3339257556176292,1.3528308134646607
0.1897097097097097,1.2747999434967874,1.2929870905378853,1.312396819605593,1.3318019136943027,1.3506885540745301
0.18993993993993996,1.272617985429215,1.290836002380515,1.3102371095260053,1.3296745979861782,1.348554988235259
0.19017017017017018,1.270410715617172,1.2886492382467678,1.3080714355914582,1.327514979259987,1.34640318782265
0.1904004004004004,1.2682388421541655,1.2864672262592542,1.30590228102585,1.32536695588118,1.3442253526355132
0.19063063063063065,1.266036734611284,1.2842794027835025,1.303715983279781,1.3231803677887422,1.3420783236738183
0.19086086086086088,1.2637826800362144,1.2820448396995041,1.3015324261840666,1.3209962383062241,1.3399170724462122
0.1910910910910911,1.261542198159245,1.2798310642534967,1.2993366988304424,1.318820055893243,1.3377397614610425
0.19132132132132135,1.2592622014909534,1.2776036984223802,1.2971045918363961,1.3166295921481161,1.3355200793782391
0.19155155155155157,1.2570176441347891,1.2753636663109682,1.2948732598424275,1.3144201149036407,1.3333410237041132
0.1917817817817818,1.2547402710472453,1.2730981310238654,1.2926256973660755,1.3122107672735202,1.3311567825306356
0.19201201201201204,1.2524488910106117,1.2708544186921475,1.2903637079453274,1.3099663395272925,1.3289005505806082
0.19224224224224226,1.2501492960502916,1.268595167301536,1.2880962309522608,1.3077239746828395,1.3266737806016533
0.19247247247247248,1.24776597588888,1.2663084540329135,1.2858349260418254,1.3054720609024877,1.324421544074557
0.1927027027027027,1.2454164272808077,1.2639756690566553,1.2835545878258898,1.3032187998913836,1.322159200174792
0.19293293293293295,1.2430719719383487,1.2616448859363774,1.2812439292366562,1.3009423602504184,1.3199363082810167
0.19316316316316318,1.240748578004221,1.2593022154486162,1.2789571959187347,1.298652341522102,1.3176898318853425
0.1933933933933934,1.238384503756071,1.2569673318635644,1.276631729628925,1.2963750485854058,1.3154383151629256
0.19362362362362365,1.2359587061555428,1.254615738935668,1.2742666071332565,1.2940715714787525,1.3131922534883336
0.19385385385385387,1.2335629216951138,1.2522416420571416,1.2719282793858826,1.291719102721255,1.310903353951771
0.1940840840840841,1.2311780119698972,1.249857746831385,1.269573049776894,1.289380102674215,1.3086125592164295
0.19431431431431434,1.2287738968565418,1.2474870856157458,1.2672184929510872,1.2870142708895853,1.3063083008816403
0.19454454454454456,1.2263553314514692,1.2450790886550136,1.2648256645546538,1.2846687386924742,1.30397370634677
0.19477477477477478,1.2239224328904081,1.2426425234091456,1.2624361009412286,1.2822924458830376,1.3016893332110275
0.19500500500500503,1.2214475124920707,1.2402188590209504,1.2600230552918235,1.2799213947195152,1.299347811327863
0.19523523523523525,1.2189905276970814,1.2377814213778178,1.2576338945125796,1.277538936127211,1.2969899919814396
0.19546546546546548,1.2165002822816726,1.235331898416287,1.2552164897736835,1.2751563101682093,1.294643098614338
0.1956956956956957,1.2140457161243237,1.2328551642823564,1.2527883296789184,1.2727306232450812,1.2922814699277314
0.19592592592592595,1.2115716481633785,1.2303699950795237,1.2503512795381437,1.2703000283941117,1.289890531291939
0.19615615615615617,1.2090372510930367,1.227877429382637,1.2479037014413747,1.2679012126149718,1.2875201273933334
0.1963863863863864,1.2064861196285044,1.2253614087262321,1.2454271796529894,1.2654572202314327,1.2851015446374392
0.19661661661661664,1.2039424286224152,1.2228956337391506,1.2429660766678141,1.2629996427553012,1.282717507520516
0.19684684684684686,1.2013924214711447,1.220367871258006,1.2404805069620637,1.260568929684597,1.280378032356659
0.19707707707707708,1.1987999858476617,1.2178522230114732,1.2379757968243403,1.2581087376910547,1.2779469135524104
0.19730730730730733,1.1962562530325518,1.2153023505346061,1.2354858661268475,1.2556338443981476,1.2755601209774445
0.19753753753753756,1.1936722142121694,1.2127258837037025,1.2329565459812226,1.253154638162859,1.2730853625505685
0.19776776776776778,1.1910654533302372,1.2101530521745283,1.230420336424291,1.2506702322716106,1.2705968837438881
0.19799799799799803,1.188406770840402,1.2075909621654308,1.2278699896197662,1.2481928648065668,1.26814350685239
0.19822822822822825,1.185809429354822,1.2049918868308178,1.2253097841314136,1.2456856657951525,1.2657170919135134
0.19845845845845847,1.1831612891745948,1.2023746311079766,1.2227373208495003,1.2431516492140293,1.263238352950851
0.1986886886886887,1.1805453835568889,1.19976325664644,1.2201529363618622,1.2406319620930824,1.2607456583823797
0.19891891891891894,1.1778250933589887,1.197118661922431,1.217562016271127,1.2381020729746333,1.2582662432291019
0.19914914914914916,1.1751571019980303,1.1944666075150712,1.2149788357491167,1.2355655167506205,1.2557577450014061
0.19937937937937938,1.1724427436281213,1.191800714562189,1.2123665266084274,1.2329902428479633,1.2532251237218814
0.19960960960960963,1.1697264207647986,1.1891263374238599,1.2097610837616029,1.230447896219154,1.250730391619435
0.19983983983983986,1.1670055514587978,1.186435522738792,1.2071285605709319,1.2278780383424897,1.2481611187492454
0.20007007007007008,1.1642604153891647,1.1837342349736033,1.2044721277496369,1.2252628305126707,1.2456178752958897
0.20030030030030033,1.1614348873665177,1.1810396996452048,1.2018111742569308,1.222662466358373,1.2430563712277964
0.20053053053053055,1.158636406967468,1.17833432703132,1.1991713741265186,1.220053338944757,1.240476546742337
0.20076076076076077,1.1558542191826096,1.1756041956839816,1.1964853797381039,1.2174134456215413,1.237910483422857
0.20099099099099102,1.1530693618844612,1.1728409894000675,1.193785514613236,1.214774019570016,1.2353374514069075
0.20122122122122124,1.150268104295665,1.1701000647331967,1.1910802990564218,1.2121398590574417,1.2327839998791168
0.20145145145145146,1.1474533797277575,1.1673477802829217,1.1883686174557802,1.209467083114942,1.2301833790874064
0.20168168168168168,1.1445807239690349,1.1645680049874394,1.185645529719263,1.2068141247594966,1.2276151040583634
0.20191191191191193,1.1416966051268063,1.1617924523433725,1.1829161469336402,1.204129026001206,1.2250193675699825
0.20214214214214216,1.1388362227320339,1.1589688618345528,1.180198902779711,1.201463707748513,1.2223975820445365
0.20237237237237238,1.1360004294426238,1.1561693314549364,1.177447682402798,1.1987724816466805,1.2197443539665034
0.20260260260260263,1.1331297887885656,1.153358098535055,1.1746905998692392,1.196075389199769,1.2171081588507733
0.20283283283283285,1.1302161136537585,1.150533502056583,1.1719088765785763,1.1933433547287384,1.2144333754427965
0.20306306306306307,1.1272910090843513,1.1476876215594465,1.1691162092314673,1.1906445686269358,1.2117727993467746
0.20329329329329332,1.1243729361313435,1.1448326589958384,1.166319170238512,1.187916153513571,1.2090613824973453
0.20352352352352354,1.121437483729819,1.1419678033026746,1.1635000719436341,1.1851669207901936,1.2064085393654924
0.20375375375375376,1.1185512574749232,1.1390951587289524,1.1606586234551568,1.1824203362880565,1.2037255065005572
0.203983983983984,1.1155864330251104,1.1362102048598277,1.1578255291717787,1.1796800716543614,1.201008666642806
0.20421421421421423,1.1126165710014453,1.1333102025852864,1.1549818693106972,1.1769086251930647,1.1983260051183182
0.20444444444444446,1.1096057572930236,1.1304174700977376,1.1521200336681068,1.174109568482088,1.1955672911975457
0.20467467467467468,1.1066354753964158,1.127499891469745,1.1492434077912548,1.1713373088005954,1.1928505428792069
0.20490490490490493,1.1036774929151785,1.1245421010206025,1.1463843338907325,1.1685583991035102,1.1901259195906406
0.20513513513513515,1.100659975612623,1.1216018627086843,1.143496864184926,1.1657534926091748,1.1873888460571365
0.20536536536536537,1.0975879084211733,1.1186315168815364,1.1406110508767908,1.1629218119868456,1.1845895731414484
0.20559559559559562,1.0945560305709245,1.115665368817592,1.1377082412349877,1.1601075078161514,1.181835958087924
0.20582582582582584,1.091519728009538,1.1126527039054823,1.1347943826881572,1.1572464803594427,1.1790784493335462
0.20605605605605606,1.0884161486528137,1.109664145023984,1.1318792604974506,1.1543807588281008,1.1763443178187296
0.2062862862862863,1.0853629020024214,1.1066701607318368,1.1289685041250734,1.1515142673986616,1.1736019199889127
0.20651651651651654,1.0822458966182253,1.1036596206451166,1.1260305260792567,1.148664425608765,1.170777243263104
0.20674674674674676,1.0791069057527096,1.1006055554767271,1.1230826700146341,1.1457742117170413,1.16802837686292
0.206976976976977,1.0760234031703317,1.0975732622465402,1.1201195891407234,1.1428557398507146,1.16520299821707
0.20720720720720723,1.0729111027071725,1.0945511260351413,1.1171338162024598,1.1399392884906083,1.1624061066560105
0.20743743743743745,1.0697924035868533,1.0914716954642696,1.1141229244346007,1.1370412767108635,1.1595577537905726
0.20766766766766767,1.06658418798057,1.0883840288367885,1.1111022646067006,1.1341267764861394,1.1567330651891996
0.20789789789789792,1.0633925722078479,1.0852881534087664,1.1081138235285302,1.131217462025144,1.1538480563899225
0.20812812812812814,1.0602744999196185,1.082156357383831,1.1050791095117494,1.128281895516542,1.1509536477278055
0.20835835835835836,1.0571010268479626,1.079063757225006,1.1020450660490064,1.12532859898353,1.1480781606831323
0.2085885885885886,1.0539420105799533,1.0759301430042683,1.0989940462761345,1.122361041164952,1.1451673449542685
0.20881881881881884,1.0507258191511253,1.0728053457157032,1.0959393109348174,1.1194095946986076,1.1422928670408656
0.20904904904904906,1.0474514391285148,1.0696544242016865,1.0928717052284833,1.1164192467543332,1.1393716637514046
0.2092792792792793,1.0442091846911494,1.0664911259132217,1.089786885083856,1.1134313707846288,1.1364526361671803
0.20950950950950953,1.0409612945122437,1.0632999220754484,1.0867090481350459,1.110438921700706,1.133540496856878
0.20973973973973975,1.0377133251884594,1.060104110183189,1.0836100968748914,1.1074487061525171,1.130644658045625
0.20996996996997,1.034369414868042,1.0568984343393377,1.080515305274942,1.1044177159160466,1.1276426161303557
0.21020020020020022,1.0310468945102766,1.053724081944127,1.0773932177239203,1.101403385862934,1.1246866713326402
0.21043043043043044,1.0277201226129682,1.0504925301465182,1.074263685102102,1.0983619988652396,1.1217428546293575
0.21066066066066066,1.024379244097763,1.047278479335682,1.0711260342769233,1.0953065795741865,1.118780202109902
0.21089089089089091,1.0210992461780333,1.044035025041858,1.0679949789240526,1.0922664341882509,1.1158264825376216
0.21112112112112114,1.017748288096651,1.040797594773832,1.0648543402170874,1.089202458175913,1.1128383631208414
0.21135135135135136,1.0143905225660879,1.0375649258274529,1.0616799255155782,1.0861355806781479,1.1098608707689273
0.2115815815815816,1.011033854409694,1.0343030806640539,1.0584984127639356,1.0830289007082208,1.106815912349789
0.21181181181181183,1.0076305481593244,1.0310378440557972,1.0552935565320305,1.0799279357333793,1.1038268371989963
0.21204204204204205,1.0042694404507242,1.0277371411057914,1.0520775835827838,1.07682810253232,1.100804317885269
0.2122722722722723,1.0008552043318883,1.0244162198240239,1.0488739426227573,1.0736962874703744,1.0977759373160252
0.21250250250250252,0.9974146744129465,1.021112974682965,1.045650188345587,1.0705664221344995,1.0947725594373292
0.21273273273273274,0.9939914662380326,1.0177826818510611,1.0424172136514567,1.0674269033885413,1.0917456774873842
0.212962962962963,0.9905203884036203,1.0144586614143638,1.039157452004994,1.0642920197412356,1.0886979306908653
0.21319319319319321,0.987127195808252,1.0111037115073316,1.0359245854459977,1.0611352416706537,1.085665460864718
0.21342342342342344,0.9837033544523589,1.007725308786914,1.0326533935516982,1.0579941326055886,1.0826261409352012
0.21365365365365366,0.9802491521690122,1.0043513378889697,1.0293822897227005,1.0548201716055015,1.0795085042945203
0.2138838838838839,0.9767379607534279,1.000948398236516,1.0261112702640482,1.0516169234337795,1.0764389006440505
0.21411411411411413,0.9732240463535655,0.997564845511556,1.0228198912275994,1.048423200419905,1.073329344615098
0.21434434434434435,0.9697201636978546,0.9941325527211389,1.0194964722028859,1.0452229645395423,1.0702389514573054
0.2145745745745746,0.96621365318931,0.9907141266531033,1.016197235127674,1.0420101408854916,1.067142714327321
0.21480480480480482,0.9627426694800187,0.987284776324389,1.0128717732633217,1.0387797451889946,1.0640252638451122
0.21503503503503504,0.9591954569549469,0.983886095680248,1.00954586919294,1.0355416603719354,1.0608846659621256
0.2152652652652653,0.9555924550151734,0.9804355018794971,1.0061979332045965,1.0322914377370758,1.0577612723344072
0.21549549549549551,0.9520239563913397,0.9769951082925031,1.0028299431578698,1.0290538665927906,1.0546084944861862
0.21572572572572574,0.9483958879794995,0.9735142497190488,0.9994345858942095,1.0257985883849696,1.0514800702023328
0.21595595595595599,0.9448061316141025,0.9700529061689476,0.9960574480557732,1.0225333310817255,1.0483268147342728
0.2161861861861862,0.9412107483464476,0.9665610591364024,0.9926666308341004,1.0192380634164004,1.045171874142658
0.21641641641641643,0.9375810316637946,0.9630531079335249,0.9892647944180639,1.0159660860567559,1.0419810421291347
0.21664664664664665,0.9339715801068007,0.9595331937350973,0.9858601557968408,1.01265971681793,1.0388243806823787
0.2168768768768769,0.9303784275603366,0.9560040621842922,0.9824364674414359,1.009328684249408,1.035618857520387
0.21710710710710712,0.9267797329929848,0.9524710213890537,0.9790139160448543,1.0060047181991925,1.032408533450809
0.21733733733733734,0.923103981428852,0.9489065656686033,0.9755751304623926,1.0026749192186515,1.029164123115742
0.2175675675675676,0.9194046512290615,0.9453565016493998,0.972121710220397,0.9993506646012444,1.0258953732546967
0.21779779779779782,0.9157344801420151,0.9417632094176801,0.9686506917304756,0.9959944003679967,1.02266035926445
0.21802802802802804,0.9120653639819252,0.9382049581740889,0.9651782407334834,0.9926382300437352,1.0193703466752944
0.2182582582582583,0.9083931735916305,0.9345782987644511,0.961694707312979,0.989246577388997,1.0161330078844355
0.2184884884884885,0.904677310873371,0.9309673305144379,0.958210842699387,0.9858716870083939,1.0128381330710088
0.21871871871871873,0.9009847863575446,0.9273351344380802,0.9547133136281449,0.9824851315061609,1.009556248351538
0.21894894894894898,0.8972294028024979,0.923704328564782,0.9511982129993354,0.9790858192827837,1.0062654548016183
0.2191791791791792,0.8935148184916663,0.920047888019944,0.9476787673840187,0.9756828079169805,1.0029829783484716
0.21940940940940942,0.8897193561346995,0.9163916705736678,0.9441337876051037,0.9722671850685967,0.9996639746580882
0.21963963963963964,0.8859573766004782,0.9127402956104587,0.9405967478527261,0.9688396743402765,0.9963340461000934
0.2198698698698699,0.8821993806556464,0.9090665133401353,0.9370648833053216,0.9654057068208611,0.9930224509339329
0.22010010010010012,0.878401669420506,0.9054084762444226,0.9335187218587672,0.9619478843063286,0.9896902518051418
0.22033033033033034,0.8745642227373503,0.9017441322722428,0.929933558143588,0.9584744029182418,0.9863239644183734
0.2205605605605606,0.8707820131123534,0.8980493069074291,0.9263499627539944,0.9550126641709921,0.9829642985451562
0.2207907907907908,0.8669980596476264,0.8943589861101564,0.9227563574725808,0.9515320153991333,0.9796000936249208
0.22102102102102103,0.8631625981687309,0.8906781775388443,0.9191507163746294,0.9480347691749893,0.9762410982239117
0.22125125125125128,0.8593357778089044,0.8869631621110132,0.9155368333123983,0.9445237762378108,0.97284140140951
0.2214814814814815,0.8555076602752377,0.883200968284641,0.9118878464704077,0.9410076413586512,0.969442454692583
0.22171171171171172,0.8516375912239768,0.8794246518764116,0.908256127989228,0.9374675641085652,0.9660296632360603
0.22194194194194197,0.8477494806639263,0.8756711608249189,0.9046024253783544,0.9338980672617765,0.9626158924833808
0.2221721721721722,0.8438469626994538,0.8719077087776143,0.9009410464002399,0.93037953996974,0.9591895884930749
0.22240240240240242,0.8398921381750997,0.8681437266018522,0.8972894006532697,0.926805426525477,0.9556952332260291
0.22263263263263264,0.8360849499753529,0.86434513963894,0.8936184868874409,0.9232560666019858,0.9522303931641394
0.2228628628628629,0.8321721893969661,0.8605459069470535,0.8899345782250696,0.919677519160589,0.948772105991275
0.2230930930930931,0.8282575161605812,0.8567486791297273,0.8862516652171043,0.9160889956741298,0.9453088719503002
0.22332332332332333,0.8243961405212272,0.8529443288160511,0.8825399075176428,0.9125016149158691,0.9418026608651745
0.22355355355355358,0.8204723979001124,0.8491206196773579,0.8788236733143104,0.9089366594853436,0.938287717721615
0.2237837837837838,0.8165578698905489,0.8452508169146893,0.8750815805052519,0.9053246200133777,0.9348413908593517
0.22401401401401402,0.8126441085397047,0.8414225627003452,0.8713474198193731,0.901700416000468,0.931381407770334
0.22424424424424427,0.8086538213714184,0.8375788869909213,0.8675830397153491,0.8980610018505386,0.9278419177227528
0.2244744744744745,0.8046530613555087,0.8336897147010732,0.8638406722894184,0.8944227970599211,0.9242862025719134
0.22470470470470472,0.8006686665714703,0.8298065053287285,0.8600758722405417,0.8907877978032445,0.9207270694952499
0.22493493493493497,0.7966789597104695,0.8259284961430186,0.856317959777359,0.8871312737186414,0.9171909588362683
0.2251651651651652,0.7926482252602256,0.8220181971931152,0.8525379272331948,0.8834577134197583,0.9136458702878475
0.2253953953953954,0.7886222613263312,0.8180761584974519,0.8487249034367051,0.8797604815771345,0.9101060944344194
0.22562562562562563,0.7846054565197405,0.8141326580314144,0.8449139072273647,0.8760946631566595,0.90654211761833
0.22585585585585588,0.7805269585988847,0.8101609025097141,0.8410743600380486,0.8723923204964441,0.9029779050390776
0.2260860860860861,0.7764766829665062,0.8062364008681604,0.8372709960230951,0.8687025002533535,0.8994465264311023
0.22631631631631632,0.7723790801546789,0.8022556032783028,0.8334274339569266,0.8649860072543171,0.8958874139912524
0.22654654654654657,0.7682969489752486,0.7983055548453979,0.8295690739333625,0.861261248068151,0.8922906942203399
0.2267767767767768,0.764186658798212,0.79432952643834,0.8257016065267637,0.8575467417597769,0.8887171755482275
0.22700700700700702,0.7600488019734789,0.7903432498439731,0.8218373791295739,0.8537727205783687,0.88510830534342
0.22723723723723727,0.7559281994167432,0.7863689384859858,0.8179832473355346,0.8500393610325094,0.8814775434710795
0.2274674674674675,0.7517989951749356,0.7823604863116993,0.8140844386484192,0.8462445086716608,0.8778642836708378
0.2276976976976977,0.7476783335894734,0.7783446232871678,0.8101773603651018,0.8424746793031964,0.8741961093670773
0.22792792792792796,0.7435340000841042,0.7743192102811607,0.8062905962047625,0.8386821670914181,0.8705216110847963
0.22815815815815818,0.7393910658728674,0.7702870571483432,0.8023804201306382,0.8349045469593187,0.8668288606526432
0.2283883883883884,0.7352269963618647,0.766257613120019,0.7984775232790524,0.8311139836590875,0.8631189126195057
0.22861861861861862,0.7310397965595531,0.762199468562804,0.7945518910007746,0.8273123303554734,0.8594355463446899
0.22884884884884887,0.7268745247011621,0.7581492874111553,0.7906115272581146,0.8235054585143684,0.8557360340507867
0.2290790790790791,0.7227315212342247,0.754069387754915,0.7866695265119523,0.8196639877525279,0.8519740673946918
0.22930930930930932,0.7185641508968014,0.7499458289565487,0.7827043734058864,0.8158288151886052,0.8482482659720735
0.22953953953953957,0.7143557044568346,0.7458358781366549,0.7787304447599355,0.8119812564203089,0.8445083592922924
0.2297697697697698,0.7101582018702128,0.7417180828146321,0.7747619453166305,0.8081354886268318,0.840746836792577
0.23,0.70591865799942,0.737554102214413,0.7707895226846568,0.8042925750302868,0.8369989479427651
