phi,q025,q16,q50,q84,q975
0.0,-0.7144716273464943,-0.6758786942244097,-0.6364730885923637,-0.5981062457282024,-0.5623141149586957
0.00023023023023023025,-0.7101825608960801,-0.6721304406250502,-0.6331483134271453,-0.5951645145118915,-0.5597427196824399
0.0004604604604604605,-0.705969642043442,-0.6683275720340027,-0.6297659594351329,-0.5922524551725601,-0.5571978984346997
0.0006906906906906907,-0.7016608852031477,-0.6644641219869594,-0.6263917889527614,-0.5892721160919936,-0.5545496951985688
0.000920920920920921,-0.6973009658994427,-0.6606123620757859,-0.6230104109952243,-0.586290924633289,-0.5518632030937043
0.0011511511511511513,-0.6929592571615573,-0.656709851701322,-0.6195781593459955,-0.58330172056058,-0.5491952554441533
0.0013813813813813814,-0.6886080440588616,-0.6528070721462321,-0.6161509072585353,-0.580243733959779,-0.5464966740229291
0.0016116116116116118,-0.684313423135663,-0.6489040738554417,-0.6126729822383875,-0.5771836518662917,-0.5437515662065205
0.001841841841841842,-0.6798506449298587,-0.6449633272898352,-0.6091701908228174,-0.5740630121133738,-0.5410357232209726
0.002072072072072072,-0.6754557880910844,-0.6410036428042132,-0.6056701142036571,-0.5709445083307492,-0.5383124858339269
0.0023023023023023025,-0.670978201042781,-0.6370187952947841,-0.6021584642675536,-0.5677849606113378,-0.535539617759774
0.002532532532532533,-0.6665490945802599,-0.6329873953676747,-0.5985472743010131,-0.5646034303972249,-0.5327217780463648
0.002762762762762763,-0.6620493104091821,-0.6289267723174593,-0.5949328006182854,-0.5613741566599192,-0.5298835850672384
0.0029929929929929933,-0.6575759799577034,-0.6248487395960131,-0.5912620758585336,-0.5581091006759812,-0.5269917419192095
0.0032232232232232236,-0.6530090163610133,-0.6207128481231602,-0.5875780507128019,-0.5548680459467131,-0.5240075704794968
0.0034534534534534536,-0.6484652250133883,-0.6165992208254837,-0.5839228941630832,-0.5515549608498835,-0.5210758042636113
0.003683683683683684,-0.6438635418309271,-0.6124642248212137,-0.5801991869748788,-0.5482460666963604,-0.518112377625282
0.003913913913913914,-0.6392057015919721,-0.6083059865893019,-0.5764232839499435,-0.5448963544403521,-0.5151071983975388
0.004144144144144144,-0.6346079225629282,-0.6041300544740696,-0.5726503229517873,-0.5414892120843764,-0.5121069031349754
0.004374374374374375,-0.6298925833335525,-0.5998911614252548,-0.5688397814984242,-0.5381189685767456,-0.5090704537261906
0.004604604604604605,-0.6252578599959183,-0.5956469500548495,-0.5650198952284284,-0.5347121118239176,-0.5059911972443273
0.0048348348348348355,-0.6205607729680134,-0.5913883632879918,-0.5611940617224108,-0.5312542167013053,-0.5028177421049782
0.005065065065065066,-0.6158775036849012,-0.587102840249264,-0.5572791511820566,-0.5277225472143642,-0.4996700977384511
0.005295295295295295,-0.6112034825039897,-0.5827627504105296,-0.5533883743314493,-0.5241696201489364,-0.49641935155872713
0.005525525525525526,-0.6064379685223533,-0.5784348180216465,-0.5494518719344106,-0.5206064160813919,-0.49313856187347244
0.005755755755755756,-0.6017065970544968,-0.5740979469804646,-0.5454737400057581,-0.5170003660483556,-0.48982457525946577
0.0059859859859859865,-0.5969013098216558,-0.5697533869150071,-0.5414701063271772,-0.5133773319749753,-0.48651581731746646
0.006216216216216217,-0.592082122017203,-0.5653321518662444,-0.5374769082284039,-0.5096890965791915,-0.48313376619884635
0.006446446446446447,-0.5873106957531561,-0.560898057814609,-0.5334293179470047,-0.5060061420082629,-0.4797876710741956
0.006676676676676677,-0.5824359194015185,-0.5564412929511697,-0.5293541686888404,-0.5022705219805658,-0.47639537264035703
0.006906906906906907,-0.5775650090971647,-0.5519362144761691,-0.5252550731105186,-0.4985111647076297,-0.47288059493866574
0.007137137137137138,-0.5726698874288237,-0.5474381866946997,-0.5211579829986775,-0.49478488947229665,-0.46946886675434213
0.007367367367367368,-0.5677742528439326,-0.5428788859983685,-0.5170247823447846,-0.49096750365513264,-0.4659513796152451
0.007597597597597598,-0.5628926353035524,-0.5382778784288916,-0.5128331222295501,-0.48715192407402536,-0.4624818211156938
0.007827827827827828,-0.5580099454185208,-0.533693384745859,-0.5086149631160313,-0.4832657075536798,-0.45895857208135354
0.008058058058058058,-0.5530951668317584,-0.5291158792351621,-0.5043765472565073,-0.4793247864364754,-0.45522493967505084
0.008288288288288289,-0.5481753674753509,-0.5245446141963874,-0.5001116715339579,-0.4754366650649904,-0.4516684593885944
0.008518518518518519,-0.5431538821006332,-0.5199075115483986,-0.4958010424811981,-0.47144459769312763,-0.4480500050202045
0.00874874874874875,-0.5381478142182512,-0.5152197573743368,-0.49148840187725223,-0.4674124453122087,-0.44434369708071797
0.00897897897897898,-0.5331393495505399,-0.5105191062157973,-0.4871176913347377,-0.46340357384227704,-0.4406319576933696
0.00920920920920921,-0.5280742323520352,-0.5057859804885289,-0.4826999554758314,-0.45932398611390124,-0.43686490924212884
0.00943943943943944,-0.5230369322516848,-0.501051912964671,-0.4782873918786095,-0.45523037848723424,-0.4330915290904126
0.009669669669669671,-0.5179489445049738,-0.496277057132371,-0.4738513801523587,-0.45110890855758046,-0.4292110500237973
0.009899899899899901,-0.5128814921225088,-0.49150402976772556,-0.4694008607136041,-0.4469542376904597,-0.4253132685563467
0.010130130130130132,-0.50774854704338,-0.4867028715176455,-0.4649018729200306,-0.4427829175314258,-0.42143311534503186
0.01036036036036036,-0.5027123658997418,-0.48187635596844824,-0.4603987276349327,-0.4385800668098069,-0.4175106127222889
0.01059059059059059,-0.4975773655686905,-0.4770671536540192,-0.45585484508206914,-0.4343291053853312,-0.41349550716340805
0.010820820820820821,-0.4925210678268579,-0.4722364422424358,-0.4512803696446531,-0.43001241858363437,-0.4095362294789439
0.011051051051051052,-0.4873347087287615,-0.4673465877071653,-0.44665516713992626,-0.425696204128376,-0.40543300789204156
0.011281281281281282,-0.48223348055736465,-0.46243440708380257,-0.44201645255753086,-0.42131299251901333,-0.40136221081636414
0.011511511511511512,-0.4770762632000927,-0.4574812302199559,-0.4373821805994556,-0.41693210575442685,-0.3972267384027407
0.011741741741741743,-0.4718952382708086,-0.45254779238857284,-0.4326849318359195,-0.41253769258364276,-0.3929781597590692
0.011971971971971973,-0.46671070862605046,-0.4475995441372764,-0.4279546850686469,-0.4080723209577283,-0.3887750963502434
0.012202202202202203,-0.4614483411104386,-0.4426266342415767,-0.42320645408794966,-0.40357686662457315,-0.38454167100436093
0.012432432432432434,-0.4562303664773214,-0.43762420311196687,-0.41842260107682994,-0.3990843166577225,-0.3802752527324664
0.012662662662662664,-0.45100252388687717,-0.43259104696128176,-0.41360838429173097,-0.3945380702514098,-0.37590480868665804
0.012892892892892895,-0.4457306765887321,-0.42752332514897684,-0.40881043434671466,-0.38999337264736295,-0.371570314124791
0.013123123123123125,-0.4404575929917117,-0.4224395663765675,-0.4039625564389429,-0.38541128721339,-0.3671472519072708
0.013353353353353354,-0.4351536560665349,-0.4173507042239852,-0.39907216243306254,-0.38078055753911993,-0.36270525677243837
0.013583583583583584,-0.4297675038153266,-0.4122858419876838,-0.3941902111055974,-0.3760952400492954,-0.3581617478284673
0.013813813813813814,-0.42442589790986623,-0.4071404623478274,-0.38927545581622713,-0.37137195985586924,-0.3536389532037349
0.014044044044044045,-0.4191008227316055,-0.40199207889751937,-0.3843377969247066,-0.36662835122441567,-0.3490730699986713
0.014274274274274275,-0.41380504127389195,-0.3968342931937419,-0.3793359993226961,-0.3618123144713778,-0.3445151708619786
0.014504504504504506,-0.40846222506285224,-0.39165242317684557,-0.3743170437198809,-0.35702707070556045,-0.33985620282605195
0.014734734734734736,-0.40310957899875605,-0.386418698010694,-0.36928279544706033,-0.35218253793782056,-0.33521038698194755
0.014964964964964966,-0.3977782895579806,-0.38122521700721795,-0.36423046668933456,-0.3473039779342831,-0.3305627837358541
0.015195195195195197,-0.3924815388251948,-0.3760003742733921,-0.35917042519114717,-0.3424011747321936,-0.3258177685184135
0.015425425425425427,-0.387098384323787,-0.37073642367742893,-0.35406143189306766,-0.33742583713970475,-0.32110372778101537
0.015655655655655656,-0.38169205091534786,-0.3654749854466372,-0.3489303214317687,-0.33245828415251344,-0.316209657616181
0.015885885885885888,-0.3762824330647903,-0.36016495803434645,-0.34376502206360054,-0.3273906902598057,-0.31134030931744966
0.016116116116116116,-0.37077059188733497,-0.3548829374096577,-0.3385699498346649,-0.32232052591272753,-0.30641291114744795
0.01634634634634635,-0.3653561862696959,-0.3495854217260145,-0.3333536413402249,-0.3172452789350102,-0.3014364575766791
0.016576576576576577,-0.35991125823771786,-0.34426016220283534,-0.3281226544944782,-0.31216941587719604,-0.29648882827649964
0.01680680680680681,-0.3545335520000366,-0.3388907373892344,-0.3228850912516252,-0.3070362884643582,-0.29144687778888967
0.017037037037037038,-0.3490426588975642,-0.3335487507487317,-0.3176043054458282,-0.30185901156532247,-0.28634823168887585
0.01726726726726727,-0.34356662706165236,-0.32818998860157744,-0.3122779938478474,-0.296660719671355,-0.28131408054409784
0.0174974974974975,-0.33808155964034386,-0.32278694788633977,-0.3069500349424699,-0.2914191608611347,-0.2762116664162952
0.017727727727727727,-0.3325363185290975,-0.317332395421626,-0.3016128098508044,-0.2861469670732672,-0.27104804866504184
0.01795795795795796,-0.3270699760200698,-0.3118826525765179,-0.2962302495051247,-0.28084583860052253,-0.26582453237737647
0.018188188188188188,-0.3215655606834637,-0.30644298064380754,-0.2908416362594948,-0.27551987154105306,-0.2605808836233528
0.01841841841841842,-0.316063104810513,-0.3009638421661307,-0.2854104594278543,-0.27015504001838503,-0.2553200818134801
0.01864864864864865,-0.3104424852989057,-0.29548487544188445,-0.2799639810196534,-0.2647774840072549,-0.2499676619904211
0.01887887887887888,-0.30491825632161884,-0.28996149872149135,-0.27452928503534024,-0.2593881972049296,-0.2446112177946337
0.01910910910910911,-0.299286101731011,-0.2844155380733654,-0.2690453580430423,-0.25397584786517935,-0.23922266052247132
0.019339339339339342,-0.29372126556561196,-0.278861858785802,-0.2635429430368996,-0.24851224801194588,-0.2337994920275136
0.01956956956956957,-0.2881474886455876,-0.273321087046928,-0.2580189622756259,-0.2430128740085427,-0.22837850886771785
0.019799799799799803,-0.2825585458144073,-0.26775931532056413,-0.25247265738714664,-0.2375012764383863,-0.22286861083267026
0.02003003003003003,-0.2769861229151372,-0.2621823406815862,-0.24691775362208626,-0.2319541380781835,-0.21738957762950298
0.020260260260260263,-0.27134601206999964,-0.25656628533430687,-0.24131802267802005,-0.2263741336916797,-0.21181199184700056
0.020490490490490492,-0.2656639946775284,-0.2509656101572881,-0.23571154033968963,-0.2207556535711295,-0.20621057302066007
0.02072072072072072,-0.2600203394004,-0.245295595959204,-0.23006486874612794,-0.2151320701883909,-0.2006477453849164
0.020950950950950953,-0.2543493280759851,-0.23964062319553514,-0.224412357040755,-0.20949282286978707,-0.1949854778830842
0.02118118118118118,-0.24869040183070992,-0.23395605815170065,-0.21873432224289258,-0.2038029808644888,-0.18930350711545993
0.021411411411411414,-0.24296957198174604,-0.2282695298624995,-0.21302812572569413,-0.19810495195105438,-0.18357647660881846
0.021641641641641642,-0.23728767594269373,-0.2225448102582043,-0.20733182529644786,-0.19241577730787457,-0.17784513362067125
0.021871871871871874,-0.23162373667759256,-0.21681215479572602,-0.20158287703126618,-0.18666133228366974,-0.17207496498056643
0.022102102102102103,-0.2259214018770931,-0.21104902838448977,-0.1958349110372031,-0.18086955285752482,-0.1663233376099562
0.022332332332332335,-0.22019007100172813,-0.20526966011985434,-0.1900533732309,-0.17507425172981547,-0.16050935497098617
0.022562562562562564,-0.21446950865499112,-0.19949594621948108,-0.18427345893475175,-0.16927702660937297,-0.15472487296360163
0.022792792792792796,-0.20863743482493885,-0.19373688918775606,-0.17846935745084658,-0.16346901711139014,-0.14886938590019702
0.023023023023023025,-0.20288911340843627,-0.18792375410983284,-0.17264982420143588,-0.15760495446598818,-0.14298300501120384
0.023253253253253257,-0.1970744061037789,-0.18207281784679377,-0.16680773232130972,-0.15171407736790793,-0.1370923224891218
0.023483483483483485,-0.19133069577859932,-0.17622870787339967,-0.1609275310384931,-0.1458324409903185,-0.1312216106053154
0.023713713713713714,-0.1854648803280675,-0.17036515957609977,-0.15504638378702695,-0.13991529575065373,-0.1253355662516076
0.023943943943943946,-0.1796010609106349,-0.16450480643232865,-0.14914652571283177,-0.13397291848086784,-0.11936063171281953
0.024174174174174175,-0.17375464133617166,-0.1585930215592983,-0.14321264396596742,-0.12804723174368776,-0.11341058028520053
0.024404404404404407,-0.16790467747390472,-0.15268306732106657,-0.1372830444102182,-0.12206459345558567,-0.10741470636775662
0.024634634634634636,-0.1620128862584958,-0.1467935965437889,-0.13134814830374955,-0.11606280516120764,-0.10144028121135171
0.024864864864864868,-0.15608286842630312,-0.14088722361201006,-0.12539515716424754,-0.11004556886387827,-0.09542262221195326
0.025095095095095096,-0.15014194057084831,-0.13494015262437167,-0.11939414232028642,-0.10405866720724383,-0.08936845459251534
0.02532532532532533,-0.14425534785119823,-0.12894737595400263,-0.11340041613838374,-0.09802137007956796,-0.0833006932053814
0.025555555555555557,-0.13832092599981308,-0.12297453317957972,-0.1073811850777276,-0.09196075108677747,-0.07722798237181142
0.02578578578578579,-0.1323452286099274,-0.11697385964607702,-0.10135107908744753,-0.08586409982932795,-0.07109506127333165
0.026016016016016018,-0.12638452894587054,-0.11098639618311082,-0.09530092496578946,-0.07977336677255414,-0.06498855695398341
0.02624624624624625,-0.12044251715557554,-0.10498236401019063,-0.08924106128762993,-0.0737011712881218,-0.05885092673724434
0.02647647647647648,-0.11447698179419408,-0.09895600659871785,-0.08316671688326552,-0.06758442524887104,-0.05274333098839582
0.026706706706706707,-0.10844217630134603,-0.09290440519484745,-0.07707634940883565,-0.06145958763405104,-0.04658346261086591
0.02693693693693694,-0.10238414569670486,-0.08684464423599952,-0.07097650561959204,-0.05530622297821765,-0.04040267816908115
0.027167167167167168,-0.0963555903255634,-0.08076442953786125,-0.06485206340333535,-0.04911849521321984,-0.03421694181241218
0.0273973973973974,-0.09027500141157518,-0.0746709252884215,-0.05872229750775971,-0.04295251069943744,-0.02803092815384868
0.02762762762762763,-0.08420668003824106,-0.06856469292736081,-0.05256590797166798,-0.03677031331721219,-0.02181395969015251
0.02785785785785786,-0.07814029437738922,-0.06245699069582077,-0.046416315572483484,-0.03060655960843051,-0.015591781487833108
0.02808808808808809,-0.07207831169285978,-0.05637343627564281,-0.04024360838485759,-0.024418790086777383,-0.009390319465967623
0.02831831831831832,-0.06598562960792732,-0.050243866863188866,-0.034064556715086194,-0.01823276921237549,-0.0031711110693693903
0.02854854854854855,-0.059841894022530706,-0.04408970293319453,-0.027879255909335935,-0.012011595632635064,0.003081430230856076
0.028778778778778782,-0.05369157302120208,-0.03791954792986935,-0.021708478022832364,-0.005799279719606406,0.009331981844229351
0.02900900900900901,-0.04756207340737126,-0.03173646413529794,-0.015499791257816664,0.000436790002745181,0.015563043667945604
0.029239239239239243,-0.04141307460808581,-0.025576349602252867,-0.009289122418126097,0.00667937626262231,0.021842818311264875
0.029469469469469472,-0.035245969559199036,-0.019398330588739784,-0.003090526544876439,0.012941063091703573,0.028065244322829846
0.0296996996996997,-0.02901787102757464,-0.013198068785660877,0.0031207718252057536,0.019173237098383315,0.03438659402775727
0.029929929929929933,-0.022866847284243406,-0.0069823745404083695,0.009340151898087155,0.025405457948750074,0.04068167538249982
0.03016016016016016,-0.016624361328194354,-0.0007784529687446177,0.015576477864518537,0.03166300587344055,0.046969348626415185
0.030390390390390393,-0.010442030986109591,0.005455898401350039,0.021827649390309203,0.03793447276124114,0.053223933425522674
0.030620620620620622,-0.004243203994436152,0.01169611580029669,0.028079608319346683,0.04422139862054765,0.05950484527116252
0.030850850850850854,0.001995514593375402,0.017957630959468934,0.03434707513211364,0.050508843610964575,0.06580641160670604
0.031081081081081083,0.008216358680984952,0.024218014117664305,0.040631539748041866,0.056798303850777734,0.07217540698671436
0.03131131131131131,0.014418077469649801,0.030448617814799597,0.04691830595040445,0.06312701698565559,0.07844908849658384
0.03154154154154155,0.020637762399096933,0.03672255963580101,0.05319862507562726,0.06941979584161122,0.08477751741430438
0.031771771771771776,0.0268641452626524,0.042974799908633614,0.05948559938434223,0.07573270686107257,0.09109281010711341
0.032002002002002004,0.033101665102979225,0.049237277135894986,0.06577204808061252,0.08203074534271944,0.09745199190764733
0.03223223223223223,0.03935844629809301,0.055501282609661466,0.07205170946803363,0.08832049083666368,0.10380107561899732
0.03246246246246246,0.04561971891790375,0.061774627461370704,0.07835309757725366,0.0946329822509017,0.11014051941729822
0.0326926926926927,0.051901556135798374,0.06805806843590392,0.08465141502273657,0.10094862176095921,0.11650385858298117
0.032922922922922926,0.05820186477063931,0.0743632965716926,0.09096638459701142,0.10724800412891185,0.1228151853275501
0.033153153153153155,0.06448518028167413,0.08065245216753122,0.0972874403020641,0.11357733652728869,0.12915937141439815
0.03338338338338338,0.07076310402268812,0.08697148929422789,0.10359664854748589,0.11991066828287131,0.13552406786666565
0.03361361361361362,0.07705873859539339,0.09327542800078935,0.1099233131974728,0.12623387747639803,0.1418981434549368
0.03384384384384385,0.08334357563986201,0.09957124955879991,0.116239764751005,0.13256790413496206,0.14826924737211122
0.034074074074074076,0.08962189444980395,0.10586071716192257,0.1225619829698539,0.138872791903449,0.1545828849040272
0.034304304304304305,0.09595600310410665,0.11219606391416319,0.12888064061393342,0.14519424280513704,0.16086972746422704
0.03453453453453454,0.10224995843899584,0.11849463114919144,0.13519543954391297,0.1515209916409449,0.16716679900401116
0.03476476476476477,0.10854681363976844,0.12479077394858253,0.14151710246398472,0.15781502705692746,0.1734859468589535
0.034994994994995,0.11487293350538359,0.1311125477677083,0.14782806840226315,0.16414708651475954,0.17983504754951468
0.035225225225225226,0.12116173121539622,0.1374050983982927,0.1541418586419676,0.17047254953213617,0.18618425992728269
0.035455455455455455,0.12743257270428537,0.14369472733875022,0.16044787551209208,0.17679398204851354,0.19251360118316577
0.03568568568568569,0.13374856889251843,0.15003169223278137,0.16677899083065978,0.1830822774872615,0.19877463371142218
0.03591591591591592,0.14007231380286242,0.15633482433520854,0.17309342147546738,0.18941479475870437,0.20505988012907653
0.03614614614614615,0.146318632079354,0.16264210455612124,0.17940801793991493,0.19573089330577964,0.2113588100621904
0.036376376376376376,0.15264356901903917,0.16892881708677548,0.1857091926397479,0.20200460546178362,0.21766093517050702
0.03660660660660661,0.1589538823497719,0.17523039167274143,0.1920030474166681,0.20830237340994343,0.2239637999578227
0.03683683683683684,0.16523557562251373,0.18153981682717008,0.19829678144605564,0.21460277445256706,0.23027701142087967
0.03706706706706707,0.17156267075971718,0.18786737389090127,0.20457950201488886,0.22087316580682828,0.23651223401938304
0.0372972972972973,0.17786501051393117,0.19416315784655158,0.21086514265950446,0.2271571300738476,0.24279476888640517
0.037527527527527534,0.18419914389552314,0.2004335510448677,0.2171395788183163,0.2334312543020551,0.2490333502547993
0.03775775775775776,0.19052347139048065,0.20674018602296668,0.22341836333230908,0.23971344741940218,0.25530798504799507
0.03798798798798799,0.1968248321259416,0.21302114277425543,0.2296973371353575,0.24597571248640693,0.2615555134197945
0.03821821821821822,0.20312903386032452,0.21931893546592907,0.23595698287760886,0.2522361299231367,0.26779533257087323
0.03844844844844845,0.2093775048227781,0.22557706617895373,0.24222191454518857,0.2584861896194698,0.2740219740221584
0.038678678678678684,0.2156260856102365,0.23186346351382767,0.24849656390251115,0.2647496756511435,0.28027910831637787
0.03890890890890891,0.22191606266838348,0.23810969241245797,0.2547650135762044,0.2709839701856046,0.2865126127918379
0.03913913913913914,0.22815649413874664,0.244351743733984,0.26099033455450904,0.27719950698181545,0.292750480569956
0.03936936936936937,0.2344306187184803,0.2506072578904818,0.26722019320646406,0.2834146560138647,0.29894473429957674
0.039599599599599605,0.2406918653666991,0.25682078043112627,0.2734363635533947,0.2896355160698791,0.30518293793143986
0.039829829829829834,0.24695534209059042,0.26302707804367514,0.27962610958053535,0.29584226274336567,0.3114042216270764
0.04006006006006006,0.2531741953322474,0.26924210556172423,0.2858135773116966,0.30204394351231495,0.3175827968342764
0.04029029029029029,0.2593871731225976,0.27544689533788586,0.2920133202821521,0.3082263039849657,0.3237624380303339
0.04052052052052053,0.2655671106206114,0.2816258302597815,0.29819306920594263,0.31441243849975314,0.3299675469535698
0.040750750750750755,0.2717540518358432,0.2878090447864172,0.3043760311977573,0.3205642026073538,0.33613260865815325
0.040980980980980984,0.277950432206351,0.2939685608100858,0.3105397932874267,0.32676157796014066,0.34223978402328425
0.04121121121121121,0.2841080643376565,0.30012061940550383,0.3166954430258101,0.33288260541748754,0.3483713921062459
0.04144144144144144,0.29031534798591885,0.3062882459686681,0.3228450534808285,0.33899589106708267,0.3544899112597235
0.04167167167167168,0.29647258999717435,0.31242601068098025,0.3289784252169033,0.3450982674730195,0.36059752291449393
0.041901901901901906,0.30259622786275026,0.31854016815169706,0.33509485764889346,0.3511907882515194,0.36667325271557993
0.042132132132132134,0.30874576720953995,0.3246545540861895,0.3412284622173348,0.35730472833178906,0.3728026205964168
0.04236236236236236,0.3148553113111768,0.3307522141171931,0.34731655102053544,0.36340814265117266,0.3789425306190197
0.0425925925925926,0.3209711399015475,0.336852489876337,0.3534005607087868,0.3694949945957266,0.38499007455421574
0.04282282282282283,0.32702119684991343,0.34292017863696583,0.35946351587668984,0.3755858155575647,0.39102933692009245
0.043053053053053056,0.3330986425319707,0.34896890588757445,0.36552553208654254,0.3816362500813034,0.39708099224022375
0.043283283283283285,0.33913650165561454,0.3550028047787146,0.3715414681614107,0.3876709930164362,0.4030956362737345
0.04351351351351352,0.3451383007571418,0.36102144694668714,0.3775681518907537,0.393703673459733,0.4091040987992705
0.04374374374374375,0.3511380476217092,0.36702611669143226,0.38357757046520147,0.39970797316604617,0.4150860295283783
0.04397397397397398,0.3571485898458484,0.37301515785356554,0.38954388737327134,0.4057127746405382,0.4210926501186643
0.044204204204204206,0.36315575445271975,0.37900838339821413,0.39550296514115263,0.4116836511240103,0.42707620944240704
0.044434434434434435,0.36905403811248855,0.3849396317183482,0.40146255096812455,0.41762603607214477,0.4330815422803808
0.04466466466466467,0.3749901552551264,0.39086552888658627,0.40739845359795646,0.42356375897587045,0.4390365093666706
0.0448948948948949,0.3808692450657339,0.39680450884763374,0.41328586386947536,0.4295107999225758,0.4450218843730472
0.04512512512512513,0.38677666003803296,0.4027008596902703,0.4191828313328426,0.43540889147707484,0.45093162205356857
0.045355355355355356,0.39271195883049287,0.4085934083319876,0.42505809393044885,0.44129776264522586,0.4567886426107132
0.04558558558558559,0.3985601501291759,0.4144635413481876,0.4309284040386729,0.4471879315783294,0.4626691760975835
0.04581581581581582,0.4043708992814743,0.4202728462971365,0.4367770855410232,0.4530432826300688,0.46858010263529976
0.04604604604604605,0.4102171870345219,0.42610576623175866,0.44263700052510385,0.4588826212189463,0.4744843652597801
0.04627627627627628,0.4160409671821364,0.4319132358871274,0.4484452357747573,0.464716075041005,0.4803169337022869
0.04650650650650651,0.4218319980294075,0.43770578189546966,0.45423157695872446,0.4705423722774255,0.48615720378363764
0.04673673673673674,0.42766925851871573,0.44343781619951333,0.46001079832713276,0.47634499261072233,0.4920057594625053
0.04696696696696697,0.43335874626063897,0.44918862617149813,0.46575582271765803,0.48210773595386414,0.49777371847227814
0.0471971971971972,0.4390707805432392,0.45490198609322136,0.4714813671042166,0.48787541924774,0.5036081620923268
0.04742742742742743,0.44471056925040287,0.4606135929824505,0.47720114370422956,0.493622075377431,0.5093712303768543
0.047657657657657664,0.4503842665694228,0.4662759987541763,0.4828927603802269,0.4993352243049552,0.5151413951607282
0.04788788788788789,0.4560799101975828,0.47192771918273463,0.4885884791575851,0.5050427633230079,0.5208675829756679
0.04811811811811812,0.4616958178438604,0.4775707531732605,0.49424955150079264,0.5107362328608378,0.5265937810318545
0.04834834834834835,0.46732237957808515,0.48317424977257467,0.4998827934033132,0.5164014285885649,0.5323056320945693
0.048578578578578585,0.4728879270573029,0.4887911682166329,0.505475816647144,0.522046318275572,0.5380745538434712
0.048808808808808814,0.47848271919011487,0.49437377570698143,0.5110686034419242,0.5276694961319396,0.5438285472164607
0.04903903903903904,0.48400413467716746,0.49992659122925065,0.5166268299681852,0.5332642973169629,0.5494679223349764
0.04926926926926927,0.48945339238063473,0.5054515324214204,0.5221923730824906,0.5388219607197345,0.5550968448313688
0.04949949949949951,0.49490073140762464,0.5109480864418486,0.5277306635077536,0.5443514124729798,0.5606909992342858
0.049729729729729735,0.5003681369916911,0.5164354441957146,0.5332339109743427,0.5499277148020454,0.566311183904999
0.049959959959959964,0.5058005432318372,0.5219046525565834,0.5387313796770636,0.5554522172605088,0.5718962930653169
0.05019019019019019,0.5111500032490184,0.5273355837774014,0.5441821494763245,0.5609575296818656,0.5774466550959299
0.05042042042042042,0.5165544990456072,0.5327447425790695,0.549627618128109,0.5664565110501486,0.5829698211587498
0.05065065065065066,0.521909020397597,0.5381146904161923,0.5550260968289845,0.5718998776969556,0.588493961363512
0.050880880880880885,0.527263038945579,0.5434516340661354,0.5604264303556716,0.5773175307351138,0.5939648830935895
0.051111111111111114,0.5325601854454668,0.5487771804953191,0.5657903908391666,0.5827173106407597,0.5994131238073315
0.05134134134134134,0.5378422042456278,0.5541080309432221,0.571131109666035,0.5881229300323658,0.6048510210068246
0.05157157157157158,0.5431227372341891,0.5593763066568173,0.5764297690738197,0.5934972228668691,0.610315870908248
0.05180180180180181,0.5483506076489121,0.5646432115774995,0.5817118109581033,0.5988428799684695,0.6157283698948857
0.052032032032032036,0.5534942839611552,0.569902430301152,0.5869887319038204,0.6041430674652347,0.6210864784951743
0.052262262262262264,0.5587244250860323,0.5751119550829592,0.5922330837859217,0.6094536051513032,0.6264107819651514
0.0524924924924925,0.5638936161815532,0.5803256564170456,0.5974715810599346,0.6147072373220408,0.6316888597554919
0.05272272272272273,0.5690243035540936,0.5854816937166517,0.6026716789292994,0.619942797576848,0.6370351201906667
0.05295295295295296,0.5741649468328838,0.5906129572403822,0.6078614490559524,0.6251405590002975,0.6423069669985274
0.053183183183183186,0.5792617456712399,0.5957044258485259,0.6130081777691765,0.6303299471192517,0.6475490976335386
0.053413413413413414,0.5843235138150774,0.6007913025152378,0.6181190064048528,0.6354745174808013,0.6527417752319467
0.05364364364364365,0.5894041207632592,0.6058500075834578,0.6232224366308537,0.6406181273314371,0.6579108018134693
0.05387387387387388,0.5943782488693751,0.6108772974440035,0.6282861655323752,0.6457526316910569,0.6630651968428595
0.05410410410410411,0.5993383819144653,0.6158874091845694,0.6333251240230594,0.650859715883645,0.6681738692058775
0.054334334334334336,0.6042675327205534,0.620837493192126,0.6383490184395766,0.6559284344565177,0.6732786593682305
0.05456456456456457,0.6091878483091518,0.6258082079917573,0.643344040190947,0.6609438705669589,0.6783337810227247
0.0547947947947948,0.6141058034675042,0.6307504123420122,0.6483241835624927,0.6659563652101956,0.6833322753777337
0.05502502502502503,0.6189562650446526,0.6356535290065773,0.653292143602772,0.670949310306498,0.6883568909589581
0.05525525525525526,0.6237845719246092,0.640524508015422,0.6582081137116711,0.6759146155983018,0.6933509643772346
0.05548548548548549,0.6285877268163652,0.6453626758790336,0.6630920716006363,0.6808441921429141,0.6983408426870806
0.05571571571571572,0.6333847671919631,0.6501693501281992,0.6679425700738325,0.6857508827934855,0.7033186966880756
0.05594594594594595,0.6381293882774244,0.6549406338097131,0.6727812476409676,0.6906137901512373,0.7082580707960626
0.05617617617617618,0.6428633906685718,0.6596945725453337,0.6776068193123868,0.6954589096020747,0.7131863672413893
0.05640640640640641,0.6475485822235367,0.664454898965502,0.6823953385240503,0.7002981508357534,0.7180760654931135
0.05663663663663664,0.6522298374004478,0.6691540030364631,0.6871211525727745,0.7051042778140101,0.7229316553045569
0.05686686686686687,0.6569135945670332,0.6738504960197088,0.691852007607162,0.70988226643284,0.7277330073508883
0.0570970970970971,0.6615183965026997,0.6785154600068437,0.6965509773604902,0.7146165220926256,0.7325221758153504
0.05732732732732733,0.6660858031310088,0.6831332902453146,0.7012231800135564,0.7193260535756175,0.7373119628250933
0.057557557557557565,0.6707113465092718,0.6877580251512088,0.7058523327711468,0.7240490732292552,0.7420698196028663
0.057787787787787794,0.675250730091395,0.6923324018398932,0.7104695303806073,0.7287188325169556,0.7467924460959535
0.05801801801801802,0.6797672206626949,0.6968727300893895,0.715061864145412,0.7333517203874522,0.7514798506158343
0.05824824824824825,0.6841896402166666,0.7013994880678341,0.7196166633903139,0.7379292406108203,0.75614057435519
0.058478478478478486,0.6886214768023928,0.7058850450882297,0.724170474600399,0.742495182201778,0.7607502000247396
0.058708708708708715,0.6930350145015367,0.7103568868837172,0.728685384505409,0.747037450849481,0.7652968175976435
0.058938938938938944,0.6975028425716853,0.7148115317435595,0.7331552910437091,0.7515831183161739,0.769896739951564
0.05916916916916917,0.7018810257748436,0.7192276977527772,0.7376110142089227,0.7561065658757145,0.7744258967433216
0.0593993993993994,0.7062469124457755,0.7236323272784646,0.7420501194960125,0.7605607576389252,0.778976600192771
0.05962962962962964,0.7105917954900821,0.728001967823964,0.746452930516935,0.7649927699629645,0.7834456642353778
0.059859859859859865,0.7148849762252404,0.7323281072606844,0.7508295812158648,0.769396952933938,0.787888231805714
0.060090090090090094,0.7191591918498658,0.736639391958151,0.755167969920809,0.7737823191163712,0.7923221916683966
0.06032032032032032,0.7233834486048153,0.7409216761229164,0.7594817213293401,0.7781286691659103,0.7967224280608031
0.06055055055055056,0.7275883886884864,0.7451965549090301,0.7637640691590468,0.7824635686892842,0.8010754409796571
0.06078078078078079,0.7317530135153357,0.7494195262752906,0.7680270944701425,0.7867758529543304,0.8054403637478121
0.061011011011011015,0.7359064933114565,0.7536082023391922,0.7722266421120235,0.7910317846292254,0.8097689588918847
0.061241241241241244,0.7400964652681365,0.7577796689077774,0.7764177878049497,0.7952868498989583,0.8140715791479367
0.06147147147147148,0.7442001429367378,0.7619232866222625,0.780613496946981,0.799538346832839,0.8183190451523035
0.06170170170170171,0.7483500457599641,0.7660712739681779,0.7847754139864498,0.8037339534858962,0.8225888497266682
0.06193193193193194,0.7523900855043143,0.7701661285018513,0.7889091521090703,0.8078924716728465,0.8267821918539413
0.062162162162162166,0.7564292759419189,0.7742070350967903,0.793025588990775,0.8119995393713985,0.830931964011848
0.062392392392392394,0.7604100716947456,0.778252793319577,0.7971000251075041,0.8160960812765935,0.8350468523278266
0.06262262262262262,0.7643569383311164,0.7822815445874284,0.8011487016065677,0.8201912224027803,0.8391413225040517
0.06285285285285286,0.7683431002269461,0.7862483050631014,0.8051684131513822,0.8242423240674651,0.8432518408417665
0.0630830830830831,0.7722905737010637,0.7902151621023858,0.8091559421301251,0.8282613452603732,0.8472969512760117
0.06331331331331332,0.7762202883761229,0.7941518729021012,0.813104623252891,0.8322192861714377,0.8513282831118575
0.06354354354354355,0.7800994600389718,0.7980470126225229,0.8170617818973119,0.8361799293336653,0.8552805818733294
0.06377377377377377,0.7839527721544609,0.8019505115296521,0.8209597723863951,0.8401298449866197,0.8592398457190857
0.06400400400400401,0.7877591292062623,0.805793355601286,0.8248273054884855,0.8440460957706096,0.8631494647543362
0.06423423423423424,0.7915709175181219,0.8096055210574679,0.8286723556321745,0.8479258683021371,0.8670583095232884
0.06446446446446447,0.7953504780883991,0.8134017548602069,0.8325013885157455,0.8517465968469511,0.8709282719918048
0.0646946946946947,0.7990862180936696,0.8172148694022277,0.836287508198168,0.8555629035139254,0.8747765307930455
0.06492492492492492,0.802763766781037,0.8209674472376514,0.840058252759395,0.8593209896074061,0.8785808315519084
0.06515515515515516,0.8064510840854034,0.8246918511108193,0.8437960408523304,0.8630639052414164,0.8823819759039547
0.0653853853853854,0.810117364036744,0.8283801739380316,0.8475039793869517,0.8667979356463987,0.8860851928778609
0.06561561561561562,0.8137790380658279,0.8320669767937832,0.8511861784119127,0.870472340001801,0.8898019318244881
0.06584584584584585,0.8173661799534518,0.8356954439918829,0.8548489234614127,0.8741551041571995,0.8935023838252352
0.06607607607607609,0.8209382406866765,0.8393055503988763,0.8584844569404819,0.8777819214939455,0.8971404884449214
0.06630630630630631,0.8245207797004892,0.8429163930840171,0.8620951481017158,0.8814142046177349,0.9007891828129239
0.06653653653653654,0.8280784697941947,0.8464858565232298,0.8656790915043221,0.885035826502071,0.9044066588227757
0.06676676676676677,0.8316116653746229,0.8499915475967608,0.8692422152948502,0.8886023894948994,0.9079918488499941
0.066996996996997,0.835114146428734,0.8534913999019417,0.8727777518231861,0.8921290419415497,0.9115109119520304
0.06722722722722724,0.8385958544174965,0.8569550348424326,0.8762769198850998,0.8956370847185803,0.9150021460340039
0.06745745745745746,0.8420320646888222,0.8604343195987229,0.8797515716350058,0.899139107809323,0.9184444518973712
0.0676876876876877,0.845448004996229,0.863856483620082,0.8831908425445745,0.9026091328720927,0.9218862165345255
0.06791791791791792,0.848832081491132,0.8672354917937144,0.8866245784197067,0.906030774957795,0.925311574009328
0.06814814814814815,0.8522201593830403,0.8706376116175735,0.8899960418217027,0.9094311232291796,0.9287222457598211
0.06837837837837839,0.8555868551170651,0.8740002527005305,0.8933570652026224,0.9128163214572778,0.9320758301744001
0.06860860860860861,0.8588837769930712,0.8773380593999699,0.8966974501463139,0.916164153239691,0.9353949543469032
0.06883883883883885,0.8621800991359576,0.8806477629076586,0.9000258282299745,0.9194669331705174,0.9387011637006668
0.06906906906906908,0.8654763219173983,0.8839357554956842,0.903336035832558,0.922772316416279,0.9420158518303018
0.0692992992992993,0.868727478306413,0.8871990238670043,0.9066063042101461,0.9260353569612663,0.9452532219153685
0.06952952952952954,0.8719338686163323,0.8904173302525615,0.9098411961795353,0.9292748306111288,0.9484780534692008
0.06975975975975976,0.8751358750723076,0.8936316348443137,0.913060927358778,0.9324628202950104,0.9516661375530912
0.06998998998999,0.8783247542503662,0.8968080602322248,0.916250906462575,0.935667523710043,0.9548502125453505
0.07022022022022023,0.8815007364793387,0.8999736209809687,0.9194179930343247,0.9388364152379122,0.9580027305075919
0.07045045045045045,0.8846346447982965,0.903114609032095,0.9225498587414026,0.9419634674829784,0.9611462600549113
0.07068068068068069,0.8877536319986655,0.9062244193180728,0.9256459224538208,0.9450475677921881,0.964241994271499
0.07091091091091091,0.8907996690853821,0.9093058735988727,0.9287347091314798,0.9481344981247786,0.9672852619500789
0.07114114114114115,0.8938476550710818,0.9123849885983257,0.9317860991386159,0.9512100118996865,0.970316939582531
0.07137137137137138,0.896853215898267,0.9154287625065735,0.9348344179902397,0.9542266802218548,0.9733141227227582
0.0716016016016016,0.8998502086507091,0.9184278837236426,0.9378335226313411,0.9572500359444601,0.9763288198384982
0.07183183183183184,0.9028079035094049,0.9214206080698094,0.9408230124916721,0.9602375428320101,0.9793021918468293
0.07206206206206207,0.9058000419049261,0.9243824220911895,0.943786520507992,0.9631815404129644,0.9822120695011584
0.0722922922922923,0.9087497320989792,0.9273249382388787,0.9467128285511309,0.9661191235051652,0.9851279874254506
0.07252252252252253,0.9116957512062729,0.9302227888125781,0.9496474988426944,0.9690315081349575,0.9880896069803269
0.07275275275275275,0.9145909541279243,0.9331402128963411,0.9525353945544678,0.9719246248884921,0.9909219394335319
0.07298298298298299,0.9174223035153605,0.9360027450474868,0.9553902570300578,0.9747830733938929,0.9937636833760668
0.07321321321321322,0.9202636292547727,0.9388521491677692,0.9582262288761444,0.9776306176305507,0.9965947195510878
0.07344344344344345,0.9230786467680087,0.9416977438071981,0.9610363134297293,0.9804144999314562,0.9993381328915933
0.07367367367367368,0.9258746992797774,0.9445072926706533,0.9638264105951458,0.9832191988109729,1.0020830253284236
0.0739039039039039,0.9286538285412432,0.9472853807461651,0.9665763031626494,0.9859723308634233,1.004835239075065
0.07413413413413414,0.9314287925449056,0.950035212805483,0.969304198851235,0.9886949585607125,1.007485302625667
0.07436436436436437,0.9341961379519393,0.9527554863631754,0.9720285352717202,0.9914113802594712,1.0101738233928126
0.0745945945945946,0.9368938871530048,0.9554808240851457,0.9747221480086106,0.9940881680359378,1.0128718149223992
0.07482482482482483,0.939592007147216,0.9581557052031333,0.977402536376986,0.9967577662997379,1.0155046472952654
0.07505505505505507,0.9422331676400925,0.9608112454508653,0.9800591098483921,0.999398842754762,1.0181167885769882
0.07528528528528529,0.9448982090722573,0.9634344418120748,0.9826673146662536,1.0019991142231897,1.0207243008798461
0.07551551551551552,0.9475297662292992,0.9660371687917632,0.9852699677149518,1.0045558610892376,1.0232960210663629
0.07574574574574575,0.950150907752434,0.9686401496923169,0.9878528211547214,1.007115950827089,1.0258179386260293
0.07597597597597598,0.9527603452769228,0.9712195944467825,0.9904109198527328,1.0096573203095633,1.0283336270666978
0.07620620620620622,0.9553381253785618,0.973766537932959,0.9929588604319177,1.0121816671700048,1.0307595885903362
0.07643643643643644,0.9578821611819234,0.9763015782323244,0.9954882245553601,1.014658871281352,1.0331677980952816
0.07666666666666667,0.9603728152013143,0.9788165075371577,0.9979816331479974,1.0171482347789071,1.0355964474458643
0.0768968968968969,0.9628812380011653,0.981302909687112,1.0004539222501496,1.0196099520077915,1.0380222629912095
0.07712712712712713,0.9653860130380765,0.9837828577115918,1.0029003460448922,1.0220119438095936,1.0403803033482801
0.07735735735735737,0.9678609283501168,0.9862324883439083,1.0053262716828575,1.0243880253971147,1.0427867675814666
0.07758758758758759,0.9702870833669698,0.9886477839669887,1.0077158352333893,1.0267654072033356,1.0451371260981122
0.07781781781781782,0.9727361770341075,0.99106699958672,1.0100968472810434,1.0291258073622782,1.0474049868227058
0.07804804804804806,0.975095386824732,0.9934364889031077,1.012455495843982,1.0314641431329707,1.0496967921686113
0.07827827827827828,0.9774996450755448,0.9958173105172733,1.0147756813055764,1.0337651638520715,1.0520064295460587
0.07850850850850852,0.9798405701565811,0.9981654753448105,1.0171000728895494,1.036063602670309,1.0542684468283767
0.07873873873873874,0.982169907625018,1.0004724618065666,1.019393629343791,1.0383315308597152,1.0564897948584298
0.07896896896896897,0.984470268124412,1.002768822113069,1.0216821208077815,1.0405639343339812,1.0587124001723227
0.07919919919919921,0.9867705314432629,1.0050355588799904,1.0239374305221722,1.0428096992793712,1.0609428831068992
0.07942942942942943,0.9890588821499265,1.0073140984565776,1.02617156579374,1.0450090534603713,1.0631567651934206
0.07965965965965967,0.9913253861305327,1.0095369937227545,1.0283955284355975,1.0471968258698363,1.0653355530757225
0.07988988988988989,0.9935549728222144,1.0117399154166327,1.0306079491569409,1.0493798983913216,1.0674667583340414
0.08012012012012013,0.9957542836878832,1.0139259741748723,1.032783513836356,1.0515404350205912,1.0695954534454863
0.08035035035035036,0.99798544269077,1.0161144189355245,1.034938212797902,1.0536720374006712,1.0717342359486235
0.08058058058058058,1.0001674561257479,1.0182880654466262,1.0370690128593736,1.0557753231586229,1.0738307438989099
0.08081081081081082,1.002345117383661,1.0204444631588077,1.0391927341160412,1.0578481118046703,1.075912543644545
0.08104104104104105,1.0044772243548645,1.0225711962969144,1.0412956424839905,1.0599144666985618,1.0779268342254438
0.08127127127127128,1.0066309044146025,1.0246721806951589,1.0433634689771683,1.0619620345288896,1.079915624284297
0.08150150150150151,1.0087467149660667,1.0267601372085529,1.0454469034378053,1.0639824061249636,1.0818777188023208
0.08173173173173173,1.010811173607991,1.0288253563817704,1.0474904626435766,1.0659918884807917,1.0838133728480945
0.08196196196196197,1.0128736003956136,1.030879549927009,1.049504541981198,1.0679881901363963,1.085762463455927
0.0821921921921922,1.014913123557283,1.032907716306753,1.0515082182832178,1.0699545991856552,1.087692557093423
0.08242242242242243,1.016969111488823,1.0349238715518652,1.0535065316578387,1.0719267083314927,1.0896317399549376
0.08265265265265266,1.0189914504598967,1.036918873043337,1.055466757613401,1.0738543029160559,1.0915363254824912
0.08288288288288288,1.020985663807277,1.0388881443953812,1.0574141755787332,1.0757688694019978,1.0933748428986414
0.08311311311311312,1.0229699093720919,1.040867546125181,1.0593345525109565,1.0776678159799415,1.0952554194874156
0.08334334334334335,1.024949670258307,1.042804983843313,1.0612511482571867,1.079537214864169,1.0970950346095192
0.08357357357357358,1.0268850462880261,1.0447240765088552,1.0631389800734279,1.0814043133048465,1.0989350914133273
0.08380380380380381,1.0288215653672534,1.046614782605965,1.0650092977564773,1.0832550889714352,1.1007411027644654
0.08403403403403405,1.0307203025817584,1.0484870894985356,1.0668699096817695,1.0850724115848889,1.1025084908030276
0.08426426426426427,1.0326189580231866,1.0503456671961924,1.0686927353533937,1.086885204942156,1.1042502958017615
0.0844944944944945,1.0344827963538126,1.0522079779904527,1.0705231626526241,1.0886797260084888,1.1060080563739692
0.08472472472472473,1.0363649406272606,1.0540449840134656,1.0723297917472514,1.0904486759183025,1.1077289427091723
0.08495495495495496,1.0382227838772782,1.0558642962918356,1.074112401352968,1.0922008747174945,1.1094462100851061
0.0851851851851852,1.040053805331584,1.0576667878680892,1.075887192292031,1.093937848691253,1.1111378352764956
0.08541541541541542,1.0418735724548138,1.0594493349837872,1.0776489264200309,1.0956415444954049,1.112821069756714
0.08564564564564565,1.0436579400440884,1.0612347881489943,1.0793845382007927,1.0973339029880984,1.114461234335103
0.08587587587587588,1.0454564108643882,1.0629895597967218,1.0811159870645546,1.0990209306756051,1.1160852017221992
0.08610610610610611,1.047214423998756,1.0647211861846453,1.0828198998286613,1.1006972002069333,1.117747577540545
0.08633633633633635,1.0489711089726832,1.066431164112385,1.084495408478739,1.102360641356654,1.1193346143150158
0.08656656656656657,1.0507188344106841,1.0681286677947301,1.0861670708601319,1.103998106562838,1.1208986923997108
0.0867967967967968,1.0524269252067269,1.0698058258778786,1.087812649223879,1.1056319089329933,1.1224950538586231
0.08702702702702704,1.0540972412696303,1.0714702121503,1.0894478784608517,1.1072401676200152,1.1240524014619795
0.08725725725725726,1.0557409511802056,1.0731296578136855,1.0910701278479162,1.1088448480154103,1.125621031278793
0.0874874874874875,1.0573968096041204,1.074771366902839,1.0926678775237173,1.1103954952559898,1.127195505997274
0.08771771771771772,1.0590332916733887,1.0763743718517853,1.0942658634507534,1.111961364075042,1.1287292069561878
0.08794794794794795,1.0606549987239469,1.0779780678898196,1.0958406663161868,1.1134989968308278,1.1302651648959037
0.08817817817817819,1.062279537514532,1.0795661068911175,1.0973999552176181,1.1150193622027131,1.131793794038033
0.08840840840840841,1.0638737527178534,1.081156281493321,1.0989438389842088,1.1165170579183217,1.133303107818704
0.08863863863863865,1.0654564542022933,1.0827122610669317,1.1004621910011996,1.1179965482758758,1.1347850567729725
0.08886886886886887,1.0670193558475705,1.0842611974880254,1.1019700551058955,1.1194693668657862,1.136254861542939
0.0890990990990991,1.0685537172759654,1.0857863547334197,1.1034555031608821,1.1209408802290624,1.1377195718513842
0.08932932932932934,1.0701123206288246,1.0872931989032235,1.104923734071326,1.122395771087803,1.1391332797101343
0.08955955955955956,1.0716490672773773,1.0888101979139702,1.106389454677234,1.1238284861903738,1.1405307817553605
0.0897897897897898,1.0731775993614063,1.0902812550711243,1.107841499627172,1.1252574511817484,1.141916073115843
0.09002002002002003,1.0746700945841192,1.0917489198868797,1.1092886313134553,1.126683807837468,1.1432872047263956
0.09025025025025026,1.0761553539118986,1.0932045628252878,1.1107107850522402,1.1280751741503554,1.144669928347963
0.09048048048048049,1.0776310139915453,1.0946606475477398,1.1121155509923226,1.129453738107403,1.1460186425965055
0.09071071071071071,1.0791074469821882,1.0960874872574398,1.113513962278565,1.1308260863788224,1.147340041211481
0.09094094094094095,1.0805512731438933,1.0974973314097887,1.114901138429824,1.132162128628919,1.1486595187356574
0.09117117117117118,1.0819872022622037,1.098907614268196,1.116277035368221,1.13348565956271,1.1499915848399263
0.0914014014014014,1.083383869655453,1.1002979036673077,1.1176413956164022,1.134795509707238,1.1513000180778377
0.09163163163163164,1.084804590451951,1.1016658698734072,1.1189725798314927,1.1361178289846723,1.1525822709956732
0.09186186186186186,1.0861837087992943,1.1030353011967433,1.120296943612178,1.1374102107925008,1.153872901040205
0.0920920920920921,1.0875493452364005,1.104368515884053,1.121611317046724,1.1387008861564458,1.1551254250287548
0.09232232232232233,1.08889713955959,1.105691152947721,1.1229201183822122,1.1399874566855461,1.15637367539839
0.09255255255255256,1.0902216972021497,1.1070118738455736,1.124206274466048,1.1412401747347145,1.1576043735123365
0.09278278278278279,1.0915359357895145,1.1083124675016323,1.1254724732053316,1.1424786464739214,1.1588282187183718
0.09301301301301303,1.0928421049659938,1.1096334644975516,1.126743887584858,1.1436974838698213,1.1600127151505477
0.09324324324324325,1.0941296575238189,1.1109174525126215,1.128003695229451,1.144937482826229,1.161228362985819
0.09347347347347348,1.0954303380463652,1.1122036331014018,1.1292323914904212,1.1461164469278335,1.162441852895899
0.0937037037037037,1.09673364754943,1.1134503235937168,1.1304514779262405,1.1473319947753287,1.1636344419642024
0.09393393393393394,1.0980120779832003,1.1146867817656154,1.131665366629542,1.1485168473919207,1.164819652333223
0.09416416416416418,1.0992644489643582,1.115905873151451,1.1328619909782083,1.1496734184293675,1.1659653647876496
0.0943943943943944,1.1005157968685648,1.1171205440129373,1.134054107437648,1.1508378623905757,1.167090406790426
0.09462462462462463,1.1017303586703981,1.1183256382911393,1.13524456191583,1.1519856770377692,1.1682433014937552
0.09485485485485486,1.1029843486049746,1.1194998840858292,1.1364117255618993,1.153127605715465,1.1693890479020674
0.09508508508508509,1.104183402939049,1.1206783528599116,1.1375562013098277,1.1542417207609132,1.1705062336040113
0.09531531531531533,1.1053518034070517,1.1218276288207494,1.1386948389374958,1.155362676986988,1.1716285454974134
0.09554554554554555,1.1065244617851995,1.1229934135198276,1.1398264079253673,1.156469680089558,1.1727176537124817
0.09577577577577578,1.1076685992022275,1.1241430744942968,1.1409536495399515,1.1575789652931583,1.1737949622673802
0.09600600600600602,1.108818845434342,1.125265563950001,1.1420713326114835,1.158657459295492,1.1748593856869327
0.09623623623623624,1.1099609430104977,1.1263898295258132,1.1431547922008878,1.159740550473816,1.1759269495732463
0.09646646646646648,1.1110950644500153,1.1275083732516595,1.144239241564258,1.160801980805398,1.1769332690502292
0.0966966966966967,1.1122300622114616,1.128627012635555,1.1453041202288274,1.1618640260026623,1.1779505853287573
0.09692692692692693,1.1133387307711093,1.1297116746922597,1.146362421072495,1.162914176641222,1.1789661226349823
0.09715715715715717,1.1144724212619828,1.130775139237528,1.1474118640605848,1.1639502674922042,1.1799806805170405
0.09738738738738739,1.1155597629418188,1.1318306587453917,1.1484548229349871,1.1649599946313798,1.1809998315034136
0.09761761761761763,1.116605148181617,1.132873155456249,1.1494931201702003,1.1659790970875856,1.1820088500971138
0.09784784784784785,1.1176892304481194,1.1339246251012247,1.150506507545398,1.1669630434637104,1.1829943938245449
0.09807807807807808,1.1187563923688257,1.1349536710854524,1.1515241277727604,1.1679612036598175,1.1839750804351494
0.09830830830830832,1.1198249170472867,1.135957308800085,1.15252073504235,1.1689420964736617,1.184901405647916
0.09853853853853854,1.1208192188026456,1.136955830836198,1.1534953932882326,1.1699210833243496,1.1858412207641995
0.09876876876876878,1.1218275471261359,1.1379479366977459,1.154467427111598,1.170883611524598,1.1867667133255162
0.09899899899899901,1.1228513747170874,1.138947780273655,1.1554246333912277,1.1718073401551714,1.1876903570828645
0.09922922922922923,1.1238570301962787,1.1399277483237462,1.156370285328958,1.1727474808741847,1.1886092965610244
0.09945945945945947,1.1248505104336064,1.1408797824485277,1.1573102120904442,1.1736590427854792,1.189503697324279
0.09968968968968969,1.1258412327669185,1.1418312369827937,1.158245079049654,1.1745899436243883,1.190395132115358
0.09991991991991993,1.1268160222927457,1.1427713177131331,1.1591825308088037,1.1754936432700622,1.1913074215291477
0.10015015015015016,1.1277855862320714,1.1437057345358232,1.1600984542497603,1.1763870718703275,1.1921722157371666
0.10038038038038039,1.1287192734611733,1.144653403588883,1.1609991531820913,1.1772609456933831,1.1930737166880205
0.10061061061061062,1.1296280308968523,1.1455700690476003,1.161897482103893,1.178141174428613,1.1939106165745978
0.10084084084084084,1.1305262616103637,1.1464646604386806,1.1627844579606164,1.179019430027019,1.1947731272498914
0.10107107107107108,1.1314312878953485,1.1473808583643632,1.1636609394359434,1.1798810220128961,1.1956765969105894
0.10130130130130131,1.1323209809940584,1.148254364457662,1.1645381966766726,1.1807109561762124,1.1965157227268814
0.10153153153153154,1.1332026949148182,1.1491386207227445,1.165398661307993,1.181558161107704,1.1973531242654842
0.10176176176176177,1.1340639712305534,1.1500084957156398,1.1662389652429777,1.1823878442028732,1.198162334067904
0.101991991991992,1.1349498415563617,1.150844784769821,1.1670751879591381,1.183211963430045,1.1989536120452853
0.10222222222222223,1.135812561757287,1.1517148486067688,1.1679007110623034,1.1840352185303482,1.1997517751780642
0.10245245245245246,1.1367097220047429,1.1525554945839658,1.168717994291102,1.1848571987437828,1.200529554059608
0.10268268268268269,1.137588508586289,1.1533779357523606,1.169520908213988,1.185659874937329,1.201303174346753
0.10291291291291292,1.1384634394132285,1.1542131808208804,1.1703377704330673,1.18645194311085,1.20210317015643
0.10314314314314316,1.139262815180115,1.1550227771462527,1.1711270327960384,1.1872432876513177,1.202857264475368
0.10337337337337338,1.1400479564374746,1.1558510810306468,1.1719181203704725,1.1880236352317433,1.203640668580674
0.10360360360360361,1.1408422331606791,1.1566399784666157,1.1727038975322897,1.188809383059642,1.2043978636850297
0.10383383383383384,1.1416425754744945,1.1574131947792696,1.1734698171455191,1.1895681876815527,1.2051513908770481
0.10406406406406407,1.1424523455634352,1.1581920461129134,1.1742387312679419,1.1903234188832503,1.2058898917450533
0.1042942942942943,1.143234147020308,1.1589537535352405,1.1749970419058127,1.1910735881850572,1.2066334156444622
0.10452452452452453,1.143989729799295,1.1597369598764151,1.1757425608631267,1.1918273886641957,1.2073886463961614
0.10475475475475476,1.1447279418635827,1.1604761001534167,1.176498056377204,1.192552824856714,1.2081216387891887
0.104984984984985,1.1454536807527063,1.1612139724564887,1.1772282411203825,1.1932734166402086,1.2088474337801045
0.10521521521521522,1.1461906844885665,1.1619551964858288,1.177956966290777,1.1939860059905099,1.2095518986812999
0.10544544544544546,1.1469332990291805,1.1626822549782843,1.1786742204239309,1.194706798878655,1.2102783518785791
0.10567567567567568,1.1476723762683074,1.16340079504074,1.1793783097841042,1.1954022704098932,1.2109809797036255
0.10590590590590591,1.1484049352602226,1.1641001598420966,1.1800716661804969,1.1961014585867569,1.211681702532691
0.10613613613613615,1.1490775171032945,1.1648045822343216,1.180767378027117,1.1968009096260568,1.2123596620556945
0.10636636636636637,1.1497972100922693,1.165512305225258,1.1814429860133469,1.1974800578881897,1.2130644708755687
0.10659659659659661,1.1504738083656685,1.1661816892158299,1.182129081497194,1.1981373890334226,1.2137495705429981
0.10682682682682683,1.151168344144107,1.1668542741898262,1.182808107179343,1.1988249253707295,1.2144279013245258
0.10705705705705706,1.1519013272648861,1.1675515311652191,1.183468503648651,1.1995047664961636,1.2151045454369456
0.1072872872872873,1.1525933497415004,1.168211128363011,1.1841178526125147,1.2001704442504881,1.215748062365056
0.10751751751751752,1.153246465557457,1.168881825924075,1.1847657007268835,1.2008278007094924,1.2164100360120056
0.10774774774774776,1.1538941887226093,1.169537474686585,1.185418490856434,1.2014613674670493,1.2170260971002211
0.10797797797797799,1.154582389854876,1.1701692980031644,1.1860505390394949,1.2021008031924283,1.2176973472539376
0.10820820820820821,1.1552186592414901,1.170808981337749,1.1866962721708247,1.202734401499577,1.2183166043982019
0.10843843843843845,1.1558484333251418,1.1714503533425975,1.187327783497306,1.2033494438430625,1.2189429940157452
0.10866866866866867,1.1565094653824013,1.1720776891884341,1.1879442569545517,1.20396878234018,1.2195539239483708
0.10889889889889891,1.1571448404462406,1.1726892780039835,1.1885591973102618,1.2045704197827731,1.2201563584885358
0.10912912912912914,1.1578024555049073,1.1733089115359583,1.1891683517561888,1.2051682769357432,1.2207611190234806
0.10935935935935936,1.1583995071525754,1.1739048810395631,1.1897683975136781,1.2057521701890188,1.2213402412249872
0.1095895895895896,1.1590048600661929,1.1745126776347192,1.1903552207841144,1.206350947417995,1.221912925673113
0.10981981981981982,1.1595667871536512,1.1751094045933255,1.1909479675487622,1.2069342817603632,1.2225207372255222
0.11005005005005006,1.1601768073957235,1.1756799614379894,1.1915330448755697,1.2075045099988928,1.2231042157092598
0.1102802802802803,1.1607571570294006,1.1762414535207835,1.1920972234453715,1.208072889950515,1.2236819394573968
0.11051051051051052,1.1613398421026184,1.1768241619600919,1.1926646687532378,1.2086337022466005,1.2242651864227525
0.11074074074074075,1.161912539329963,1.1773841110829317,1.1932194916560872,1.2091913219187147,1.2248115357762497
0.11097097097097099,1.1624189188425695,1.177948264678374,1.1937721902205534,1.2097377832005944,1.2253785269425272
0.11120120120120121,1.16294203410173,1.1785071191513141,1.1943160282810588,1.2102919585362377,1.225941113144356
0.11143143143143144,1.1635189814043942,1.17905504723569,1.1948592949196761,1.2108226440542185,1.2264958857870139
0.11166166166166167,1.1640600329195858,1.1795945912085204,1.1954006706273517,1.2113594877923448,1.2270492576254795
0.1118918918918919,1.1645796819481036,1.1801347979308536,1.1959382714353388,1.2119013101528968,1.2275999515939162
0.11212212212212214,1.1651384273483574,1.1806668402720426,1.1964599798336986,1.2124218156951967,1.22815426176932
0.11235235235235236,1.1656697517743115,1.1811938898263574,1.1969908793192856,1.2129463863290926,1.2286861902856814
0.1125825825825826,1.1661741288789222,1.181722529720177,1.1975191794936926,1.213452614729988,1.229222301000967
0.11281281281281282,1.1666946957797644,1.1822427810169427,1.198018634334624,1.213954743842946,1.2297445706628831
0.11304304304304305,1.167238683532255,1.1827450430972986,1.1985286821887737,1.2144640371738467,1.2302471712330532
0.11327327327327329,1.1677196409983592,1.1832489699169395,1.1990243430497363,1.2149734303781248,1.2307486648577952
0.11350350350350351,1.1682136071839908,1.18373911982287,1.1995155499940848,1.2154746564390868,1.2312093776551076
0.11373373373373374,1.1686893636149347,1.1842356759063335,1.2000075040745917,1.2159614729109343,1.2316868858636192
0.11396396396396398,1.1691868425284921,1.184725018529047,1.200496761841174,1.216452412164813,1.2321655117033472
0.1141941941941942,1.169647289134269,1.1851930849754844,1.2009796861474213,1.2169276685752066,1.2326434547346965
0.11442442442442444,1.1700967153593462,1.1856592591354895,1.2014453465539503,1.217400186673823,1.233098895963889
0.11465465465465466,1.170541680014538,1.1861176824926,1.2019115724550578,1.2178817741221595,1.2335710809371374
0.1148848848848849,1.1710172662648664,1.1865687065347932,1.2023884607516395,1.2183527910767105,1.234042189258578
0.11511511511511513,1.171510889948527,1.1870230404610504,1.2028550722912326,1.2188086667657272,1.2345005765383221
0.11534534534534535,1.171987333575434,1.1874629039673956,1.2032997500749723,1.2192574829524,1.2349483266746881
0.11557557557557559,1.1724470391467747,1.1879123461189396,1.2037449072524293,1.2197178233845414,1.235385703771398
0.11580580580580581,1.1729118380983494,1.1883406529713467,1.2041856148822097,1.2201639587938284,1.2358355933109215
0.11603603603603604,1.1733695709711895,1.1887726309584115,1.2046222782073948,1.2206061579325498,1.2362993765300563
0.11626626626626628,1.173792593110533,1.189206196028589,1.205057568477701,1.2210527965893907,1.236740022153096
0.1164964964964965,1.1742094613905814,1.1896343394319164,1.2054828397286086,1.2215013359901796,1.2371778894066954
0.11672672672672674,1.1746472355308553,1.1900655794627408,1.2058988207202919,1.221940915360005,1.2375917609933156
0.11695695695695697,1.1750745374421268,1.190477156533264,1.2063251850921064,1.2223681953151533,1.238013011494888
0.1171871871871872,1.175464641089399,1.1908913149971638,1.2067388057813868,1.2227946053814966,1.2384408663644266
0.11741741741741743,1.1758280828585848,1.1913044502627408,1.2071504835973847,1.223203717150672,1.2388651500594534
0.11764764764764765,1.17622297343801,1.1917141429528884,1.2075560186204082,1.223607769833482,1.2392635750786871
0.11787787787787789,1.1765877436525043,1.1921037541450212,1.2079600839542814,1.2240144835756492,1.2396699582336623
0.11810810810810812,1.1769772752495338,1.1924929252136147,1.2083509981246157,1.2244040932415985,1.240074764802052
0.11833833833833834,1.1773580626770008,1.1928869256014973,1.2087434682107003,1.2248045844673765,1.2404726996766253
0.11856856856856858,1.1777261374646903,1.1932740038493415,1.2091382822893124,1.2251935963180456,1.2408943711623912
0.1187987987987988,1.1781014604983624,1.1936557642097825,1.2095214705319517,1.2255922120483163,1.2413007586777598
0.11902902902902904,1.1785070770903232,1.194011548551408,1.2099156039062418,1.2259751281217892,1.2416828778790765
0.11925925925925927,1.1788722781438696,1.1943895876813257,1.2102877962734275,1.2263612437305242,1.242081492317612
0.1194894894894895,1.1792099233893716,1.1947516523567203,1.2106612830959045,1.2267382255830557,1.242474608513051
0.11971971971971973,1.1795532283801762,1.1951206847061993,1.2110233384847613,1.2271176792193839,1.242851551467296
0.11994994994994997,1.179925102335124,1.1954798273177223,1.2113848024544243,1.2274842076348262,1.2432215764723216
0.12018018018018019,1.1802760938458454,1.195833426598501,1.2117357757891611,1.2278458135093937,1.24356857708233
0.12041041041041042,1.1806252971036593,1.1961848652588627,1.2120952945231152,1.2282112829237857,1.243910925695003
0.12064064064064065,1.18097516483296,1.1965451034858576,1.212450392596337,1.228578361896259,1.2442693503795974
0.12087087087087088,1.1813113916668432,1.1968880760200633,1.2128004212093884,1.2289417498987356,1.2446587431361824
0.12110110110110112,1.18160005451906,1.1972278868556658,1.2131436269902667,1.229291667074257,1.2450218878043084
0.12133133133133134,1.181930006621793,1.1975730993590317,1.213493766893234,1.2296441152520456,1.2454133796947877
0.12156156156156157,1.1822705339854587,1.197909039171745,1.213835815222668,1.2299921171023798,1.2457885518920866
0.1217917917917918,1.1826186536732322,1.1982365060895015,1.2141714668685029,1.2303377517409546,1.246132537956873
0.12202202202202203,1.1829339826114995,1.1985554579786057,1.2145018866452202,1.2306893786503652,1.2465041068434097
0.12225225225225227,1.1832565103538168,1.1988749721702727,1.214821608805377,1.2310350312149978,1.2468215476701847
0.12248248248248249,1.1835668606014709,1.1992034054645593,1.215142991553396,1.2313782501151769,1.2471737183085012
0.12271271271271272,1.183849670290394,1.1995298368601717,1.2154588864302178,1.2316941874671663,1.2475031565676462
0.12294294294294296,1.184148746957306,1.1998185760389373,1.2157765589939546,1.2320153224084653,1.2478288185547184
0.12317317317317318,1.1844280471719655,1.2001213919715574,1.2160839747022354,1.2323397391971869,1.2481351385311419
0.12340340340340342,1.1847442703369329,1.2004299617640488,1.2163949504772547,1.2326658486045678,1.2484682990349751
0.12363363363363364,1.1850649917010452,1.2007226993654943,1.216693240757862,1.232982814137699,1.2487846603457569
0.12386386386386387,1.1853206657450692,1.201009466569542,1.216999728133816,1.2332902525151337,1.2490824725065774
0.12409409409409411,1.1855808278383477,1.2013045108383038,1.2173046121993936,1.2335912255122237,1.2493744309628183
0.12432432432432433,1.1858624413610452,1.2015882867860046,1.217607848216281,1.2338956690911027,1.2496682687068856
0.12455455455455457,1.1861192744084557,1.201869572786787,1.217902883046757,1.2341967240589042,1.24999919358795
0.12478478478478479,1.1863872384129486,1.2021455227963722,1.2181827604141475,1.2344890883296276,1.250295316903037
0.12501501501501502,1.1866210137736044,1.202422016937032,1.2184697351128502,1.2347874245433543,1.2505906657694015
0.12524524524524525,1.1868835316654904,1.202682223632446,1.2187601652849354,1.2350832033251735,1.250892353166246
0.1254754754754755,1.1871689092232751,1.202954686396977,1.2190404826064047,1.235372728629578,1.2511865995591538
0.12570570570570572,1.1874342265883437,1.2032438587415313,1.2193133697404475,1.2356528581511792,1.251476843419881
0.12593593593593594,1.1876755712870875,1.2035079919397682,1.2195867975018935,1.235936892406756,1.251763624961371
0.1261661661661662,1.1879231456467754,1.2037739039585016,1.2198647739187065,1.2362112570870434,1.2520589795298036
0.1263963963963964,1.188160398043652,1.2040368605164042,1.2201289900597452,1.2364805529352807,1.2523288007965037
0.12662662662662663,1.188405464511682,1.2042915143101962,1.220399434794929,1.2367459684474125,1.252588997274078
0.12685685685685685,1.1886429467229187,1.2045590667664883,1.2206690963104698,1.2370207531107027,1.2528468852702928
0.1270870870870871,1.1888911598904448,1.204805327018849,1.2209297591328736,1.2372878890663348,1.253115787150128
0.12731731731731732,1.1891274587385605,1.2050478839557242,1.2211904408968193,1.2375451816448988,1.253385633603148
0.12754754754754755,1.1893464512124083,1.2052986143171112,1.2214410162217475,1.2378124075033676,1.2536453451636873
0.1277777777777778,1.1895686165483492,1.2055496084855781,1.221686477664593,1.2380740980650737,1.2538902139333035
0.12800800800800802,1.189793719142409,1.2057761174477177,1.2219391093292953,1.2383173498657858,1.2541608205442842
0.12823823823823824,1.1900321765167696,1.2060106384872191,1.2221890091708887,1.238566333666378,1.2543940790956296
0.1284684684684685,1.1902378615262474,1.206249048195937,1.2224351252756975,1.2388181984187228,1.2546796931520832
0.1286986986986987,1.190451163432724,1.2064949496359503,1.222676405340389,1.2390681507507868,1.2549184866830743
0.12892892892892893,1.1906647040554341,1.2067306985388373,1.2229174432644894,1.2393217290136433,1.2551557873547061
0.12915915915915918,1.1908657386709374,1.2069465405140918,1.2231485820443024,1.2395710746684487,1.2554004292506473
0.1293893893893894,1.1910599002966904,1.2071652716195558,1.2233843001547764,1.239815236178153,1.255650080977799
0.12961961961961962,1.1912548231241595,1.2073762578940168,1.2236096011451372,1.2400477723372012,1.2558925044222533
0.12984984984984985,1.1914818206817228,1.2075819912076275,1.223843984104132,1.2402809358734501,1.2561368255129148
0.1300800800800801,1.1916956962803598,1.2078012985929234,1.224076042191871,1.2405101564133776,1.2563554216030244
0.13031031031031032,1.1919221849294226,1.2080236193158458,1.2243009470147892,1.2407455151126154,1.256581038345788
0.13054054054054054,1.1921423319893296,1.208229244356313,1.224517656528609,1.2409810541174644,1.2568155198979172
0.1307707707707708,1.1923376402876025,1.2084491199703333,1.2247329028265639,1.2411985372226089,1.257052862200828
0.131001001001001,1.1925423153720802,1.2086441670273076,1.2249428807938343,1.2414212616818774,1.2572984875162794
0.13123123123123123,1.1927288293155438,1.2088453784065545,1.2251454196464509,1.2416393208379115,1.2575279114837339
0.13146146146146148,1.192911843763399,1.2090392295118255,1.2253526559324461,1.241854349140699,1.2577550044963148
0.1316916916916917,1.1930835145586336,1.2092303161261237,1.2255575035237531,1.2420794900043108,1.2579683283017327
0.13192192192192193,1.193259642644073,1.2094269529550834,1.225756013041337,1.2422903523706812,1.2582097421970166
0.13215215215215217,1.1934299152934242,1.2096217454442315,1.2259529485229999,1.2425041567291717,1.2584199777093634
0.1323823823823824,1.193642532299597,1.2098167188232218,1.2261546678448616,1.242714317892409,1.2586264772009754
0.13261261261261262,1.1938280491526756,1.2100049632180851,1.22635761716612,1.2429347040976462,1.2588422317347925
0.13284284284284284,1.1939988244160455,1.2101950040946292,1.2265579663075161,1.2431406209983886,1.2590566598002197
0.1330730730730731,1.1941664620263321,1.2103785616696854,1.2267548390122036,1.2433510014069855,1.2592728429623594
0.1333033033033033,1.194325441547937,1.2105663741492507,1.2269394382826202,1.2435515663837986,1.2594837421538907
0.13353353353353353,1.194486036872476,1.210741421525284,1.2271400084192148,1.2437606246810962,1.2597031149898534
0.13376376376376378,1.194665462354328,1.2109231057773238,1.227328841280281,1.2439631213434235,1.2599067781522217
0.133993993993994,1.1948275316390589,1.2110903051244777,1.2275109373282171,1.244169364817109,1.2601025661362777
0.13422422422422423,1.1949874572008976,1.21126551773949,1.227696767343324,1.2443692950153593,1.2602899197108643
0.13445445445445448,1.1951313281521327,1.2114442419024283,1.227874631739037,1.2445522854756093,1.26048062019113
0.1346846846846847,1.1952863928682635,1.2116097135480945,1.228060272158155,1.2447442946641276,1.2606878120956848
0.13491491491491492,1.1954402342772512,1.211773216137203,1.2282351650412389,1.244925381816526,1.260885441521667
0.13514514514514517,1.1956108480910586,1.2119435694173433,1.2284156909715138,1.2451161681253347,1.261078254490144
0.1353753753753754,1.1957586213181073,1.2121072744171926,1.2285892340185787,1.2452968288350434,1.2612612827590546
0.1356056056056056,1.1958986391828124,1.2122719363159613,1.2287498936037742,1.2454669502328124,1.2614567472240057
0.13583583583583583,1.1960576084361683,1.2124306898842443,1.2289204724341953,1.2456462429406,1.2616494503185078
0.13606606606606608,1.1962058554483734,1.21259633415282,1.229082996110323,1.2458156947490857,1.2618125216798228
0.1362962962962963,1.1963506035084515,1.2127537223041733,1.2292500294026658,1.2459904191204563,1.2620036280404159
0.13652652652652653,1.1964995603963318,1.2129038116127298,1.2294083755093055,1.2461679859451509,1.2621780356510741
0.13675675675675678,1.1966366803067814,1.2130582017057747,1.2295692467459391,1.2463471297572786,1.262355693479019
0.136986986986987,1.196783053839397,1.2132052697069617,1.2297414744580883,1.2465238168415211,1.2625248796074864
0.13721721721721722,1.196930132743681,1.213360377398894,1.2298989615471645,1.2466914455309364,1.262704517882609
0.13744744744744747,1.1970567664665328,1.2135153195321087,1.2300556513688627,1.2468597610364722,1.2628782506587686
0.1376776776776777,1.197200435513309,1.213655517640721,1.230209762345597,1.2470249291252729,1.2630523128653255
0.1379079079079079,1.1973382604193286,1.2137955243761596,1.230355437557054,1.2471953022394235,1.2632323552648805
0.13813813813813816,1.1974646798407251,1.2139418779508462,1.2305079244895032,1.2473648818908047,1.2633941874738672
0.13836836836836838,1.19760349809045,1.2140902928115116,1.2306615020411331,1.2475211478340384,1.2635728217427626
0.1385985985985986,1.197743909176552,1.2142290901784005,1.2308107660338727,1.2476849145407864,1.2637307061104044
0.13882882882882883,1.197890286208583,1.2143598695171234,1.2309603514995258,1.2478435481095644,1.2638920968252796
0.13905905905905908,1.1980315537954522,1.214500066424164,1.2311014515322487,1.2479845380482033,1.2640630799034112
0.1392892892892893,1.1981631781031739,1.2146206897448164,1.2312470959412998,1.2481285665683766,1.2642291890434938
0.13951951951951952,1.1982801778822527,1.2147569081178624,1.231393348860752,1.2482874099553292,1.2643970985638595
0.13974974974974977,1.1983991149038726,1.2148885496940467,1.231534819208691,1.2484287408734929,1.2645534494414081
0.13997997997998,1.198521981800333,1.2150122147446394,1.2316689646418042,1.2485809586463037,1.2647185144740296
0.1402102102102102,1.198640397946507,1.2151319840279005,1.231799174319455,1.2487258737716804,1.26487748191644
0.14044044044044046,1.1987582118223685,1.2152606192822641,1.231939144017618,1.248858811655927,1.2650359464904386
0.14067067067067068,1.1988715258748448,1.2153992045347726,1.232069946438729,1.2489966335545242,1.2651981031383748
0.1409009009009009,1.1989788105310313,1.2155228458864829,1.23220083089196,1.2491366091416032,1.2653467272644405
0.14113113113113115,1.1990893908620242,1.2156470294652024,1.2323331615376745,1.2492692987303022,1.265500403563061
0.14136136136136138,1.199202608536747,1.2157653775154185,1.2324642407579522,1.2494052008307954,1.2656403328740304
0.1415915915915916,1.199300837704329,1.2158902531637017,1.2325929476978235,1.2495422635087932,1.265788582677291
0.14182182182182182,1.19939735668374,1.2160067661774925,1.2327212550489586,1.2496742709936404,1.2659362827113982
0.14205205205205207,1.199516857471898,1.2161197244166666,1.2328482054490324,1.249824874804491,1.2660683066141625
0.1422822822822823,1.1996367854443497,1.2162337479095262,1.2329737297202779,1.2499540089734356,1.2662269589848856
0.1425125125125125,1.1997513342765873,1.2163582699851259,1.2330951062546731,1.250092655960499,1.2663502261161903
0.14274274274274276,1.199855748269159,1.2164824022212248,1.2332172905459715,1.250225089928224,1.2664796752468928
0.14297297297297298,1.1999651384298267,1.2166042348035857,1.233337544792387,1.2503590814384766,1.26662541127423
0.1432032032032032,1.2000685932407023,1.2167127921452863,1.2334554277923269,1.250483318045245,1.2667492010458636
0.14343343343343345,1.200170418121937,1.2168181630751589,1.2335734266042968,1.250611594457203,1.2668780088275104
0.14366366366366368,1.200267978920267,1.2169220813629626,1.233692913115243,1.2507383123398117,1.2670067336327615
0.1438938938938939,1.2003682651514023,1.2170336099949783,1.2338086914501964,1.250858951070576,1.2671380887422143
0.14412412412412415,1.2004655714542056,1.2171445846735902,1.233921752006365,1.2509740370650653,1.2672639295743335
0.14435435435435437,1.2005640668259632,1.217254208754576,1.2340356783546413,1.2510927368599623,1.2674041143497048
0.1445845845845846,1.2006591883442534,1.2173633240109358,1.2341490963280926,1.2512166364087363,1.2675495819425397
0.1448148148148148,1.2007515198893728,1.2174666174093267,1.2342604004475064,1.2513378191374556,1.2676767793149224
0.14504504504504506,1.2008497877608866,1.2175681087343442,1.2343680141553475,1.2514554401358822,1.2678230915582784
0.14527527527527528,1.2009493965634566,1.2176712792747932,1.2344747699352936,1.2515657733133354,1.2679475230692527
0.1455055055055055,1.2010551228351605,1.2177704935258573,1.2345847216891654,1.2516820117029674,1.2680786106597208
0.14573573573573576,1.2011552100543403,1.2178756395603694,1.2346827106055955,1.2518026252488408,1.2681926580379923
0.14596596596596598,1.201249577407604,1.2179764603481897,1.2347935501765908,1.2519211256709122,1.268314986437841
0.1461961961961962,1.201339619617862,1.218067310653527,1.2348918994201468,1.252030460328086,1.268421604834495
0.14642642642642645,1.2014386936588364,1.2181601613442545,1.2349996836696664,1.2521373046341457,1.26855637726368
0.14665665665665667,1.2015288127085475,1.218249226359163,1.2351010108826839,1.2522448557234094,1.2686674779179945
0.1468868868868869,1.20159257039898,1.2183346568078735,1.2352030423007274,1.2523549127286402,1.2687893582132157
0.14711711711711714,1.2016709703598598,1.2184339431375126,1.235303091242986,1.2524589648822473,1.2688949556625932
0.14734734734734736,1.201751277854122,1.2185263606612995,1.2354046889386918,1.2525722407882196,1.2690069630906333
0.14757757757757758,1.201829595486075,1.2186184751787348,1.235497011066876,1.2526774738011734,1.2691011471933218
0.1478078078078078,1.2019172999869998,1.2187078992382538,1.2355910016491336,1.2527892217681482,1.2692055924779975
0.14803803803803806,1.2020081291516296,1.218799778592382,1.2356868376699588,1.2528889792551359,1.2693174601351052
0.14826826826826828,1.2020926087767392,1.21888821978012,1.2357792323978336,1.2529934875972517,1.2694218083597215
0.1484984984984985,1.2021825227339125,1.2189710286384472,1.2358692834105098,1.2530890752987798,1.2695242251900924
0.14872872872872875,1.202260607400703,1.2190546346315214,1.2359596772867274,1.2531844181738039,1.2696299644590339
0.14895895895895897,1.2023408882275197,1.2191366305344846,1.236045690226964,1.2532846055411848,1.269745931034582
0.1491891891891892,1.2024208857216916,1.219220302032996,1.2361356157593384,1.2533779435202368,1.2698694973999465
0.14941941941941944,1.202475688026509,1.2193006044898917,1.2362208500475433,1.2534722877139484,1.2699677706206267
0.14964964964964966,1.2025281239734533,1.2193752221967655,1.236305544807915,1.2535701226795384,1.2700700266487697
0.14987987987987988,1.2026061613913361,1.2194642175616859,1.2363947577001482,1.253663871362182,1.2701618746542311
0.15011011011011013,1.2026960599987924,1.2195535561544735,1.2364778443179267,1.2537543310037356,1.270270525135864
0.15034034034034036,1.2027529191027642,1.2196361793851438,1.236568773391007,1.2538413196985825,1.2703680984535966
0.15057057057057058,1.2028282039748395,1.2197137727746585,1.2366545266056646,1.253935285904083,1.270459162068523
0.1508008008008008,1.202902154888133,1.2197829533598137,1.2367438697624251,1.2540172110903263,1.2705511213441467
0.15103103103103105,1.2029703457687762,1.2198600785486449,1.2368263270272633,1.2541085281611586,1.2706423884343843
0.15126126126126127,1.20305339145853,1.2199332825701867,1.2369047271733278,1.2541890163152942,1.270728607361234
0.1514914914914915,1.203112558226276,1.2200076507333864,1.2369807993193245,1.2542796094549091,1.2708159854779273
0.15172172172172174,1.2031867517965975,1.2200901935595234,1.2370595168493124,1.2543681713102608,1.2709093290615074
0.15195195195195196,1.203266608628037,1.220162284212983,1.237135215794165,1.254451607372606,1.2709880151451016
0.15218218218218219,1.203329350371436,1.2202364219324677,1.2372131421508217,1.254538218419835,1.2710729116773962
0.15241241241241243,1.2033889705587006,1.220308522086267,1.237284268098962,1.2546252526184023,1.2711845633085397
0.15264264264264266,1.2034524831476823,1.2203767039410678,1.2373571514146224,1.2547115941268248,1.2712697841620746
0.15287287287287288,1.203518555993704,1.2204425989936012,1.2374362211052117,1.2547893828220156,1.2713570562058758
0.15310310310310313,1.203564779801748,1.2205154989217215,1.23750986729273,1.25487424056742,1.271444653238037
0.15333333333333335,1.2036275293873184,1.220580180853226,1.2375825372478848,1.254957909236753,1.2715301593272357
0.15356356356356357,1.2036933117292463,1.2206422774742074,1.2376530272449915,1.2550293744103502,1.2716145819947458
0.1537937937937938,1.203762368283622,1.2207078976203058,1.2377216221377436,1.2551142054314697,1.271704305333151
0.15402402402402404,1.2038158841084412,1.2207682743468942,1.2377912228315513,1.2551935991333696,1.2717991992760376
0.15425425425425426,1.203868667731075,1.2208315997253818,1.2378580768324532,1.25526503706919,1.2718739756968596
0.15448448448448449,1.2039332250446124,1.220893749074903,1.237929909421846,1.2553406518317791,1.2719526012360776
0.15471471471471474,1.2039922689754918,1.2209533118844305,1.2379996229139711,1.2554133433133026,1.272027441737397
0.15494494494494496,1.2040504206715943,1.2210166728209295,1.238066750947542,1.2554860852618106,1.2721185934303458
0.15517517517517518,1.2041060054925692,1.2210795246437505,1.238133284919475,1.255565930588979,1.27220056546037
0.15540540540540543,1.2041571501046566,1.2211429836396175,1.2382056388404425,1.2556484342796677,1.2722882911715723
0.15563563563563565,1.2042140372752848,1.2212003942355871,1.2382697447114344,1.255722645702834,1.2723502377262248
0.15586586586586587,1.2042648732042904,1.2212639450044525,1.2383344987501002,1.2557959543953716,1.2724262673197735
0.15609609609609612,1.2043196007527377,1.221320932787169,1.2383968479134249,1.2558728526630292,1.272501790831283
0.15632632632632634,1.2043588375273926,1.2213775871495378,1.2384578772594534,1.2559466502977568,1.2725700272428324
0.15655655655655656,1.2044074858759124,1.2214299283922345,1.2385224303639126,1.2560099289491995,1.2726492733096222
0.15678678678678679,1.2044580444658928,1.2214827243123207,1.2385863608939238,1.2560761570914811,1.2727241454527591
0.15701701701701704,1.204512117730459,1.221530548558259,1.238650278079698,1.256152416914116,1.2728016469216206
0.15724724724724726,1.2045692987732242,1.2215823022754733,1.2387108680812642,1.2562188919564823,1.2728864365576822
0.15747747747747748,1.2046277367837595,1.2216399025978275,1.2387686105875386,1.256290898590947,1.272974427021136
0.15770770770770773,1.2046853072510257,1.221684981277937,1.2388308887125903,1.2563622140697246,1.273052340240723
0.15793793793793795,1.204725465552861,1.2217410666954884,1.2388861395995017,1.2564301277821333,1.2731337438735026
0.15816816816816817,1.2047651909802513,1.22179773581762,1.2389424134489324,1.2564984368105419,1.2732152720492473
0.15839839839839842,1.2048063644867593,1.2218510442945794,1.2390030900726223,1.256566067998941,1.2732883638082448
0.15862862862862864,1.2048486690637341,1.2219017777642704,1.2390605629737854,1.2566305818995254,1.2733397075023785
0.15885885885885886,1.2048928690352856,1.2219539132538368,1.239115802075124,1.2566887935919642,1.2734149774441894
0.15908908908908911,1.2049376636008602,1.2220046678706131,1.239171560358017,1.2567497191631651,1.2734893773917653
0.15931931931931934,1.2049831039728103,1.2220551302038498,1.2392291679113236,1.2568121916370183,1.2735663491947398
0.15954954954954956,1.2050294471060403,1.2221045781846485,1.239286865138647,1.2568693270391775,1.2736208726368141
0.15977977977977978,1.2050680524446897,1.222150124881933,1.2393370161503352,1.256938851710718,1.2736907550418943
0.16001001001001003,1.2051001551193876,1.2221916624784666,1.2393865196364624,1.2570018996871526,1.2737447976593017
0.16024024024024025,1.2051392610464164,1.2222398172268636,1.2394391950998116,1.2570593452036158,1.2738125053702838
0.16047047047047047,1.2051905210351908,1.2222913922135275,1.2394948201168958,1.25711523223892,1.2738739817568265
0.16070070070070072,1.2052243810225751,1.222338076596965,1.239546811481517,1.2571690369219275,1.2739354624182626
0.16093093093093094,1.2052562733285417,1.2223863954546534,1.2395977497545474,1.2572289190168036,1.2740009293889252
0.16116116116116116,1.205294340224794,1.2224347205701362,1.2396480893122106,1.257280484078079,1.274065803352849
0.16139139139139141,1.2053302477427086,1.2224788682594698,1.2396914727804254,1.2573261532021383,1.2741310329699866
0.16162162162162164,1.205365169423023,1.2225255860404138,1.2397397017510832,1.2573797049216986,1.274186564071211
0.16185185185185186,1.2054018409643323,1.2225710158026322,1.2397884470157563,1.2574343658622884,1.2742298409315973
0.1620820820820821,1.2054404197087127,1.222617318811473,1.239829900865233,1.2574904686540176,1.2742917157610163
0.16231231231231233,1.2054828415882164,1.2226584679819203,1.2398734827920557,1.2575450465511993,1.2743540430707636
0.16254254254254255,1.2055200207611252,1.222701672249808,1.23991948531997,1.2576012821666673,1.2744189392300265
0.16277277277277277,1.2055553194838284,1.2227382848832962,1.239968626118331,1.2576543630557948,1.2744790756634135
0.16300300300300302,1.2055913116401347,1.2227911068983803,1.2400163427992728,1.257705162219727,1.274532637723861
0.16323323323323324,1.2056304269837743,1.2228318364020723,1.240062010290669,1.2577488714985974,1.2746001446026252
0.16346346346346347,1.205664573200533,1.222869744887502,1.240111257413931,1.2577976491553002,1.274654009031477
0.16369369369369371,1.2056870039013392,1.2229090058404724,1.2401524174869976,1.25783806397526,1.2747133203484564
0.16392392392392394,1.2057191389136976,1.2229523649001512,1.2402048620898944,1.2578859559041755,1.2747651043898958
0.16415415415415416,1.2057503516987136,1.2229932624495758,1.2402455052739774,1.2579281195321226,1.2748178246788915
0.1643843843843844,1.2057739131885061,1.2230295908909445,1.2402889042415723,1.2579846773787915,1.2748717273913652
0.16461461461461463,1.2058004414377275,1.223065814542301,1.2403274404084614,1.2580298280338997,1.2749181118852637
0.16484484484484485,1.2058379375498378,1.2231065720375691,1.2403714880242405,1.2580750620696841,1.274968490445089
0.1650750750750751,1.2058692778493778,1.2231439586038284,1.240409393111164,1.2581154881325256,1.275014935518047
0.16530530530530532,1.2059087582406904,1.2231826431003598,1.2404511614314222,1.258160144577922,1.2750664182056355
0.16553553553553554,1.2059431080518395,1.2232180598913867,1.2404947719378303,1.2582049164951474,1.2751180273704361
0.16576576576576577,1.205970504873608,1.223257194318437,1.240534920325867,1.2582456752694942,1.2751766811902667
0.16599599599599602,1.2060006584098153,1.2232931523102948,1.2405745050339376,1.2582986142328143,1.275241487559268
0.16622622622622624,1.2060304573258014,1.22332843027578,1.240607536533676,1.2583410642354316,1.2752992121268525
0.16645645645645646,1.2060601475160415,1.2233640392361491,1.2406445986692183,1.2583853837557186,1.275355867292862
0.1666866866866867,1.2060874473474004,1.22339417055679,1.2406828813150468,1.2584298351335783,1.2753983713285666
0.16691691691691693,1.2061153128775979,1.223427528832419,1.2407182107556964,1.2584653598256044,1.2754409822882322
0.16714714714714715,1.2061430354189517,1.22346116671677,1.2407544422889851,1.2585094300267066,1.275478711412035
0.1673773773773774,1.2061717102886347,1.2234914773469314,1.2407897271440964,1.2585449643120425,1.2755273740061803
0.16760760760760762,1.2062000657722833,1.2235249273584508,1.240826260196178,1.2585847524392673,1.2755707923321906
0.16783783783783784,1.2062264633261122,1.2235562103482613,1.240863229099537,1.2586267829475115,1.2756137908432932
0.1680680680680681,1.2062513806450108,1.22358823540772,1.240901225375842,1.258668713612619,1.2756512350086036
0.16829829829829832,1.2062804445477489,1.223619863162077,1.2409362821041465,1.2587081715783492,1.2756925381195978
0.16852852852852854,1.2063069490650424,1.2236525757153662,1.2409679767214383,1.258747113943354,1.2757332758398277
0.16875875875875876,1.2063345265146692,1.2236819135594212,1.241004259110745,1.258788702239454,1.275778065094347
0.168988988988989,1.206364722442075,1.2237116388114648,1.2410399386059667,1.2588293161388298,1.275819348642635
0.16921921921921923,1.2063937790823822,1.2237386700119612,1.2410775462739412,1.258866521125675,1.2758550771501036
0.16944944944944945,1.2064215394812705,1.223768470369576,1.2411149008779143,1.2589072917033743,1.2758873996748048
0.1696796796796797,1.2064499140696932,1.2237984060310423,1.241150586320183,1.2589432958045184,1.2759172215706076
0.16990990990990992,1.2064732124736444,1.2238266701323537,1.24118153418445,1.2589715867086622,1.2759642377879095
0.17014014014014014,1.206496134983113,1.2238545477773117,1.2412144229211826,1.2590108559477726,1.2760021886185364
0.1703703703703704,1.2065262470543776,1.223883643898787,1.241242181904683,1.2590501335790785,1.2760372883754263
0.17060060060060062,1.206549113258266,1.2239114802041835,1.2412729643088471,1.259084137858948,1.2760722726939255
0.17083083083083084,1.2065683201570074,1.2239389131310554,1.2413053660015305,1.2591231958611884,1.2761136626578404
0.1710610610610611,1.2065875357791147,1.223964964712793,1.241334811769785,1.2591584837518919,1.2761492891578896
0.1712912912912913,1.2066067114954924,1.223996781268218,1.2413665696402112,1.259198782514764,1.2761823833805173
0.17152152152152153,1.2066250698832004,1.2240254122064205,1.2413938433118077,1.2592364794375372,1.2762224531732231
0.17175175175175175,1.2066450069801475,1.2240508347601256,1.2414234405625917,1.2592732674376663,1.276252524569166
0.171981981981982,1.2066746350362731,1.2240724531632012,1.2414507422633527,1.2593068343902523,1.2762875742445912
0.17221221221221222,1.2066967719329702,1.224094528710849,1.241476687449033,1.259339200937292,1.2763228369496995
0.17244244244244245,1.20672351872282,1.2241223046477254,1.241507948761984,1.2593725358283248,1.276358183568636
0.1726726726726727,1.2067566381441008,1.2241454315042055,1.2415330902242316,1.2594043564158786,1.2763919381881732
0.17290290290290292,1.2067742270352733,1.2241648532302012,1.2415614811271993,1.2594375949559329,1.27642734130128
0.17313313313313314,1.206802306094498,1.2241879201245285,1.2415898364875335,1.2594677097326048,1.2764596756163138
0.1733633633633634,1.2068254528585234,1.2242148945336542,1.2416132559566737,1.2594986844596034,1.2765028455711658
0.1735935935935936,1.2068470457657323,1.2242426588844415,1.2416395799334368,1.259531643212927,1.2765283522406816
0.17382382382382383,1.2068669598059685,1.2242678884940084,1.2416628101655358,1.2595613779630692,1.276567732522738
0.17405405405405408,1.2068877434173233,1.2242885281887594,1.2416860483774093,1.2595920430555267,1.2766044370663117
0.1742842842842843,1.2069055949206031,1.2243124333554494,1.2417092531184983,1.2596249334814682,1.2766470959338991
0.17451451451451452,1.2069293490956783,1.2243328844193333,1.2417360787215441,1.2596549392572978,1.27668967859992
0.17474474474474475,1.2069481691091577,1.224352473972211,1.241765781924245,1.2596835498283996,1.2767240443634318
0.174974974974975,1.2069697464437241,1.2243758640411782,1.2417902238533185,1.2597085313273746,1.2767658923604228
0.17520520520520522,1.2069870058133887,1.2243980931716432,1.2418158685741167,1.259736555003402,1.2768065406749325
0.17543543543543544,1.2070037962451006,1.2244261800490737,1.2418447291881645,1.2597628590001504,1.276839643222885
0.1756656656656657,1.207020425537121,1.2244499365475991,1.2418703020460709,1.2597943546952544,1.2768658059054545
0.1758958958958959,1.2070354600883115,1.2244691509629415,1.2418949749303476,1.2598247486199068,1.2768894007768925
0.17612612612612613,1.2070545214338206,1.2244866691374594,1.2419187311552735,1.259854537473522,1.2769124298348833
0.17635635635635638,1.2070800625148186,1.224511694415186,1.241940822264939,1.259882242654391,1.276943187561833
0.1765865865865866,1.207095464161261,1.2245339399994515,1.2419629855276824,1.2599105237372499,1.2769753714271699
0.17681681681681682,1.2071129099629325,1.2245532345485817,1.2419908735868317,1.2599328923150597,1.2770052482384118
0.17704704704704707,1.207126385711884,1.2245769222953289,1.242016383338665,1.2599616271438474,1.2770378398459694
0.1772772772772773,1.2071406367403674,1.2245976955473226,1.2420398673411148,1.2599868977610906,1.2770681811341564
0.17750750750750752,1.2071617358369469,1.2246180184436137,1.242064677769837,1.2600140247642222,1.2770978050372976
0.17773773773773774,1.2071807832899033,1.2246370348981965,1.2420864509556138,1.2600442787774915,1.2771308946482451
0.177967967967968,1.2071952091575626,1.2246538040562283,1.2421120844406708,1.260076044397649,1.2771602185679853
0.1781981981981982,1.2072162268582454,1.2246700946142846,1.2421335740505524,1.2601049128424557,1.2771818624096893
0.17842842842842843,1.2072277161086902,1.2246879997206968,1.2421553822815843,1.2601254974514038,1.2772089899328247
0.17865865865865868,1.2072430669054681,1.2247009283627448,1.2421721163105623,1.260155770212746,1.2772417667693337
0.1788888888888889,1.207259343163657,1.2247152753063149,1.242191135563125,1.26018334585422,1.2772740339285196
0.17911911911911912,1.207279204972149,1.2247295716679891,1.2422113091539118,1.2602055928595435,1.2773003995292487
0.17934934934934937,1.2072983190969842,1.2247550032473913,1.2422314812055986,1.2602295927485108,1.2773389364271255
0.1795795795795796,1.207310640518335,1.2247746457745683,1.2422510236416544,1.2602543801210293,1.2773662055757133
0.17980980980980982,1.2073291857345017,1.2247928287347483,1.2422704942063147,1.2602858561023784,1.277398213735598
0.18004004004004007,1.2073422721491573,1.224807023449179,1.2422913583288955,1.2603072531880186,1.277427080170163
0.1802702702702703,1.207353145809833,1.224824481876005,1.2423117288356331,1.2603272156810286,1.2774549870632166
0.1805005005005005,1.2073646616576306,1.2248378475056936,1.2423290747651776,1.2603461967922946,1.2774827393151287
0.18073073073073073,1.2073752141859624,1.2248568275888847,1.242350808362559,1.2603654692292632,1.2775103976846618
0.18096096096096098,1.2073901731511818,1.2248768278986533,1.2423697648029863,1.2603938964084571,1.277542433393704
0.1811911911911912,1.207414488111323,1.2248953164770293,1.2423919172295543,1.2604154621269212,1.2775648795727697
0.18142142142142142,1.2074294497983047,1.224909332313363,1.2424089906737583,1.2604373486670293,1.2775855492884896
0.18165165165165167,1.2074444101719453,1.2249231724265885,1.2424265137163675,1.260460893053168,1.2776175966762744
0.1818818818818819,1.2074565965415425,1.2249412948373668,1.242443733002033,1.2604803790353956,1.2776442869359474
0.18211211211211212,1.207475702708045,1.224954236777896,1.2424594040165904,1.2605047122315727,1.2776652904759127
0.18234234234234237,1.207488118400177,1.2249696051457035,1.242478044340052,1.2605277292939812,1.2776844760559114
0.1825725725725726,1.207499418340884,1.2249853990844266,1.242495628408612,1.260548857164983,1.2777070875385033
0.1828028028028028,1.2075128269215685,1.225003757011155,1.2425133346289472,1.2605709740614952,1.2777359013456593
0.18303303303303306,1.207526163560189,1.2250209613238385,1.2425325914115377,1.260589519652183,1.2777680225467054
0.18326326326326328,1.20753893268027,1.2250330090429051,1.2425500880557523,1.2606065582541515,1.2777929666032688
0.1834934934934935,1.2075531079646318,1.2250471928901527,1.242568795519588,1.2606249125986795,1.277819293485122
0.18372372372372373,1.2075675432492086,1.2250650277475836,1.242583800560232,1.260646958209859,1.277841452638609
0.18395395395395397,1.2075825248832814,1.2250792325337974,1.2425974652005043,1.2606693770094655,1.277862739807172
0.1841841841841842,1.2075964791490426,1.2250966325531742,1.2426139747634894,1.2606877226343007,1.2778843582556854
0.18441441441441442,1.2076120074584398,1.2251101275291154,1.2426287617890444,1.26071067403846,1.277903789651326
0.18464464464464467,1.2076262451302338,1.2251207485235598,1.2426457062410825,1.2607239617632104,1.2779221103400777
0.1848748748748749,1.207634575404139,1.2251332387389768,1.2426627775007226,1.2607433789274511,1.2779390755473967
0.1851051051051051,1.2076396712275501,1.2251462594640368,1.2426814507013602,1.2607644586599425,1.277956132153393
0.18533533533533536,1.2076479551008932,1.2251626320346942,1.2426978923073753,1.2607860377507405,1.2779735304575852
0.18556556556556558,1.2076655326397898,1.2251757299874142,1.242715114822575,1.2608015074731258,1.2779950900787198
0.1857957957957958,1.2076830335295907,1.2251877733676702,1.2427305075007207,1.260818904794276,1.2780183396099039
0.18602602602602605,1.2077010683732503,1.2252040626702208,1.2427463677837116,1.2608423389629333,1.2780390153721006
0.18625625625625628,1.2077189188153925,1.2252171531468257,1.2427606727045826,1.260854065650029,1.2780645421505168
0.1864864864864865,1.2077333655357942,1.22523094012975,1.2427737743746117,1.260871142986296,1.2780794599723007
0.18671671671671672,1.2077462701191575,1.225240568702364,1.2427859529227294,1.2608908244668326,1.2780948973124924
0.18694694694694697,1.2077574955440649,1.225250693985748,1.2427979160399671,1.2609086417787487,1.278120594021491
0.1871771771771772,1.2077658090669658,1.225261760723337,1.2428117846763391,1.2609190335344633,1.2781355303453066
0.1874074074074074,1.2077767488112805,1.2252725092652157,1.2428279867029477,1.26093715276062,1.2781575311073277
0.18763763763763766,1.207791143659753,1.2252837884999161,1.2428415169735145,1.2609532539736856,1.2781745748295772
0.18786786786786788,1.2078011127586987,1.2252955012605917,1.2428568200341779,1.2609674800913218,1.2781874761624055
0.1880980980980981,1.207811650890254,1.22531030269907,1.2428708137134534,1.260983714148852,1.2781998155403478
0.18832832832832835,1.2078177073054917,1.225325529068414,1.2428860268482824,1.2609966507057084,1.2782117759722975
0.18855855855855858,1.2078265856779151,1.2253378016440941,1.2429012314144239,1.2610098340018088,1.278223882350819
0.1887887887887888,1.2078326113929851,1.2253457056790271,1.2429132064953692,1.2610193811500918,1.2782385395852895
0.18901901901901905,1.2078405258234688,1.2253542606976449,1.2429268260825377,1.2610346146850717,1.2782549137273838
0.18924924924924927,1.2078490997430884,1.2253637276795852,1.242941182449278,1.2610468643862176,1.2782694858657457
0.1894794794794795,1.2078612874229124,1.2253758314859504,1.2429556829658397,1.2610591269811042,1.2782826593237582
0.1897097097097097,1.2078684761367287,1.2253917352605483,1.2429701233123762,1.2610810874979617,1.2783056427833128
0.18993993993993996,1.207873449756147,1.2254054736734703,1.2429831433225886,1.2610929001707478,1.2783184309307891
0.19017017017017018,1.207878100133175,1.225415341821712,1.2429969182509917,1.2611097408689798,1.278336534576506
0.1904004004004004,1.2078891088757633,1.2254268084869457,1.2430097121192034,1.2611227740577737,1.278351059131823
0.19063063063063065,1.207903412126321,1.2254374832046362,1.2430215590654095,1.2611392950895446,1.2783679560098031
0.19086086086086088,1.2079131009103954,1.2254472885259293,1.24303469187867,1.2611576089338163,1.2783849017350712
0.1910910910910911,1.2079258078689727,1.225456907152764,1.2430468187376966,1.261176893777938,1.278397036309837
0.19132132132132135,1.2079367715084994,1.2254661528017396,1.243059797972186,1.2611879023430446,1.2784115565284355
0.19155155155155157,1.2079484982394166,1.2254794296062173,1.2430684132945466,1.2612008944983661,1.2784252466281374
0.1917817817817818,1.2079544514010825,1.2254870042982184,1.243081633110165,1.2612125441425137,1.2784365310103998
0.19201201201201204,1.2079596505887211,1.2254967164257489,1.2430946070286262,1.2612250918456591,1.2784590364211865
0.19224224224224226,1.2079659784153713,1.22551218229517,1.243104241381536,1.261236826744754,1.278475345584716
0.19247247247247248,1.2079715882462196,1.2255189844841836,1.243115123919998,1.2612493611565747,1.2784833285951103
0.1927027027027027,1.2079777967702108,1.2255254450402275,1.2431274563160775,1.261264448509264,1.2784914282175905
0.19293293293293295,1.207985957602467,1.225533401246385,1.2431394477718678,1.2612736129607933,1.2785096649146468
0.19316316316316318,1.2079908438946694,1.2255427433791681,1.2431468401769579,1.2612825185750627,1.27852240326068
0.1933933933933934,1.2080002906884402,1.2255498698285971,1.2431560706081668,1.2612971920384999,1.2785359574109998
0.19362362362362365,1.2080084306186927,1.225560617767696,1.2431661246677068,1.261309213019394,1.2785447980431368
0.19385385385385387,1.2080156934350494,1.225570238404791,1.2431749101753637,1.2613206604823552,1.278563655834366
0.1940840840840841,1.2080206657533483,1.2255788648257977,1.2431874034615777,1.2613340131804158,1.2785780027230695
0.19431431431431434,1.2080237128513924,1.225589230174872,1.2431938291884688,1.2613488680021931,1.2785877832022563
0.19454454454454456,1.2080252177429225,1.2255983157106716,1.2432025751869664,1.2613588560258848,1.2785980046589684
0.19477477477477478,1.2080304618721847,1.2256069064731532,1.2432115351577402,1.261369580457482,1.27860866033272
0.19500500500500503,1.2080344213080916,1.2256167110442024,1.2432200227626446,1.261381491578366,1.2786194134017235
0.19523523523523525,1.2080428725538916,1.225624989201922,1.2432290908182018,1.2613916945256043,1.2786329854689713
0.19546546546546548,1.208046079605681,1.2256343887791443,1.2432415365314249,1.2614032980196537,1.2786462853712386
0.1956956956956957,1.2080536866196792,1.2256443505607508,1.2432504599219831,1.2614156268777879,1.2786594542885321
0.19592592592592595,1.208061275095641,1.2256507915870551,1.2432611336124744,1.261429011634621,1.2786724999972938
0.19615615615615617,1.20806906588987,1.2256581511852216,1.2432717374158846,1.26143757913319,1.27869026582433
0.1963863863863864,1.208073703281045,1.2256667493979343,1.2432807379638704,1.261449810504812,1.2787050261803798
0.19661661661661664,1.2080780420144897,1.225677935599176,1.2432905319630236,1.2614585953305302,1.2787173196607633
0.19684684684684686,1.2080834130793145,1.2256853084925952,1.2433013869175062,1.2614709388833756,1.278727730872303
0.19707707707707708,1.2080893879850518,1.225694736932654,1.2433099173328783,1.2614787770064069,1.278740230116414
0.19730730730730733,1.2080965028620587,1.2257025602412304,1.2433188805572877,1.2614861601346674,1.2787547932609693
0.19753753753753756,1.2081002214603909,1.2257106217343963,1.243327570002463,1.2614919284839732,1.2787628190034976
0.19776776776776778,1.2081068291863903,1.225715156678009,1.2433351601048088,1.2615010741219126,1.2787723579670132
0.19799799799799803,1.2081142318984037,1.2257194106473743,1.2433453781850328,1.2615123627260336,1.2787841455952498
0.19822822822822825,1.208120017136046,1.2257260792749207,1.2433551721710234,1.2615248848174232,1.27879520288342
0.19845845845845847,1.2081265285849565,1.2257339427384393,1.243364859119944,1.261533729185464,1.2788058258861403
0.1986886886886887,1.2081303268012202,1.2257418069519264,1.243373011364548,1.2615491150482294,1.278813128094841
0.19891891891891894,1.2081385935350237,1.2257486391075885,1.2433790318738593,1.261556817928534,1.278821799195458
0.19914914914914916,1.2081436013964857,1.2257565351546051,1.2433869607862615,1.2615644951261817,1.2788296807321307
0.19937937937937938,1.2081499841540886,1.225763692363674,1.2433947674481765,1.261574730894453,1.2788374401530982
0.19960960960960963,1.2081541370144644,1.2257673540089427,1.2434023417515765,1.2615858119835324,1.278845741687871
0.19983983983983986,1.2081575536223945,1.2257732011766551,1.2434092852228273,1.261593640498028,1.2788571052496789
0.20007007007007008,1.2081664790328837,1.2257834479788186,1.2434165661026382,1.2616001418143055,1.278873200709343
0.20030030030030033,1.2081719883060316,1.2257857690226466,1.2434235024963245,1.261607780212222,1.2788884634898088
0.20053053053053055,1.2081777003683651,1.225789750410501,1.243430830267195,1.2616168691551102,1.2788975409707761
0.20076076076076077,1.2081826704255982,1.2257936015383737,1.243436873980327,1.261623399213986,1.278904581761329
0.20099099099099102,1.208187501727056,1.2257991365666845,1.2434449565851904,1.2616306071649017,1.2789152269895265
0.20122122122122124,1.2081927785815716,1.2258052237216537,1.2434542516038911,1.2616400491154547,1.278926454008388
0.20145145145145146,1.2081983846661006,1.225811926445424,1.2434609981635225,1.2616502326550407,1.27893802094582
0.20168168168168168,1.208203482367636,1.225820278156768,1.2434672980444685,1.26165891489428,1.2789494129241088
0.20191191191191193,1.2082086649975234,1.2258289319246292,1.2434752606512252,1.2616638817044987,1.2789600642429075
0.20214214214214216,1.2082131178130533,1.2258352795401286,1.2434811276751443,1.2616678496169214,1.278971017065796
0.20237237237237238,1.2082186268032529,1.22584008730161,1.2434852361736257,1.2616733412114345,1.2789838146539267
0.20260260260260263,1.2082241411225545,1.2258452589725353,1.2434918518409022,1.2616785241364443,1.2789950117700497
0.20283283283283285,1.208228538188408,1.225850312862878,1.2434981140075785,1.2616858672303715,1.2790048351103283
0.20306306306306307,1.2082330669964292,1.2258562755221667,1.2435040860509012,1.261695738237357,1.2790151387782625
0.20329329329329332,1.2082374966578184,1.2258612799911064,1.2435107786116253,1.2617062617530523,1.2790250994989567
0.20352352352352354,1.2082419508857014,1.225868049510674,1.2435165379249746,1.2617153613689531,1.2790344764158716
0.20375375375375376,1.2082464525386123,1.2258746466631025,1.2435216154640187,1.2617206729122368,1.2790439992298988
0.203983983983984,1.2082512402572416,1.2258821063159189,1.2435287084597502,1.2617304516973635,1.2790534058279646
0.20421421421421423,1.2082557286570472,1.2258863545210432,1.2435347757336361,1.2617413068145298,1.279061446723456
0.20444444444444446,1.2082613236616215,1.2258898814848402,1.2435426722539207,1.2617484659613265,1.279069915614034
0.20467467467467468,1.208269441075436,1.2258941658479003,1.2435492036982188,1.2617549376307058,1.2790789600183161
0.20490490490490493,1.2082780490842358,1.2259018468598533,1.2435572779181043,1.2617587462019422,1.279087176164809
0.20513513513513515,1.2082827863697816,1.2259069345852602,1.2435637401613764,1.2617658275837937,1.279096241431512
0.20536536536536537,1.2082868685034336,1.2259110078972577,1.2435699411149075,1.2617726749379419,1.2791042488073938
0.20559559559559562,1.2082897316389922,1.225916602309507,1.2435739177651768,1.2617781730901516,1.2791120323462302
0.20582582582582584,1.2082935420933818,1.225924839889801,1.2435806012804553,1.2617850234198138,1.2791209098536516
0.20605605605605606,1.208298644505493,1.2259319175584742,1.2435879100865503,1.2617923521543615,1.2791291534336515
0.2062862862862863,1.2083056513262123,1.225939868083237,1.2435935411518588,1.261799685660524,1.2791377530481525
0.20651651651651654,1.2083126100740706,1.2259440517866718,1.2435998093938614,1.261807529498365,1.2791553346080928
0.20674674674674676,1.2083188486428247,1.225947206867396,1.2436053248610421,1.2618149331627802,1.279157497452045
0.206976976976977,1.2083240591116624,1.2259471332257899,1.2436098004318232,1.261820844934214,1.2791612857810943
0.20720720720720723,1.2083298935102325,1.2259514196879002,1.243615236652185,1.2618261333775034,1.279169019466543
0.20743743743743745,1.2083327100484444,1.225954488982547,1.243622376675872,1.2618309452711165,1.2791778781943641
0.20766766766766767,1.208335806978023,1.22595919112317,1.2436264723581727,1.2618367741272218,1.2791935135129295
0.20789789789789792,1.2083388518547475,1.225965257399946,1.2436295129793484,1.261841765243659,1.2791977736457474
0.20812812812812814,1.208341495670296,1.2259720489368169,1.2436343397406608,1.2618480121903284,1.279208788865237
0.20835835835835836,1.2083436273684007,1.2259794730391602,1.2436396202740796,1.2618540131955402,1.2792204666630294
0.2085885885885886,1.2083467323689878,1.2259829090488996,1.2436437957979622,1.2618616494182215,1.2792252700011588
0.20881881881881884,1.2083499319278321,1.2259877095518714,1.2436480101392469,1.2618704432250256,1.279228989933238
0.20904904904904906,1.208352869966189,1.2259914887975039,1.2436527050736226,1.2618779941347504,1.2792323050005625
0.2092792792792793,1.2083556343889155,1.2259962765007415,1.243656728847953,1.2618831669899822,1.2792357556160756
0.20950950950950953,1.2083577734547186,1.225999948270051,1.243659960749433,1.2618921534309573,1.2792419510093036
0.20973973973973975,1.2083605396430288,1.2260028309585256,1.243663349805774,1.2618983407075786,1.2792486741332203
0.20996996996997,1.208363359050536,1.2260066022889855,1.2436667684548905,1.2619004384181693,1.2792556090441038
0.21020020020020022,1.2083657796622487,1.226009830632045,1.2436702465732687,1.261905648521751,1.2792621996855804
0.21043043043043044,1.2083678204080353,1.226014280368659,1.2436761018631681,1.2619117964761268,1.2792696299551072
0.21066066066066066,1.2083701764674675,1.226019399201898,1.2436816649333335,1.2619153037809447,1.279275898300952
0.21089089089089091,1.2083734038193414,1.2260229759094805,1.243687266133784,1.2619203134411048,1.279281985042349
0.21112112112112114,1.2083760113826598,1.2260281433184228,1.2436927954888912,1.2619251031880967,1.2792881288002504
0.21135135135135136,1.2083804665923832,1.2260323556052524,1.2436974915938173,1.2619313708555435,1.2792947267932786
0.2115815815815816,1.2083853546932777,1.226036498787047,1.2437014057992146,1.2619353956793444,1.2793002236394226
0.21181181181181183,1.2083898079446282,1.226041252510068,1.2437061597014818,1.2619397710431135,1.2793078739455876
0.21204204204204205,1.2083938298655832,1.22604395008027,1.2437088482464889,1.2619475636238093,1.2793137270648423
0.2122722722722723,1.2083977035987947,1.2260480233310833,1.2437123734106235,1.2619561720955526,1.2793197361952313
0.21250250250250252,1.2083993729763631,1.2260511510993979,1.2437156742005815,1.2619646590260962,1.2793259682068596
0.21273273273273274,1.2084010647489836,1.2260544050177065,1.2437188923819376,1.2619684351331886,1.2793309807661557
0.212962962962963,1.208404720216624,1.2260586478839643,1.243722117839144,1.2619719369379856,1.2793337273516032
0.21319319319319321,1.2084067592109544,1.2260634416618923,1.2437263631258555,1.2619748414563345,1.2793386547202932
0.21342342342342344,1.2084094352188357,1.226065862632001,1.2437298120755824,1.2619784293627534,1.279339868887584
0.21365365365365366,1.208410388708637,1.2260683866185715,1.2437358477047022,1.2619811337920481,1.279342701263648
0.2138838838838839,1.2084113109232537,1.2260705855663758,1.243739959377342,1.2619853133965022,1.2793464539921153
0.21411411411411413,1.2084146570087204,1.2260733848027783,1.243743317398282,1.2619898754316674,1.2793502126817458
0.21434434434434435,1.208418638634408,1.226076345064055,1.2437466313247094,1.2619932580381894,1.2793521929436178
0.2145745745745746,1.2084226031271916,1.2260794546385043,1.2437487721091358,1.2619994040396743,1.2793556030778583
0.21480480480480482,1.2084263591976687,1.226082299792222,1.2437510507961447,1.2620062203287186,1.2793574924485527
0.21503503503503504,1.2084304449168737,1.226087196075338,1.2437546969737157,1.262011812975344,1.279360291710295
0.2152652652652653,1.208434292560298,1.2260918074964813,1.24375965364726,1.2620166527007808,1.2793638382413497
0.21549549549549551,1.2084378504112585,1.2260962358464673,1.2437640709433109,1.26202058132482,1.2793666828056451
0.21572572572572574,1.2084405854312146,1.2260989698385918,1.2437670646849197,1.262023005148688,1.2793694497516757
0.21595595595595599,1.2084456126183671,1.226103587151699,1.2437708911446599,1.2620253893494202,1.2793801632361859
0.2161861861861862,1.208449060442594,1.226108186706941,1.2437751755835542,1.2620296379593594,1.2793863091402369
0.21641641641641643,1.208451828736667,1.2261103544035494,1.243780316562203,1.2620330477164587,1.279389860686447
0.21664664664664665,1.20845532410691,1.2261120774814704,1.2437827663699956,1.2620373129236175,1.2793947044883678
0.2168768768768769,1.208458673118659,1.2261139947280024,1.2437872603939544,1.2620424263383965,1.279395637355785
0.21710710710710712,1.2084612754553408,1.2261159105211885,1.2437891599787456,1.262046752355015,1.2793999758969605
0.21733733733733734,1.2084645616987189,1.226117761757544,1.243793850100396,1.262051150482708,1.2794006535916151
0.2175675675675676,1.208466770759238,1.2261218588359892,1.2437975619872372,1.262055392517729,1.2794049554699385
0.21779779779779782,1.2084702971488708,1.2261251480373339,1.2438000315232285,1.2620596578196128,1.2794090533459408
0.21802802802802804,1.208472804128955,1.2261274258285328,1.2438024721250422,1.2620641240294592,1.2794160443830747
0.2182582582582583,1.208475951977165,1.2261299351447728,1.2438065320964842,1.2620688702705314,1.2794218915254678
0.2184884884884885,1.2084787031485802,1.2261328160023433,1.2438096282052395,1.2620734281644206,1.279427512987296
0.21871871871871873,1.2084813078650036,1.226135276290188,1.2438122763119375,1.2620761799346147,1.27943432097957
0.21894894894894898,1.20848366247533,1.2261371261819602,1.2438157485732086,1.262079402839533,1.279439724789348
0.2191791791791792,1.208485506383235,1.2261397451344018,1.2438187186926193,1.262083150080139,1.2794445991757653
0.21940940940940942,1.2084894348472512,1.2261427494113533,1.2438213693464704,1.2620873204404373,1.279451200116383
0.21963963963963964,1.2084916269081667,1.2261459327863504,1.2438244935468816,1.262090497655489,1.279456551660574
0.2198698698698699,1.208494177493921,1.2261484707335129,1.2438275506935144,1.2620950148302397,1.2794617966803943
0.22010010010010012,1.2084959363576746,1.2261521452240356,1.243830147663631,1.2620982046174374,1.279467289013501
0.22033033033033034,1.2084984967849057,1.2261551722732307,1.2438329035499227,1.262101563352463,1.2794721222053405
0.2205605605605606,1.2085011169266247,1.2261574637412933,1.2438356571082942,1.2621042699786909,1.279477204510259
0.2207907907907908,1.2085043265552164,1.2261587752336007,1.243838579465108,1.262108736934072,1.279483435466377
0.22102102102102103,1.2085070064766466,1.2261608955262693,1.2438427900555638,1.262111616035658,1.2794879352931874
0.22125125125125128,1.2085089137891774,1.2261635888974245,1.2438451454829633,1.2621146763263136,1.27949392203714
0.2214814814814815,1.2085108206439428,1.226166003437676,1.2438473964403767,1.2621183236826492,1.2794990539849522
0.22171171171171172,1.2085134719738437,1.2261681483551357,1.2438493709522762,1.2621215580024738,1.279504134227296
0.22194194194194197,1.2085153130481727,1.2261703867650593,1.2438516423936197,1.2621247035981116,1.2795091477342313
0.2221721721721722,1.2085180362606067,1.2261734648412896,1.2438547683975332,1.2621290191089625,1.279514087992866
0.22240240240240242,1.2085209992305757,1.2261770413913722,1.2438568253620836,1.2621315348642017,1.279518979182039
0.22263263263263264,1.2085221954970664,1.226180271039402,1.2438590084235315,1.2621349538495554,1.2795238343311268
0.2228628628628629,1.2085252625143894,1.226182197552856,1.2438613948878783,1.2621400850282147,1.2795285949373425
0.2230930930930931,1.208527701206062,1.2261874703093734,1.2438638347007613,1.262142296899751,1.2795325384822445
0.22332332332332333,1.2085298422710045,1.2261893833507502,1.243866111046458,1.2621443114113082,1.2795355799855088
0.22355355355355358,1.2085316639452428,1.2261911797811689,1.2438679133851238,1.2621481493548197,1.2795379403782297
0.2237837837837838,1.2085341548156459,1.22619107979997,1.2438698249885647,1.2621515940975407,1.2795403008335555
0.22401401401401402,1.208536417078303,1.2261931190745015,1.2438718204697583,1.2621557909025583,1.2795450427928807
0.22424424424424427,1.2085387721808838,1.2261944588670683,1.243873875279546,1.262158683983438,1.2795459977963222
0.2244744744744745,1.2085406595976513,1.2261962204110455,1.2438760857750986,1.2621623546466154,1.2795478348894973
0.22470470470470472,1.2085425254836453,1.2261975412619555,1.2438784653287058,1.2621659246884325,1.2795500242344113
0.22493493493493497,1.2085442816869272,1.226198758648421,1.2438813195459093,1.2621682510972738,1.2795521888155277
0.2251651651651652,1.2085458172164583,1.2262000727117328,1.2438826185108178,1.2621711120499228,1.279554684422207
0.2253953953953954,1.2085473349748306,1.2262014821002385,1.243884363114883,1.26217373817788,1.2795564450232344
0.22562562562562563,1.2085488502949189,1.2262033339302931,1.2438873910575705,1.2621763355539304,1.2795585544565595
0.22585585585585588,1.208551347804266,1.2262053525920305,1.2438903912894037,1.2621789044928995,1.2795610271089743
0.2260860860860861,1.208552048432681,1.2262073070329096,1.2438929595867203,1.26218163138848,1.2795632609122305
0.22631631631631632,1.2085531497904063,1.2262092101609154,1.2438947541254015,1.262185270432763,1.2795677094545852
0.22654654654654657,1.2085543274917034,1.2262111438965873,1.243896056551562,1.2621881983297525,1.2795719282835163
0.2267767767767768,1.208555585078674,1.2262131535072576,1.2438972354349755,1.2621911054790427,1.2795762934420862
0.22700700700700702,1.2085570104856467,1.2262154445331281,1.2439007385559677,1.2621954164023095,1.2795786462377008
0.22723723723723727,1.2085584817208939,1.226217726292991,1.2439025450048053,1.262197759213328,1.2795848515191286
0.2274674674674675,1.2085598121392902,1.226220215433821,1.2439051692990084,1.2621991447088892,1.2795859428053329
0.2276976976976977,1.2085613290360677,1.2262227860581985,1.2439080581135142,1.2622012153570785,1.2795894559821024
0.22792792792792796,1.2085630507482106,1.2262251866374392,1.2439094499084211,1.2622037508380914,1.2795905717378395
0.22815815815815818,1.208564753305625,1.2262275178961954,1.2439115279326827,1.2622064018768382,1.2795935873057125
0.2283883883883884,1.2085664595188181,1.2262295583918705,1.2439131788073656,1.2622101971543744,1.2795963962999093
0.22861861861861862,1.208568250597,1.2262308084759976,1.2439145218408574,1.262211991617997,1.2795989200042497
0.22884884884884887,1.2085686200405261,1.2262328759847256,1.2439163678264833,1.2622153040052784,1.2796031309246896
0.2290790790790791,1.2085694718653615,1.226234638270343,1.2439176495467932,1.2622199266969416,1.2796067623022225
0.22930930930930932,1.2085705964516982,1.2262366860247207,1.2439190579077999,1.2622239346603827,1.2796088391916307
0.22953953953953957,1.2085718101366913,1.226237772144703,1.2439216479000819,1.262227160252323,1.2796107166133417
0.2297697697697698,1.2085754251153182,1.2262388454477167,1.2439233212045133,1.2622288323126893,1.2796115563258297
0.23,1.2085757113279292,1.2262399060691995,1.24392461521991,1.2622309235628897,1.279613618936874
