phi,q025,q16,q50,q84,q975
0.0,-0.6629328583086666,-0.6437214482044836,-0.6242285220548954,-0.6041948694402908,-0.5850163543821103
0.00023023023023023025,-0.6578212881955422,-0.6387090211511777,-0.6192982278008471,-0.5993508154038006,-0.5802844045902816
0.0004604604604604605,-0.652728497308335,-0.6336978498363938,-0.6143861686474773,-0.5945174189142403,-0.5755619002814691
0.0006906906906906907,-0.6476301833288571,-0.6286761459738567,-0.6094470644223761,-0.5896904757332148,-0.5708115429918398
0.000920920920920921,-0.6425202763658676,-0.6236645877402821,-0.6045216121921966,-0.58484069185575,-0.5660264038388406
0.0011511511511511513,-0.6374291421234243,-0.6186446267085554,-0.5995921455880002,-0.5800012317016713,-0.5612813544002583
0.0013813813813813814,-0.632292123734008,-0.6136209462350233,-0.5946607589686054,-0.5751483840364149,-0.5565216726241243
0.0016116116116116118,-0.6272227127206363,-0.6086224238557051,-0.5897226906861931,-0.5703211484202209,-0.551778952313244
0.001841841841841842,-0.6221217395640882,-0.6036162813297281,-0.5847851170403933,-0.565476667152549,-0.5470261013538512
0.002072072072072072,-0.6170326783284961,-0.598583184992084,-0.5798566503231228,-0.5606189139785115,-0.5422512243432416
0.0023023023023023025,-0.611924344864025,-0.5935672669770868,-0.5749161349172036,-0.5557821452537368,-0.5374474581346279
0.002532532532532533,-0.6067904869374668,-0.5885407282150743,-0.5699733033284031,-0.5509277710234045,-0.5326802546957685
0.002762762762762763,-0.6016593852927308,-0.5835068421988158,-0.5650310056986254,-0.5460659596489581,-0.5278877418002075
0.0029929929929929933,-0.5965345354199731,-0.5784820883595634,-0.5600819333228008,-0.5412166997611637,-0.5231311838050926
0.0032232232232232236,-0.5914146868798001,-0.5734550037706097,-0.5551323692478499,-0.5363578308942487,-0.5183671981298835
0.0034534534534534536,-0.5863115771067207,-0.5684162171212526,-0.5501932348370068,-0.5314962341728057,-0.5135665873098627
0.003683683683683684,-0.5812004963704214,-0.5633915686446737,-0.5452525884513619,-0.5266278667311104,-0.5088025890284329
0.003913913913913914,-0.5760771536952699,-0.5583541191237542,-0.540305926613166,-0.521777916476804,-0.5040326326449286
0.004144144144144144,-0.5709585484227452,-0.5533318424118188,-0.5353647051966883,-0.516913758949915,-0.4992779915718762
0.004374374374374375,-0.5658509479652519,-0.548312274738298,-0.530418777702213,-0.5120456636670004,-0.4944860161129871
0.004604604604604605,-0.5607563638757526,-0.5432766682521952,-0.5254607893518977,-0.5071671885221298,-0.4897234728119728
0.0048348348348348355,-0.5556130418491716,-0.5382475168785252,-0.5205144345870836,-0.5022899059473258,-0.4849486942207601
0.005065065065065066,-0.550542455747663,-0.5332190801493453,-0.5155585895153428,-0.49742499504749965,-0.48017268111653894
0.005295295295295295,-0.5454359018648444,-0.5281936580182927,-0.5106062287575439,-0.4925474111936316,-0.4753887263751789
0.005525525525525526,-0.5403055477721397,-0.5231728372833792,-0.5056466572566722,-0.48769631116451706,-0.47061265716905476
0.005755755755755756,-0.5351737942413631,-0.5181394632415303,-0.5006905772086525,-0.48282038674619543,-0.4658348942104302
0.0059859859859859865,-0.530039746331119,-0.5130998821886449,-0.49572594765716516,-0.4779545083589745,-0.4610179989451876
0.006216216216216217,-0.5249083878979331,-0.5080747227030984,-0.4907666301339616,-0.47307055768963424,-0.4562001672752895
0.006446446446446447,-0.519795381653957,-0.5030222352592738,-0.4858026564515915,-0.46819637293709176,-0.4514138421196077
0.006676676676676677,-0.5146799510638449,-0.49799059340601914,-0.48084962025093064,-0.46332202911137693,-0.4466007664922466
0.006906906906906907,-0.509557709757715,-0.4929501375923528,-0.475892894812774,-0.4584539098145819,-0.44181206204404805
0.007137137137137138,-0.5044446600121615,-0.48792523134710647,-0.4709320814905602,-0.4535795698638952,-0.4369889994456162
0.007367367367367368,-0.49932595695900756,-0.4828753200302481,-0.46597639181209816,-0.4486984876229547,-0.43218968404756286
0.007597597597597598,-0.4941962853607546,-0.4778461732795542,-0.461019508387633,-0.4438099432715152,-0.4273863109150273
0.007827827827827828,-0.48906554931374346,-0.47282684575396544,-0.4560565376548254,-0.4389176357126582,-0.4225818481702548
0.008058058058058058,-0.48392632537590213,-0.46778274958713956,-0.45109324871320955,-0.4340240295087122,-0.4177917890696469
0.008288288288288289,-0.4787949583092824,-0.46273494485798206,-0.4461276825267941,-0.4291465361388849,-0.41301737889466117
0.008518518518518519,-0.47368588364475833,-0.4576823967543699,-0.44115968160455254,-0.42427540839330896,-0.4081793829900064
0.00874874874874875,-0.4685658463946704,-0.45264683500945313,-0.43619522759006724,-0.41936263693986875,-0.40338214722785964
0.00897897897897898,-0.4634564811708876,-0.44761473132230156,-0.4312219162245635,-0.41446614692244643,-0.3985514591705389
0.00920920920920921,-0.45835327025256384,-0.44256110359992257,-0.4262655225749314,-0.40957514228864644,-0.39372128107534676
0.00943943943943944,-0.45324704008211913,-0.4375168237208645,-0.42129217142865505,-0.4046962153454808,-0.38890374764086
0.009669669669669671,-0.4481318407801222,-0.43247465838760646,-0.4163285680796451,-0.39981694254700195,-0.3841054219661767
0.009899899899899901,-0.4430045282386183,-0.42742769892825033,-0.41135839105392813,-0.39494068107027314,-0.37926143597789264
0.010130130130130132,-0.4378970534546783,-0.42239247948914865,-0.40638286192731726,-0.3900502882320647,-0.37446063022530157
0.01036036036036036,-0.4327916760567367,-0.41733229418477225,-0.40141349355556716,-0.38514446978929084,-0.3696447100600028
0.01059059059059059,-0.4276542631430079,-0.4122936344422887,-0.3964365539151848,-0.3802433430814393,-0.36481117402538243
0.010820820820820821,-0.4225306943832738,-0.40724869249278234,-0.39146707854721713,-0.37536572154377795,-0.35998352060931854
0.011051051051051052,-0.4174356312245605,-0.40220503057827256,-0.3864911563915846,-0.37047956764007883,-0.3551520189309754
0.011281281281281282,-0.4123079619627681,-0.39716592100098413,-0.38151599014099735,-0.3655818220246669,-0.35030931065878196
0.011511511511511512,-0.4071693191786633,-0.39212253629019933,-0.37654167370693203,-0.3606936710517653,-0.3454945057821419
0.011741741741741743,-0.4020482193484019,-0.3870786500637762,-0.3715702158051802,-0.35579963481914306,-0.3406487384607571
0.011971971971971973,-0.3969363402689008,-0.38202396653329934,-0.3665956064505226,-0.3508949845884257,-0.335823394469901
0.012202202202202203,-0.39181144342830115,-0.3769936364841597,-0.3616192123248601,-0.346001836563393,-0.33100946133647297
0.012432432432432434,-0.38669337711850293,-0.37195625645716107,-0.35663928998783595,-0.34110705416885595,-0.3261884543296052
0.012662662662662664,-0.38156707589325767,-0.36691611154051784,-0.35166603021883136,-0.3362163026155055,-0.3213634924913465
0.012892892892892895,-0.37645429454478224,-0.36187201955056403,-0.34669267954839283,-0.3313007624304233,-0.3165383852095876
0.013123123123123125,-0.3713489079790619,-0.356833067588295,-0.34172226962844354,-0.32640568905417183,-0.31170327757937566
0.013353353353353354,-0.36621227607560664,-0.35178984169455907,-0.3367492978580643,-0.3214869942081445,-0.30685411027305165
0.013583583583583584,-0.36110259993651495,-0.34674378213604823,-0.33178160899551834,-0.3165870701547586,-0.3020288285822519
0.013813813813813814,-0.35598260676810767,-0.34170121869491077,-0.3268063998542751,-0.3116780852680608,-0.2971882596346255
0.014044044044044045,-0.35084749588974956,-0.3366620031931212,-0.3218274463134416,-0.3067652574639761,-0.29236390506499743
0.014274274274274275,-0.34573486768558376,-0.3316200294928702,-0.3168545063271692,-0.3018611964763378,-0.28753203609027855
0.014504504504504506,-0.34062312688529783,-0.3265767737202575,-0.311880149748987,-0.29694547244760133,-0.28269115454866145
0.014734734734734736,-0.33551328134492936,-0.32153659130946927,-0.30690736594057416,-0.2920430228816595,-0.27787051922319855
0.014964964964964966,-0.33038290337775694,-0.316494041002905,-0.3019225789864745,-0.2871371866374309,-0.2730394830431221
0.015195195195195197,-0.32525371818757004,-0.3114619393342903,-0.2969529978678681,-0.2822294576613117,-0.2682067135036105
0.015425425425425427,-0.32012027424291345,-0.3064146130992243,-0.29196864855909677,-0.27731406029556604,-0.26336351364289134
0.015655655655655656,-0.31501095047420197,-0.30137503632020607,-0.28698245600157135,-0.2723947730067347,-0.2585097488513832
0.015885885885885888,-0.30988137740109617,-0.29633913543045143,-0.2820049787543648,-0.26748909759775175,-0.2536358161311007
0.016116116116116116,-0.3048066904164879,-0.2912923079316469,-0.2770382867117099,-0.26258951985053186,-0.24878634438877525
0.01634634634634635,-0.2997029020278808,-0.28626156922575136,-0.27205692175705953,-0.2576725331676239,-0.24392934987737258
0.016576576576576577,-0.2946231524269319,-0.2812250341445344,-0.2670717028731666,-0.2527467428269916,-0.23908480146086722
0.01680680680680681,-0.28953314435509947,-0.27619342835616895,-0.2620931299758494,-0.24782656585732196,-0.23422295126935935
0.017037037037037038,-0.28445745919429893,-0.2711593221687534,-0.2571157325900935,-0.24290612294721917,-0.22935842878233498
0.01726726726726727,-0.27936681617699566,-0.2661137805630152,-0.2521301357560167,-0.2379937916727971,-0.22450435290931925
0.0174974974974975,-0.27426932204286103,-0.2610778842386381,-0.24714752636439585,-0.23307877595753285,-0.2196534854394285
0.017727727727727727,-0.2691689088515294,-0.2560468224770098,-0.24217221989256488,-0.22817236486127992,-0.21480054809318258
0.01795795795795796,-0.2640762076618958,-0.25100121214088006,-0.23718968203045795,-0.22327235959602662,-0.20995231178766804
0.018188188188188188,-0.258983294497284,-0.24595325352344985,-0.23220944241507985,-0.2183578809715487,-0.20510857531901827
0.01841841841841842,-0.25391345416489314,-0.2409242976303944,-0.22722675593160016,-0.21344580976045519,-0.20025917368574567
0.01864864864864865,-0.24881423247080758,-0.23590819792898374,-0.2222624917691872,-0.20853016489453438,-0.1954083944884426
0.01887887887887888,-0.24374215974657074,-0.2308732668959215,-0.2172956150238847,-0.20362766139701768,-0.19054057600012853
0.01910910910910911,-0.2386665045310335,-0.22584327478576724,-0.2123125545499604,-0.19870400539763342,-0.18567540701956156
0.019339339339339342,-0.2335594905106284,-0.2208109488912916,-0.20734498223538964,-0.19379755809904198,-0.18081074301601935
0.01956956956956957,-0.22847228111745688,-0.215780315777177,-0.20237044532554258,-0.18888272473149412,-0.1759313337859
0.019799799799799803,-0.22337806050337009,-0.21074652454215168,-0.197394122657592,-0.1839829193672124,-0.17106481312389515
0.02003003003003003,-0.2182712592138498,-0.20571119411006594,-0.19243160594560194,-0.1790582548138523,-0.16620472152135493
0.020260260260260263,-0.21317823102841751,-0.20069528307875328,-0.1874663792489435,-0.1741354330190287,-0.16134093676932146
0.020490490490490492,-0.20810968696340765,-0.19568992331949958,-0.18250131412131973,-0.16923233635908583,-0.15646072377904727
0.02072072072072072,-0.20301876063704893,-0.19066072473387113,-0.17753665443807862,-0.1643221280760327,-0.15157925851800305
0.020950950950950953,-0.19796496244254053,-0.18564851136603225,-0.17256087333920006,-0.15940820718064952,-0.14668945049897023
0.02118118118118118,-0.19289630803499294,-0.18061745626680198,-0.16760462296937328,-0.15448693672490105,-0.1418351369945937
0.021411411411411414,-0.18780915028594045,-0.1756088954043613,-0.16263234499103835,-0.14957067540311778,-0.13696288305038273
0.021641641641641642,-0.1827464802109617,-0.17058888110545,-0.1576584953348759,-0.14465818780779294,-0.13210760313365721
0.021871871871871874,-0.17768078111722482,-0.16556452671118355,-0.15269302220664077,-0.1397342522854605,-0.12721973839685785
0.022102102102102103,-0.1726308415802605,-0.16054170498694686,-0.1477286836724428,-0.1348173181489172,-0.12236149636018548
0.022332332332332335,-0.16757110322087376,-0.15550892815420317,-0.1427552591209683,-0.1299068516588566,-0.11751058528076302
0.022562562562562564,-0.16250214846458172,-0.15047784885678492,-0.13779922889588112,-0.12498614376506367,-0.11266129517990416
0.022792792792792796,-0.15742785007406276,-0.14547788805214704,-0.13283572514510664,-0.120076813662017,-0.10779602462221954
0.023023023023023025,-0.15235882375398807,-0.14047284902623128,-0.12787269901693088,-0.11516873597409023,-0.102929563269543
0.023253253253253257,-0.1473123519471694,-0.1354551773290817,-0.12290960098858839,-0.1102575076229437,-0.09803733482492165
0.023483483483483485,-0.1422674752426125,-0.1304526159019024,-0.11795119643267342,-0.10534190902198588,-0.09316808491398311
0.023713713713713714,-0.13721656484655775,-0.1254390038345438,-0.11299109173284712,-0.1004232664379132,-0.08829647003805176
0.023943943943943946,-0.13220038610591045,-0.12043730880521596,-0.10802971952565166,-0.09550889781282657,-0.0833891186618158
0.024174174174174175,-0.12716978586763433,-0.1154233574930049,-0.10306795989617167,-0.09060550145092752,-0.07850731666757388
0.024404404404404407,-0.12212826795199097,-0.11042227213771345,-0.09811042475080642,-0.08569374844994496,-0.07362912751825845
0.024634634634634636,-0.11707183046016019,-0.10541151895167626,-0.09316345716805959,-0.08078912930202461,-0.0687367531052929
0.024864864864864868,-0.11201195244401074,-0.10043386743791731,-0.08820346330377069,-0.07587173710652288,-0.06384079724849617
0.025095095095095096,-0.10698438644372354,-0.09542423152906782,-0.08325545898565839,-0.0709615503086154,-0.05896792910252341
0.02532532532532533,-0.10195842216055999,-0.09042264792984624,-0.07829121928496754,-0.06605871239334817,-0.054096869058371994
0.025555555555555557,-0.09692328646878165,-0.0854471207230244,-0.07332620184478542,-0.061148048326252376,-0.04924166390137827
0.02578578578578579,-0.09190794068367829,-0.08045224541850665,-0.06836377881286324,-0.05623952234677694,-0.04433607738379873
0.026016016016016018,-0.08688020150151211,-0.07545364926689956,-0.06340957923117453,-0.05132505305114235,-0.039470134839393094
0.02624624624624625,-0.08185178292143704,-0.07047341214063751,-0.05844681275302942,-0.04642560750997117,-0.03461300253238319
0.02647647647647648,-0.07683564855752652,-0.06549072682584717,-0.05349032659307464,-0.041498664862996325,-0.029736032075996836
0.026706706706706707,-0.07184993871307166,-0.060501799357973146,-0.04854154156635935,-0.036597081303122225,-0.024880198881609587
0.02693693693693694,-0.06684684671082256,-0.05551243549171376,-0.0435959012741609,-0.031701719956060234,-0.020005493358751934
0.027167167167167168,-0.06184299764609553,-0.050526178545661035,-0.03864443320658203,-0.026787765440657547,-0.015134635146314475
0.0273973973973974,-0.056831614280193156,-0.0455529831482004,-0.03370569464978421,-0.021887001713995394,-0.010279130724656863
0.02762762762762763,-0.05182641243449277,-0.04057721359699685,-0.028766977687975506,-0.01697938299129484,-0.005418368796483923
0.02785785785785786,-0.04679565966756068,-0.03559390421414105,-0.02382891080192868,-0.012059949771738012,-0.0005393186309241247
0.02808808808808809,-0.04178780422212609,-0.0306225405347585,-0.018881331631820437,-0.007167770598226316,0.004287635074684753
0.02831831831831832,-0.03679042775196256,-0.025643027672756894,-0.013934370527625427,-0.002261880686438376,0.009164609626563427
0.02854854854854855,-0.031830784243269246,-0.020670466359288608,-0.008990147156822217,0.0026282086632811795,0.014030689490372396
0.028778778778778782,-0.02683651722843972,-0.015684953200511133,-0.004056404933049623,0.007528324066035291,0.018900367409263683
0.02900900900900901,-0.021862644066776897,-0.010714653741920618,0.0008733512008244147,0.012427164942343324,0.02378769323876244
0.029239239239239243,-0.016864487522024147,-0.00575113501344091,0.005804764494866901,0.017336587522430728,0.028660698149244684
0.029469469469469472,-0.011915609691717427,-0.0007851741486109765,0.010731574548666823,0.022230294434264372,0.033527980052693536
0.0296996996996997,-0.006941788886318276,0.0041659867152595885,0.015663467274502966,0.027136425992602055,0.03839417022536884
0.029929929929929933,-0.001966437296985576,0.009134449512378063,0.020590334291560847,0.032029800327187594,0.04328307268438712
0.03016016016016016,0.0030050424927709008,0.014082865368586614,0.025513368049166214,0.036929046468763126,0.04814225853050821
0.030390390390390393,0.008002246523848622,0.01902316744031172,0.030443137580589044,0.041821927997783614,0.052998450425267914
0.030620620620620622,0.012945633493874942,0.023965308682658667,0.0353704490810227,0.04672156755614734,0.057879387981287854
0.030850850850850854,0.01791036440492563,0.02890214658013022,0.04028337784281496,0.0516231858141227,0.06272005126483703
0.031081081081081083,0.022858511979429518,0.03384172206023486,0.0451980781726783,0.05651941328233794,0.06759843437333667
0.03131131131131131,0.027838814376725054,0.03878586559949055,0.05011730575867268,0.06141955244021904,0.07246761612860894
0.03154154154154155,0.03280022857153433,0.04374145875723491,0.05503016823125246,0.06630996499727519,0.07732304810343282
0.031771771771771776,0.03776222264900018,0.04867678680105787,0.059950826774222615,0.07122377780677135,0.08218986277385161
0.032002002002002004,0.042717768714362656,0.05361005280394798,0.06486944620246413,0.07612160836699382,0.08706860593794763
0.03223223223223223,0.04765335100877756,0.05853551818587528,0.06977318638534404,0.08100568364072619,0.09194651971692812
0.03246246246246246,0.05261296505505664,0.06345098553391364,0.07468163717890029,0.08589668888631531,0.09681124128437736
0.0326926926926927,0.05757048863230358,0.06838322105553515,0.07958153011367855,0.09077155742409272,0.1016796328884828
0.032922922922922926,0.06250832092154408,0.07329904847376886,0.08448929424743493,0.09564070878615843,0.10654096057671174
0.033153153153153155,0.06743339140327713,0.07821054834514984,0.089382767891834,0.10052726958137849,0.11141970750350023
0.03338338338338338,0.07237665554197777,0.08312907937096761,0.09428467345560558,0.10539997594728034,0.11629290168632261
0.03361361361361362,0.0773068880361123,0.0880403574291813,0.09918300618584328,0.11030037168486738,0.12116922495205758
0.03384384384384385,0.08222099575934516,0.0929598744149791,0.10407801433923848,0.11517899804468423,0.12601656789973076
0.034074074074074076,0.08713319372332066,0.09786232220094299,0.10896596220001176,0.12005927332271776,0.13087167031480235
0.034304304304304305,0.09204066394812437,0.10276337050238359,0.11386084020609694,0.12494326084413232,0.1357368577156378
0.03453453453453454,0.09695937530817993,0.1076711010069348,0.11874201474565346,0.12981672973032024,0.14060507109590573
0.03476476476476477,0.10187658321226459,0.11257891937896526,0.12363420761258528,0.13468398506977916,0.14549478078391057
0.034994994994995,0.10677538279162338,0.11748025906353393,0.12853265649850734,0.13957130540370055,0.15035296151957078
0.035225225225225226,0.11168634967054805,0.12237593272545484,0.13341055023024076,0.14445650289413398,0.15520648528727993
0.035455455455455455,0.11658636772952194,0.12728407843763362,0.13830486248773236,0.14933050496473999,0.16006047890516353
0.03568568568568569,0.12146027934517092,0.13217438603102222,0.14318082654413372,0.15421631064005176,0.16493918921072212
0.03591591591591592,0.12634986359222591,0.1370670389415101,0.14804980308711524,0.1590794831863735,0.1698001490984289
0.03614614614614615,0.13122413984912062,0.14196041700226486,0.15293081922966692,0.16395152082977937,0.17468349851255613
0.036376376376376376,0.1361033517111389,0.14684720648043792,0.1578046929263971,0.16881279872483554,0.179563193236141
0.03660660660660661,0.14102039552894907,0.15172492090445866,0.16267386651712326,0.17366971254671848,0.18441331205402203
0.03683683683683684,0.1458823067780105,0.15659315625348896,0.16754144394701675,0.1785300503226541,0.18927161656734648
0.03706706706706707,0.15074797466607612,0.1614546557291896,0.17239661820001553,0.18339511926624336,0.19412246986514922
0.0372972972972973,0.15559035050558265,0.16631993504516576,0.17726148078806578,0.18824294846262613,0.19897848904496013
0.037527527527527534,0.16044882595737445,0.17118027232176963,0.18213231752481873,0.19308515093863668,0.20383589416553524
0.03775775775775776,0.16531271315553742,0.1760271187414498,0.18697881199596048,0.19795129866627537,0.20870203218958175
0.03798798798798799,0.17018833592509372,0.1808881774121673,0.19182133271189553,0.20280503732434507,0.21351120870132753
0.03821821821821822,0.17504337037244075,0.1857385207890276,0.19667434614530868,0.2076509058797187,0.2183737952276397
0.03844844844844845,0.17989937935629477,0.19059850926840408,0.2015274662661756,0.21248742953723385,0.22323547531555749
0.038678678678678684,0.1847559260336588,0.19545313115265225,0.20636993631812714,0.2173505733045755,0.22810084718944332
0.03890890890890891,0.18958728982902412,0.20028713154090147,0.21121398880062858,0.22218133123508976,0.2329312469503895
0.03913913913913914,0.19440576063843765,0.20512390529771976,0.2160514204996636,0.22702345438354318,0.23779668197783785
0.03936936936936937,0.1992199583213109,0.20996221248919378,0.22088400368516262,0.23185834261281302,0.24263327301522547
0.039599599599599605,0.20407796660101715,0.21478819367153892,0.2257222256016247,0.2366883787548031,0.24747328500519475
0.039829829829829834,0.20892017379251532,0.21961027922848872,0.230551550349956,0.2415107934055496,0.2522990585258124
0.04006006006006006,0.2137316245256045,0.22444139457266984,0.23537659769977598,0.2463400318203693,0.25715044051243996
0.04029029029029029,0.21856405001932022,0.22926228214341401,0.24021113655470414,0.25118244903302783,0.26198991540710564
0.04052052052052053,0.22337169511582802,0.23408891646297936,0.24503475139979983,0.25601642675380715,0.2668397646143049
0.040750750750750755,0.22818649532138868,0.23890706942823023,0.24985615471302783,0.26084018034871986,0.27169782935014014
0.040980980980980984,0.23300807263801418,0.2437212315581213,0.2546666384102313,0.2656583614765452,0.27651546608662153
0.04121121121121121,0.23780773185085755,0.2485327399746288,0.2594756963018536,0.2704929450838484,0.2813759262995535
0.04144144144144144,0.24260238317750538,0.25333393170979907,0.26429444476676434,0.27531345569925925,0.28620434849050963
0.04167167167167168,0.24737626560618256,0.2581499050984117,0.26910235554476786,0.2801368105365922,0.2910563252586764
0.041901901901901906,0.25218601011131836,0.262941919026425,0.27390148396609576,0.2849607780392299,0.295860309238852
0.042132132132132134,0.25697999899434126,0.2677437362655574,0.2787063574256889,0.2897686810290264,0.30068826256980324
0.04236236236236236,0.26174271493538415,0.2725304623078018,0.28349870571501734,0.29457443563574703,0.3054859374142171
0.0425925925925926,0.2665100431649987,0.27731585561053723,0.28829415274676706,0.2993881539372828,0.310316643838073
0.04282282282282283,0.27127126450246236,0.2820937722084126,0.29308648267363235,0.3041936187791066,0.3151451447587127
0.043053053053053056,0.2760346020849458,0.28688309845281207,0.2978760029211738,0.3090033557421896,0.3199575975737218
0.043283283283283285,0.28082102127772773,0.2916639819201888,0.3026617524223795,0.3138041666145598,0.32475816243147626
0.04351351351351352,0.2855804617464167,0.2964407146263763,0.30744175200401797,0.31861005756771943,0.3295796317892088
0.04374374374374375,0.29033178767359163,0.3012132830355415,0.31221748015792516,0.3234006263763658,0.3343714758132538
0.04397397397397398,0.29507477877820776,0.3059755965704796,0.3169958272843709,0.3281913607586689,0.33912989220414863
0.044204204204204206,0.2998021967771736,0.3107362074404339,0.3217801157111423,0.3329810763152233,0.34391984929747754
0.044434434434434435,0.3045298781367371,0.31549853261427274,0.3265520901692932,0.3377701800917341,0.3487062213185426
0.04466466466466467,0.3092353649619367,0.32024251051376124,0.3313281450597627,0.34254763313017494,0.35352439243515005
0.0448948948948949,0.3139536031061165,0.3249759609148592,0.33608477564782835,0.34732743251418496,0.35832352757495284
0.04512512512512513,0.31867027455904295,0.3297140092816105,0.34084242475552073,0.3521004121717472,0.36309075282934633
0.045355355355355356,0.32339986558975836,0.33444865155149733,0.3455989461801993,0.35687599198126024,0.3678628436463486
0.04558558558558559,0.3281004767227352,0.33918117354412486,0.3503511863248327,0.3616483534206579,0.37262867619717077
0.04581581581581582,0.33281216879544145,0.34391448134748714,0.35510076490942055,0.36642403393488665,0.3774038868901721
0.04604604604604605,0.3375042294851169,0.34865114426611565,0.3598431710301731,0.37119433464357054,0.3821817337708869
0.04627627627627628,0.34218767901657754,0.3533833989602352,0.36458307086694514,0.37595900864365844,0.38697878388152573
0.04650650650650651,0.34690443932426207,0.3581091610061398,0.36930933662699983,0.38072123644641,0.3917608630951482
0.04673673673673674,0.3515867731509445,0.36281316343968123,0.37403938578320717,0.38547602457312513,0.39653662178748295
0.04696696696696697,0.3562750482682193,0.36751999355317044,0.3787697944235441,0.39021076535501215,0.40130540585462887
0.0471971971971972,0.360959551104428,0.3722244361468781,0.3834807473223938,0.3949549758173224,0.4060643586385158
0.04742742742742743,0.36563959103907695,0.3769233104957983,0.3882046305125115,0.3996984038079951,0.41082953892496854
0.047657657657657664,0.3703149650750514,0.381609439654117,0.39292307672402454,0.4044331593401649,0.4155795864165142
0.04788788788788789,0.37499047672609687,0.3862996119388845,0.397636335906602,0.40915438661876785,0.4203340293795681
0.04811811811811812,0.37965045555670673,0.39098638751028403,0.40234692013848555,0.41388476504896593,0.4250991423272528
0.04834834834834835,0.3843056397132563,0.39566709142280954,0.40705492222605283,0.41862462407721995,0.4298509050981702
0.048578578578578585,0.38897211246029884,0.40033759459074414,0.4117621604075433,0.4233537125075206,0.43457433440751314
0.048808808808808814,0.39361316963077697,0.4050121586470565,0.4164547340434042,0.4280647771061127,0.43930015340596035
0.04903903903903904,0.3982742551577177,0.409679591388203,0.4211575094339232,0.43279044730133975,0.44403462104091873
0.04926926926926927,0.40290279705247156,0.41434110029477644,0.4258470623793949,0.43749823837216617,0.448763377061307
0.04949949949949951,0.4075210076883034,0.4189939892079791,0.4305289735300285,0.4422070585792332,0.4535021115563498
0.049729729729729735,0.4121661843192912,0.4236576047221821,0.43521406988771727,0.44691652567365037,0.45820573730122827
0.049959959959959964,0.41679239312568583,0.4283121007067267,0.43989116880815965,0.4516289173089079,0.46294627865295296
0.05019019019019019,0.4214248999761167,0.4329538182896,0.44455988567055327,0.45631891942367464,0.46767007154344487
0.05042042042042042,0.42605491575358484,0.4375924671706122,0.44923367215557464,0.46102298737774156,0.47239246297217397
0.05065065065065066,0.43066400689590423,0.44222623950218415,0.45388542102549284,0.46570192633111124,0.47709907485420766
0.050880880880880885,0.4352573021232067,0.4468612210579866,0.45853205127383917,0.47038090781907765,0.4818304234805965
0.051111111111111114,0.43988474542575395,0.45147854117497604,0.4631942215967393,0.47507692093366466,0.48655189451045155
0.05134134134134134,0.44445924331207604,0.45609849121572943,0.4678421274301612,0.47975843660638967,0.49125732162949926
0.05157157157157158,0.4490556653148334,0.4607160164469593,0.47249268980787557,0.48444017892909824,0.49594306864488286
0.05180180180180181,0.4536384150793218,0.4653238305518811,0.4771350302239795,0.4891023234089397,0.5006627829785686
0.052032032032032036,0.45818787062687427,0.46995332207419455,0.48177579677373367,0.49376440766852364,0.5053585376026036
0.052262262262262264,0.4627526073496307,0.4745512783580872,0.48641119068494537,0.4984254421708172,0.5100423590844895
0.0524924924924925,0.46733292011274435,0.4791405028967978,0.4910283312394862,0.5030861396955761,0.5147223378549514
0.05272272272272273,0.47190436631413973,0.48373540039272833,0.495642234822374,0.5077386835122208,0.519405751410003
0.05295295295295296,0.4764464517246903,0.4883268743896994,0.5002558041780981,0.5123976963673447,0.524100542554569
0.053183183183183186,0.4809983125717114,0.49290308686741335,0.5048700359813157,0.5170428371504152,0.5287692927390595
0.053413413413413414,0.48553640209524984,0.4974816779095371,0.5094815158975867,0.521674220343382,0.5334680996220553
0.05364364364364365,0.4900516330505498,0.5020580220658539,0.5140866338154759,0.526306687609331,0.5381291676345544
0.05387387387387388,0.4945748326615368,0.506624274417708,0.5186891821891315,0.5309398307080205,0.5428136357001623
0.05410410410410411,0.4991119704001746,0.5111839470375754,0.5232862947167208,0.5355647610425502,0.547464364457799
0.054334334334334336,0.5036253415812558,0.5157340001111262,0.5278689300318432,0.5401887037856543,0.5521372162942052
0.05456456456456457,0.508149373109534,0.5202946640576771,0.532459727897923,0.5448088861554837,0.5567744605092922
0.0547947947947948,0.5126743069419847,0.5248422697130919,0.5370401999879424,0.5494301106268299,0.5614024440615527
0.05502502502502503,0.5171595140729562,0.5293646035509434,0.5416149038738932,0.5540331960386801,0.5660467612492022
0.05525525525525526,0.5216627665173763,0.533901991435414,0.5461842131295153,0.5586351895065108,0.5706572185304006
0.05548548548548549,0.5261519898005124,0.5384284143716235,0.5507448411218943,0.5632216849911401,0.5752768401169043
0.05571571571571572,0.5306344853083855,0.5429497691555993,0.5553128953089073,0.5678179570504607,0.5798979815824908
0.05594594594594595,0.5351130156307925,0.5474572294157711,0.5598648879670843,0.5723990092073632,0.58454791758517
0.05617617617617618,0.5395998979391745,0.5519606381470654,0.5644124776024777,0.5769738610622291,0.5891554857024077
0.05640640640640641,0.5440846103337906,0.5564641335680649,0.5689651777784427,0.5815471527927292,0.5937484340600522
0.05663663663663664,0.5485509297469666,0.5609558136215769,0.5735054291086927,0.5861239041004215,0.5983482216262044
0.05686686686686687,0.5530142296440036,0.5654551219215591,0.5780416739082137,0.590692112127242,0.6029559160210525
0.0570970970970971,0.557476937296619,0.5699462004220557,0.5825602269313703,0.5952588385730005,0.6075627879273862
0.05732732732732733,0.5619452455345086,0.574437085755631,0.5870821978938273,0.5998184121090951,0.6121394321429113
0.057557557557557565,0.5663851587743074,0.5789149647879229,0.5916022375799722,0.6043833329857422,0.6167129510172711
0.057787787787787794,0.5708367495240889,0.5833930583125654,0.5961151194287408,0.6089259092553381,0.6212802965477764
0.05801801801801802,0.5752690608872927,0.5878562299397704,0.6006269846202862,0.6134719229583366,0.6258508524207881
0.05824824824824825,0.5797092390298882,0.5923244596772935,0.605124506082034,0.6180013838624948,0.6304414350474355
0.058478478478478486,0.5841218313676835,0.5967756095921302,0.6096230732058772,0.6225411601328218,0.6349998737537691
0.058708708708708715,0.5885312647482612,0.6012265847441788,0.6141109257325766,0.6270676684245498,0.6395605661742938
0.058938938938938944,0.592934003516637,0.6056768265234731,0.6185974878571792,0.6315759021689845,0.6441248841653298
0.05916916916916917,0.5973322394733687,0.6101181874200696,0.6230813894098994,0.6360884068456063,0.6487011467322485
0.0593993993993994,0.601744010391729,0.6145484738766454,0.6275570260567879,0.640586623983131,0.6532572879490038
0.05962962962962964,0.606145317263599,0.6189788218686122,0.632022037509399,0.6450812165743669,0.6578020323068255
0.059859859859859865,0.6105110930718259,0.6233887890239277,0.6364822422440398,0.6495712948681283,0.6623354667143775
0.060090090090090094,0.6148852289805014,0.6278016564297179,0.6409309285533181,0.6540555064448875,0.6668483991445672
0.06032032032032032,0.619249630338772,0.6322085016975805,0.6453737221698631,0.658546861257833,0.6713552943550126
0.06055055055055056,0.6236144438974264,0.6366153693379122,0.6498104547279566,0.6630186327223431,0.6758502380763193
0.06078078078078079,0.6279634401495636,0.6410111169391028,0.6542432778410343,0.6674886467451402,0.6803563492959758
0.061011011011011015,0.6323256281892546,0.6454037125532718,0.6586735011088254,0.6719664917130544,0.6848793628400375
0.061241241241241244,0.6366740646333493,0.6497913105132457,0.6630867766491872,0.6764199935994277,0.6893813293859447
0.06147147147147148,0.6410156059348361,0.6541644816920819,0.6675049569249111,0.6808702730379572,0.6938797730572934
0.06170170170170171,0.6453241903085497,0.658535477208446,0.6719145952623109,0.6853175126422988,0.6983666506913276
0.06193193193193194,0.6496429383389598,0.6629067834524298,0.6763094669014997,0.6897662360943781,0.7028483355912779
0.062162162162162166,0.6539645606967788,0.6672620285051069,0.6807014420453943,0.6942093787708803,0.7073083977387546
0.062392392392392394,0.6582948859242688,0.6716101851430902,0.6851002328579868,0.6986395102950119,0.7117947013118915
0.06262262262262262,0.6626083800985749,0.675965378784378,0.689484419576922,0.7030623028141874,0.7162472603464333
0.06285285285285286,0.6669182253463126,0.6803063562164818,0.6938625480673141,0.7074861786166492,0.72072002582316
0.0630830830830831,0.6712151704290628,0.6846465401719086,0.6982396918145192,0.7118994335595616,0.7251757419862883
0.06331331331331332,0.6754957781660303,0.688986384022109,0.702603152259455,0.7163006031064726,0.7295999326911307
0.06354354354354355,0.6797784161373822,0.6933121324345268,0.7069637864756163,0.7207056599426273,0.7340467036001495
0.06377377377377377,0.6840384898631648,0.6976294850138484,0.7113165462642183,0.7251003730779702,0.7384779567212632
0.06400400400400401,0.6883047687232128,0.7019408866818828,0.7156764440454125,0.7294913772323081,0.7429175256596976
0.06423423423423424,0.6925932811546035,0.7062464218116812,0.7200074141910535,0.7338792316045292,0.7473464493862261
0.06446446446446447,0.6968325283102367,0.7105448978793599,0.7243467434476978,0.7382533612372413,0.7517582395037345
0.0646946946946947,0.7010858547341554,0.714840446905065,0.7286737361606666,0.742619177692285,0.7561342020215464
0.06492492492492492,0.705336940142193,0.7191207705900162,0.7330076740760133,0.7469736325794842,0.7605265955812643
0.06515515515515516,0.7095740638161621,0.723396101892909,0.7373198395699536,0.7513240499992243,0.7649452324687682
0.0653853853853854,0.7138140641904656,0.7276474176552881,0.7416231853779028,0.7556640931243471,0.7693540601442416
0.06561561561561562,0.7180391669484917,0.7319063293000667,0.7459341702299264,0.759998058449524,0.7737393495679018
0.06584584584584585,0.722268153183739,0.7361647700069401,0.7502252160088501,0.7643349650076597,0.7781081852184895
0.06607607607607609,0.7264814058535164,0.7404170337055582,0.7545220970634874,0.7686616732219296,0.7824674206927084
0.06630630630630631,0.7306967947232179,0.7446371800592665,0.7587959827331486,0.7729770075068431,0.7868407263155794
0.06653653653653654,0.7349036804735974,0.7488745712992532,0.7630686351905772,0.7772938553735086,0.7911828944513112
0.06676676676676677,0.7390967270998832,0.7531033432769606,0.7673336386189338,0.7816025008604449,0.795523540561535
0.066996996996997,0.7432916748251034,0.7573232927315626,0.7715872468408702,0.7859145914752733,0.7998445129319863
0.06722722722722724,0.7474664203730533,0.7615378953393434,0.7758372609761419,0.7902021318998408,0.8041885177585727
0.06745745745745746,0.7516228769768958,0.7657494357247775,0.7800869803289637,0.7944969949415648,0.8085159224589127
0.0676876876876877,0.7558039451554307,0.76994243316889,0.7843220477663171,0.7987826594316393,0.8128511307997457
0.06791791791791792,0.7599851532994804,0.7741361509185132,0.788564401801492,0.803070142119594,0.8171401387854893
0.06814814814814815,0.7641317068193411,0.7783224927039959,0.7927952733632561,0.8073323346321436,0.8214303755930196
0.06837837837837839,0.768266472041017,0.7825067187595205,0.7970225390290558,0.8115987540894801,0.8257151933345663
0.06860860860860861,0.7724040232582572,0.786672518125608,0.8012312242012435,0.8158546927894225,0.8300054208013435
0.06883883883883885,0.7765485180669296,0.7908359330060071,0.8054403167326328,0.8201068879425983,0.8342644069427521
0.06906906906906908,0.780673409022276,0.7949865283730575,0.8096355543143672,0.8243373306508727,0.8385454064943194
0.0692992992992993,0.7847868272932506,0.7991232548969468,0.8138245265403026,0.8285676173917165,0.8428005280860486
0.06952952952952954,0.7888845636187949,0.8032598509774708,0.8180100178208709,0.8327893610757116,0.8470475176659438
0.06975975975975976,0.792975948707408,0.8073979097776081,0.822189685946077,0.837006818940263,0.8512960770165529
0.06998998998999,0.7970544420627829,0.8115228917818377,0.8263658231542321,0.8412132396831444,0.8555587492737933
0.07022022022022023,0.8011497359110266,0.8156572424902951,0.8305333444579279,0.8453966038115845,0.8598033137224359
0.07045045045045045,0.805212886442445,0.819769485499032,0.8346821844394621,0.849588884827452,0.8640491430926457
0.07068068068068069,0.80927064939745,0.8238715422375141,0.8388260760683761,0.8537772059797716,0.8682795810345513
0.07091091091091091,0.8133332326854971,0.8279806237359542,0.8429651935656329,0.8579600558639069,0.8724978075279758
0.07114114114114115,0.8173910820385217,0.8320738964463291,0.8470929265213741,0.8621272079833537,0.8766945536973373
0.07137137137137138,0.8214308411122138,0.8361497547393332,0.851215597874128,0.8662921521857961,0.8808840324662238
0.0716016016016016,0.8254884858515369,0.8402247123429916,0.8553316404940615,0.8704393914717774,0.8850896285405471
0.07183183183183184,0.8295112246834734,0.8443052437614946,0.8594440023760255,0.8745698238564845,0.8892864467179143
0.07206206206206207,0.8335539580916121,0.8483659035826863,0.863555364300757,0.8787130605664155,0.8934619283176709
0.0722922922922923,0.8375787760368308,0.8524155720719419,0.8676509911692639,0.88285079697718,0.8976214114610553
0.07252252252252253,0.841598035871794,0.8564679041203549,0.8717372639253897,0.886978564264252,0.9018012798602468
0.07275275275275275,0.8456011905401619,0.8604973190816482,0.8758097633589577,0.8910868372468306,0.9059583030081663
0.07298298298298299,0.8495744153322923,0.8645318897817015,0.8798788153822781,0.8951839985630045,0.9100936014375635
0.07321321321321322,0.8535686787212022,0.8685582692471848,0.8839447800742828,0.8992927594213008,0.9142302347091917
0.07344344344344345,0.8575448461171782,0.8725701255068569,0.8880009684958688,0.9033862822572671,0.9183638403872657
0.07367367367367368,0.8615108835859842,0.8765734344414651,0.8920495175872079,0.9074843713850163,0.9224657663175229
0.0739039039039039,0.8654598206480667,0.8805822129248378,0.8960914220596857,0.9115674608887135,0.926606579566555
0.07413413413413414,0.869416279730726,0.8845629088797227,0.9001265534027232,0.9156364428067133,0.9306985646636302
0.07436436436436437,0.8733584623125815,0.8885485084157664,0.9041510460327066,0.9196986962115705,0.934806788310592
0.0745945945945946,0.8772950686128332,0.8925203786964016,0.9081651501914256,0.9237614142940115,0.9388810691784482
0.07482482482482483,0.8812338049579072,0.8964846608137802,0.9121713496217938,0.9278063971815431,0.9429494719352863
0.07505505505505507,0.8851522628459112,0.9004398000060201,0.9161716599871522,0.9318531468460709,0.9470189469663362
0.07528528528528529,0.8890888222762199,0.9043931163587762,0.9201619874727952,0.9358785783051072,0.9510982155378893
0.07551551551551552,0.8930002473043511,0.9083311975399194,0.9241399014285164,0.939899655849442,0.9551580772778113
0.07574574574574575,0.89689725081834,0.9122728362448973,0.9281059686279443,0.9439013234353695,0.9591981399023816
0.07597597597597598,0.900783380163551,0.9161993843660807,0.9320715338631155,0.9479011062058305,0.9632509536116266
0.07620620620620622,0.9046644708800611,0.9201093352956818,0.9360319144842435,0.9518942861617544,0.9672602899835264
0.07643643643643644,0.9085242903509525,0.9240225336312033,0.939984490315106,0.9558869039976283,0.9712783065439382
0.07666666666666667,0.9123847602573423,0.9279202310158674,0.943921114747263,0.95986078443262,0.9752955070830561
0.0768968968968969,0.9162471561849891,0.9318177979519706,0.9478461798510849,0.963837961777497,0.9792869602095181
0.07712712712712713,0.9200930358353505,0.9357066038537305,0.9517641538358381,0.96780030549663,0.9832800924531209
0.07735735735735737,0.9239273600730484,0.9395880583306598,0.9556659475323934,0.971754051014763,0.9872826277221602
0.07758758758758759,0.927759963514917,0.9434657314379211,0.9595696486437765,0.9757013092425695,0.9912610515017333
0.07781781781781782,0.9315634995135104,0.9473322317658652,0.9634670327054515,0.9796312984080322,0.995243029008952
0.07804804804804806,0.9353741607268892,0.9511853950957235,0.9673598811313999,0.9835649644645489,0.9992097460278904
0.07827827827827828,0.9391875821908975,0.9550180369060174,0.9712301894713317,0.9874854648342619,1.0031577582297226
0.07850850850850852,0.9429878443896054,0.958844860710405,0.9750994875758302,0.9913971209840976,1.007090700831243
0.07873873873873874,0.9467686385131299,0.9626627366832156,0.9789554643090712,0.9952821590148678,1.0110107314575767
0.07896896896896897,0.9505524266922595,0.966481282284171,0.9828074595370093,0.9991709798997893,1.0149401225207744
0.07919919919919921,0.954327722224038,0.9702884391267764,0.986649810886044,1.0030566084611585,1.0188514169105796
0.07942942942942943,0.9580865301883148,0.9740825897932189,0.9904850162899365,1.006935925499423,1.0227563464581562
0.07965965965965967,0.9618355937669711,0.9778670778473224,0.9943144664332111,1.0107967861224223,1.0266369734862955
0.07988988988988989,0.9655508974271811,0.9816484754874182,0.9981227376846918,1.0146485042290727,1.0305391171206855
0.08012012012012013,0.9692830621510661,0.9854151911597134,1.001931090645564,1.0185096995339447,1.034417348756792
0.08035035035035036,0.9730008218425018,0.9891819550844895,1.0057320203919802,1.0223459871915965,1.038264323544767
0.08058058058058058,0.9767347780906371,0.992936853604598,1.0095148229343067,1.02616787309643,1.042124928757515
0.08081081081081082,0.9804373004313915,0.9966715943531221,1.0132989656169158,1.029988463137098,1.0460027095153688
0.08104104104104105,0.9841253628595081,1.000404366411156,1.0170791364726421,1.0337987846365797,1.0498626121830235
0.08127127127127128,0.9878207644004097,1.0041221374294003,1.0208333876824556,1.0375892520942487,1.0537032000180426
0.08150150150150151,0.991505190215293,1.007829301683304,1.0245846450800726,1.0413779453066623,1.0575304672707082
0.08173173173173173,0.9951812763553872,1.0115345760185748,1.0283297975556691,1.0451490165890778,1.0613487879444727
0.08196196196196197,0.9988572436945466,1.0152223797432738,1.0320587243021773,1.048919842834655,1.0651576357329398
0.0821921921921922,1.0025335186073845,1.0189191345862598,1.0357881476967632,1.052693617850843,1.0689519060646153
0.08242242242242243,1.0061831256600668,1.0226124072260028,1.0395129422481013,1.056447070621881,1.0727453789269332
0.08265265265265266,1.0098341688041739,1.0262679313048302,1.0432179122278136,1.0601953264462474,1.0764945568349293
0.08288288288288288,1.0134574100573792,1.029933932756312,1.0469211672645655,1.0639230715829229,1.0802392333194826
0.08311311311311312,1.0170746078607653,1.0335850404212905,1.050612075050611,1.0676503684948382,1.0839908865023753
0.08334334334334335,1.0206517451529014,1.0372379441467332,1.0542848795030264,1.071351187546805,1.0877319248474182
0.08357357357357358,1.0242367717563468,1.0408669946314033,1.0579542530027775,1.0750389045264992,1.0914579207022677
0.08380380380380381,1.0278241863670161,1.0444789563152383,1.0616148929996625,1.0787285547285674,1.0951914062635453
0.08403403403403405,1.0314086276670955,1.0480874259443735,1.0652699955415588,1.0824105833946114,1.098913644767558
0.08426426426426427,1.0349820763527244,1.051698640287438,1.068909725793636,1.0860726907508458,1.1026217755252907
0.0844944944944945,1.0385551905531376,1.0552920156801817,1.072541175740066,1.0897164620464659,1.1063048120371797
0.08472472472472473,1.0421061549218888,1.058892909296204,1.076165199505827,1.0933650975843032,1.1100066678067269
0.08495495495495496,1.0456653078716138,1.0624611313334078,1.079778086146317,1.097012657129829,1.113674105996504
0.0851851851851852,1.049198799149425,1.0660172726060622,1.0833816295748313,1.100630097210909,1.1173097408628796
0.08541541541541542,1.0527141053765445,1.0695577489466737,1.0869714021010852,1.104260544946079,1.1209528121623038
0.08564564564564565,1.0562275169927118,1.0731000645810682,1.0905526772296925,1.1078753723819905,1.1245956743111212
0.08587587587587588,1.0597274731656294,1.0766388384996857,1.094127177419703,1.1114840398692354,1.1282433929284537
0.08610610610610611,1.0632337098629736,1.0801731849342393,1.0976949409845114,1.1150610081043189,1.1318584702787031
0.08633633633633635,1.066707120427754,1.0836930070883077,1.1012462801552203,1.1186536116937134,1.135462137813082
0.08656656656656657,1.070206767931065,1.0871967124500135,1.104794852414868,1.1222192880115003,1.1390633292453485
0.0867967967967968,1.07367703599488,1.0906891389030233,1.1083287155645323,1.1257758175043244,1.1426594491072237
0.08702702702702704,1.077130164924318,1.0941743581032943,1.11184141414187,1.1293262319536053,1.1462467189080165
0.08725725725725726,1.0805780142185775,1.0976528281381526,1.1153449567587779,1.1328662968872152,1.149800264661692
0.0874874874874875,1.0840285232047675,1.1011148645323445,1.1188419717952454,1.1363945997362672,1.15337375540239
0.08771771771771772,1.0874631493270726,1.104573074191504,1.1223318407007405,1.1399156233198278,1.156930463921502
0.08794794794794795,1.0908926689347296,1.1080203686544308,1.1258124929068405,1.1434295781695867,1.1604923490434005
0.08817817817817819,1.0943001074990042,1.1114618447299731,1.1292795806530835,1.1469320932290328,1.1640235116180466
0.08840840840840841,1.0977013587816342,1.114887271280838,1.132741499613427,1.1504151370331548,1.1675486029979159
0.08863863863863865,1.1010992845309728,1.1183122467948339,1.1361851741167661,1.1538986737967785,1.1710748204620804
0.08886886886886887,1.104464621499368,1.1217375978284698,1.1396206008184009,1.1573664547842624,1.1745656394225192
0.0890990990990991,1.1078273155877203,1.1251289898115149,1.143045456540204,1.1608267722339303,1.1780642166328588
0.08932932932932934,1.1111817939119657,1.1285114614937206,1.1464617915657602,1.164271717071985,1.1815470820179057
0.08955955955955956,1.114511890652262,1.1318766902100463,1.1498629989806322,1.1677089623137258,1.1850211041925163
0.0897897897897898,1.1178346773912489,1.1352387233297732,1.1532570305385665,1.171145216005964,1.1884663384844272
0.09002002002002003,1.121146125569041,1.1386010108901394,1.156644910656333,1.1745500961788495,1.1919006930722456
0.09025025025025026,1.1244577520012957,1.141945257909372,1.1600232058704363,1.1779588215554004,1.195313170356286
0.09048048048048049,1.1277631231176086,1.1452758791787478,1.1633894843490642,1.1813642591377427,1.1987308365578273
0.09071071071071071,1.1310548758266699,1.1485895100217347,1.1667412108506119,1.1847475578413902,1.2021313141181902
0.09094094094094095,1.13434383505861,1.1519013789831587,1.1700912815478588,1.1881112871989157,1.2055076529494508
0.09117117117117118,1.1376065831733808,1.1552194277747592,1.173415004714116,1.1914744772545143,1.2088890865848922
0.0914014014014014,1.1408598926574638,1.158507871321389,1.1767397140883011,1.194821232489504,1.212258689240137
0.09163163163163164,1.1441178294801582,1.1617996746704258,1.180053722917312,1.1981710007982738,1.215609070457975
0.09186186186186186,1.147374973129182,1.1650722382325993,1.183347631583095,1.2014967402150203,1.2189415852694725
0.0920920920920921,1.1506076137340786,1.1683321775443614,1.1866449894764979,1.204811665962757,1.222286011909718
0.09232232232232233,1.153829272909684,1.1715929185253269,1.1899257989220555,1.2081261415911555,1.2256213040861519
0.09255255255255256,1.1570421162847118,1.1748345113947578,1.1931986861463548,1.211424175692598,1.228943097205793
0.09278278278278279,1.1602341752971903,1.178067497765449,1.1964489674210266,1.2147077704185285,1.2322550409078334
0.09301301301301303,1.163425966173561,1.181281245000771,1.1996904827921056,1.2179842239715817,1.235553896829037
0.09324324324324325,1.1665936111237682,1.1844965486588714,1.2029325913807338,1.2212471902706952,1.2388319110827668
0.09347347347347348,1.169780655870154,1.1877031010988288,1.2061641743523026,1.2244946494239688,1.2421148788818073
0.0937037037037037,1.1729405429435045,1.1908882526968618,1.2093693466089377,1.2277353706618712,1.245382005268289
0.09393393393393394,1.1760691771941267,1.1940604944789812,1.2125660778224585,1.2309704886504964,1.2486226641214726
0.09416416416416418,1.1792042682272315,1.1972232910629426,1.2157581883584636,1.2341990876067424,1.251855858324137
0.0943943943943944,1.1823428686159405,1.200377198472234,1.2189455448916868,1.2374043548804867,1.2550800533233177
0.09462462462462463,1.18545579503539,1.2035264264324814,1.2221112471486522,1.2406046537910471,1.2583018109088708
0.09485485485485486,1.1885537163047322,1.2066426459242778,1.225265908466667,1.2437919987318886,1.2614942119901442
0.09508508508508509,1.191624795439679,1.209767174185375,1.228418405954004,1.2469707157154675,1.2646959727883487
0.09531531531531533,1.1947041627553618,1.212874709796509,1.2315575576044009,1.250133383295054,1.2678713415302836
0.09554554554554555,1.1977663095591966,1.215971150902182,1.2346843148810829,1.2532841074953913,1.271032834527551
0.09577577577577578,1.200841123235191,1.2190594669299282,1.237789270571659,1.256417111621449,1.2741904682706806
0.09600600600600602,1.2038996187914053,1.2221287301392683,1.2408915537585596,1.2595380310432354,1.2773506724192332
0.09623623623623624,1.2069329668078115,1.225194675485712,1.2439827369301735,1.2626520744343934,1.280494776007373
0.09646646646646648,1.2099591622356,1.228243291416684,1.2470544979344202,1.26575714198587,1.2836131183356756
0.0966966966966967,1.2129859323129173,1.231289034931838,1.2501345110201518,1.2688496551577562,1.2867183510641793
0.09692692692692693,1.216003850119999,1.2343173138780466,1.2531870284177102,1.2719192248030042,1.289827587903975
0.09715715715715717,1.2189949788991814,1.2373338608898157,1.2562324137108305,1.2749892217325307,1.2929107812758789
0.09738738738738739,1.2219650538970903,1.2403500786657895,1.2592711700365828,1.2780427581839404,1.295986359219267
0.09761761761761763,1.2249625609694246,1.2433451217709743,1.2622864301117915,1.2810857361049994,1.2990619069602074
0.09784784784784785,1.2279361568149803,1.2463197520358684,1.265288751281886,1.2841118020881583,1.3021079284927355
0.09807807807807808,1.2308975351897067,1.2492955797162084,1.2682794757820202,1.2871383140846537,1.305144005896029
0.09830830830830832,1.2338282436175736,1.2522610774360696,1.2712596577314983,1.2901512533918327,1.3081789639011232
0.09853853853853854,1.2367579348489528,1.255196266601758,1.2742232649058898,1.2931617919016474,1.311198257589197
0.09876876876876878,1.2396631719959232,1.2581261656920057,1.2771800443281869,1.2961485133719812,1.3141967280290991
0.09899899899899901,1.2425634969465598,1.2610418347247483,1.2801283847667704,1.299122048047822,1.3171886243293363
0.09922922922922923,1.2454756641765763,1.2639528794004884,1.2830747138288392,1.3020886182027382,1.3201581868320702
0.09945945945945947,1.2483576597381874,1.2668539664326326,1.2860064320425004,1.3050343478092077,1.3231314012090345
0.09968968968968969,1.2512235372887996,1.2697425331294843,1.2889139531136875,1.3079703792631858,1.3260849598940916
0.09991991991991993,1.2540873209080385,1.2726291406463346,1.2918183973660624,1.3108907991637535,1.329042179725157
0.10015015015015016,1.2569182981321965,1.275502359314342,1.2947023002303584,1.3138007811970331,1.3319764463435846
0.10038038038038039,1.2597602031571098,1.2783576885394947,1.2975866218710972,1.316697015836615,1.3348722421368497
0.10061061061061062,1.262607471217836,1.2812116000151659,1.3004512708198328,1.31959001356743,1.3377923135547651
0.10084084084084084,1.2654289423551637,1.2840350448782654,1.3032988688253428,1.3224522183170766,1.3406955638506086
0.10107107107107108,1.2682219726996873,1.2868605078119004,1.3061332873785167,1.325314625240018,1.3435631363264846
0.10130130130130131,1.2710110865421427,1.2896687505578872,1.308961301152974,1.3281584736420384,1.3464496562347992
0.10153153153153154,1.2737894326727108,1.2924573315198353,1.3117626704804448,1.330992636665816,1.3493182079122183
0.10176176176176177,1.27655164452002,1.295225715305754,1.3145682156924927,1.3338145723715604,1.3521581358096832
0.101991991991992,1.279311078687438,1.2980068626785588,1.317361769528865,1.3366181380867097,1.3549969442646996
0.10222222222222223,1.2820650519800454,1.300772946763669,1.3201447799859156,1.339417408604711,1.357802534690413
0.10245245245245246,1.2847799427680298,1.3035251231851956,1.322908115469392,1.3422016181687426,1.3606133682376054
0.10268268268268269,1.2874931966671372,1.3062705703839887,1.3256574698199577,1.3449746877690325,1.3634104858049636
0.10291291291291292,1.290195690169075,1.308989519776351,1.3284023886682272,1.3477311120284694,1.3661883975073585
0.10314314314314316,1.2928807461479157,1.311688997563368,1.3311288274514788,1.3504863225819834,1.3689632362615707
0.10337337337337338,1.2955512047272568,1.314387660137264,1.333841714185139,1.353223733132294,1.371745604572683
0.10360360360360361,1.2982089565111845,1.3170737349134927,1.3365419431546175,1.3559534915570808,1.374463958317466
0.10383383383383384,1.3008504916529373,1.3197321582436947,1.3392434401815336,1.3586682100053649,1.3771818339769568
0.10406406406406407,1.3035062457985287,1.3223856337694124,1.3419258931622482,1.3613672538176602,1.3799072940589994
0.1042942942942943,1.3061476190772452,1.3250418027774027,1.34458842279631,1.3640585259900992,1.3826207882981045
0.10452452452452453,1.3087482946927664,1.327675736988604,1.347246228656696,1.36674390433639,1.3853154395128948
0.10475475475475476,1.3113489522932729,1.3303066300830015,1.349886941760278,1.3693974760549754,1.3879876088012386
0.104984984984985,1.3139365429234025,1.3329237829219238,1.352514252234788,1.3720444875528157,1.3906548978494733
0.10521521521521522,1.3165173267691435,1.3355238351894345,1.3551337088274271,1.3746868339304985,1.3933121705379232
0.10544544544544546,1.319087547841719,1.3381135526723564,1.3577305911381956,1.377304376140198,1.3959574486054493
0.10567567567567568,1.3216318325295675,1.3406848156916171,1.3603250827287392,1.379910040310844,1.398568587607662
0.10590590590590591,1.3241760543862486,1.3432412830364269,1.3629099003644851,1.3824990847899483,1.4011923588622242
0.10613613613613615,1.3266870687158956,1.345794185709874,1.3654772501863024,1.3850814643652902,1.4037762920222026
0.10636636636636637,1.3292252775792548,1.348329299938753,1.3680341349631504,1.387649094574047,1.40635869470885
0.10659659659659661,1.3317394179501565,1.3508465697524934,1.3705722002123595,1.390203269478287,1.4089345394500539
0.10682682682682683,1.3342415089463568,1.353360529553412,1.373097170971662,1.3927427706967408,1.4114899201692788
0.10705705705705706,1.336731473183139,1.3558624798144314,1.3756122477173194,1.3952778916106539,1.4140372881071133
0.1072872872872873,1.3391945718071647,1.3583511617476907,1.3781167831362107,1.3977887050544282,1.4165727536720232
0.10751751751751752,1.341639587308546,1.3608059334986724,1.380605739766843,1.4002789025793865,1.419100568801178
0.10774774774774776,1.3440904442095898,1.3632601659494636,1.3830774052313912,1.402771891983592,1.421611565261023
0.10797797797797799,1.3465281687859718,1.3657102933004561,1.385537030471745,1.4052566952323966,1.424116977222476
0.10820820820820821,1.3489618653134647,1.368153334021004,1.3879769199433631,1.4077305717044224,1.4266050667454917
0.10843843843843845,1.351364371262349,1.3705811447108167,1.390403168114683,1.4101802028048633,1.4290646654198247
0.10866866866866867,1.3537671386851382,1.3729917283328745,1.3928284032179497,1.4126172316418433,1.4315396726019125
0.10889889889889891,1.356163878205211,1.3753869388311308,1.3952385192838213,1.4150477790611147,1.4339829801304607
0.10912912912912914,1.3585469623197113,1.3777776710551837,1.397631886249689,1.41745836746232,1.4364010001265135
0.10935935935935936,1.360911668422544,1.380168236107549,1.4000118616932067,1.4198616909168222,1.438800846311641
0.1095895895895896,1.3632362139159255,1.3825342123928737,1.402382162476506,1.4222568352142735,1.4412043001309915
0.10981981981981982,1.3655823348216727,1.3848695233880133,1.4047417460405682,1.4246265374436424,1.443583805797861
0.11005005005005006,1.3679076907449423,1.387196317280154,1.4070868108333778,1.4269966279928172,1.4459692907456734
0.1102802802802803,1.3702218138069284,1.3895216250790683,1.4094047638965734,1.4293326228237528,1.4483116047461135
0.11051051051051052,1.3725102117277208,1.3918285091349363,1.4117231970545032,1.431660922948924,1.4506674400549309
0.11074074074074075,1.374779352337666,1.3941040904364688,1.4140200831371867,1.4339768789558287,1.452969716588684
0.11097097097097099,1.3770587249509716,1.3963811599584297,1.4163181268176748,1.4362843217554362,1.4552581347521014
0.11120120120120121,1.379296432106091,1.3986464878121112,1.418604086923048,1.4385730221234057,1.457563291720242
0.11143143143143144,1.3815247982785928,1.4009058269341434,1.4208597714900226,1.4408435013516019,1.4598449684025807
0.11166166166166167,1.3837403260595746,1.403149531994819,1.4231134991038257,1.4431027643793353,1.462119199896534
0.1118918918918919,1.385946980317416,1.4053738603287846,1.4253428138233608,1.4453569978677272,1.464401128030237
0.11212212212212214,1.3881589718342595,1.4075790767401473,1.4275719425224358,1.4475911608494436,1.466655744585268
0.11235235235235236,1.3903361449207625,1.4097902419613233,1.4297872954106265,1.4498223681262694,1.4688811854183093
0.1125825825825826,1.392513609139155,1.4119852491795697,1.431986095327682,1.4520327999484834,1.4710931845894604
0.11281281281281282,1.3946789175600556,1.414161301383425,1.4341647651990743,1.4542252351827711,1.4732982650074287
0.11304304304304305,1.3968080501140154,1.4163212028797108,1.4363353217549029,1.456406648695199,1.4754839313461239
0.11327327327327329,1.3989296286204569,1.4184731674521307,1.4384854625688193,1.4585668731506627,1.477653030366213
0.11350350350350351,1.401052371678005,1.4205937436879559,1.4406230206453752,1.4607151007881474,1.4798165567183459
0.11373373373373374,1.4031516751922875,1.4227102336273918,1.4427447827096032,1.4628563323222754,1.4819500742220268
0.11396396396396398,1.40525347721354,1.4248082914051445,1.444869014554127,1.464982092440345,1.4840925669374017
0.1141941941941942,1.4073756508651876,1.4269056687885453,1.4469649812775867,1.4670904134774825,1.4862089709666686
0.11442442442442444,1.4094564346751774,1.4289822073160061,1.4490590159614842,1.4691805074053395,1.4883134855645639
0.11465465465465466,1.41150179991204,1.4310573839788063,1.451136379925279,1.471263902086459,1.4904133113258864
0.1148848848848849,1.4135459383269398,1.43311901161021,1.453192871792898,1.473330420718724,1.4924903743417643
0.11511511511511513,1.4155588755113693,1.4351555642441203,1.455237684446202,1.4753741270687317,1.494551006782424
0.11534534534534535,1.417568559850806,1.4371765433827273,1.4572648631324996,1.477416433495288,1.4966177800144844
0.11557557557557559,1.4195844705002274,1.4391843335062129,1.459281290980231,1.4794473454478247,1.498645250265382
0.11580580580580581,1.4215472696743259,1.4411723478525598,1.4612831073416148,1.4814448954744772,1.500652358823151
0.11603603603603604,1.4235270225730903,1.4431539263414928,1.463267658235953,1.4834464844874937,1.5026747073417843
0.11626626626626628,1.425491390000056,1.4451233101215661,1.4652445266472418,1.4854281689423656,1.504678147672074
0.1164964964964965,1.4274382115088649,1.4470558934900009,1.4672029303793344,1.4874073158143715,1.5066552026462532
0.11672672672672674,1.4293985320080296,1.4489955626093183,1.4691488339324261,1.4893479394110267,1.5086107163901807
0.11695695695695697,1.4313248550757962,1.4509241568157065,1.4710845088483995,1.491285742273456,1.5105552353294667
0.1171871871871872,1.433234964368056,1.4528490735553128,1.4730094809426855,1.4932245440026655,1.512507535474035
0.11741741741741743,1.4351200250752798,1.454732783023341,1.4749220010613602,1.4951238333979648,1.5144421767101657
0.11764764764764765,1.4369970650017303,1.4566229779365611,1.4768186385940607,1.4970094356440673,1.5163368150280614
0.11787787787787789,1.4388551861822616,1.458499070273696,1.4786945182118252,1.4988959600849188,1.5182243774944826
0.11810810810810812,1.44070521277286,1.4603565605301614,1.480561394303652,1.500762358736272,1.520069636560451
0.11833833833833834,1.4425400029181734,1.4622000925140644,1.4824077372560143,1.5026206552391406,1.5219405829958879
0.11856856856856858,1.444349315057618,1.4640273659911083,1.484247677143572,1.5044594921692966,1.5237680128359903
0.1187987987987988,1.4461657197199203,1.4658422600767462,1.48607092653111,1.5062880450839498,1.5255953584249868
0.11902902902902904,1.4479623435766824,1.4676436298907072,1.487865651075272,1.5080879389723227,1.5273933598110334
0.11925925925925927,1.4497479267697504,1.469429886666175,1.4896594646844254,1.5098845835857109,1.5291821417793228
0.1194894894894895,1.4515139359884666,1.4712050710659985,1.491446537560498,1.5116735331792324,1.530973043397256
0.11971971971971973,1.4532711217119203,1.4729536292717171,1.4932079411234813,1.5134440706847014,1.532728464210655
0.11994994994994997,1.4549995510988198,1.474697935960732,1.4949613279985463,1.5151973265365255,1.5344698975966276
0.12018018018018019,1.456730733763547,1.4764318937590126,1.4967052449961114,1.516936217142706,1.5362103234929254
0.12041041041041042,1.4584472892013982,1.4781508434960404,1.4984188355981314,1.5186655541711576,1.5379390409232487
0.12064064064064065,1.4601594115060852,1.479836381241417,1.5001174838734577,1.5203663732431978,1.539646779592929
0.12087087087087088,1.4618497012726983,1.4815267945291088,1.501813122089055,1.522064707981392,1.5413400707455742
0.12110110110110112,1.4635350231270956,1.4832076164034445,1.5034972555921318,1.5237329822235697,1.5430292609070555
0.12133133133133134,1.4651732092697287,1.4848730380823487,1.5051532740003146,1.525407914140354,1.5447212980044187
0.12156156156156157,1.466800947728752,1.4865118205389836,1.5068013071096853,1.527068719628264,1.546365455823576
0.1217917917917918,1.4684200703600006,1.4881413847073033,1.5084362694893008,1.5286993200415409,1.5480088884881584
0.12202202202202203,1.4700288302515438,1.4897576830515329,1.5100671575602385,1.5303215378372088,1.5496375934765083
0.12225225225225227,1.4716226139994166,1.491351603868106,1.5116750731056525,1.531914958428971,1.551259873904699
0.12248248248248249,1.4732288464113428,1.492942018082068,1.5132531963732794,1.5334981030845032,1.552881068203505
0.12271271271271272,1.4747761638641987,1.4945149211271787,1.514828380835258,1.5350853250219796,1.5544568993249015
0.12294294294294296,1.4763408276630332,1.4960656268292791,1.5163936740987454,1.5366548421360164,1.5560344827080417
0.12317317317317318,1.4778791009277559,1.4975997058757378,1.5179344925772251,1.538215694975237,1.557579559468706
0.12340340340340342,1.4793923448688997,1.4991221977373563,1.5194686559276478,1.5397391969345948,1.5591029363999636
0.12363363363363364,1.4808930699964087,1.5006302172923902,1.5209783094272076,1.5412623103858154,1.5606036955545426
0.12386386386386387,1.48240630353773,1.5021284632235177,1.522479663099695,1.5427802660245076,1.5620952014251355
0.12409409409409411,1.4839194577920503,1.503620808901139,1.5239675479040453,1.5442689930168758,1.5635947487345299
0.12432432432432433,1.4853931717528404,1.5051002323969604,1.5254317567825952,1.5457299538131881,1.5650416733267412
0.12455455455455457,1.4868637250814027,1.5065650061883153,1.52688006399237,1.5471846511758773,1.5665127925239424
0.12478478478478479,1.4883204632783948,1.5080091673036808,1.5283201444834544,1.5486268988114256,1.5679487021373204
0.12501501501501502,1.4897767981975625,1.5094371768077162,1.5297351051584838,1.5500594223518023,1.5693700294907602
0.12524524524524525,1.4912105430747422,1.5108390486382168,1.5311510603389136,1.551476613393441,1.5707858196305526
0.1254754754754755,1.492598366094789,1.5122420972227562,1.5325505746503472,1.5528826633620916,1.5721827434045026
0.12570570570570572,1.4939831501240584,1.5136356569038538,1.5339347238887195,1.554254003244672,1.5735727943724838
0.12593593593593594,1.4953674020086345,1.5150175436884852,1.5353010388703017,1.5556248529456507,1.5749466979064537
0.1261661661661662,1.496741664052859,1.5163633852229081,1.5366494553418255,1.5569972812362096,1.57630420149698
0.1263963963963964,1.4980790560540194,1.517698661751114,1.5379915575641792,1.5583433160215598,1.5776397768438966
0.12662662662662663,1.4994060457482195,1.5190302708054502,1.5393181064092394,1.5596743302682137,1.5789566580266978
0.12685685685685685,1.5007276091239024,1.5203411200894272,1.5406225612036166,1.5609820804004375,1.5802748208599398
0.1270870870870871,1.5020308977413548,1.521650018928619,1.54191454085825,1.5622733570653244,1.5815534202843349
0.12731731731731732,1.503354390837768,1.5229456302877136,1.5431934761456585,1.5635414982015667,1.5828360367815235
0.12754754754754755,1.5046322849051075,1.5242129609838972,1.5444536205613815,1.564814251382654,1.5840941540097033
0.1277777777777778,1.5058617049481853,1.525467365236887,1.5457058618588628,1.5660572566227426,1.585350518931183
0.12800800800800802,1.5071005462948548,1.5267086529227,1.546942125812153,1.5672817670061372,1.5865643412831552
0.12823823823823824,1.5083363658490292,1.5279281330801378,1.5481703164108371,1.5685061990456235,1.5877881464325179
0.1284684684684685,1.5095417229895969,1.529150972309601,1.5493706975478134,1.569703400810902,1.588985426180326
0.1286986986986987,1.5107264087956356,1.5303467002086002,1.5505635628468906,1.5708936491406353,1.5901619226813362
0.12892892892892893,1.5118915811040419,1.5315175258470675,1.551746415507756,1.5720729410074152,1.5913387093308524
0.12915915915915918,1.513073313443256,1.5326868045507842,1.552904301624544,1.5732234341968399,1.5924986032465505
0.1293893893893894,1.5142196597571216,1.5338397541708646,1.5540541512908077,1.574359927654061,1.5935985138545623
0.12961961961961962,1.5153695711973576,1.5349641948923207,1.5551823510800742,1.575496059458217,1.5947193979452143
0.12984984984984985,1.5164983198975168,1.536087177239257,1.556302566866654,1.576609789452258,1.5958278423755163
0.1300800800800801,1.5176080966087435,1.5371937247948173,1.5573996166884523,1.577713758907007,1.5969097655880917
0.13031031031031032,1.518691176328827,1.5382859148818169,1.5584819394314895,1.578798062482355,1.597985620021248
0.13054054054054054,1.5197592899307997,1.5393583788114171,1.5595515918799074,1.5798658744869316,1.5990763983575051
0.1307707707707708,1.520839158200959,1.5404205770081374,1.5606074430846055,1.5809296216995978,1.6001224498547681
0.131001001001001,1.5219051736949365,1.5414559803321686,1.5616429226950785,1.5819552068805367,1.601153194398337
0.13123123123123123,1.5229400213781645,1.5424818829429636,1.5626677735344343,1.582983244529472,1.6021742215752843
0.13146146146146148,1.5239586139292083,1.5434981818216333,1.5636798011242725,1.5839856229590465,1.603167933748438
0.1316916916916917,1.524970755959356,1.5445016788602761,1.5646660541044815,1.584974635247314,1.6041450324216002
0.13192192192192193,1.5259562582888286,1.5454855139391674,1.5656424434350737,1.5859402402044251,1.6051125951705245
0.13215215215215217,1.5269281945339854,1.546462118807936,1.5666042263607847,1.5868922918087887,1.606075084524387
0.1323823823823824,1.5278933421388117,1.5474131945676384,1.56754925401797,1.5878356283936714,1.6070218469450084
0.13261261261261262,1.528843459849089,1.5483599781644615,1.5684865800784489,1.5887559295121905,1.6079574455313717
0.13284284284284284,1.529759131568214,1.5492900181090372,1.5694070815188854,1.5896579450884816,1.6088699097596166
0.1330730730730731,1.5306949316606833,1.5502042621235643,1.5703053786762653,1.5905465568402923,1.6097868889033182
0.1333033033033033,1.5315692589314305,1.551095956823477,1.5711872196879555,1.5914262001739632,1.6106568258084772
0.13353353353353353,1.5324780940481826,1.551972597633371,1.5720551113519312,1.592288986565535,1.6115222216256875
0.13376376376376378,1.5333287729785168,1.5528279857584946,1.572901848816815,1.593125636102739,1.612343459457747
0.133993993993994,1.5341738721704905,1.5536761180972414,1.573744719762192,1.5939528643789411,1.6132040256415017
0.13422422422422423,1.53501744990581,1.5545051747216214,1.5745876204197207,1.5947728622141628,1.6140101541566825
0.13445445445445448,1.535870324692323,1.5553174142828523,1.5753952228064596,1.5955665132948598,1.6148281191757843
0.1346846846846847,1.5367179499166916,1.5561306688822119,1.576199115149144,1.596367507185186,1.6155988438216322
0.13491491491491492,1.5375081554665289,1.5569209259500922,1.5769769919651764,1.5971621267184324,1.6163558661949922
0.13514514514514517,1.5382886935788898,1.5577072187353198,1.5777452498600706,1.5979354683567042,1.6170916141611305
0.1353753753753754,1.539073705577887,1.5584577446993753,1.5784904879954178,1.5986722553622996,1.6178171350523112
0.1356056056056056,1.5398389466852183,1.559217181691658,1.5792201473570269,1.5993916245119792,1.6185475854266271
0.13583583583583583,1.5405683685044818,1.5599294817666762,1.5799430113855326,1.6001008322177221,1.6192549792397923
0.13606606606606608,1.5412978368583763,1.5606386257382288,1.580651180755758,1.6007996789281234,1.619945860853004
0.1362962962962963,1.541975609115655,1.5613226869707912,1.5813466683410955,1.6014710242251817,1.620639232634739
0.13652652652652653,1.54267340568601,1.5620116156598718,1.5820213129911804,1.6021407720107343,1.6212841904301423
0.13675675675675678,1.5433599452872102,1.5626793730610615,1.5826771697897288,1.602804653126172,1.6219294479435116
0.136986986986987,1.5440301083659098,1.5633305328402702,1.5833129188296584,1.6034428785342743,1.6225636655786466
0.13721721721721722,1.544673937376497,1.5639664355821128,1.5839420779384206,1.6040731444385696,1.6231654431526399
0.13744744744744747,1.5452975052802087,1.564593759793681,1.5845716329616573,1.60467914910886,1.6237510090977165
0.1376776776776777,1.5459339418808162,1.5651888661596562,1.585163383420325,1.6052685094023567,1.6243399074380074
0.1379079079079079,1.5465382577876428,1.5657746081442532,1.5857485062123937,1.605843724295604,1.624912654240429
0.13813813813813816,1.547131561295622,1.5663328035648367,1.5863230909119983,1.6064107986461607,1.6254686018893778
0.13836836836836838,1.5476980552052093,1.566886475275204,1.586883492937898,1.6069530817798185,1.6260029894135666
0.1385985985985986,1.5482570810330643,1.56741260909611,1.5874262484401167,1.6074844668266148,1.6265404149585116
0.13882882882882883,1.5487746832252465,1.567948321815086,1.587941083599655,1.6079931993618681,1.6270477686327998
0.13905905905905908,1.5492740546164594,1.568448621929035,1.5884568597637554,1.608506301336352,1.6275397909456826
0.1392892892892893,1.5497870383291628,1.5689508594270947,1.5889477088988564,1.6089895605827413,1.628013877827907
0.13951951951951952,1.5502822270961123,1.5694235870605562,1.5894286959823114,1.6094568866805112,1.6284598137176425
0.13974974974974977,1.5507342639597865,1.5698785822514236,1.58987492711546,1.6099012540901991,1.6289032306848517
0.13997997997998,1.5512116048355067,1.57032203464719,1.590304957277049,1.610337089215392,1.6293195685064565
0.1402102102102102,1.5516456751591965,1.5707497225464433,1.5907388723145464,1.6107533952604938,1.629735348948185
0.14044044044044046,1.5520508908283706,1.5711823043374442,1.5911435803058793,1.6111610953801752,1.6301377950808844
0.14067067067067068,1.5524603579528056,1.5715915440216857,1.5915362611588841,1.6115485981955144,1.6305278637800524
0.1409009009009009,1.5528807566568867,1.5719951357341766,1.5919154977285812,1.6119175891429736,1.630897305114515
0.14113113113113115,1.5532695942263126,1.5723733063312193,1.5922852352573822,1.6122552683427163,1.6312523128867233
0.14136136136136138,1.553625276919476,1.5727337870532,1.5926320887684304,1.612602747036115,1.6316024274031202
0.1415915915915916,1.5539735487428958,1.573076985513467,1.592968086449066,1.6129235489912086,1.6319307388896498
0.14182182182182182,1.5543386104118142,1.5733871173674858,1.5932819975728767,1.6132250620304616,1.6322347934891313
0.14205205205205207,1.5546652293385865,1.573694634044735,1.5935842219294918,1.6135249643907643,1.6325636578164469
0.1422822822822823,1.5549371788655006,1.5739915792146622,1.5938776096544036,1.6138141750388197,1.632834286532909
0.1425125125125125,1.5552384065243126,1.5742854150657475,1.594151672055873,1.6140789311035189,1.6330960669079722
0.14274274274274276,1.5555329307987649,1.5745442042186266,1.5944058928370868,1.6143302792586798,1.6333244980491006
0.14297297297297298,1.555792834100876,1.574787067099838,1.5946572307273403,1.6145558518464718,1.6335289665832655
0.1432032032032032,1.5560280294587892,1.5750080072640784,1.5948866209948884,1.6147599613146548,1.6337506943945321
0.14343343343343345,1.5562550669221287,1.5752204217412022,1.5950940304643655,1.6149601194155698,1.6339281180519738
0.14366366366366368,1.5564952732226123,1.575416241582245,1.5952903941415357,1.6151351479815428,1.6341227990790994
0.1438938938938939,1.556685144068674,1.5756007827177028,1.5954813509265993,1.6153004535226725,1.6342896311525084
0.14412412412412415,1.5568644311179571,1.575774565855017,1.595646308001402,1.615453548879054,1.634441310919072
0.14435435435435437,1.5570404057354121,1.5759296389873323,1.595785734924496,1.6156028098425128,1.6345533496309244
0.1445845845845846,1.5572052883214889,1.5760711844191257,1.5959232891936328,1.6157249150479724,1.6346602626698177
0.1448148148148148,1.557298887135862,1.5762108038431653,1.5960400021953403,1.6158310693033326,1.634772872602996
0.14504504504504506,1.5574305749845567,1.5763220687652502,1.5961382881866837,1.6159122758784543,1.6348815840939324
0.14527527527527528,1.55754867607386,1.5764083667378306,1.5962316984901948,1.6159788154692365,1.634942053808453
0.1455055055055055,1.557650381094586,1.5764930258358243,1.5963060913645508,1.6160216514966628,1.634976636855763
0.14573573573573576,1.557711447922471,1.5765723223369066,1.5963639877548244,1.616065207453863,1.6349964397759102
0.14596596596596598,1.5577510898318185,1.5766292027149578,1.5964046857286052,1.616083755041161,1.634992545668162
0.1461961961961962,1.557765762225658,1.5766442341019102,1.5964276384740437,1.6160946033159147,1.6349808342373826
0.14642642642642645,1.5577816502715325,1.5766465417473248,1.596438663991112,1.616084426534871,1.6349664484791506
0.14665665665665667,1.5578031061549744,1.5766493312331096,1.5964222593890687,1.616066054344804,1.6349435438517408
0.1468868868868869,1.557800831332493,1.576634601572152,1.5964047611333039,1.616044811420541,1.6349057862219207
0.14711711711711714,1.5577445493520237,1.5766080454372462,1.5963689145598063,1.6159946595794614,1.6348312152971123
0.14734734734734736,1.5577307012698738,1.5765620650844894,1.596304307773318,1.6159286159759196,1.6347518641957988
0.14757757757757758,1.557697193172364,1.5764896300527167,1.5962379821907033,1.6158491671311503,1.634654182571292
0.1478078078078078,1.5576540095836178,1.576422068024634,1.5961508690090502,1.6157529299172098,1.6345510979926783
0.14803803803803806,1.5575546392870459,1.576323881377293,1.5960428486821325,1.6156526974762138,1.6344156018907545
0.14826826826826828,1.557478841690946,1.576223920600188,1.5959221581588423,1.615516480002823,1.63427479133391
0.1484984984984985,1.5573576318922246,1.5761174981981958,1.5957947929788772,1.6153676580993943,1.6341273370306375
0.14872872872872875,1.5572202900109149,1.57598817604809,1.5956506662177876,1.6151877459992845,1.6339671393140422
0.14895895895895897,1.5570689023760373,1.5758296675086265,1.595488231061109,1.6150243638463697,1.6337756146774198
0.1491891891891892,1.5569119668033617,1.575656017752594,1.5953101969737826,1.6148289452050184,1.6335603801095615
0.14941941941941944,1.556735077890344,1.5754719680446867,1.5951139673846846,1.6146189897090095,1.6333432446276532
0.14964964964964966,1.5565516515133537,1.575260279856865,1.5949114678192309,1.6144077021902954,1.6331218374025092
0.14987987987987988,1.5563665640273494,1.5750307829631787,1.5946826545901194,1.6141757223658042,1.6328622365659733
0.15011011011011013,1.556158723189292,1.574795499801741,1.5944379194123213,1.6139211621801604,1.6325916311881732
0.15034034034034036,1.5559187928247424,1.5745435958387437,1.594184428120761,1.613656089771129,1.6323042159373056
0.15057057057057058,1.5556576151903962,1.574284095014517,1.59391494973539,1.613376471252742,1.632013867002434
0.1508008008008008,1.5553655133205881,1.574015118666824,1.5936273749018577,1.6130662085337524,1.631733059538759
0.15103103103103105,1.5550937710100372,1.5737319769570577,1.593313949624204,1.6127569952067284,1.6314191893157999
0.15126126126126127,1.5547938555645222,1.5734356303034966,1.5929913466046997,1.6124458295313209,1.6310626147078027
0.1514914914914915,1.5544935522074546,1.5731137155313195,1.5926554676051783,1.612091710234626,1.6307252888648343
0.15172172172172174,1.5541509274768686,1.5727680438559608,1.592300756070222,1.6117293160802788,1.6303557053244315
0.15195195195195196,1.5537901563504244,1.5724161945492694,1.5919320965767951,1.611344807936401,1.6299665467319486
0.15218218218218219,1.5534450249660399,1.5720406894796832,1.591539869971957,1.6109460609233925,1.6295494205107077
0.15241241241241243,1.5530470253666948,1.5716661971802401,1.5911382861459689,1.6105380012455632,1.6291353573644902
0.15264264264264266,1.5526497499356193,1.5712615748745882,1.5907130461176624,1.6101234493359056,1.6287165180014085
0.15287287287287288,1.5522530417374636,1.5708330835532118,1.5902822234357208,1.6096888396615276,1.6282567659540466
0.15310310310310313,1.551854437204308,1.5703948088604442,1.5898299057202756,1.6092254456146589,1.6278026501337968
0.15333333333333335,1.5514284660965811,1.5699426952648121,1.5893690777310452,1.6087548762825976,1.6273032309937483
0.15356356356356357,1.5509584967824284,1.5694899980020027,1.588887177929829,1.6082597437129658,1.6267932353280574
0.1537937937937938,1.5504719363499262,1.569015986618497,1.5884042730559944,1.6077573483988465,1.626255095016055
0.15402402402402404,1.550001372986974,1.5685180228115951,1.5879083834784113,1.6072290426918971,1.625723327105418
0.15425425425425426,1.5495135310917156,1.5680221253322568,1.5873887445762487,1.6066927343716577,1.6251846465179256
0.15448448448448449,1.5489750217914726,1.5674954710866291,1.58684546621893,1.606144567679355,1.624638180941927
0.15471471471471474,1.5484311454378248,1.5669601397875605,1.5862879978340485,1.6055734632711895,1.6240897180488976
0.15494494494494496,1.547907646165757,1.5664059059242887,1.5857157484791307,1.6049966123568966,1.6235227044041383
0.15517517517517518,1.5473705711327177,1.5658199518676232,1.5851383088374282,1.6044025453567008,1.6229387716263202
0.15540540540540543,1.546805131717793,1.5652315142494306,1.5845332578065519,1.6038065134820108,1.6223418378321306
0.15563563563563565,1.5462292387809367,1.5646112463376172,1.5839257851568398,1.6031779585312225,1.621711103317082
0.15586586586586587,1.5456175389769435,1.5639818935089327,1.5833049511880548,1.6025215575864535,1.6210800528784275
0.15609609609609612,1.5449953725054737,1.5633453182598274,1.5826770175720772,1.6018671869408836,1.620418461164623
0.15632632632632634,1.5443681225899748,1.5626977273128744,1.582022928889961,1.601212655098919,1.6197302633663748
0.15655655655655656,1.5437048245487792,1.562033525946048,1.581337382748973,1.6005300366502737,1.619017511036405
0.15678678678678679,1.543038234520516,1.5613624531920596,1.5806456253909589,1.5998252474374344,1.6183054294345074
0.15701701701701704,1.5423983203475538,1.560671598778671,1.5799411378100268,1.5991088080766824,1.6176051888598981
0.15724724724724726,1.5416681769550755,1.5599578685111204,1.5792262695462032,1.598386005332738,1.616854754195863
0.15747747747747748,1.5409228843663016,1.5592470881177194,1.5784936805790744,1.597632850756483,1.6161110829070922
0.15770770770770773,1.5402337749912853,1.5585149258156425,1.5777276282338961,1.5968604462624014,1.6153362861998517
0.15793793793793795,1.5394999640023495,1.557774671387183,1.5769627126830115,1.5960808534960114,1.6145340384602083
0.15816816816816817,1.5387515874467046,1.557000755476777,1.5761881443758312,1.5952797705107058,1.6137435952746164
0.15839839839839842,1.5379476873306437,1.556210316972698,1.5753821232988823,1.594492432793371,1.612913904004173
0.15862862862862864,1.5371635550767,1.5554164536405528,1.574578915780415,1.5936763479864753,1.6120749215097865
0.15885885885885886,1.5363266903389283,1.5546239118667993,1.5737407567996298,1.5928235304749427,1.6112458016555418
0.15908908908908911,1.535505396019879,1.5537884619274895,1.5728906404257414,1.5919787679559103,1.6103714582229225
0.15931931931931934,1.5346774563314043,1.5529227673550061,1.572028889811438,1.5911137922885026,1.6095109461022596
0.15954954954954956,1.5338518819444997,1.5520571699955452,1.571153438377383,1.590212101517202,1.6086191404208272
0.15977977977977978,1.5329757266675728,1.551173927177869,1.5702618807075834,1.589313328524661,1.6077106649089343
0.16001001001001003,1.5320863502291435,1.5502786187177355,1.569359667309265,1.5884231182808597,1.6067776396146676
0.16024024024024025,1.5312159751921306,1.5493710885706937,1.568448827510613,1.5874961634525213,1.6058234356480583
0.16047047047047047,1.5302900575753027,1.5484458248894692,1.5675155038352249,1.5865512986813666,1.6048724324649655
0.16070070070070072,1.5293797474811104,1.5474806811078239,1.5665738058084475,1.5856033516494554,1.6039134540820177
0.16093093093093094,1.5284242051111674,1.546515579729241,1.5656125572019082,1.5846388429950646,1.602909976922044
0.16116116116116116,1.5274457164631277,1.5455438544370548,1.5646251723799607,1.5836466625033185,1.6019428294212315
0.16139139139139141,1.5264516627851614,1.544543275341962,1.5636299950752546,1.5826377218631633,1.6009648142922754
0.16162162162162164,1.5254558908921905,1.543528178453073,1.5626094188308548,1.5816133702993886,1.5999668342987703
0.16185185185185186,1.5244386484930714,1.5425078910977532,1.561587486690375,1.5805867220999543,1.598914750930064
0.1620820820820821,1.5234037271843348,1.5414685071028982,1.5605449613529072,1.5795396725493853,1.597857940253647
0.16231231231231233,1.522361822834789,1.5404188424683545,1.5594792751088897,1.578461808387955,1.5967841267761158
0.16254254254254255,1.5213070678419869,1.539371395516179,1.5583988429077236,1.5773844256629805,1.5956969329976174
0.16277277277277277,1.5202219089201776,1.5383000716013673,1.5573155544604182,1.576300263982375,1.594573427465097
0.16300300300300302,1.5191123013805947,1.5372147100225855,1.556209036821156,1.5751894893874565,1.5934729384920323
0.16323323323323324,1.5180110873127723,1.5361064841851713,1.5550895182118114,1.5740581104392763,1.5923594584829635
0.16346346346346347,1.5168570157288555,1.5349783076049246,1.5539583784059887,1.572911074829986,1.5912475056750612
0.16369369369369371,1.5157070876333412,1.533848692676454,1.5528192275558943,1.5717405847580819,1.5900888773795157
0.16392392392392394,1.5145492268466072,1.532691300673785,1.551644781467409,1.5705523677247004,1.5889064619761142
0.16415415415415416,1.513403106721779,1.531508503316311,1.5504697885540832,1.5693622798172202,1.5877192154096496
0.1643843843843844,1.5122223418438139,1.5303195639955087,1.54927845536943,1.5681821257239006,1.5865363737989724
0.16461461461461463,1.5109932058102225,1.529119165787617,1.5480653447331933,1.5669472970651233,1.585299826628201
0.16484484484484485,1.5098143391120855,1.527898891490978,1.5468453183627384,1.5657169862833802,1.5840385046030672
0.1650750750750751,1.5085968250967747,1.526654904997433,1.5456012585583778,1.5644750264148635,1.5827862898924663
0.16530530530530532,1.5073578770541016,1.5254115899879088,1.5443535565762092,1.5632084424629344,1.581527142399683
0.16553553553553554,1.5061038024542657,1.5241505119782661,1.543083458518454,1.561930837505976,1.580259361936654
0.16576576576576577,1.5048258537686374,1.5228837672572948,1.5418063030149711,1.5606343412191679,1.5789639865383818
0.16599599599599602,1.503561516315665,1.5215980432655136,1.540517812188914,1.55934339308936,1.5776774590573117
0.16622622622622624,1.5022285221960432,1.5202936489013272,1.5391873899888788,1.5580206583721858,1.5763137411272585
0.16645645645645646,1.5009256624601097,1.5189669789112763,1.5378539993384097,1.5567046860483362,1.5749946872715563
0.1666866866866867,1.499589970201178,1.51762098061189,1.5365119108714231,1.5553608818797646,1.5736440504900946
0.16691691691691693,1.4982335440679002,1.5162761674999776,1.5351712090793,1.554014235493923,1.5722754550501776
0.16714714714714715,1.496871521995137,1.5149227315141418,1.5337998025760098,1.552647673487429,1.5708544905765502
0.1673773773773774,1.49548155997387,1.5135401908893729,1.5323968185956836,1.5512446860787032,1.5694464455112467
0.16760760760760762,1.49409867949847,1.512130677021395,1.5310039542476235,1.5498446191998954,1.568072043643017
0.16783783783783784,1.4926690320455396,1.5107162141676653,1.5295859113840602,1.5484178824823853,1.5666167491763694
0.1680680680680681,1.4912313962291341,1.5092994953205217,1.5281610713102398,1.546972303007369,1.5651852765884615
0.16829829829829832,1.4898026040973256,1.5078511826554835,1.5267226226994355,1.5455120066196777,1.5637263241741945
0.16852852852852854,1.488347134294704,1.5063988629191767,1.5252627406500634,1.544065740395393,1.562276099023932
0.16875875875875876,1.4868870838878994,1.5049436829218785,1.5237968617840694,1.5425904886461144,1.5607977172358354
0.168988988988989,1.4853654983740945,1.503455312268987,1.5223119366402658,1.5410907314482793,1.5593066016973316
0.16921921921921923,1.483861808928991,1.5019358300453056,1.5208131196673045,1.539592031453477,1.5577908223826087
0.16944944944944945,1.4823630031433255,1.500413928150104,1.5192843354235406,1.5380702744006456,1.5562891127607943
0.1696796796796797,1.4808837854584984,1.4988753057614492,1.5177464934538543,1.5365504154945655,1.5547765212176885
0.16990990990990992,1.4793388297258614,1.4973426799634895,1.5161958396644615,1.5350044463473769,1.5532216973288304
0.17014014014014014,1.4777661477746569,1.4957862713906294,1.51463089995371,1.5334488803540973,1.5516254109183467
0.1703703703703704,1.4761685522810142,1.49422156155702,1.5130449958380061,1.5318818386946627,1.550031786030159
0.17060060060060062,1.474564517453303,1.492644071882328,1.511464703935691,1.5302848957328843,1.5484336858775454
0.17083083083083084,1.4729782497371813,1.4910427835097284,1.5098511210464325,1.5286540796411026,1.5467809533639634
0.1710610610610611,1.4713550991043178,1.489440762761924,1.5082275361148598,1.527041876469945,1.5451662502372139
0.1712912912912913,1.4697042136620038,1.4877992512522904,1.5065871469358456,1.5253979549873173,1.54352407475771
0.17152152152152153,1.4680439690866698,1.4861500510985524,1.5049446434387574,1.5237604682528332,1.5419201957651996
0.17175175175175175,1.4663729749612906,1.48448241633829,1.5032830049556511,1.5220959791182636,1.5402266277813992
0.171981981981982,1.464684827788083,1.482814742892804,1.5016069485816743,1.5204312632780046,1.5385588388583233
0.17221221221221222,1.4629964502320232,1.481109412370684,1.4999093134606043,1.518745604482582,1.5368300315252093
0.17244244244244245,1.4612766764055032,1.4794024167614512,1.4981995956155865,1.517033178707022,1.5351368937724386
0.1726726726726727,1.459549834126768,1.4776707917697478,1.4964696713002725,1.5153074000476625,1.5334007640937266
0.17290290290290292,1.4577850470028717,1.475922035254689,1.4947271502895905,1.5135896609354078,1.5316562947134766
0.17313313313313314,1.4560387740282956,1.4741648005141628,1.4929793653198442,1.5118492229208407,1.529932606582772
0.1733633633633634,1.454262243120962,1.472395035705963,1.4912036585427813,1.5100783146366903,1.5281696084818843
0.1735935935935936,1.4524750740290464,1.4706083045955518,1.4894127237786745,1.5082909712311754,1.5263958569943994
0.17382382382382383,1.4506444403676677,1.4688010220386718,1.4876173877334333,1.506497799082214,1.52464345245892
0.17405405405405408,1.4488207782577804,1.4669774981240278,1.4858018118210314,1.5046919907385867,1.5228514738224068
0.1742842842842843,1.4470330950472081,1.4651500404099647,1.4839804691071319,1.5028724238167805,1.5210260150002926
0.17451451451451452,1.4451915030676832,1.4633124549776497,1.4821500595314523,1.5010360458011467,1.5191965132046075
0.17474474474474475,1.4433360606612786,1.4614731294264265,1.480301579243183,1.4992050383219866,1.5173837078617407
0.174974974974975,1.4414598784825339,1.45960413385585,1.4784330201202514,1.4973517545754238,1.5155058856987125
0.17520520520520522,1.4395905701877492,1.4577226730818449,1.476566061871847,1.495482881691199,1.5136479255096265
0.17543543543543544,1.4376600690216412,1.455827103592239,1.4746688710695386,1.4936052542965763,1.5117850037617144
0.1756656656656657,1.4357318309556708,1.4539288810186641,1.472774019672595,1.4916917971705965,1.5098383138389875
0.1758958958958959,1.4338070154074978,1.4520124195344508,1.470851212719883,1.4897723579182105,1.5079549134292374
0.17612612612612613,1.431862630601693,1.4500709122029085,1.4689228414316484,1.4878385324959766,1.5060562356480465
0.17635635635635638,1.4298877067361138,1.44810385070109,1.4669707157301792,1.4858952052971457,1.5041171540450957
0.1765865865865866,1.4279288251890907,1.4461402448766705,1.4650144796989897,1.4839396161335574,1.5021720261531053
0.17681681681681682,1.4259335140751916,1.4441466914846117,1.46304011823848,1.4819623421566135,1.5002014447654985
0.17704704704704707,1.4239278770439543,1.4421521335247598,1.4610535522779344,1.4799711553187946,1.4982470170012163
0.1772772772772773,1.4218962050018777,1.44013386631942,1.4590461527292817,1.477971466016801,1.496230881523304
0.17750750750750752,1.4198514481378972,1.4381000632664196,1.4570368565633376,1.4759639670690878,1.4942371900233373
0.17773773773773774,1.4177917598924552,1.4360551185379118,1.4550100831117454,1.4739344377326915,1.4922064113475524
0.177967967967968,1.4156806675797244,1.4340189592355603,1.4529687930865254,1.4719034851294825,1.4901542096266476
0.1781981981981982,1.413590298842477,1.4319530632399902,1.4509066527372245,1.4698347274067407,1.4881048724678432
0.17842842842842843,1.4114769069257413,1.4298571061784286,1.4488306013384082,1.4677594711409039,1.4860307333783318
0.17865865865865868,1.4093742097425002,1.4277697713732886,1.4467550760179821,1.4656764442602364,1.483948836979979
0.1788888888888889,1.4072233248605128,1.4256557854747751,1.4446498278789832,1.463601127397187,1.4818659812963981
0.17911911911911912,1.4050932756436734,1.4235099267919666,1.4425287756706686,1.4615035359917428,1.4797506515975916
0.17934934934934937,1.4029347103024792,1.4213741924264507,1.440407845418944,1.4593741229223958,1.4776263425481946
0.1795795795795796,1.4007581530156705,1.4192107872714685,1.4382748300506205,1.457237406132267,1.475499881491323
0.17980980980980982,1.39854751219952,1.4170420980861436,1.4361140890653463,1.455101934913247,1.473368698006385
0.18004004004004007,1.3963626854665188,1.4148551923014894,1.4339421557393666,1.4529464972231254,1.4712127255939305
0.1802702702702703,1.3941351060826044,1.4126775075313327,1.4317699789905525,1.4507656503025195,1.4690266942210932
0.1805005005005005,1.3919216456365415,1.4104618396731083,1.4295772872357109,1.4485786309583093,1.466829080288681
0.18073073073073073,1.3896829080792794,1.4082431338691055,1.4273642504659132,1.4463838367596156,1.464650031917538
0.18096096096096098,1.3874380853026294,1.4060168018896693,1.4251344431309805,1.4441632197333492,1.4624308896970424
0.1811911911911912,1.3851895461558057,1.403759570725196,1.4229008215072865,1.441943338737619,1.4602378096062942
0.18142142142142142,1.382930460275876,1.4015025047295713,1.4206470728742207,1.4397134666966853,1.4580062809828347
0.18165165165165167,1.3806963493412034,1.3992223153496608,1.4183822001785567,1.4374537013205424,1.4557666054713758
0.1818818818818819,1.378384759770073,1.3969220433099554,1.4161016660223895,1.4351916264883102,1.453506847574917
0.18211211211211212,1.3760200618360483,1.394628227845306,1.4138034766717589,1.4329148625301182,1.451242810928533
0.18234234234234237,1.373703730605203,1.3923048878815156,1.4115080911169464,1.4306249470719457,1.4489518126832892
0.1825725725725726,1.371330183280185,1.3899741449187548,1.409188968876557,1.428308989931446,1.446666870263003
0.1828028028028028,1.3689617483726504,1.3876404656039236,1.4068650803677354,1.4259872665563447,1.4443275669286444
0.18303303303303306,1.366584522557437,1.3852743356085166,1.404519270688781,1.423665497420657,1.4420271686575694
0.18326326326326328,1.364196089894325,1.3829019099442832,1.4021701773467925,1.4213240565393552,1.4397118975611338
0.1834934934934935,1.3617877372524603,1.3805206949186444,1.3997981707433518,1.4189668399112427,1.4373392382939805
0.18372372372372373,1.359404475333091,1.3781325627926202,1.3974207943277943,1.4166054021245895,1.434947826263578
0.18395395395395397,1.356943651926208,1.3757136652452226,1.3950344967717083,1.4142473878489406,1.4325985758936859
0.1841841841841842,1.354483899287325,1.37328343222087,1.3926238334649326,1.4118533770922843,1.4302021977131278
0.18441441441441442,1.351977301264007,1.3708446148593232,1.3901984169825545,1.409440940967221,1.4278231121887774
0.18464464464464467,1.349475487590906,1.3683730425940905,1.3877616987048174,1.4070206911727514,1.4254174949892273
0.1848748748748749,1.3469641308054374,1.3659079968807686,1.3853101147060634,1.4045887644819965,1.423009543028537
0.1851051051051051,1.3445141180872588,1.363427945963636,1.3828489358642295,1.4021455717668383,1.4206105040493844
0.18533533533533536,1.3420268769888783,1.3609329338979215,1.3803716430820099,1.399694495805144,1.4181983881898916
0.18556556556556558,1.3394995736587085,1.3584446935272394,1.37788599047248,1.39721847490021,1.4157231881092758
0.1857957957957958,1.3369717803329657,1.3559424924335408,1.375376516562941,1.3947289501321913,1.4132698986529248
0.18602602602602605,1.33439463785323,1.353402748869034,1.3728654420439024,1.3922391606516733,1.4108011911823335
0.18625625625625628,1.3318134131396957,1.3508525837634933,1.3703337270179294,1.3897449030068105,1.4083374688241754
0.1864864864864865,1.3292020800038873,1.3482774383534486,1.3677934418770359,1.3872138866359514,1.4058816855801513
0.18671671671671672,1.3266036103984842,1.3456941635961184,1.3652583753464587,1.3846710592655578,1.4033705157459702
0.18694694694694697,1.3239761089735154,1.3431012723225122,1.3626770343060097,1.3821243570774615,1.400827062760244
0.1871771771771772,1.3213564723818563,1.3404988772856519,1.3601031903592715,1.3795402514116255,1.398308701531214
0.1874074074074074,1.3187166320636492,1.3378898372930004,1.357509969225812,1.3769555939526592,1.3957561270061005
0.18763763763763766,1.3160749138528474,1.3352592056626742,1.3549025999052664,1.3743815815854585,1.393201484786477
0.18786786786786788,1.3134068055247117,1.33261740131291,1.3522798552103548,1.371796711548779,1.3906516594605487
0.1880980980980981,1.310696659080819,1.329976519365842,1.3496571971292823,1.3692062191016015,1.3881160616293595
0.18832832832832835,1.3080053986568776,1.3273007686541747,1.3470113382244422,1.3665971636257659,1.3855284691515124
0.18855855855855858,1.3052949449197586,1.3246157515458645,1.3443464430618273,1.3639581040872004,1.3829609381377792
0.1887887887887888,1.3025624589695661,1.321926423750581,1.341690296824664,1.3613003060134552,1.3803494874474396
0.18901901901901905,1.2998640194354023,1.319230275142415,1.3390107618349223,1.3586511275450766,1.377724088276885
0.18924924924924927,1.2971269984208564,1.3165010499729612,1.3363139471382437,1.3559778764918409,1.3750879231548931
0.1894794794794795,1.2943759118381144,1.3137735054233963,1.3335936481705588,1.3532937715659,1.37242131966153
0.1897097097097097,1.2916275226389058,1.3110202112739984,1.3308695760660825,1.3506059643032597,1.3697767947297737
0.18993993993993996,1.288832286379845,1.3082617647600197,1.3281355494622433,1.347899579423734,1.3671001163562337
0.19017017017017018,1.2860142616140444,1.3054930538417042,1.3253902414123373,1.3451923086841655,1.3643949790107173
0.1904004004004004,1.2831969259552953,1.302713092994544,1.3226312580125432,1.342461070730881,1.361669302849003
0.19063063063063065,1.2803838670269794,1.2999262396009046,1.3198538951176404,1.3397105482681873,1.3589530331838975
0.19086086086086088,1.2775566151929216,1.2971254723104402,1.317062253547204,1.3369534058713644,1.356230864150773
0.1910910910910911,1.2747287446074163,1.294310444744885,1.3142685161365075,1.3341876129501808,1.3535281053687203
0.19132132132132135,1.271885642218648,1.291463792998786,1.3114757345686157,1.331404873912139,1.3507628702943817
0.19155155155155157,1.2690133548634355,1.2885999783356807,1.3086664806471655,1.3286273626950025,1.3480323885393084
0.1917817817817818,1.2661271906396365,1.2857357912046734,1.305836203707205,1.3258215633824888,1.3452858135015793
0.19201201201201204,1.2632350174813256,1.282866232817278,1.3029962168214009,1.323018690551577,1.342522479702009
0.19224224224224226,1.2603268697154768,1.2799880682039948,1.3001613788338195,1.3201966123173285,1.339705362522844
0.19247247247247248,1.257412000031062,1.2770827668455424,1.2972906630916707,1.317383631724208,1.33691733783784
0.1927027027027027,1.2544839270641908,1.2741460209136535,1.294409902859791,1.314538651474641,1.3341378905977124
0.19293293293293295,1.2515463714547252,1.2712293116689801,1.2915344006710272,1.3116658309595386,1.3313484562022881
0.19316316316316318,1.248601819683807,1.2682838335783178,1.2886323472570425,1.3088089029363517,1.3285175218489185
0.1933933933933934,1.2456283773726518,1.2653342593600845,1.2857206180350251,1.305924845296771,1.3256541904800683
0.19362362362362365,1.2426474055974772,1.2623758576761035,1.2827922370668288,1.303031824827867,1.322847747161453
0.19385385385385387,1.2396592654366105,1.2594175251748951,1.2798510730708408,1.3001383143463827,1.3200001394201388
0.1940840840840841,1.2366343791714676,1.2564286565512623,1.2769057374004746,1.2972097072625586,1.317106951876736
0.19431431431431434,1.2335907431321782,1.2534502380812247,1.2739423033085322,1.2943089403751897,1.3142263031097663
0.19454454454454456,1.2305686816854087,1.250455621365589,1.2709757864541864,1.2913499668262458,1.311329390020963
0.19477477477477478,1.2274944708333382,1.247440761169102,1.267987134117033,1.2884006408843074,1.3083949391203944
0.19500500500500503,1.2244131203675506,1.244424903159944,1.2649752258639968,1.285435827589436,1.3054712323579272
0.19523523523523525,1.2213120074843509,1.2413944918461461,1.2619576101104177,1.2824660763057654,1.3025389842281891
0.19546546546546548,1.2182093086303374,1.2383510613136774,1.2589375490924424,1.2794886544049215,1.2995891003334785
0.1956956956956957,1.2150987282317423,1.2352967356304647,1.255902751624045,1.2764839932166263,1.2966192714416886
0.19592592592592595,1.2119750211495735,1.2322146069708813,1.2528508487306342,1.2735135192151374,1.2936379780879237
0.19615615615615617,1.2088340628793426,1.2291066185355017,1.249800939449284,1.270509208382396,1.2906195448139148
0.1963863863863864,1.2057308061791907,1.2260267137218117,1.2467240133520523,1.2675076951313393,1.2876372515906391
0.19661661661661664,1.202576427033134,1.222937653656895,1.2436388832951164,1.2644671839585424,1.2846274247333154
0.19684684684684686,1.199418649348096,1.2198286765983124,1.2405556646935738,1.2614234662762998,1.281632066336185
0.19707707707707708,1.1962477913085512,1.2166871512486326,1.2374641428836364,1.258361331912583,1.2786285654215137
0.19730730730730733,1.1930571967071872,1.2135449303863264,1.2343624693673652,1.2552919940134064,1.2756142535137605
0.19753753753753756,1.189868379704969,1.2103766594879388,1.231251814572589,1.2522019764071928,1.2725744787603668
0.19776776776776778,1.186616607034106,1.207187862690493,1.2281165133716194,1.2491122747210777,1.269539141645871
0.19799799799799803,1.1834165370849998,1.204011545548698,1.22495977017666,1.2460088396183533,1.26647844923638
0.19822822822822825,1.1801985373170736,1.2008069682545732,1.2217955447815625,1.2428955227872989,1.2634043007636584
0.19845845845845847,1.1769599258601995,1.1976149074664018,1.218613288228767,1.2397771422951376,1.2603477219035
0.1986886886886887,1.1737100978710342,1.1944010391789772,1.2154282963843532,1.2366346757273463,1.2572655275462334
0.19891891891891894,1.1704436859493337,1.1911762557210042,1.212248214653643,1.2334747020425472,1.254142101708306
0.19914914914914916,1.167166251374389,1.187921964457996,1.209053709302486,1.2303173076782887,1.2510319347706989
0.19937937937937938,1.1638603525649083,1.1846618454854774,1.2058225499850794,1.227139607736196,1.2478731536562797
0.19960960960960963,1.1605748948731174,1.1814009460874162,1.202597981325672,1.223957639954389,1.2447167599549276
0.19983983983983986,1.157246537438564,1.1781276405921863,1.1993651518721147,1.220765982201341,1.2415466349134017
0.20007007007007008,1.1538983091387454,1.1748402051651705,1.1961147552565183,1.217580622478134,1.2383734609101953
0.20030030030030033,1.1505479903189997,1.1715375472685197,1.1928501016200077,1.2143801770506495,1.2352100376795012
0.20053053053053055,1.1471799751869145,1.1682227333850104,1.1895871859146279,1.2111603511610323,1.2320415841692698
0.20076076076076077,1.1438138517937102,1.164895910531202,1.1863147969363708,1.2079259697662688,1.228851461454081
0.20099099099099102,1.1404555090608919,1.1615702300544488,1.183019389466513,1.2046858430265304,1.2256207115353321
0.20122122122122124,1.1370688816948629,1.1582249635881303,1.1797122211433013,1.201439070703019,1.2223807105230056
0.20145145145145146,1.1336956534554972,1.1548658889531362,1.17638758619884,1.198162239158755,1.2192007510587919
0.20168168168168168,1.1302677558668481,1.1515020756903083,1.1730574540377117,1.1948958052240788,1.2159482123038827
0.20191191191191193,1.1268680619426552,1.1481247200058604,1.1697158163788206,1.1916212203920191,1.212713512640179
0.20214214214214216,1.1234698503185012,1.1447226619688533,1.1663610322943485,1.1883274468945506,1.2094736372356036
0.20237237237237238,1.1200488343082582,1.1413331189437177,1.1629999583648132,1.1850169228352168,1.2061795688020247
0.20260260260260263,1.1165703861627851,1.1379313267427718,1.159644222996983,1.181679731159851,1.2029243796601692
0.20283283283283285,1.1130953193270077,1.134507736675386,1.1562712746006758,1.1783668112727246,1.1996131687415046
0.20306306306306307,1.1096009970993694,1.1310594081057503,1.1528832821929784,1.1750409644984734,1.1963366320698239
0.20329329329329332,1.106103683355866,1.1276238306518533,1.1494797339805638,1.171684724140222,1.1930208437813095
0.20352352352352354,1.102604674762973,1.124144579636425,1.1460660381552372,1.1683200319374871,1.189694325991928
0.20375375375375376,1.099080448880443,1.1206753399846916,1.1426431372860135,1.1649233311404703,1.186344999896215
0.203983983983984,1.0955586751131021,1.1171910188357685,1.1392265674596367,1.1615275437761576,1.1830121695145062
0.20421421421421423,1.092013519233854,1.1137071625616979,1.1358014099378182,1.1581391923847597,1.179657226608527
0.20444444444444446,1.0884635842414898,1.11021337846202,1.1323537106299586,1.1547484836206179,1.1763017495601256
0.20467467467467468,1.08493275026409,1.1067016508013576,1.128887030787385,1.151347403385892,1.1729047722371535
0.20490490490490493,1.0813667735227335,1.1031721175598723,1.1254176313512283,1.1479440453450125,1.169532976629933
0.20513513513513515,1.0777813695456275,1.0996327025718415,1.121931030722197,1.1445149165410777,1.1661678283900974
0.20536536536536537,1.0741942582844988,1.0961068769771787,1.11840842242659,1.1410663440194242,1.1627823600886333
0.20559559559559562,1.0705873230009473,1.092577486529246,1.1149054106922736,1.1376013970482504,1.1593706440567715
0.20582582582582584,1.0669767289899952,1.0890257364624238,1.1114043596500018,1.1341427061119838,1.1559296903888756
0.20605605605605606,1.0633718720294083,1.0854485836519978,1.1078786616131282,1.130680452426966,1.1525134062584261
0.2062862862862863,1.059756916494118,1.0818834065361869,1.1043371431928344,1.1271832207015067,1.149051684474765
0.20651651651651654,1.0561323089230372,1.0783023358279147,1.1008061026484974,1.123691659125131,1.1455974345694302
0.20674674674674676,1.0524995496022924,1.0747028737122584,1.0972660472778628,1.1202116720316377,1.1421808102675624
0.206976976976977,1.0488552482108693,1.0710947765173278,1.0936982513433529,1.1166863970332028,1.1387275995912594
0.20720720720720723,1.045194174580512,1.0674661574066089,1.0901268335033356,1.113174704696002,1.1352532793893313
0.20743743743743745,1.0414950862858923,1.0638096614359245,1.086548737824587,1.1096553530056261,1.1317535776254226
0.20766766766766767,1.0378349204493558,1.0601565290521302,1.0829535331825335,1.106123568824782,1.128269615119614
0.20789789789789792,1.03414903978633,1.0564945175175262,1.0793464970468243,1.1025789460798485,1.1247677900168076
0.20812812812812814,1.030442828157144,1.0528405991087075,1.0757208258650355,1.0990084745608852,1.1212546124227716
0.20835835835835836,1.0267152042532357,1.0491457090158947,1.0721043706232447,1.0954417051670478,1.1177278238220603
0.2085885885885886,1.0229866994094368,1.0454541084575222,1.0684766666003096,1.0918522861889064,1.1142070636828014
0.20881881881881884,1.019255945508396,1.0417528794876059,1.064823761050341,1.08824385269634,1.1107056629294592
0.20904904904904906,1.0154888131744781,1.0380451693226003,1.0611699270889823,1.0846439670922348,1.1071416427044998
0.2092792792792793,1.0117172407431338,1.0343375021789332,1.0574929623959182,1.08105538390684,1.1035874570669841
0.20950950950950953,1.0079073196486867,1.0306347529268474,1.0538132828200437,1.0774276307768194,1.1000226553694736
0.20973973973973975,1.0041346769706891,1.0268965368481806,1.0501242995643192,1.07381739973868,1.096477076460731
0.20996996996997,1.0003768284805614,1.0231460885267023,1.0464355431740142,1.0701971903297536,1.0928936423985913
0.21020020020020022,0.9965674403215488,1.0193907133120559,1.0427353956624017,1.0665531455319295,1.0893104040345039
0.21043043043043044,0.9927005067065429,1.0156222362989435,1.039037308895109,1.0628972905569714,1.0857372241252756
0.21066066066066066,0.9888455750666417,1.0118603656599492,1.035322002191783,1.0592276159731577,1.0821253888278686
0.21089089089089091,0.9850078567854903,1.0080654230512882,1.0315834790148068,1.055547534336831,1.0784876225643958
0.21112112112112114,0.9811495694696865,1.0042818094867811,1.0278576611672057,1.0518627727203738,1.0748690820881623
0.21135135135135136,0.9772774382993542,1.0004806860959095,1.0241259586055529,1.0481589157125304,1.0712494304838969
0.2115815815815816,0.9733966327150315,0.9966754109126451,1.0203826043355404,1.0444596641654866,1.0676440244110927
0.21181181181181183,0.9695019990093282,0.9928488427373445,1.0166174140143314,1.0407571959895008,1.0639942476186144
0.21204204204204205,0.9656233762941084,0.9890275008862792,1.0128374251209264,1.0370448146391753,1.0603202617012761
0.2122722722722723,0.961754031152012,0.9851716347589152,1.0090485150447808,1.033338264194323,1.0566743684409485
0.21250250250250252,0.9578523755798517,0.9813412015898426,1.0052697812061722,1.0295980040980692,1.0530182282825922
0.21273273273273274,0.9539094348097586,0.9774638580378041,1.001469428661472,1.0258694470055167,1.049363891203834
0.212962962962963,0.9499585775673917,0.9735924405907638,0.9976507215387321,1.0220997816588335,1.0456793648603062
0.21319319319319321,0.9460325930690018,0.9697210166986325,0.9938261077950166,1.018338432355757,1.0419977469569974
0.21342342342342344,0.9420939799574978,0.9658299631962087,0.9899945530089111,1.0145789019709714,1.0382823597803554
0.21365365365365366,0.9381747448184026,0.9619345971446868,0.986157365216868,1.0107938128559815,1.034564337220114
0.2138838838838839,0.9342125706857846,0.9580203076729616,0.9823050079345665,1.0070140475704141,1.0308600989805605
0.21411411411411413,0.9302179446087179,0.9540910324084235,0.9784735616401316,1.0032245993778297,1.0271245654074177
0.21434434434434435,0.9262493085402895,0.9501475260887803,0.9746149423285149,0.999433538902458,1.0234079791558834
0.2145745745745746,0.9222704642353823,0.946231403055804,0.970734535461897,0.9956269440804129,1.019656482387592
0.21480480480480482,0.9182739790614028,0.9422875265609736,0.966867333164937,0.9918150988358234,1.0159122966787628
0.21503503503503504,0.9142798766459858,0.9383517512814168,0.9629759247303731,0.98798918438411,1.0121148083569405
0.2152652652652653,0.9102690949102237,0.9344170404382159,0.9590706954958612,0.9841486846060584,1.008294566346546
0.21549549549549551,0.90624476170392,0.9304414588587003,0.9551671889944674,0.9803224491616901,1.0044665250943263
0.21572572572572574,0.9022225695168427,0.9264742117181173,0.9512417315119759,0.9764742170039425,1.0006431862664973
0.21595595595595599,0.8981519521223108,0.922509725864006,0.9473250310239848,0.9726113710383657,0.996838314308087
0.2161861861861862,0.8941135950749504,0.918523188198789,0.9433948718694863,0.968753245810544,0.9930337360657779
0.21641641641641643,0.8900854488153105,0.9145168417762465,0.9394546955410478,0.9648727944135737,0.989202119201025
0.21664664664664665,0.886035648073932,0.9105049320700012,0.9355074509343878,0.9609820822321736,0.9853636191057781
0.2168768768768769,0.8819443316058249,0.9064870451450746,0.9315402191611152,0.9570905462228211,0.9815763699683696
0.21710710710710712,0.8778174339634407,0.9024616500706195,0.9275745385481227,0.9531957391133773,0.9777244573138486
0.21733733733733734,0.8737117468892682,0.8984349468068105,0.9236010824391147,0.9492795891797912,0.9738414761241627
0.2175675675675676,0.869607619547075,0.8943947439219017,0.9196196076572927,0.9453790786272298,0.9699493340271614
0.21779779779779782,0.8654490292644805,0.890339940267655,0.9156354128922767,0.9414325392874131,0.9661237178513435
0.21802802802802804,0.8613168805659763,0.8862743742231503,0.9116365353149387,0.937495649418205,0.962256059785989
0.2182582582582583,0.8572044761031371,0.8821885794362416,0.9076313755212154,0.9335588152953389,0.958378788164723
0.2184884884884885,0.8530774698386104,0.8781282967401791,0.9036206198267325,0.9295930750388022,0.9544829416704379
0.21871871871871873,0.8489458800656524,0.8740442712806699,0.8995879202236818,0.9256100372116861,0.950604326360134
0.21894894894894898,0.8448039020195689,0.8699504133463081,0.8955603164381233,0.9216393896099343,0.9466903031345253
0.2191791791791792,0.8406601968493764,0.8658528750753616,0.8915168468429081,0.9176614430615322,0.942755937827611
0.21940940940940942,0.8365272840992438,0.8617511405966294,0.887458600528002,0.9136727283971252,0.9388319481055494
0.21963963963963964,0.832352445377079,0.8576306520098332,0.8833967552582864,0.9096941215537808,0.93489007189969
0.2198698698698699,0.8281742388421245,0.8535052329239021,0.8793461533902615,0.9057022554811717,0.9309584806680691
0.22010010010010012,0.8239872147851156,0.8493752109317877,0.875276637291827,0.9017000232158605,0.9269959576762232
0.22033033033033034,0.8197918882696233,0.8452383202278305,0.871199296449161,0.8976681396726963,0.9230658003771333
0.2205605605605606,0.8155758689107239,0.8410942453368356,0.8671091278752153,0.8936746969982058,0.9190871868623968
0.2207907907907908,0.8113817512144926,0.8369299030472052,0.8630223823346078,0.8896571921445748,0.9151127311652405
0.22102102102102103,0.8071593301622764,0.8327502580171634,0.8589253227975118,0.885621414380657,0.9111793139400473
0.22125125125125128,0.8028998956102819,0.8285726516302278,0.8548243533730425,0.8815768337518417,0.9072093155452401
0.2214814814814815,0.7986478201129924,0.8244173801492971,0.8506972944337319,0.8775187776317476,0.9032048155985488
0.22171171171171172,0.794398589157302,0.8202138436070472,0.8465659549439771,0.8734636784331562,0.8991763288422796
0.22194194194194197,0.7900968631644787,0.8160169580200788,0.8424543478266819,0.8693959803663791,0.8952066488525395
0.2221721721721722,0.7858515690450513,0.8117975137025061,0.8382970713289546,0.8653041532578002,0.891201468481442
0.22240240240240242,0.7815792471705745,0.8075986321680356,0.8341459356815571,0.8612209814272227,0.8871775150265918
0.22263263263263264,0.7773069923158064,0.8033850622419917,0.8300117869717573,0.8571522091019786,0.883219698389423
0.2228628628628629,0.7730297947250997,0.7991603580140755,0.8258474076857789,0.8530403586310786,0.8791878659507187
0.2230930930930931,0.7687064624119735,0.7949256650032804,0.8216902060887972,0.848932805183385,0.8751369129355516
0.22332332332332333,0.7643917933535237,0.7906768287797904,0.8175170807823697,0.8448071629702507,0.8711011475504842
0.22355355355355358,0.7600817455939232,0.7864122331174233,0.813339530317089,0.8406896039730621,0.8670526445858909
0.2237837837837838,0.7557557297757537,0.7821435465606524,0.8091519404366251,0.8365870434727635,0.8630081137627947
0.22401401401401402,0.7514333903312622,0.7778659916852975,0.804972291813856,0.8324546556079867,0.858933164099171
0.22424424424424427,0.7470632293150599,0.7736048149794275,0.8007589304021014,0.8282826538200552,0.854877572528397
0.2244744744744745,0.7427116687438562,0.769307003357801,0.7965421447839582,0.8241487352127678,0.8507633382705687
0.22470470470470472,0.7383472433108222,0.7649973913439716,0.7923271869002735,0.8200199462552763,0.8466770686005298
0.22493493493493497,0.7339429298394226,0.7607025664049218,0.7880979736110179,0.8158783811232342,0.8425694782395655
0.2251651651651652,0.7295826875397129,0.7563824076271574,0.7838767702907042,0.8117166473553307,0.8384761881661906
0.2253953953953954,0.7252097645824847,0.7520750922408971,0.779623186635697,0.8075468257689162,0.8343666559576017
0.22562562562562563,0.7208249224574794,0.7477480938303839,0.7753737034232705,0.8033630133811391,0.8302406544655695
0.22585585585585588,0.7164433594320375,0.743444188384264,0.7711286884767976,0.7991891530252342,0.8261569496441831
0.2260860860860861,0.7120397652771204,0.7391052466133426,0.7668713092640321,0.7949891747745249,0.8220426581306521
0.22631631631631632,0.7076446720894899,0.734766108068157,0.7625914640478408,0.790792934581962,0.8179126598552117
0.22654654654654657,0.7032411386656072,0.7304192134250652,0.7582946687243061,0.7865633882940388,0.8138156430383384
0.2267767767767768,0.6988017206813246,0.7260760955761804,0.7540248488944193,0.7823601815487505,0.8096926329423063
0.22700700700700702,0.6943866132912861,0.7217068469580906,0.7497471851228201,0.7781390185193441,0.8055890913272108
0.22723723723723727,0.6899506700829393,0.7173375313308032,0.7454246763944676,0.7739328152187285,0.8014306015215068
0.2274674674674675,0.6855244304370636,0.712950357664402,0.7411184516505022,0.7696924919276381,0.7972865740186408
0.2276976976976977,0.6810809932679376,0.7085690881341974,0.7368173896475994,0.7654663540446358,0.7931239563714
0.22792792792792796,0.6766031276268578,0.7041924138669394,0.7325044793696457,0.7612227982535619,0.7889482738524429
0.22815815815815818,0.6721622708269197,0.6997948548524482,0.7281867479890398,0.7569787953223694,0.7847706833096173
0.2283883883883884,0.6677278790620733,0.6953910810518015,0.7238487327920917,0.7527149900818525,0.7805584883936829
0.22861861861861862,0.6632411319317489,0.6909684284554257,0.7195080907856757,0.7484371262297533,0.7763375167706864
0.22884884884884887,0.6587634820415201,0.6865406561142507,0.7151689257393418,0.744147655596821,0.7721453458881062
0.2290790790790791,0.6542959955133908,0.6821232694915357,0.7108237780614939,0.7398509263366205,0.767968232979065
0.22930930930930932,0.6498321228098745,0.6777150789098041,0.7064692983894126,0.7355693353298631,0.7637850654666777
0.22953953953953957,0.6453185106656693,0.6732866109590109,0.7021093612867867,0.7312547881471004,0.75957475060367
0.2297697697697698,0.6408192036190785,0.6688353296078465,0.6977271221121942,0.7269615545425578,0.7553682242363388
0.23,0.6363103710607255,0.6643899349808916,0.6933527679838901,0.7226547083555926,0.7511507193010781
