phi,q025,q16,q50,q84,q975
0.0,-0.6713592102456223,-0.6531827961186447,-0.6343371122913708,-0.615421205571187,-0.5972277227634853
0.0003803803803803804,-0.6680960019718348,-0.6499807095744636,-0.6312064153271373,-0.6123690955649168,-0.5942434998401944
0.0007607607607607608,-0.664832582029467,-0.6467807454674573,-0.6280762007396427,-0.6093096043206857,-0.5912402542730184
0.0011411411411411411,-0.6615578240871551,-0.6435743979294809,-0.624945390214933,-0.6062429338143405,-0.5882596648669607
0.0015215215215215216,-0.658288673699201,-0.6403666055275669,-0.6218261665781591,-0.6031868754270729,-0.5852548170122258
0.001901901901901902,-0.6550202235181828,-0.6371616433872486,-0.6186923579941649,-0.6001167833414124,-0.5822482289536506
0.0022822822822822822,-0.6517539123534528,-0.6339410069673065,-0.6155610212762829,-0.5970506784250911,-0.5792586607995583
0.0026626626626626627,-0.648448753801453,-0.630726540441717,-0.612427206564738,-0.5939847091901251,-0.5762598206640344
0.003043043043043043,-0.6451783324755306,-0.6275236532760432,-0.6092893228642291,-0.5909113072802136,-0.5732653267814445
0.0034234234234234236,-0.6418962292705137,-0.6243076930558319,-0.6061504107484631,-0.5878275773202101,-0.5702698996577703
0.003803803803803804,-0.6386131798806557,-0.6211086847683197,-0.6030130455240644,-0.5847622176545438,-0.5672526656658883
0.004184184184184184,-0.6353268375750181,-0.6179044202690861,-0.5998697092485842,-0.581688452242786,-0.5642400080859552
0.0045645645645645645,-0.6320563870269049,-0.6146913860426559,-0.5967273263768704,-0.5786140686232006,-0.561221903466098
0.004944944944944945,-0.6287667493257201,-0.6114861911616905,-0.5935764407533912,-0.5755425624201426,-0.558202782697883
0.005325325325325325,-0.6254736261989392,-0.6082725492650248,-0.5904264707567214,-0.5724681904094371,-0.5551811162389781
0.005705705705705706,-0.6221779183773714,-0.6050470708053988,-0.5872868858546592,-0.5693880943955929,-0.5521733220766224
0.006086086086086086,-0.6189220747152036,-0.6018357165350885,-0.5841295704143502,-0.5663053234012208,-0.5491558269243307
0.006466466466466467,-0.6156533392761289,-0.598621854543581,-0.5809928807074314,-0.5632166382730021,-0.5461371755047341
0.006846846846846847,-0.6123715248817617,-0.5954107319587997,-0.5778450743048226,-0.5601353543699559,-0.5431103308997817
0.007227227227227228,-0.6090797591569915,-0.5921984016714666,-0.5746940936287976,-0.5570522882732655,-0.540080843150892
0.007607607607607608,-0.6057763683803404,-0.5889781181702712,-0.5715442846906801,-0.5539608710812076,-0.5370564177989257
0.007987987987987989,-0.6025020136703438,-0.5857540865899907,-0.5683832260140542,-0.5508798631509546,-0.534015342810079
0.008368368368368368,-0.5991897703161552,-0.5825286674471117,-0.5652278660684099,-0.5477904780867545,-0.5309785175457122
0.00874874874874875,-0.5959185100697828,-0.5793010812584217,-0.5620730422682616,-0.544703728168913,-0.5279430886632381
0.009129129129129129,-0.5926167550981408,-0.576068517261445,-0.5589181768314876,-0.5416210657584832,-0.5249144256752489
0.00950950950950951,-0.589335827801976,-0.5728402883955199,-0.5557435873603062,-0.5385226872410459,-0.5218814162795722
0.00988988988988989,-0.5860755550636086,-0.5696080917754116,-0.5525812114675035,-0.5354287559854933,-0.5188486874163039
0.010270270270270271,-0.5828460485424085,-0.5663859486178086,-0.5494169838744556,-0.5323333406053101,-0.5157894675760792
0.01065065065065065,-0.5795581898413148,-0.5631566866293647,-0.5462489853698612,-0.5292342215061207,-0.5127566401617355
0.011031031031031032,-0.5762631791826892,-0.5599136269727651,-0.5430869371139311,-0.5261308890270598,-0.5097271293307031
0.011411411411411412,-0.5729759857198746,-0.5566746475383894,-0.539925131954149,-0.5230288965042489,-0.5066975423942575
0.011791791791791793,-0.569673108857689,-0.5534328795815594,-0.5367488066556129,-0.5199366064428602,-0.5036446425273956
0.012172172172172173,-0.5663783894687043,-0.5501957320559817,-0.5335850656527347,-0.516830274596712,-0.5006022194735833
0.012552552552552552,-0.5630728744882625,-0.5469599206665144,-0.5304220163251336,-0.5137336829998578,-0.49755483488093494
0.012932932932932933,-0.559768499267972,-0.5437207968541272,-0.5272451625225434,-0.5106358561135286,-0.4945217333913028
0.013313313313313313,-0.5564815377177492,-0.540488658988567,-0.5240654847525605,-0.5075276242740996,-0.49149226510881305
0.013693693693693694,-0.5531870194396228,-0.5372506150633894,-0.5209041253443919,-0.5044194247414168,-0.4884510792168268
0.014074074074074074,-0.5498717582579079,-0.5340258262357905,-0.5177287881722223,-0.5013109827328076,-0.4853726069188533
0.014454454454454455,-0.5465719060002193,-0.5307887459904318,-0.5145544487084446,-0.49820456414038156,-0.482320460133458
0.014834834834834835,-0.5432527702993559,-0.5275413891200087,-0.5113799404553359,-0.4951013594846464,-0.47927103605129123
0.015215215215215216,-0.5399464007762097,-0.5242964311646875,-0.5082090609961988,-0.4919792948558571,-0.47621797959602336
0.015595595595595596,-0.5366539969823629,-0.5210558757658057,-0.5050345628239434,-0.48886378822464915,-0.47316852314581703
0.015975975975975977,-0.5333626329940075,-0.5178067194208803,-0.5018473204988512,-0.48574182594560705,-0.4700952212378122
0.016356356356356357,-0.5300457106242726,-0.5145600481491064,-0.4986608507377043,-0.4826312875684474,-0.4670379771729865
0.016736736736736736,-0.5267375100584357,-0.511320133338816,-0.4954795334600672,-0.4795244915743172,-0.46397654791707427
0.01711711711711712,-0.5234431095335006,-0.5080921174243943,-0.4923002584072647,-0.4764056278871925,-0.46091322688419795
0.0174974974974975,-0.5201259507647266,-0.5048502314392216,-0.48912224684183564,-0.47329035141797066,-0.45785130266735385
0.01787787787787788,-0.516861808006657,-0.5016071809155073,-0.48594042049584,-0.4701760083722764,-0.454801355384407
0.018258258258258258,-0.5135766213278432,-0.49835325557426785,-0.482751123755748,-0.4670547637637062,-0.45176320180467705
0.018638638638638638,-0.5102380590821869,-0.4951043067604733,-0.47956771662944314,-0.46393189247550676,-0.44869868451855077
0.01901901901901902,-0.5069513719695344,-0.49185183984675673,-0.47638683763878764,-0.46080775208275143,-0.4456327821598238
0.0193993993993994,-0.5036352987674799,-0.48861486608107096,-0.47320760546941004,-0.4576850656008938,-0.4425656866000021
0.01977977977977978,-0.5003215205046059,-0.48536434895327235,-0.4700067056930144,-0.45456288768572606,-0.43948326406193633
0.02016016016016016,-0.4970088518019887,-0.4821208354485174,-0.4668153836236337,-0.4514303419810983,-0.43642296501975264
0.020540540540540542,-0.4937175931709202,-0.4788651386764188,-0.4636368098513842,-0.4483098689502119,-0.4333602805630857
0.020920920920920922,-0.4904238090583408,-0.4756154450101708,-0.46044293281335125,-0.4451937560418831,-0.4302866491614956
0.0213013013013013,-0.4871266269560959,-0.4723664292036376,-0.4572518612463872,-0.44207318772662296,-0.4272235827279006
0.02168168168168168,-0.4838337910144952,-0.46911502066903776,-0.4540537528643372,-0.4389522916186961,-0.42414710720780985
0.022062062062062064,-0.48051161769016365,-0.4658656405739792,-0.4508614798911933,-0.43582008386608406,-0.4210593449479774
0.022442442442442444,-0.4772146677246067,-0.4626137105220577,-0.4476694353846887,-0.4326921095673207,-0.41799763875940266
0.022822822822822823,-0.4738984968012273,-0.4593579863672317,-0.44447728981188106,-0.42955998949155366,-0.41491443192116195
0.023203203203203203,-0.4705886241578074,-0.4561062087888057,-0.44127499687880345,-0.4264134549590894,-0.41185058214275405
0.023583583583583586,-0.4672839212079542,-0.4528672638321342,-0.43808040960870426,-0.4232881253143053,-0.4087704443969605
0.023963963963963966,-0.4639865514480354,-0.44961391658478783,-0.43488479564003396,-0.4201468654376111,-0.4056955987160429
0.024344344344344345,-0.46067850233232627,-0.44636341457316786,-0.4316948493396558,-0.4170060526458837,-0.40263095489979733
0.024724724724724725,-0.4573676795019661,-0.44310398461773665,-0.428505529282745,-0.41387348654621847,-0.39957274784422403
0.025105105105105104,-0.4540582667947612,-0.43984940567213815,-0.4253099184138837,-0.41074157589739346,-0.39647184883770614
0.025485485485485487,-0.45074281437287406,-0.4365984226878523,-0.4221152200080815,-0.40759578325262685,-0.39340263842280837
0.025865865865865867,-0.4474368524750074,-0.4333545541016502,-0.41891242442005183,-0.40445166219362794,-0.390309177977846
0.026246246246246246,-0.4441256568135922,-0.4300941873948435,-0.4157054778754294,-0.4013206723885966,-0.38722039762700106
0.026626626626626626,-0.4408144360909066,-0.42684422664343374,-0.4125082590678531,-0.39817456634591214,-0.3841338992205114
0.02700700700700701,-0.43751293354675475,-0.4235904245733282,-0.40930945397176166,-0.395037223717215,-0.38106391166654957
0.02738738738738739,-0.43422971012451034,-0.42033241200964505,-0.40610610463179103,-0.3918840782718099,-0.37798212347536597
0.027767767767767768,-0.43090235359007933,-0.41707676278637956,-0.4029051499984919,-0.38874839943723577,-0.37488483577535475
0.028148148148148148,-0.42759847032449494,-0.4138153987460228,-0.3997053585291884,-0.38561048991012187,-0.3718058864692662
0.02852852852852853,-0.4242701098111869,-0.41054824836434944,-0.3965050067359089,-0.38246575007997713,-0.36869431706944733
0.02890890890890891,-0.42095078500793115,-0.4072927706384566,-0.3933047286623353,-0.37932550400610054,-0.36562512059134883
0.02928928928928929,-0.4176421249118569,-0.404036532154169,-0.39010469042239193,-0.3761858870073594,-0.36253319398536277
0.02966966966966967,-0.4143253084415067,-0.40077973597221045,-0.38689892924212144,-0.3730444318570969,-0.35945140554280935
0.030050050050050053,-0.4110236529574138,-0.3975173026281395,-0.38368645998690515,-0.3698888259686912,-0.3563653275192407
0.030430430430430432,-0.40770443640326365,-0.39425712123351936,-0.3804804583552299,-0.36672812207385974,-0.3532720005847936
0.030810810810810812,-0.4043656520714245,-0.3909935918667934,-0.37727571663287396,-0.3635761374667616,-0.35016145512716496
0.03119119119119119,-0.4010563650345569,-0.387724895967064,-0.37406322286706045,-0.36042152606584815,-0.3470854127933244
0.031571571571571574,-0.3977272084112324,-0.3844548246889356,-0.37085240734767383,-0.35727070805139327,-0.3439654410266214
0.031951951951951954,-0.39441322150707114,-0.38119067875353047,-0.3676513370606887,-0.3541265155826728,-0.3408577480081059
0.032332332332332334,-0.3911072914433827,-0.37792259236637454,-0.36444448159138876,-0.3509732497917923,-0.3377284430029326
0.03271271271271271,-0.38778887752065394,-0.37465070332583983,-0.3612325347235039,-0.3478219287359414,-0.3346273718857088
0.03309309309309309,-0.38445771305769544,-0.3713919584873242,-0.35803222745476015,-0.3446584501684686,-0.33152668310987804
0.03347347347347347,-0.38115743342238895,-0.3681345192708542,-0.3548181973715746,-0.3415096515781731,-0.32841084922878083
0.03385385385385385,-0.3778340242382213,-0.36485901828057815,-0.3516101202090898,-0.3383580710539773,-0.3253222626603728
0.03423423423423424,-0.37452081224898026,-0.36159293503989287,-0.34841234727768455,-0.3352075203830765,-0.3222168371886924
0.03461461461461462,-0.371216106172646,-0.358334008667833,-0.34519234194303827,-0.3320562851131908,-0.31914237232425646
0.034994994994995,-0.3679152591631364,-0.3550816689179739,-0.34198433159509817,-0.32890701450758214,-0.3160657180313677
0.03537537537537538,-0.3645865216704843,-0.3518202413462989,-0.33876869294811823,-0.3257647189299604,-0.31295880247938856
0.03575575575575576,-0.36128244710714713,-0.3485461294970413,-0.3355613258700634,-0.32260741279209365,-0.30985158815239305
0.036136136136136136,-0.35796751186790843,-0.3452824417962013,-0.33234689095638664,-0.3194471523422676,-0.306760662938205
0.036516516516516516,-0.3546526528001631,-0.34201254044663665,-0.32913139358896626,-0.31628635446440323,-0.3036567478038884
0.036896896896896896,-0.35134802968361956,-0.3387500670450669,-0.3259214189517073,-0.3131175169712677,-0.30054668165730286
0.037277277277277275,-0.3480244600783799,-0.3354889193289304,-0.32270318955317784,-0.3099593451204217,-0.29743370115332607
0.03765765765765766,-0.3446896610235848,-0.33222803019977876,-0.31948660125038886,-0.3067963388897083,-0.29431929718924865
0.03803803803803804,-0.341391887358582,-0.3289608674049941,-0.31627762992166775,-0.30363406001570453,-0.29121162270589485
0.03841841841841842,-0.3380798140960225,-0.3256903460674108,-0.31306468938695814,-0.30046241762013487,-0.28810099093190844
0.0387987987987988,-0.3347900667719375,-0.3224272139553494,-0.3098497616515599,-0.29729727129254674,-0.2849611845198695
0.03917917917917918,-0.3314597568992275,-0.3191654261867576,-0.3066418492936343,-0.29413526112821997,-0.2818617900325891
0.03955955955955956,-0.3281453543279615,-0.3159049326992038,-0.3034302385683742,-0.29097689612447425,-0.27874494981321096
0.03993993993993994,-0.3248268942255209,-0.3126480503534681,-0.3002192170232006,-0.2877982611464308,-0.27565282903325355
0.04032032032032032,-0.3214974219580816,-0.30937693936869387,-0.2970102237517262,-0.28463488072757637,-0.2725496089276608
0.040700700700700705,-0.31818123885508187,-0.3061239701058576,-0.29379663774787396,-0.2814633932987714,-0.2694242370812992
0.041081081081081085,-0.31487851347874807,-0.30286017405210375,-0.2905920364436135,-0.27829541215677667,-0.26631266313283014
0.041461461461461464,-0.31157106391100964,-0.29959855282702885,-0.28737466209538415,-0.27513536800316907,-0.2631890802695729
0.041841841841841844,-0.3082904360031724,-0.2963416361169713,-0.2841581241839572,-0.2719651328846252,-0.2600646165234688
0.042222222222222223,-0.3049923582164605,-0.29308460595232794,-0.2809457879726122,-0.26879855775610306,-0.2569403127442242
0.0426026026026026,-0.3017089491859518,-0.28982361426404196,-0.27773921503671417,-0.2656221372247052,-0.25380859583303356
0.04298298298298298,-0.2984035156219476,-0.28655844664733293,-0.27452424029853684,-0.26246123834483187,-0.2506996319660187
0.04336336336336336,-0.295111401483374,-0.283308075128411,-0.2713082713987696,-0.2592980045602624,-0.24759701084035615
0.04374374374374374,-0.2918180980732492,-0.2800463090398635,-0.2680957814376343,-0.25612153439059704,-0.24448646317512915
0.04412412412412413,-0.28851569472444344,-0.27678761790598955,-0.26488545403080754,-0.2529524866793495,-0.24138760022218894
0.04450450450450451,-0.28521285381568057,-0.2735311405764444,-0.26167007263347486,-0.24978893734164692,-0.23826687682592088
0.04488488488488489,-0.2819108036406522,-0.27027231830620924,-0.25845590122688633,-0.2466313428596198,-0.2351572145032129
0.04526526526526527,-0.2786173704103098,-0.26700357502751937,-0.2552453876187102,-0.2434614416234496,-0.23203692903036893
0.04564564564564565,-0.2753120980087419,-0.26375226668634716,-0.25204070935404377,-0.24029801428196565,-0.22893204950102358
0.046026026026026026,-0.27199115454562467,-0.2604872411153385,-0.2488261446284864,-0.23713309997339882,-0.22580878514998615
0.046406406406406406,-0.2686839060154535,-0.25721769288864066,-0.24561011804496152,-0.23396406657849841,-0.22268668757898155
0.046786786786786785,-0.26538144851426326,-0.25397006033407094,-0.24239640761442977,-0.2308060458276934,-0.21956872985485038
0.04716716716716717,-0.2620662091827911,-0.25072475748134815,-0.23919339724670344,-0.2276438605960014,-0.21644691228547158
0.04754754754754755,-0.258764975581624,-0.2474738239908397,-0.23596971016868823,-0.2244761457605563,-0.21330552835926905
0.04792792792792793,-0.2554568671485501,-0.2442133831579109,-0.2327515321645629,-0.22131075946046566,-0.21016450871937659
0.04830830830830831,-0.25216979176232884,-0.2409679214891427,-0.2295273941052894,-0.21813390930311496,-0.20704810076324573
0.04868868868868869,-0.24887136244910785,-0.23771429910082886,-0.2263129880172409,-0.21497075056232218,-0.20391167589102163
0.04906906906906907,-0.24560176516902352,-0.23445777599503015,-0.22309768832946644,-0.2118024514952699,-0.20080183046958033
0.04944944944944945,-0.2423229166778536,-0.23120042827103435,-0.21989154395295882,-0.20862816711684717,-0.19766583533093662
0.04982982982982983,-0.23902487376351259,-0.2279526089896019,-0.21668236449979703,-0.2054575965482816,-0.1945403247715559
0.05021021021021021,-0.23571419082507283,-0.22470026167436732,-0.21348003200969726,-0.2022905022289629,-0.19141983808484925
0.050590590590590595,-0.23242267395841845,-0.22144911480888765,-0.21027747734158497,-0.1991263499472028,-0.18828696116628119
0.050970970970970975,-0.22915517164521987,-0.21820207933992056,-0.20706491937345445,-0.195967828299568,-0.18516021253246392
0.051351351351351354,-0.2258892939875648,-0.21495412214448475,-0.20385028234630995,-0.1928009211023138,-0.18206268775667464
0.051731731731731734,-0.2226149711643944,-0.2117027656045757,-0.2006480775425937,-0.18962577299953398,-0.17893319534507673
0.05211211211211211,-0.2193114378681999,-0.20845737641030707,-0.19744206695115912,-0.18645927813855848,-0.1758024507670655
0.05249249249249249,-0.2160033719050854,-0.20520721573006623,-0.19423290236699664,-0.183285917615025,-0.1726634805070032
0.05287287287287287,-0.21273247770972717,-0.2019653627551742,-0.19103203608797742,-0.1801238843324116,-0.1695563475234777
0.05325325325325325,-0.20945929482101783,-0.19873452112731746,-0.18782306721345599,-0.1769484534411406,-0.16642573868566674
0.05363363363363364,-0.20616777288905483,-0.19548321726415507,-0.1846183051311557,-0.17379435064179138,-0.16328686796347608
0.05401401401401402,-0.20289256906312372,-0.1922423370350564,-0.1814118923354944,-0.17061109313399553,-0.16017063812086663
0.0543943943943944,-0.19960789508595092,-0.18900584607707416,-0.1782079482762579,-0.16744870917731952,-0.1570297517932836
0.05477477477477478,-0.19633927055057857,-0.18576983694369206,-0.17500669882063005,-0.16427138886136697,-0.15388126490184167
0.05515515515515516,-0.19305564242358966,-0.18251293977680488,-0.17180936027508809,-0.16110131122943283,-0.15073341403849658
0.055535535535535537,-0.18976208808138637,-0.17927056234891298,-0.16860354951334705,-0.15792772046273962,-0.14757641576058686
0.055915915915915916,-0.18649214027361544,-0.17601659142306833,-0.16539534914483353,-0.15475888491279577,-0.1444714022238323
0.056296296296296296,-0.18321305194728588,-0.17277366058054702,-0.1621971599453949,-0.15159192950679076,-0.14135086984685022
0.056676676676676675,-0.17992745803396692,-0.16953801533899934,-0.1589854750934063,-0.14842640169389096,-0.13823208180207053
0.05705705705705706,-0.17665956951310194,-0.1663023723048863,-0.15578724856443,-0.1452441112161976,-0.1351006247073029
0.05743743743743744,-0.1733694803769362,-0.16306841675475867,-0.15259091300288294,-0.1420738111870984,-0.1319663643129369
0.05781781781781782,-0.17008970564778092,-0.15982719802077586,-0.14938715946493583,-0.13890170238351204,-0.12883966076749015
0.0581981981981982,-0.16681601760040443,-0.15659986666815567,-0.1461912800266451,-0.13574657434578885,-0.1256912971304555
0.05857857857857858,-0.16356576221726252,-0.15337041396823622,-0.14299919665606164,-0.13257252546777723,-0.12255721851475716
0.05895895895895896,-0.16030064701934088,-0.15015136791331285,-0.13980389219088163,-0.12941066685723152,-0.11941885513687418
0.05933933933933934,-0.15702774848972295,-0.14692601309453326,-0.1365990223705955,-0.1262481018715913,-0.1162637928672901
0.05971971971971972,-0.1537611114018063,-0.1436950712453177,-0.13340598123847183,-0.12308266190236176,-0.11311270181298985
0.060100100100100105,-0.15050161335297038,-0.14047556820974086,-0.1302083916962334,-0.11991181638649848,-0.10995972646748157
0.060480480480480485,-0.14723984002817345,-0.13725101057199274,-0.12700839128091945,-0.11675267727464055,-0.10681489135069346
0.060860860860860864,-0.14398181857895892,-0.134020250969877,-0.12381799098014408,-0.11358400904671545,-0.10369964040958872
0.061241241241241244,-0.14072124925589968,-0.13080327626718155,-0.12062169145014738,-0.11042404417885626,-0.1005688126510128
0.061621621621621624,-0.13747915782623688,-0.12758641237317017,-0.1174284875659011,-0.10725187098995667,-0.09742988874552723
0.062002002002002,-0.13424665351279924,-0.12436909400240095,-0.11423951650531013,-0.10409196345818479,-0.09430680666142051
0.06238238238238238,-0.1309684541359497,-0.12114452369915099,-0.11104780003128903,-0.10094042453762042,-0.09115758046478384
0.06276276276276277,-0.12771905784210502,-0.117933715084098,-0.10785603956411713,-0.09777168318989145,-0.08800229222827151
0.06314314314314315,-0.12447329936918497,-0.11471912264761545,-0.10465370243446391,-0.09459770794900614,-0.08487824896893027
0.06352352352352353,-0.12121756006076184,-0.11150487576935285,-0.101457856772092,-0.09143729405622629,-0.08174622408639153
0.06390390390390391,-0.11798556350282388,-0.10829610691920302,-0.09826538086822095,-0.08826767192837029,-0.07861836566410413
0.06428428428428429,-0.11476473575105302,-0.1050747629216143,-0.09507738264977064,-0.08510516682481646,-0.0754815317146438
0.06466466466466467,-0.11153410881744187,-0.10186060902724965,-0.09188199703854599,-0.08195208570813221,-0.07234352741572646
0.06504504504504505,-0.10830200156576997,-0.09865683253971223,-0.08869409305278765,-0.07878715942745329,-0.06919436254723535
0.06542542542542543,-0.10506995790008927,-0.09543886764232128,-0.08551773603639433,-0.07563226946716392,-0.06606278831802774
0.0658058058058058,-0.10182757685169914,-0.09222907621231619,-0.08233489387100941,-0.07246729212712656,-0.06291682876334811
0.06618618618618619,-0.09859481138361986,-0.0890237328066744,-0.07915342317191228,-0.06930624554678375,-0.05981426336266726
0.06656656656656657,-0.09537162339396056,-0.08582221379144427,-0.07597109621184504,-0.06614385553449045,-0.056693385790985026
0.06694694694694694,-0.09215871563394276,-0.08261698967197749,-0.07279318351762638,-0.06298987463023775,-0.05356638014993275
0.06732732732732732,-0.08893288348237578,-0.07942112492815637,-0.06961674155219481,-0.05983658568254847,-0.05041714651580958
0.0677077077077077,-0.08571580877004767,-0.07621773557732155,-0.0664350322570673,-0.05668429793158152,-0.04728028940689026
0.06808808808808808,-0.08248929824108776,-0.07301599768246539,-0.06326257437175445,-0.053527320691851364,-0.04414431150904831
0.06846846846846848,-0.0792864653349809,-0.06981634597369157,-0.060086401284248706,-0.05037504826062788,-0.04100923092932272
0.06884884884884886,-0.07606197507103712,-0.06661872337343519,-0.056913322615779506,-0.04722274716052439,-0.037883773954204315
0.06922922922922924,-0.07286606409610154,-0.06341765376053111,-0.05373772655908929,-0.044062776384846875,-0.03474024528080313
0.06960960960960962,-0.06966406613120346,-0.060231103330089096,-0.050570283968206724,-0.04090909166370972,-0.031627699268983706
0.06998998998999,-0.06644794048647658,-0.05705111299314573,-0.047400940442305396,-0.037756102506580944,-0.028487823618500486
0.07037037037037037,-0.0632397647306084,-0.05385765445151315,-0.04423690148247633,-0.03460183502743536,-0.025343178517547766
0.07075075075075075,-0.06000525020668178,-0.050667316384853424,-0.041075396401877316,-0.03145734719776509,-0.022217363629604747
0.07113113113113113,-0.056796387508357846,-0.047479762619712686,-0.03790524482764121,-0.0283101216084546,-0.019077663314641436
0.07151151151151151,-0.05359740746592591,-0.04429292965710859,-0.03474000599531235,-0.025165021454676563,-0.01594290164070414
0.0718918918918919,-0.050397976562901355,-0.04109882695517614,-0.03156911452957815,-0.022004187925959314,-0.012813606518723727
0.07227227227227227,-0.047196670921069855,-0.03791155876462098,-0.02841141174841566,-0.018859067001986543,-0.00967603527831169
0.07265265265265265,-0.04399953870084823,-0.03472418364637645,-0.02524892136186222,-0.015721121694485616,-0.006532952986640027
0.07303303303303303,-0.04081125976470178,-0.03154430813553497,-0.022079821142502322,-0.012588056109592106,-0.0034048666483883945
0.07341341341341341,-0.037625873661918274,-0.02836358050038634,-0.018925223010958815,-0.009444113454858283,-0.0002644609890785651
0.07379379379379379,-0.03445433577152044,-0.02519402943337755,-0.015764230992776084,-0.0063010215170325535,0.0028653281009322113
0.07417417417417417,-0.031264212714964844,-0.02201587107847623,-0.012600070921048097,-0.003156856480959718,0.005986079523405001
0.07455455455455455,-0.02806590697813421,-0.018841044868044467,-0.009442698507891116,-5.542768994357432e-06,0.009093081953176142
0.07493493493493494,-0.024896421167946534,-0.015656597399179753,-0.006289514437157041,0.003132367646130697,0.01223298261510318
0.07531531531531532,-0.021694512184082037,-0.012495257545980503,-0.0031335418163680262,0.006270298819298666,0.015340716830383934
0.0756956956956957,-0.01852016930391684,-0.009335436573529884,2.1195723011579493e-05,0.009407582034562056,0.018483856494254627
0.07607607607607608,-0.015353845361648326,-0.0061810863972811365,0.0031666740533017384,0.012549795066796854,0.02160858043904748
0.07645645645645646,-0.012175417507542866,-0.0030149603339996913,0.006312325524557482,0.015684836303449322,0.024736863131422607
0.07683683683683684,-0.008983761348908532,0.00014738878445328912,0.009466890316685602,0.018817341952253708,0.02784962853809221
0.07721721721721722,-0.005805690898090401,0.003299569223216342,0.01261546032945254,0.02195221375287672,0.030968914050570135
0.0775975975975976,-0.0026388598754741397,0.006465003335070865,0.015762237089672233,0.025095902590729958,0.034087045156912424
0.07797797797797798,0.000511984094168668,0.009616601279136062,0.018903399992405007,0.028232432862354998,0.03720875019997108
0.07835835835835836,0.0036888308439463587,0.012766911923268568,0.022040246603458782,0.03136617480444898,0.04032637200395509
0.07873873873873874,0.006845728504256994,0.01591036365272763,0.02517477112054227,0.03448986639906701,0.04345082901897139
0.07911911911911912,0.01000575906856462,0.01906420177891256,0.028316772103501652,0.03762355240171431,0.046578484180064855
0.0794994994994995,0.013167803619375192,0.022208333369623197,0.03144885388568219,0.040749934390207326,0.04968624939966296
0.07987987987987988,0.016318827781112214,0.02535222719973059,0.03457788717285982,0.04387066937168627,0.05281089387432393
0.08026026026026026,0.01945027376703249,0.028491923937169455,0.0377127204789495,0.04699453209470983,0.055933082335859106
0.08064064064064064,0.02259983089676018,0.031635517151387016,0.04084453330845416,0.0501188827706556,0.05905358831595779
0.08102102102102102,0.02573119618302304,0.0347745210583786,0.04397396098315773,0.05323788241534857,0.0621598687487542
0.08140140140140141,0.028878731764824868,0.037917659802683384,0.04709342961334572,0.05635263584650297,0.06528463017865889
0.08178178178178179,0.03202003620297811,0.041050100329739186,0.05022579764592797,0.05947201803681931,0.06840077228412694
0.08216216216216217,0.03517515666762903,0.0441869214809823,0.05335328632486005,0.06259304684868865,0.07152598798779229
0.08254254254254255,0.03829613753444887,0.047321314402866445,0.05647169943331793,0.06570996998473333,0.0746443121148823
0.08292292292292293,0.04142647939619371,0.05045505012850353,0.05959122925705346,0.06881474807628964,0.07775760519382587
0.08330330330330331,0.044542242918866944,0.05358052289854707,0.06271928178842227,0.07193397002321793,0.08085175871402488
0.08368368368368369,0.04767111655759676,0.05670091313099641,0.06583434197731892,0.07504291317404618,0.08396274918326525
0.08406406406406407,0.050796335949367506,0.05981891313281304,0.06895095814463742,0.07814725685920444,0.08706791680498162
0.08444444444444445,0.05390125163835936,0.0629392708621313,0.07206635020581457,0.08125178853573728,0.0901785179304794
0.08482482482482483,0.057014992983666246,0.06605869262884272,0.07517823963630262,0.0843591816620333,0.09327876402575555
0.0852052052052052,0.06013784903716778,0.06918582278536552,0.07828931039531821,0.08747097471053167,0.09637555238640126
0.08558558558558559,0.06324419857599235,0.07229036186495166,0.0813963711685742,0.09058483777002885,0.09948570686826742
0.08596596596596597,0.06636192742359888,0.07539252385114084,0.08449875551767894,0.09368368913841889,0.1025986415637727
0.08634634634634634,0.0694701351956807,0.078503976381016,0.08760761181003235,0.0967937934666144,0.10572776108182193
0.08672672672672672,0.07257280827893219,0.08160330961845115,0.09071124032082227,0.09990999263601527,0.10882211453584566
0.0871071071071071,0.0756706537727924,0.08470579327851523,0.0938104566058616,0.10300775188920035,0.11192904140858548
0.08748748748748748,0.07875744514126579,0.0878054376909175,0.09690331570654145,0.10610802708560209,0.1150404774541419
0.08786786786786788,0.08185170005066887,0.09090502858291803,0.10000303188255744,0.10920356205996219,0.11812347051149809
0.08824824824824826,0.08495657409093428,0.09399756487216628,0.10309847795734246,0.11228857344181922,0.1212432585821857
0.08862862862862864,0.0880693791273316,0.09708860120249445,0.10619540254362798,0.11537625953365391,0.12432972059243666
0.08900900900900902,0.09113457228395457,0.10017856372514725,0.10929013296193091,0.11846762704697149,0.12740511135351382
0.0893893893893894,0.09421722245143285,0.10326706524394925,0.11237839021039876,0.12155635252420287,0.1304691077633584
0.08976976976976977,0.09728843919534755,0.10634178504706095,0.1154606252292474,0.12464266247961395,0.13356860337493223
0.09015015015015015,0.10036716845892592,0.10943051053345253,0.11854579106035543,0.12773144497004593,0.13664180905701492
0.09053053053053053,0.10345954751777023,0.11250529433237594,0.1216315859746206,0.13081170837505887,0.1397517414840225
0.09091091091091091,0.1065300682051966,0.11558082279641783,0.1247065065213771,0.1338981863640841,0.14283126011225214
0.0912912912912913,0.10960118744620258,0.11864965203866497,0.1277851994318263,0.13697118227363783,0.14591625801406982
0.09167167167167167,0.11263312321097532,0.12172348344297133,0.1308591215626048,0.14005067218605652,0.14901753666156797
0.09205205205205205,0.11568236396856238,0.12479398547917836,0.1339289797303129,0.1431219317329842,0.1520859362693245
0.09243243243243243,0.11875382795387654,0.12785951026712386,0.1370058776980229,0.14619344392027261,0.15514742488626143
0.09281281281281281,0.12181231125771773,0.1309174740814477,0.14007262148067767,0.14926578573981777,0.1582295508126248
0.09319319319319319,0.12487318662440625,0.1339732211391337,0.14313338818159194,0.1523296130685777,0.16131069911633122
0.09357357357357357,0.12793149977972523,0.1370366527159231,0.14619092671084896,0.1554019269573575,0.1643861194653879
0.09395395395395395,0.13097123931118948,0.14009728789271778,0.14925173918867973,0.15847032355761786,0.16744518323437463
0.09433433433433434,0.13403225813048164,0.14314741799315944,0.1523014277680913,0.16153924585257018,0.1705112394490657
0.09471471471471472,0.13706927960716847,0.1461884456633808,0.15536375159909568,0.16460034021598274,0.17357602533494162
0.0950950950950951,0.14011575264007436,0.14923494442371418,0.1584141918725079,0.1676587086257268,0.17666712409901286
0.09547547547547548,0.14314610727302476,0.15226768223319215,0.1614629440468291,0.17071216437411724,0.17972219420080351
0.09585585585585586,0.1461679046881006,0.15531326131396014,0.1645156907451052,0.1737601982937382,0.18278713405488398
0.09623623623623624,0.14921587906758896,0.1583527059639968,0.1675524118067296,0.17681656654797928,0.1858441565849351
0.09661661661661662,0.15222125050747723,0.1613869670272835,0.17059898918206243,0.17987006300526343,0.18889388222958134
0.096996996996997,0.1552292402477477,0.16442352331370494,0.17363869289305278,0.18291718646553964,0.19195399257335413
0.09737737737737738,0.15825667630390294,0.16746251040704763,0.17667692588619927,0.18596329749930143,0.19501880198525895
0.09775775775775776,0.16127527051946508,0.17049409532202717,0.17971070471298353,0.18900699431558984,0.19808262502320612
0.09813813813813814,0.16429342742785485,0.17351356176738378,0.1827446143036175,0.192055939380824,0.20112262415061083
0.09851851851851852,0.1673088849148196,0.17652761666628938,0.18577828764076804,0.19509793784932133,0.20418137812366982
0.0988988988988989,0.17031107121094885,0.17953925343043378,0.18879947287298238,0.19813024891648878,0.20723766839009414
0.09927927927927928,0.1733075916527748,0.18255517873789318,0.1918257829729155,0.20115854596743574,0.2102840604334917
0.09965965965965966,0.17629160158284313,0.18556493905365304,0.1948469624221309,0.20418776447052225,0.21330687149074903
0.10004004004004004,0.17929017478301718,0.18856373405177942,0.19786903273134568,0.20721251142583258,0.21634865678094775
0.10042042042042042,0.18228658823763408,0.1915723741380639,0.20088809411221942,0.21023444827091245,0.21938521039162756
0.10080080080080081,0.1852789917104639,0.1945640194864938,0.20390489272825146,0.21324744339921958,0.2224167078930211
0.10118118118118119,0.1882515367550201,0.1975571197314326,0.20691864021290132,0.21626929404171977,0.22544591372707168
0.10156156156156157,0.1912340791577611,0.2005520189949059,0.20992351903180115,0.2192920168851287,0.22847784777090407
0.10194194194194195,0.19421184252520868,0.2035484049439635,0.2129240235777877,0.22230090856847287,0.23151143815909234
0.10232232232232233,0.19721083271711634,0.20652894231478203,0.21592970440211642,0.22530758325482092,0.23454399959613725
0.10270270270270271,0.20016607182227317,0.20951110623856492,0.2189338683284145,0.2283123354206755,0.23756669612081946
0.10308308308308309,0.20314170021781167,0.21249020557233697,0.2219301959923249,0.23132867491073864,0.24058222968864018
0.10346346346346347,0.20610354670850403,0.21547624923555783,0.22492975069899096,0.23434632400099747,0.2436014904734113
0.10384384384384385,0.20907258531220171,0.21844247175352902,0.22792127371447737,0.23735354362160285,0.24661565630409168
0.10422422422422423,0.21203658660196345,0.22141088536145362,0.23090555118148662,0.24035360680166917,0.24961410973642192
0.1046046046046046,0.21498770489822208,0.224384486769313,0.23388954511852922,0.2433543573738231,0.2526326304192232
0.10498498498498499,0.21794153272441966,0.2273372295391538,0.23686582861913197,0.24634667526581075,0.2556631286888893
0.10536536536536537,0.22089457785749242,0.23030155499974467,0.2398469408618312,0.24934218507709022,0.25868356662231057
0.10574574574574575,0.22383148064053324,0.2332606462563401,0.2428214824796443,0.25232927874392325,0.26170834980001084
0.10612612612612612,0.22678520116672832,0.2362097046554737,0.24578811100522852,0.25532385561684945,0.2647025548918081
0.1065065065065065,0.22971195513121828,0.23916412909083437,0.24875854058554078,0.25830378115198704,0.26769245985439244
0.10688688688688688,0.23265043450852785,0.2421244268064621,0.2517208290536731,0.26128691477719973,0.2706828695678373
0.10726726726726728,0.23559603774535576,0.24508133582868966,0.2546851807768362,0.2642701464368671,0.2736606906090718
0.10764764764764766,0.23852500875251026,0.2480222361363583,0.2576424660307341,0.26724495427131256,0.27663720184735247
0.10802802802802804,0.2414618550262579,0.2509609989425721,0.2606009886463672,0.2702223886984662,0.27961860053088783
0.10840840840840842,0.24437562477710484,0.2538898779192548,0.26353920711736184,0.27318864004334026,0.2826006462314267
0.1087887887887888,0.2472785128827185,0.25683113041926087,0.26648805871473713,0.2761551873684123,0.2855919229462182
0.10916916916916918,0.250207300180168,0.2597520837475186,0.2694342222914825,0.279114691529075,0.28855351211472163
0.10954954954954955,0.25313741618995567,0.2626724537597091,0.27237541102938084,0.2820694998467198,0.2915360677847523
0.10992992992992993,0.2560434977397329,0.26559403982156476,0.27531538037220954,0.28501996714409245,0.29449089536913503
0.11031031031031031,0.25894933349358906,0.2685226166184377,0.27825925502678817,0.2879636143189376,0.2974563599857616
0.1106906906906907,0.2618575800349268,0.2714272124107754,0.28119166957926767,0.29090154634023935,0.3004104788933556
0.11107107107107107,0.2647618601880894,0.27433985202643285,0.28411758742311477,0.2938412871098242,0.30336522345899225
0.11145145145145145,0.2676476140051658,0.27724427131082385,0.2870412544988944,0.29678970484215117,0.3063292965692935
0.11183183183183183,0.2705220631172562,0.2801523388057178,0.28996112579189054,0.2997304671465713,0.30926701572896836
0.11221221221221221,0.27339799506913154,0.2830555783167614,0.2928764818799433,0.3026696977785805,0.3122203299341519
0.11259259259259259,0.27627734157466377,0.2859536493389632,0.2957888602206637,0.3055983844263542,0.31517771522987115
0.11297297297297297,0.2791555795511841,0.2888415501349568,0.2986960718355272,0.308515146034925,0.31814017464323646
0.11335335335335335,0.2820156836655183,0.291740155082301,0.3016025837853908,0.3114387928265423,0.3210935097895632
0.11373373373373374,0.284893304013186,0.294625220350747,0.30449590297253193,0.31436282463156434,0.32402049141459616
0.11411411411411412,0.28776363762785573,0.29751020153609226,0.3074009141142525,0.3172859854215422,0.32694547569909876
0.1144944944944945,0.29061855397970954,0.30039253653280107,0.3102978038815362,0.3202052923921905,0.32988483778489675
0.11487487487487488,0.2934526155705429,0.3032626937318358,0.31319007367773516,0.3231124013596792,0.33281655993483095
0.11525525525525526,0.29631461240258805,0.30613286591389544,0.31607451419958243,0.32601697610307184,0.33574405025387516
0.11563563563563564,0.29917585335092417,0.30899464044922476,0.31896377163964107,0.3289249334361452,0.33865915713557326
0.11601601601601602,0.30201420285111796,0.31185277502014097,0.3218466636576459,0.3318203855573038,0.3415788879363001
0.1163963963963964,0.3048603141759249,0.31470377588818754,0.3247189596358146,0.33471763359515405,0.3445065514070743
0.11677677677677678,0.3077029985797046,0.31756503891523385,0.3275912721785558,0.33760533458154546,0.3474394010226388
0.11715715715715716,0.31053936955562983,0.32042557943326966,0.3304595175256581,0.34049129260208394,0.3503393087244016
0.11753753753753754,0.3133611257874728,0.32327222170482645,0.3333277587570246,0.34338429996696657,0.35323718547411026
0.11791791791791792,0.31619384045703836,0.3261086242730185,0.33620067146059224,0.3462587063633294,0.3561416607110222
0.1182982982982983,0.31901742795430565,0.3289495687467912,0.33907111692140873,0.3491379203500929,0.3590272049213171
0.11867867867867868,0.3218272316940261,0.3317944919734474,0.34193189338273605,0.3520066034871862,0.3619125785208926
0.11905905905905906,0.3246457672232831,0.33463547598732063,0.34478531171519156,0.3548695356911631,0.36479565993714386
0.11943943943943944,0.327461392382159,0.33746912782111965,0.3476344226150474,0.35773472896869335,0.36769234237237824
0.11981981981981982,0.33027331907030427,0.34028260063510296,0.3504748217122439,0.3606071612667762,0.3705844741557244
0.12020020020020021,0.3330815283402704,0.34309098544732874,0.3533124117615526,0.36346813925082994,0.37346285914643257
0.12058058058058059,0.33586766909592974,0.3459178162299275,0.3561500727170801,0.3663220169692976,0.3763455574197838
0.12096096096096097,0.3386710037843738,0.3487303284478134,0.35898132268391314,0.3691705181962535,0.3792090041378306
0.12134134134134135,0.34145279318833366,0.35153094315419814,0.36181355739499077,0.3720234677457701,0.38207485252084195
0.12172172172172173,0.3442416957089358,0.35433174634678277,0.36464057828020824,0.3748703992914787,0.3849580309701477
0.12210210210210211,0.34701218921402804,0.3571309817565777,0.36746235021309304,0.3777042932453267,0.3878330099671629
0.12248248248248249,0.3497788040094314,0.3599307354520215,0.37027248270917085,0.380536355316897,0.39070298752047466
0.12286286286286287,0.3525559089134575,0.3627132206759385,0.37308859231727354,0.3833705209466662,0.3935570999324417
0.12324324324324325,0.35533175219837715,0.3654971254612056,0.3758930382104187,0.38619797606874906,0.39639364142890315
0.12362362362362363,0.3581018698691886,0.3682776696374936,0.37869265707265887,0.38902667417920483,0.399240816074098
0.124004004004004,0.3608419748926402,0.37105418345716146,0.3814901913225815,0.3918401370657986,0.4020561810509083
0.12438438438438439,0.3635906809687591,0.3738364312695202,0.3842879913902111,0.39465878319965747,0.40488527121146717
0.12476476476476477,0.3663278961227188,0.37660143340220315,0.38707322619470147,0.3974709421385267,0.40769812878300926
0.12514514514514516,0.36907146452489886,0.37936499593374334,0.38986168248200065,0.40027218014868277,0.41051767552995994
0.12552552552552554,0.3718214911112397,0.38213533062906496,0.3926367202957845,0.4030787223124883,0.41334019427697233
0.12590590590590592,0.37455754146787373,0.3848852524753202,0.3954118953925686,0.40587959995884615,0.41614744178855106
0.1262862862862863,0.3772877204573558,0.38764798683132745,0.39818644815252713,0.4086703917858589,0.41896631008388135
0.12666666666666668,0.3800000975544925,0.39039673221133686,0.40094585971427066,0.41146161683673965,0.4217632229842248
0.12704704704704706,0.382726200037548,0.393138822173085,0.40370932247519997,0.41424809184810096,0.42456021742202665
0.12742742742742744,0.3854530353028875,0.39588388623415205,0.40646737492577567,0.4170307847197238,0.4273568386496538
0.12780780780780782,0.3881750911888522,0.39861918619872627,0.4092196143667649,0.41980438289027877,0.4301572544983843
0.1281881881881882,0.3908639032055359,0.40135048569693166,0.4119718950794782,0.42257543067657594,0.4329541168764906
0.12856856856856858,0.3935807919833881,0.4040812083404951,0.41471614698655723,0.4253430337259481,0.4357264982051683
0.12894894894894895,0.39628976941406596,0.4068045423066331,0.4174595656998828,0.4281013118866857,0.43850499217530714
0.12932932932932933,0.39898296225712365,0.4095179983798617,0.42019457001510774,0.43085444576551285,0.44128437722120295
0.12970970970970971,0.40167831636530166,0.4122269107369614,0.4229335380295996,0.43361126228434466,0.44407644254052225
0.1300900900900901,0.4043641538873378,0.4149323847381418,0.4256601152719534,0.4363524929703223,0.44686580105945084
0.13047047047047047,0.407049288254354,0.4176438094922873,0.42837948088177524,0.4390924377725909,0.4496368646693898
0.13085085085085085,0.40973207878289253,0.4203477636870474,0.43111070686097575,0.44183603991468295,0.4523900076615515
0.13123123123123123,0.4124399706361781,0.42303447498174107,0.4338198784601177,0.44457546720401214,0.4551447141672269
0.1316116116116116,0.41509491567053164,0.4257266107560443,0.43653040349140293,0.44731290242802363,0.4578908354188462
0.131991991991992,0.4177621878085748,0.4284246228103532,0.43923478370459035,0.45004359973568664,0.4606421714919941
0.13237237237237237,0.42041940339736417,0.43110984264660884,0.44193624919937896,0.4527643174683309,0.4633907048684656
0.13275275275275275,0.4230681782759427,0.43378332856601165,0.44463883176239705,0.45548938110586473,0.4661284494008039
0.13313313313313313,0.4257190606459322,0.43645616254989816,0.4473367384883706,0.45820372629300793,0.46885027763590564
0.1335135135135135,0.4283646964649162,0.43911939846932196,0.450021046199348,0.46091595819481157,0.4715841605297106
0.1338938938938939,0.4309871796915307,0.44177969118250193,0.4526986743954634,0.463627004271069,0.4743102974196513
0.13427427427427427,0.4336218252544228,0.44442731014321746,0.4553784168774792,0.46632625101796477,0.47702113184633543
0.13465465465465465,0.4362450757271571,0.4470797609363201,0.4580554556103504,0.46901904805969713,0.4797429566076088
0.13503503503503503,0.4388829725169435,0.44972656971100117,0.46071861690092264,0.47171171802118994,0.48244259429795316
0.1354154154154154,0.44150573780075036,0.45237255375650964,0.46338164567212886,0.4743937625637511,0.48515244416933057
0.1357957957957958,0.44411469373027573,0.45500508807137297,0.46603573573129525,0.4770780601429687,0.48786194003359196
0.13617617617617617,0.44674311274222417,0.45763367238340835,0.46868159812445964,0.4797552671293792,0.4905650839441833
0.13655655655655657,0.4493448903467425,0.46025766217630104,0.4713205552106013,0.4824298697285551,0.4932544114265209
0.13693693693693695,0.4519582404217256,0.4628725951992789,0.47396302161122833,0.48509575267132815,0.4959322918442706
0.13731731731731733,0.4545471391883578,0.46549112770266177,0.4766042508876885,0.4877518175486117,0.4986111510871051
0.1376976976976977,0.4571454847006639,0.46809608104616046,0.47923587115837935,0.4904104108960524,0.5012999620960484
0.1380780780780781,0.4597388790416676,0.4707086744701809,0.4818561851169682,0.49306219906294096,0.5039841300153842
0.13845845845845847,0.46231382948090666,0.47332044485633673,0.4844761232609813,0.4957067387549705,0.5066517320992318
0.13883883883883885,0.4648769685110031,0.4759068910293636,0.4870996785870949,0.49833788829194753,0.5093102043810745
0.13921921921921923,0.4674549327162041,0.4785036641540624,0.4897168873617387,0.5009697001280888,0.5119476218041602
0.1395995995995996,0.4700219994781422,0.48108809873408975,0.49232701648371724,0.5036052616306173,0.5145968830321094
0.13997997997998,0.472574291979338,0.4836728304847712,0.49492954117527044,0.5062335530818111,0.5172077664957385
0.14036036036036037,0.4751363797163887,0.4862385351377072,0.497523464894371,0.5088538634209804,0.5198469323979233
0.14074074074074075,0.477673657089447,0.4888110615024491,0.500116587255955,0.5114693607934475,0.5224848695851884
0.14112112112112113,0.4802197807777991,0.4913844716440456,0.5027044860307779,0.514082897290221,0.5251130163834646
0.1415015015015015,0.482761619284547,0.4939540329708479,0.5052833239406986,0.5166875211162233,0.5277328771986534
0.1418818818818819,0.48528993064499426,0.49650680918153456,0.5078567772817446,0.5192850473159953,0.5303607851614563
0.14226226226226227,0.4878213424696816,0.49905699662743297,0.5104258060808483,0.5218834423167046,0.5329774769783026
0.14264264264264265,0.4903291281374545,0.5015999279820331,0.51299323343334,0.5244715099433659,0.5355755446473348
0.14302302302302303,0.49284387429840765,0.5041412289873399,0.5155535222644627,0.5270558285393262,0.5381793479826077
0.1434034034034034,0.4953661269002434,0.506675266039018,0.5181055788233707,0.5296339037357412,0.5407585599886283
0.1437837837837838,0.497876765812617,0.5092012970992881,0.5206543408334741,0.5321980815448073,0.5433390532515322
0.14416416416416417,0.5004016466879767,0.5117272522516891,0.5231969677848813,0.5347604156405483,0.5459149842173757
0.14454454454454455,0.5029110524964312,0.5142512746660206,0.5257330032880949,0.5373172207507732,0.5485039874086184
0.14492492492492492,0.505399120602949,0.5167667198337239,0.5282638144083562,0.5398642647359017,0.55106734868836
0.1453053053053053,0.5078893151714636,0.5192765491269814,0.5307952764838476,0.5424065888166969,0.553619228956916
0.14568568568568568,0.5103653710838935,0.5217770339055611,0.5333163778958724,0.5449455661256725,0.5561723497282658
0.14606606606606606,0.5128488119082067,0.524271286428667,0.535832272198571,0.5474839623610088,0.5587164856623524
0.14644644644644644,0.5153248123532186,0.5267681114641012,0.5383514012594321,0.5500053560036907,0.5612614669898849
0.14682682682682682,0.5177875882352538,0.5292564549360586,0.5408542942633534,0.5525264775104204,0.5637967447415503
0.1472072072072072,0.5202497883986836,0.5317363513283205,0.54334347948095,0.5550479105848435,0.566348492178043
0.14758758758758758,0.522706989558358,0.5342148005934668,0.5458315325101882,0.5575571267082922,0.5688823119958427
0.14796796796796796,0.525162918363602,0.536686034648686,0.5483248672195493,0.5600650775429118,0.5714240494654687
0.14834834834834834,0.5276043998803136,0.5391423531495625,0.5508114392594593,0.5625644867955683,0.5739525700452566
0.14872872872872872,0.5300415792009899,0.5416000065615152,0.5532886727519345,0.5650515231285744,0.576480002402825
0.1491091091091091,0.5324823313640542,0.5440557591413472,0.5557605227342757,0.567546173007502,0.5789897064977834
0.1494894894894895,0.5349115118157851,0.546500949887228,0.5582292358654729,0.5700238757629665,0.5814826843898809
0.1498698698698699,0.5373246837920829,0.5489499199545678,0.5606888310963187,0.5725044735429177,0.5839758373514243
0.15025025025025027,0.5397301001199215,0.5513830452926833,0.5631352936416406,0.5749751504946271,0.5864653897839799
0.15063063063063065,0.5421467345980542,0.5538090323632889,0.5655764738607719,0.5774394738213109,0.5889624930800105
0.15101101101101103,0.5445695046381452,0.5562361099166807,0.5680206768667577,0.5799046981405304,0.5914412135368234
0.1513913913913914,0.5469634035122387,0.5586536389749336,0.5704602521212897,0.5823592167545242,0.5939061249640546
0.15177177177177179,0.5493781334900656,0.5610659449533165,0.5728787579275456,0.5848108492256929,0.5963759727678898
0.15215215215215216,0.5517798864650136,0.5634647437957194,0.5753032539209846,0.587252507373416,0.5988544928029061
0.15253253253253254,0.5541676519964159,0.5658623373960863,0.5777231038267273,0.5896812267080792,0.6013306385177444
0.15291291291291292,0.5565360690653061,0.568256399436842,0.5801406846190089,0.5921101400164694,0.6037603239876765
0.1532932932932933,0.5588947414036821,0.5706488068855194,0.5825464469699881,0.5945380512905569,0.6061808775408456
0.15367367367367368,0.5612536430224581,0.573019121141407,0.584949702115055,0.5969636814018656,0.608623249981366
0.15405405405405406,0.5636060804349666,0.5753906452710433,0.5873366424342721,0.5993793801928002,0.6110492332704461
0.15443443443443444,0.5659413899022807,0.5777635566657653,0.589721522563794,0.6017885724880465,0.6134650412768347
0.15481481481481482,0.5682872480480122,0.5801224960873534,0.5921016318611919,0.6041970550784127,0.6158861449081054
0.1551951951951952,0.5706337205035312,0.5824808222372126,0.5944766256360756,0.6065928660888088,0.6182919889379487
0.15557557557557558,0.5729733489273959,0.5848326054753535,0.5968385453881283,0.6089887392856496,0.6207050178857921
0.15595595595595596,0.5753036388770365,0.5871788295952404,0.5991970926401036,0.6113720636490672,0.6230992947344595
0.15633633633633634,0.577640863824288,0.5895141698262897,0.6015549366759891,0.613750278907355,0.6255105212320536
0.15671671671671672,0.5799541868089401,0.591842025628219,0.6039065533681315,0.6161213508511798,0.6278914442930728
0.1570970970970971,0.5822698061439908,0.5941690322226107,0.6062523673190903,0.6184777191697943,0.6302807257966389
0.15747747747747748,0.584560501277783,0.5964806871462613,0.6085882547986434,0.6208358179394136,0.6326463568379305
0.15785785785785786,0.5868478879538784,0.59879990049243,0.6109207749894263,0.6231793412958464,0.6350151150423445
0.15823823823823824,0.5891373914791554,0.6010988115069117,0.6132466305304759,0.6255317034701795,0.6373788461216303
0.15861861861861862,0.5914205910944208,0.6033991631586603,0.6155662115211902,0.6278721030010042,0.6397354298345393
0.158998998998999,0.5937126158522777,0.6056882234341298,0.6178767212448301,0.630205572450075,0.6420775795914277
0.15937937937937938,0.5959925180615305,0.607979347900781,0.6201847505398248,0.6325285278583943,0.6444064837644865
0.15975975975975976,0.5982731050630642,0.6102608822067087,0.6224932403445376,0.6348403574715408,0.6467427402239292
0.16014014014014014,0.600536891753542,0.6125438691818834,0.6247902107953007,0.6371470925884212,0.6490735332254655
0.16052052052052052,0.6027940155109942,0.6148145022043893,0.6270727244835979,0.6394550355326145,0.651396793910405
0.1609009009009009,0.6050460927544734,0.61708071193666,0.6293519540469353,0.6417611952901154,0.6537150162119105
0.16128128128128127,0.6072841542684544,0.6193358411082708,0.6316254272245768,0.6440468491881132,0.6560322203613508
0.16166166166166165,0.6095001718702429,0.621588336364932,0.6338951384802527,0.6463272421083391,0.6583324399599771
0.16204204204204203,0.6117316789645412,0.6238401977573224,0.6361625586010466,0.648610449667169,0.6606266379909713
0.16242242242242244,0.6139739176322465,0.6260783331551306,0.6384151527658066,0.6508802261680096,0.6629231307359784
0.16280280280280282,0.6161889422014969,0.6283069017391414,0.6406653930745869,0.6531425042599824,0.6652116226008729
0.1631831831831832,0.6183981364150529,0.6305318812523859,0.6429002624874377,0.6554051119030361,0.6674775211980615
0.16356356356356358,0.620611204592873,0.6327470415276821,0.6451312260104691,0.6576571194525624,0.6697442649737803
0.16394394394394396,0.6227887603075855,0.6349639609107093,0.6473613556971705,0.6599066075420943,0.671994368958545
0.16432432432432434,0.6249707610098728,0.6371650452522511,0.6495815994319668,0.6621425415067282,0.6742364512906409
0.16470470470470472,0.6271511281378476,0.6393609391008311,0.6517992090445915,0.6643707430306789,0.6764855615603663
0.1650850850850851,0.6293350192391001,0.6415516407190659,0.654006612329702,0.666593661418017,0.6787047662135132
0.16546546546546548,0.6315039942724923,0.6437378227613036,0.6562071958746106,0.6688091868154439,0.6809213248213083
0.16584584584584586,0.6336638654264748,0.6459223748741137,0.6584036825164788,0.6710237393024989,0.6831448263152908
0.16622622622622624,0.635810791164131,0.6480905360255927,0.6605925813672597,0.6732267014864298,0.6853571402962693
0.16660660660660662,0.6379723961457855,0.6502540639391517,0.6627678573712259,0.6754288498575979,0.6875693925268631
0.166986986986987,0.6401149852819853,0.6524204525392483,0.6649420044953941,0.6776150127828118,0.6897760472689894
0.16736736736736738,0.642271867644331,0.6545727884410069,0.6671060408095426,0.6798011746186954,0.6919559113888515
0.16774774774774776,0.644413508153169,0.6567288988444371,0.6692634689803293,0.6819795690466914,0.6941441070547621
0.16812812812812813,0.6465394112559557,0.6588693498254876,0.6714171208414095,0.684142498395124,0.6963132045776389
0.16850850850850851,0.6486530606513504,0.6609958447481031,0.6735655700752872,0.6863126730178151,0.6984855879618067
0.1688888888888889,0.6507565816436905,0.663121925166469,0.675705155604517,0.6884640729616767,0.7006536677661686
0.16926926926926927,0.6528498488283623,0.6652520435595082,0.6778375328066981,0.690606168353269,0.7028174378144268
0.16964964964964965,0.6549499394294169,0.6673597873670636,0.6799682534678696,0.6927533599326451,0.7049776532463359
0.17003003003003003,0.6570534265867202,0.669466008491695,0.6820894244476008,0.6948881536934858,0.7071255903621252
0.1704104104104104,0.6591417400387436,0.671561429511733,0.6842031280166858,0.6970082498688027,0.7092675485610598
0.1707907907907908,0.6612245773193454,0.673653739066024,0.6863044131706839,0.6991254119891204,0.7113885503812339
0.17117117117117117,0.6633029697224302,0.6757311674058386,0.6884049217936482,0.7012419694129874,0.7135056015856237
0.17155155155155155,0.6653743234730968,0.6778067025001021,0.6905007119143854,0.7033365186868129,0.7156145873960089
0.17193193193193193,0.6674196369197399,0.6798718896641092,0.6925818153715297,0.7054274653320788,0.7177179111078537
0.1723123123123123,0.6694676023483643,0.6819418069897772,0.6946602110061657,0.7075167223730072,0.7198337470114317
0.1726926926926927,0.6715072465300002,0.6839981956567376,0.6967324362462561,0.7095998653902208,0.7219330501238486
0.17307307307307307,0.6735527893746995,0.6860580617465123,0.6987951738483938,0.71166788826653,0.7240133391904945
0.17345345345345345,0.6755730534612273,0.6880954127573317,0.7008498844887723,0.7137345422377094,0.7260938675388292
0.17383383383383383,0.6776042224766065,0.6901345173174004,0.7028969573531362,0.7158045961783428,0.728167287714449
0.1742142142142142,0.6796253931520769,0.6921598125687539,0.7049325948286048,0.7178598495544944,0.7302234697352304
0.1745945945945946,0.6816284598306909,0.6941788827140426,0.7069660945269318,0.719901169593046,0.7322773839326445
0.17497497497497497,0.6836367721159223,0.6961912965691893,0.7089945331514335,0.72193609065089,0.7343154612554333
0.17535535535535537,0.685628981918565,0.69819081854607,0.7110129473159766,0.7239598824195698,0.7363661853288187
0.17573573573573575,0.6876117283676884,0.7001946357885653,0.7130166747029061,0.7259846644092635,0.7384004572820272
0.17611611611611613,0.6895994111201467,0.7021933963973477,0.7150134611192952,0.7279969690688392,0.7404270610117722
0.1764964964964965,0.6915573602764253,0.7041779916299621,0.7170161282302433,0.7300077725593903,0.7424473430286396
0.1768768768768769,0.6935252083108949,0.7061611605439305,0.7190015359694696,0.7320058162116965,0.7444506079318105
0.17725725725725727,0.6954929958437452,0.7081305988652913,0.7209836370150936,0.734001185049384,0.7464543657214598
0.17763763763763765,0.6974414384485983,0.7100987503065562,0.7229593863857374,0.7359854573304346,0.7484553354148975
0.17801801801801803,0.6993822615105162,0.71205579128714,0.7249272308004081,0.7379591809386363,0.750452250829717
0.1783983983983984,0.7013231352811657,0.7140048492283897,0.7268821240794382,0.739926570024603,0.7524244700632169
0.1787787787787788,0.7032425980928851,0.7159466234900715,0.7288390047340496,0.7418864601053132,0.7543925855302436
0.17915915915915917,0.7051573674263031,0.7178865718198388,0.7307821075099218,0.7438358513749018,0.7563448551216432
0.17953953953953955,0.7070697374398952,0.7198162280598712,0.7327166929822906,0.7457748672544442,0.7582934552607089
0.17991991991991993,0.7089784851272545,0.7217427471753082,0.7346444025915647,0.7477270119798896,0.7602397744256645
0.1803003003003003,0.7108809179276923,0.7236594433088516,0.7365677179681178,0.7496589471977527,0.7621724050664778
0.1806806806806807,0.7127849630553329,0.7255633093619723,0.7384843187855152,0.7515854460216556,0.7641047228765508
0.18106106106106107,0.7146811710374106,0.7274653015231192,0.7403897152651734,0.7534980468711876,0.7660255479134788
0.18144144144144145,0.7165521914936743,0.7293536322682732,0.7422897269509162,0.7553989559804156,0.7679430994346498
0.18182182182182183,0.7184123704790126,0.7312369804772834,0.7441804005323804,0.7572958242286442,0.7698488207591477
0.1822022022022022,0.7202750735534943,0.733109264218702,0.7460652210220147,0.759183607070674,0.7717356979371001
0.1825825825825826,0.7221332616299027,0.7349680320252979,0.747943537209142,0.7610769239424345,0.7736301723975664
0.18296296296296297,0.7239799510367001,0.7368285521540094,0.7498083650021726,0.7629482478122662,0.775509893258
0.18334334334334335,0.7258146046293307,0.7386873103773508,0.751665593596728,0.7648176446567337,0.7773805407091837
0.18372372372372373,0.7276606741673479,0.7405276208136475,0.7535170332034942,0.7666792428607675,0.7792558616664399
0.1841041041041041,0.7294906656400038,0.7423631411344865,0.7553657668024965,0.7685408636364569,0.7811228180274934
0.18448448448448448,0.7313151997474961,0.7441934148383884,0.757207873223371,0.770383098095392,0.7829889470626489
0.18486486486486486,0.7331338957134383,0.7460155473661171,0.7590368818405987,0.7722260662324644,0.7848462140558843
0.18524524524524524,0.7349451267033908,0.7478279531758305,0.7608602492432521,0.7740559937094447,0.7866882677636704
0.18562562562562562,0.7367471134748629,0.7496382810457963,0.7626775999539029,0.7758812133415794,0.7885258914104067
0.186006006006006,0.7385417719628966,0.7514329355481371,0.7644880182157535,0.7776933557953011,0.7903483414745948
0.18638638638638638,0.7403267036018233,0.7532158191566543,0.7662847190150267,0.779500386992929,0.7921624503319464
0.18676676676676676,0.7421169630893683,0.754999850302344,0.7680655286382914,0.7813005041549287,0.7939732090780273
0.18714714714714714,0.7438887961074827,0.7567672632611963,0.7698514253345972,0.7830924262481649,0.7957646216914851
0.18752752752752752,0.7456514358605408,0.7585439924013653,0.7716236737440885,0.7848695330911912,0.7975523349975359
0.1879079079079079,0.7474029185904532,0.7603034404451736,0.7733871951046153,0.7866378417176048,0.799332170238288
0.1882882882882883,0.7491434327312219,0.7620520093224628,0.7751441626380383,0.788403046270587,0.8011051005337861
0.1886686686686687,0.7508828753490776,0.7637922356943644,0.7768931704077913,0.7901503680443339,0.8028549313555642
0.18904904904904907,0.7526140338163716,0.765526068294112,0.7786334622117028,0.7919125562376232,0.8046022093002634
0.18942942942942945,0.7543329132757552,0.7672509107191919,0.780368230268087,0.7936544384462791,0.8063650357856491
0.18980980980980983,0.7560458481285126,0.7689719898927794,0.7820937967758361,0.7953803467114573,0.8081117028992935
0.1901901901901902,0.7577608447490044,0.7706840237650436,0.7838166203382438,0.7971059140986496,0.8098525317564534
0.19057057057057059,0.7594518430478403,0.7723898892148544,0.7855262696008283,0.7988283986028996,0.8115684745063614
0.19095095095095097,0.7611513700761752,0.7740885716108137,0.7872307750885872,0.8005301434095169,0.8132727649922511
0.19133133133133134,0.7628256873151518,0.7757760454911466,0.7889231121646585,0.802226748139282,0.8149693470642219
0.19171171171171172,0.7644986276312865,0.7774573402257134,0.7906088368049876,0.8039103067136358,0.8166758682397265
0.1920920920920921,0.7661619054575728,0.7791301015328468,0.792284073487719,0.8055936956845119,0.8183752655888045
0.19247247247247248,0.7678267376217079,0.780790669821401,0.7939558299777163,0.807272781445083,0.8200451892312045
0.19285285285285286,0.7694586633852571,0.7824413584242977,0.7956202807069711,0.8089445126985767,0.8217132413907207
0.19323323323323324,0.7711007781959466,0.7840836039313571,0.7972817851829586,0.8106079501334711,0.8233660629033175
0.19361361361361362,0.772719981900563,0.7857190084189308,0.798927699463456,0.8122598026658822,0.8250317867395939
0.193993993993994,0.7743406592529591,0.7873462477192623,0.8005708051128694,0.813896413305088,0.8266735037017848
0.19437437437437438,0.7759531384294791,0.7889735036886593,0.802193086617392,0.8155283751038588,0.8283175579964259
0.19475475475475476,0.7775644047918848,0.7905907173897895,0.8038128002657273,0.8171623472917824,0.8299537515513677
0.19513513513513514,0.7791621589236992,0.7921934212425711,0.8054248818950579,0.8187759570836077,0.8315839004556006
0.19551551551551552,0.7807642064739153,0.7937821894952534,0.807024489800069,0.8203915935477475,0.8331930871928149
0.1958958958958959,0.7823622451950715,0.7953692397385229,0.8086142127452928,0.8219913514582612,0.8348066299094603
0.19627627627627628,0.7839411053776519,0.7969544007811836,0.8101999781811767,0.8235875991441002,0.8364068787715557
0.19665665665665666,0.7855076992726576,0.7985210435832865,0.8117721275470421,0.8251744849811916,0.8380033564753262
0.19703703703703704,0.7870686069303837,0.8000907668175009,0.8133401948946404,0.8267610917827064,0.8395775585272165
0.19741741741741742,0.7886082322760894,0.8016523105433304,0.8148966391472579,0.828325158498318,0.8411590072366083
0.1977977977977978,0.7901494695215284,0.8032013386285979,0.8164544171800417,0.8298789685928221,0.8427000344077801
0.19817817817817818,0.7916772745355115,0.804737032000344,0.817998435875243,0.8314237219334446,0.8442481571960261
0.19855855855855856,0.7932069038732564,0.8062820255712839,0.8195268281349968,0.8329660503740515,0.8457908906423508
0.19893893893893894,0.7947311312128268,0.807795034607816,0.8210563525494873,0.8344894251041861,0.8473399971910933
0.19931931931931932,0.7962408405506242,0.8093135778923967,0.822577963977166,0.836003290752191,0.8488744017719706
0.1996996996996997,0.7977380491918683,0.8108176049331034,0.8240912185906124,0.8375199790120704,0.8503949682181517
0.20008008008008007,0.7992426321358296,0.8123148083285366,0.8255937174084054,0.8390209676585831,0.8518902359596925
0.20046046046046045,0.8007334611450169,0.8138090024459094,0.8270849472355233,0.8405145313600312,0.8533920850003036
0.20084084084084083,0.8022074345316916,0.8152900979124572,0.8285713093327683,0.8419906544715117,0.85489199670425
0.2012212212212212,0.8036827747130197,0.816759567308208,0.8300446917956861,0.843460413443701,0.8563623851469601
0.20160160160160162,0.8051518564700819,0.8182198133802281,0.8315095099246166,0.8449286982748274,0.8578344112222791
0.201981981981982,0.806622988838061,0.8196745944415352,0.8329694206039816,0.8463838100519617,0.859284277298487
0.20236236236236238,0.808062710643174,0.8211138130828295,0.8344087976721659,0.8478363292409365,0.860737495973209
0.20274274274274276,0.8095010192134805,0.8225524158196421,0.8358449459871102,0.8492814639100321,0.8621879337609543
0.20312312312312314,0.8109380209653942,0.8239770330289268,0.8372761312679221,0.850723087701402,0.8636075817147311
0.20350350350350352,0.8123641057537941,0.8253878473972065,0.8387021031351563,0.8521440190203282,0.8650251450636072
0.2038838838838839,0.8137642515930138,0.8267958596908663,0.8401170237438175,0.8535596655315232,0.866442925735457
0.20426426426426428,0.8151771205284768,0.8282029354201427,0.8415263396822275,0.8549706798410909,0.8678665746163025
0.20464464464464466,0.8165697629774356,0.829601360440475,0.8429299796848359,0.8563671808862758,0.8692878201540667
0.20502502502502504,0.8179625073479726,0.8309852838569929,0.8443185012464841,0.8577576640953368,0.8706741732925581
0.20540540540540542,0.8193300745318475,0.8323647926709583,0.8456913711542307,0.8591294000645866,0.8720490350729607
0.2057857857857858,0.8206871636488835,0.8337341277660122,0.8470588099207068,0.8604999881372276,0.8734092281627598
0.20616616616616618,0.8220507972639974,0.8350982376920844,0.8484186415691837,0.8618613795990424,0.8747690381501064
0.20654654654654656,0.8234223627928023,0.8364435088492912,0.849772506372135,0.8632160231949346,0.8761228861597277
0.20692692692692694,0.8247824479624208,0.8377866642027585,0.8511205263325944,0.8645605748211305,0.8774744835616116
0.20730730730730731,0.8261252960564924,0.8391223671950941,0.8524554749452165,0.8659038179845553,0.8787932083918685
0.2076876876876877,0.8274655151040433,0.8404435647373233,0.8537835864411845,0.8672243568808721,0.880116713788576
0.20806806806806807,0.8287665750470016,0.8417626299922191,0.8550967258587603,0.8685439183293893,0.8814387192011508
0.20844844844844845,0.8300770558650807,0.8430691674607641,0.856392845127727,0.8698479042120943,0.8827506319904115
0.20882882882882883,0.8313804198285428,0.8443760787880918,0.8576908314724279,0.8711505649927506,0.8840247972909548
0.2092092092092092,0.8326777196363446,0.8456655569761544,0.8589778997128079,0.8724357631781925,0.8853213241783672
0.2095895895895896,0.8339540820677588,0.8469427001054358,0.8602561358698695,0.8737184289672828,0.8866225389083914
0.20996996996996997,0.8352487784079163,0.8482131120395643,0.861535919753032,0.8749860166942846,0.887885110576079
0.21035035035035035,0.8365134722005658,0.8494708123415967,0.8627956638472613,0.8762425378137451,0.8891391589754147
0.21073073073073073,0.8377590795052641,0.8507247943337185,0.8640503959405662,0.8774927323718201,0.890405062652357
0.2111111111111111,0.8390094975316323,0.8519651671419254,0.8652998499045017,0.8787317221166562,0.89163440121708
0.2114914914914915,0.8402423492893424,0.8531990163978352,0.8665313720199186,0.8799689284083092,0.8928554649295651
0.21187187187187187,0.8414646511282516,0.8544133653313511,0.8677577817563623,0.8811944413104487,0.8940916730909695
0.21225225225225225,0.8427051673854984,0.8556373074819028,0.868973610808364,0.8824060595681055,0.8953175332443631
0.21263263263263263,0.8439264724513074,0.856842858109106,0.8701833082127379,0.8836136306552073,0.8965216171429325
0.213013013013013,0.8451277026882471,0.8580370619753291,0.8713898151472069,0.8848053508530934,0.8977181211837144
0.2133933933933934,0.8463281515623122,0.8592389034616297,0.8725828365775979,0.8859972373720661,0.8989004136441319
0.21377377377377377,0.8475030438628225,0.8604273687677029,0.8737743147538717,0.8871781347396658,0.9000776982846646
0.21415415415415415,0.8486759145749413,0.8615985622273533,0.8749449943566638,0.8883510233066989,0.90126720300495
0.21453453453453455,0.8498392272083054,0.8627639557791595,0.8761094477701938,0.8895196619123741,0.9024427799303236
0.21491491491491493,0.8509946021070227,0.8639173795798087,0.8772683129444239,0.8906691341434851,0.9035921816150556
0.2152952952952953,0.8521504954513056,0.8650670972313387,0.8784123577096473,0.8918066003511671,0.904719991579269
0.2156756756756757,0.85326542136387,0.8662034060746171,0.8795534384247904,0.8929357801382023,0.9058634484407033
0.21605605605605607,0.8543880768622175,0.8673222292426763,0.880684872420471,0.8940556347917981,0.9069942280616369
0.21643643643643645,0.8555022572089241,0.868436250093729,0.8818028145112724,0.895180089260826,0.9081247813641393
0.21681681681681683,0.8566227249858629,0.8695447501213855,0.8829108047731025,0.8962849185065634,0.9092268999896088
0.2171971971971972,0.857739799264121,0.8706545266967063,0.8840083962252575,0.8973868693351279,0.9103051774214169
0.2175775775775776,0.8588397187044126,0.871759142964121,0.8850951714798929,0.8984788091517113,0.9114219909699799
0.21795795795795797,0.859928948772621,0.8728474168244528,0.8861809087930981,0.8995469235170513,0.9124922030229511
0.21833833833833835,0.8610009607561788,0.8739228267862273,0.8872530873093707,0.9006220350363177,0.9135614373358636
0.21871871871871873,0.8620784197251722,0.8749867722877848,0.8883123255133005,0.9016859753964807,0.914606054172005
0.2190990990990991,0.8631497390682458,0.8760397108389855,0.8893688391408311,0.9027366778103665,0.9156694545435329
0.2194794794794795,0.8641930907330939,0.8770909176859905,0.8904123912879155,0.9037721411280157,0.9167047716460146
0.21985985985985987,0.8652321834389742,0.8781336337588194,0.8914423540298334,0.9047977089478998,0.9177491659365631
0.22024024024024025,0.866258692078015,0.879160625754339,0.8924639460772833,0.9058296244532735,0.9187750789268195
0.22062062062062063,0.867274258151473,0.8801878161590027,0.8934769220406612,0.9068397229083018,0.9197955277334775
0.221001001001001,0.8682798867742045,0.8812009730054722,0.8944810938132537,0.907850831534273,0.9207974883705314
0.2213813813813814,0.8692865022553846,0.8822029834056834,0.8954793324681435,0.9088386274064627,0.9217903989968983
0.22176176176176177,0.8703132992293756,0.8831970421912976,0.8964669223964318,0.9098152149856807,0.9227538847611454
0.22214214214214215,0.8713006221304512,0.8841840198064813,0.8974384002440232,0.9107866730215529,0.9237303246510215
0.22252252252252253,0.8722944849498347,0.8851513800887895,0.8984125349947292,0.9117501244536204,0.9246790917104942
0.2229029029029029,0.8732727044780161,0.8861089132844879,0.899374335373702,0.9127080404514661,0.9256150932094165
0.22328328328328328,0.8742301752820438,0.8870550721961391,0.9003264795945212,0.9136597703763074,0.926569087237599
0.22366366366366366,0.8751630582963909,0.8879990879499116,0.9012676619959339,0.9145906812463562,0.9275021122824739
0.22404404404404404,0.876105666673164,0.8889380451820542,0.9021957726693655,0.9155186900011593,0.9284151041140788
0.22442442442442442,0.8770227195732113,0.8898601547191116,0.9031238116248516,0.9164393887540128,0.929328718957837
0.2248048048048048,0.877944343211831,0.8907892668483398,0.9040440339103766,0.9173466629783193,0.9302473121149307
0.22518518518518518,0.8788634903305154,0.8916984319699165,0.9049504028272355,0.9182439828344785,0.9311471634631264
0.22556556556556556,0.879764251086732,0.8925947562237466,0.9058438062345934,0.919133013191587,0.932031513301643
0.22594594594594594,0.880658927251586,0.8934846021166365,0.9067339369782673,0.9200113171396622,0.932901789366353
0.22632632632632632,0.8815300175873172,0.8943578421328707,0.9076026363288314,0.9208723379662966,0.9337584327870686
0.2267067067067067,0.8824010616390046,0.8952337998317762,0.9084657348097934,0.9217341237912631,0.9346182745142476
0.22708708708708708,0.8832642427122576,0.8960921553286509,0.9093179102744082,0.9225876598454615,0.9354834274732945
0.2274674674674675,0.8841131065663543,0.8969439975906712,0.9101582897625656,0.9234334837387442,0.9363154686393077
0.22784784784784787,0.8849465951342633,0.8977831706140689,0.9109997282058122,0.9242658900639693,0.9371391786597322
0.22822822822822825,0.8857661473275095,0.8986172253950574,0.9118281154200544,0.925082176785985,0.9379600711121203
0.22860860860860863,0.8865903619610772,0.8994365758099251,0.9126501196015623,0.9259046469594867,0.9387669625937757
0.228988988988989,0.8874121050987798,0.9002421051024412,0.913458511376436,0.9267064085455546,0.9395787953836029
0.22936936936936939,0.8882179865496254,0.9010475555088878,0.9142564887100213,0.9274934146664134,0.9403768436303489
0.22974974974974977,0.8890026727559477,0.9018462653661444,0.9150482038714844,0.9282790510099492,0.9411685032852283
0.23013013013013014,0.8897932282332468,0.9026310127791949,0.9158242861931593,0.9290611214124369,0.9419395479035992
0.23051051051051052,0.8905859984990053,0.9034019952737848,0.9165926003471085,0.9298298584244454,0.9426928781625998
0.2308908908908909,0.8913584233566645,0.904173393584409,0.9173459622228279,0.9305903583864623,0.9434413412569532
0.23127127127127128,0.8921266169926333,0.9049305346315417,0.9180960788905723,0.9313325564139845,0.9441629226694196
0.23165165165165166,0.8928778540748927,0.905679969174068,0.9188300418271547,0.9320735135755372,0.9448980155002419
0.23203203203203204,0.8936088973670944,0.9064274346361775,0.9195563045724393,0.932798164732213,0.9456322252829512
0.23241241241241242,0.8943572950364986,0.9071443369869812,0.9202823915229879,0.9335088778545118,0.9463470702892888
0.2327927927927928,0.8950948069296581,0.9078609570966752,0.9209895413016626,0.9342119507309429,0.9470578000070217
0.23317317317317318,0.895808310789745,0.9085739598226578,0.9216887387579422,0.934912430137043,0.9477551631573733
0.23355355355355356,0.8964905489285029,0.9092676305392948,0.9223786337254336,0.9355979178915992,0.9484290356603627
0.23393393393393394,0.8971578114426921,0.9099566495664935,0.9230604602144584,0.9362754005736355,0.9491287311196597
0.23431431431431432,0.8978594062640923,0.9106471933932409,0.923732332026312,0.9369388524391299,0.9497673515761765
0.2346946946946947,0.8985272823081225,0.9113164927472288,0.9243901448231353,0.9375968288801079,0.9504357066456993
0.23507507507507508,0.8991875079747547,0.9119759669586881,0.9250406042332103,0.9382464115075291,0.9510733443428753
0.23545545545545546,0.8998500652953424,0.912624176442259,0.9256756640036478,0.9388863724266914,0.9517271950563381
0.23583583583583584,0.9004863874260396,0.9132723445428332,0.9263059731670151,0.9395024206854076,0.9523364984003914
0.23621621621621622,0.9011183123281455,0.9138979775410403,0.926925996528946,0.9401183341026896,0.9529582656206811
0.2365965965965966,0.9017492835795211,0.9145112601848749,0.9275423506386623,0.9407363510237943,0.9535685457447493
0.23697697697697698,0.9023836928892862,0.9151185679807392,0.9281398180557033,0.94132174542917,0.9541496080105815
0.23735735735735736,0.9029918235596551,0.9157180552265723,0.9287354630516437,0.9419101908060525,0.9547226643012715
0.23773773773773774,0.9035923705112262,0.916300228757196,0.9293228039300093,0.9424817767753481,0.9552927633732956
0.23811811811811812,0.9042000599443315,0.9168836530389073,0.9298999702841716,0.9430537727635118,0.9558460543680358
0.2384984984984985,0.9047705930184017,0.9174514506061702,0.9304654024902623,0.9436131686488581,0.9563903139101587
0.23887887887887888,0.9053313846489626,0.9180112307004892,0.9310128498644107,0.9441631786946746,0.956931123716139
0.23925925925925925,0.9058768397545982,0.9185601079069265,0.9315644179212412,0.9446958852158353,0.9574545134024337
0.23963963963963963,0.9064195369903768,0.9191071769478759,0.9320980110634194,0.9452234984155382,0.957992310343788
0.24002002002002001,0.9069571184290098,0.9196422561192008,0.9326212308456041,0.9457451203965322,0.9585111952925803
0.24040040040040042,0.9074834690821222,0.9201594488071235,0.933131060723558,0.9462628828569615,0.9590155107724456
0.2407807807807808,0.9080079355535654,0.9206725385870049,0.9336251226897956,0.9467616763244439,0.9595217300256508
0.24116116116116118,0.9085086456334575,0.9211656162587923,0.934117044241942,0.9472519387832363,0.9599966309764556
0.24154154154154156,0.9089831004275296,0.9216572265230141,0.9345976605454427,0.9477286271533357,0.9604780234534749
0.24192192192192194,0.9094692816476851,0.922133658577343,0.9350723661294448,0.9482024295380852,0.9609369362070392
0.24230230230230232,0.909953677957696,0.9226150867507403,0.935533823768784,0.9486527688292699,0.961386468180131
0.2426826826826827,0.9104311258006509,0.9230785664811406,0.9359895116105276,0.9491060207467178,0.9618227739769167
0.24306306306306308,0.9109037884470722,0.9235357618435994,0.936443367485884,0.9495428367825728,0.9622537759196488
0.24344344344344346,0.9113571008900008,0.9239842721472734,0.9368840529213591,0.9499607276640405,0.9626901922111774
0.24382382382382384,0.9117878126938559,0.9244052641605979,0.9373119833055369,0.9503778062424244,0.9631204111910725
0.24420420420420422,0.9122008969997831,0.9248302830869708,0.9377296397479438,0.9507880803110772,0.9635353637913547
0.2445845845845846,0.9126200234992466,0.9252365189037604,0.9381417040575711,0.9511898141120583,0.9639219395343033
0.24496496496496498,0.9130282375089082,0.9256455534809512,0.93854411692933,0.9515871826839539,0.9642961645841632
0.24534534534534536,0.9134276329929232,0.9260337286128211,0.9389307916645393,0.9519676639916101,0.9646823424660607
0.24572572572572574,0.913815339381926,0.926420581761131,0.9393099336360984,0.9523334702428513,0.9650604772322887
0.24610610610610612,0.9141867253798737,0.9268017116275782,0.9396745989855869,0.9526848520034015,0.9654031802658537
0.2464864864864865,0.9145319836867818,0.9271656565770344,0.9400288972479119,0.9530438363494557,0.9657574865480346
0.24686686686686687,0.9148813308782683,0.927520950255827,0.9403817015480359,0.9533879642132915,0.9661065545954478
0.24724724724724725,0.9152289547833548,0.9278660350538304,0.9407249035843758,0.9537193640495889,0.966449212419769
0.24762762762762763,0.9155543405076909,0.9281995786007611,0.9410565414621238,0.9540425638895083,0.9667857409547941
0.248008008008008,0.9158924684175402,0.9285221336953073,0.9413812815551751,0.9543584541426523,0.9670788385891324
0.2483883883883884,0.9162242296608799,0.9288395236645653,0.9416883851720509,0.9546658280277541,0.967379020892075
0.24876876876876877,0.9165280016660007,0.9291384127090598,0.9419838386371266,0.9549584324431756,0.9676452383371517
0.24914914914914915,0.9168460785385016,0.9294333285524828,0.9422729797441486,0.9552482129323492,0.9679230608530666
0.24952952952952953,0.9171240203995649,0.9297169162851102,0.9425525692872884,0.9555236824968957,0.9682035341757197
0.2499099099099099,0.9174020388131301,0.9299958300218346,0.9428134893693717,0.9557908320022099,0.9684467019808686
0.2502902902902903,0.9176823569424848,0.93025532019038,0.943072381646702,0.9560446766565004,0.9687035434022557
0.25067067067067067,0.9179296630177397,0.9305087674163051,0.9433238728219984,0.9562917320115496,0.9689537688041354
0.2510510510510511,0.9181731441451608,0.9307440293783428,0.9435679378673368,0.9565223555709882,0.9691903888437693
0.25143143143143143,0.9184216096266872,0.9309729705866373,0.9438003048640832,0.9567576902118391,0.9694016251687463
0.25181181181181184,0.918662751112118,0.9311980169805991,0.9440186808548888,0.9569727605240002,0.9696360852306117
0.2521921921921922,0.9188748424350371,0.9314156598617027,0.9442219256246281,0.9571761121078988,0.9698292625108363
0.2525725725725726,0.9190995721785099,0.931617833370479,0.9444171428852898,0.95736692638731,0.9700172698602108
0.25295295295295295,0.91928844961147,0.9318119135747587,0.944602835314904,0.9575526571028565,0.9701775901422013
0.25333333333333335,0.9194767704440684,0.9319840797475153,0.9447701438073317,0.9577258887204892,0.9703255745345827
0.2537137137137137,0.919648300812694,0.9321396625540148,0.9449331770300329,0.9578854918480559,0.9704792493508322
0.2540940940940941,0.9198093466870603,0.9322976195221911,0.9450906839231868,0.9580414262328216,0.9706345111495708
0.25447447447447447,0.9199619623118682,0.93244452006948,0.945238575440322,0.9581951801209366,0.9707781074171131
0.2548548548548549,0.9201086799283539,0.9325811570871856,0.945375755664416,0.9583325866041581,0.9709164021907538
0.2552352352352352,0.9202602399680944,0.9327088481099409,0.9455067360422424,0.958457033957834,0.9710518107839582
0.25561561561561563,0.920394391053992,0.9328415770297281,0.9456294587134048,0.9585673653164023,0.9711875333740931
0.255995995995996,0.9205093965919092,0.9329548816863823,0.9457390129676324,0.9586625500527783,0.9712820538581176
0.2563763763763764,0.9206028397577157,0.9330605022592504,0.9458313812849358,0.9587551592421837,0.9713665267508886
0.25675675675675674,0.9206975534860514,0.933155421922018,0.9459223562852864,0.9588318632039255,0.9714440900144089
0.25713713713713715,0.9207906193522016,0.933240918483588,0.9459993305745737,0.9589177871135197,0.9715220800181616
0.2575175175175175,0.9208461970120801,0.9333162529685822,0.9460614496646895,0.958977677633361,0.9715613804924124
0.2578978978978979,0.9209018237342744,0.9333775634840075,0.9461137560703947,0.9590270095092885,0.9715927729316669
0.25827827827827826,0.9209605582867608,0.933422730954288,0.9461649013457598,0.9590666241063953,0.971635017156397
0.25865865865865867,0.9210180492147548,0.9334519990792052,0.9462018860057749,0.9590899552758525,0.9716481710737644
0.259039039039039,0.9210263029400708,0.9334756298541922,0.9462404578685245,0.959111818584404,0.971654364053935
0.25941941941941943,0.9210337003966974,0.9334953818523946,0.946259623909373,0.9591349974427341,0.9716719084124177
0.25979979979979984,0.9210438499133432,0.9335080282276613,0.9462693310461064,0.9591367298486416,0.9716786817768618
0.2601801801801802,0.9210447823783866,0.9335057151768438,0.9462601686726604,0.9591396181055329,0.9716592341799325
0.2605605605605606,0.9210402611599715,0.9335033638314991,0.9462504351171618,0.9591247894847031,0.9716431793322693
0.26094094094094095,0.921000995089701,0.9334752927322945,0.9462376060627841,0.959095840943043,0.9716112088877212
0.26132132132132135,0.9209885627662346,0.9334430388411685,0.9462017836609322,0.9590636251855141,0.9715688095304809
0.2617017017017017,0.9209563175973614,0.9334031504129195,0.9461573421922352,0.9590233522432988,0.9715279710669213
0.2620820820820821,0.9209248761913651,0.9333468575870724,0.9461083672588476,0.9589633712385347,0.9714680668473225
0.26246246246246246,0.9208433118394779,0.9332787297153695,0.9460538554073309,0.9588865715021209,0.9713773909042124
0.26284284284284287,0.9207733312145436,0.9332097294991352,0.9459797297118698,0.9587968061166525,0.9712993635807516
0.2632232232232232,0.9206962793100021,0.9331383862382494,0.9458979873313235,0.9587260750233095,0.9712269438661953
0.26360360360360363,0.9206296205924205,0.9330505798787241,0.9458083707720395,0.9586132458257696,0.9711183557528836
0.263983983983984,0.9205427015678911,0.932944632587887,0.9456983179496568,0.9585131441323547,0.9710047593123521
0.2643643643643644,0.9204113327983936,0.932832767838046,0.945581116098525,0.9584007270374326,0.9708863048056624
0.26474474474474474,0.9202730285610597,0.9327129471392137,0.9454576543295272,0.9582707960765067,0.9707867456021891
0.26512512512512515,0.920138281085405,0.9325824859569467,0.9453373704978459,0.9581374614400439,0.9706431322166782
0.2655055055055055,0.9199852184535201,0.9324377794769969,0.9451934766661595,0.9579916589878907,0.9705041234322019
0.2658858858858859,0.9198271968657912,0.9322819967688354,0.9450387241345956,0.9578450988226727,0.9703498865003611
0.26626626626626626,0.9196674765400937,0.9321231566814965,0.9448750354310499,0.9576792624556654,0.9701796520904428
0.26664664664664667,0.9195024205671674,0.9319513186841258,0.9447060793706679,0.9574904077176988,0.9700106164362251
0.267027027027027,0.9193079652322075,0.931765730589351,0.9445225135969946,0.9573196169116247,0.9698396940775217
0.2674074074074074,0.9191025737326115,0.9315648243446749,0.9443326389131906,0.9571327694796579,0.9696594908712491
0.2677877877877878,0.9189058712685937,0.9313775809164716,0.9441306707013276,0.956921250237686,0.9694433944193973
0.2681681681681682,0.9186999656279512,0.931170478582735,0.9439123728093219,0.9567132670621757,0.9692109062909972
0.26854854854854854,0.9184787394384555,0.930937841036001,0.9436878509192111,0.9564911513122696,0.9689672936981348
0.26892892892892895,0.9182444157671323,0.930717313915308,0.9434551594127234,0.9562716755651774,0.968743127002978
0.2693093093093093,0.9180040166764897,0.9304809064602801,0.9432091573685464,0.9560215586965238,0.9684886196867182
0.2696896896896897,0.9177466354796552,0.9302316468218146,0.9429629266424142,0.9557652020020482,0.9682444822379589
0.27007007007007006,0.9174972470817382,0.9299680923628716,0.9426920442960215,0.9555111761194898,0.9679694769113807
0.27045045045045046,0.9172291631250077,0.9297019943417112,0.9424193002380776,0.9552423319112132,0.9676869637272347
0.2708308308308308,0.9169462426273223,0.9294131536995892,0.9421440198460229,0.9549629803749801,0.9673933508278071
0.2712112112112112,0.9166466570740448,0.9291255565411232,0.9418509359924848,0.954671009901049,0.9671040427451586
0.2715915915915916,0.9163376823789066,0.9288183245427944,0.9415437912743139,0.9543721368043706,0.9667867285725069
0.271971971971972,0.9160319766204756,0.9285044009238292,0.9412290903804216,0.9540532348709728,0.9664590980796115
0.27235235235235233,0.9157018109469692,0.928176004419136,0.940914495843626,0.9537349254030355,0.9661097752113194
0.27273273273273274,0.9153479328571378,0.927839273126983,0.9405843267173097,0.9534017616769203,0.9657693428969829
0.27311311311311315,0.9150059806370717,0.9274893835967433,0.9402405018974798,0.9530702795849821,0.9654096589684064
0.2734934934934935,0.9146627442534264,0.9271321113025421,0.9398963491582557,0.9527228183872137,0.9650709988914824
0.2738738738738739,0.9142931797124588,0.9267688899897494,0.9395357641951523,0.9523594567955934,0.9647076370938913
0.27425425425425426,0.9139054046314933,0.9263873614139936,0.9391584806884291,0.9520024381475675,0.9643424702517365
0.27463463463463467,0.9134922646800437,0.9259940610372488,0.9387703434405393,0.9516288859960783,0.9639750641759584
0.275015015015015,0.9130979654104994,0.9256079971892691,0.9383847616668426,0.9512456744625036,0.9635932333555359
0.2753953953953954,0.9126990554584423,0.9251980921711407,0.9379797003290932,0.950844195223219,0.9631821616698942
0.2757757757757758,0.9122741079607027,0.924787765447546,0.9375684032061282,0.9504388327923615,0.9627426720333285
0.2761561561561562,0.9118423009594487,0.9243661582397158,0.9371423770125955,0.9500155816980786,0.9623438170226876
0.27653653653653654,0.9113956326000529,0.9239178935885662,0.9367012726167824,0.9495962311149999,0.9619049421572511
0.27691691691691694,0.9109507571256299,0.9234722945111211,0.9362618296513828,0.9491569946404063,0.9614513359581436
0.2772972972972973,0.9104978618602467,0.9230246130397981,0.935816877636689,0.9487067828671784,0.9610291415913071
0.2776776776776777,0.9100312051001126,0.9225621740073223,0.9353568276505941,0.9482513641338229,0.960562448934607
0.27805805805805806,0.9095577145817255,0.9220921919069145,0.9348861664477666,0.9477827376676883,0.9600646777111423
0.27843843843843846,0.9090582164860321,0.9216051352604896,0.9344103047449009,0.9473092962022649,0.9595995604048795
0.2788188188188188,0.9085424690590513,0.9211031384508,0.933912528041316,0.9468249983617448,0.9591244078786301
0.2791991991991992,0.9080352148482533,0.9206084361151574,0.9334211777496738,0.9463387719253147,0.9586499784940784
0.2795795795795796,0.9075125998249869,0.9200878156366854,0.9329084091670593,0.9458265333750886,0.9581506403847184
0.27995995995996,0.9069803742627109,0.9195589279471569,0.9323889485546916,0.9453100229156717,0.957660704377328
0.28034034034034033,0.9064508774879544,0.9190288841681957,0.9318563347132212,0.9447800462339234,0.9571459807433002
0.28072072072072074,0.9059110575582026,0.918480571187725,0.9313150107360818,0.9442455795664618,0.9566341990330676
0.2811011011011011,0.9053478046587401,0.9179137950322217,0.9307716577902031,0.9437060465848596,0.9560733000790393
0.2814814814814815,0.9047556748347977,0.9173409500990033,0.9302150738469918,0.9431650198504984,0.9555335992964785
0.28186186186186185,0.904156640754409,0.9167586340633759,0.9296537172371471,0.9426026419038096,0.9549808611527539
0.28224224224224226,0.9035370221694559,0.9161710610375728,0.9290860691017769,0.9420354681404625,0.9544154800754309
0.2826226226226226,0.9029289585668032,0.9155729136265762,0.9284923370929548,0.9414443413291165,0.9538298890763228
0.283003003003003,0.9023293420715316,0.9149695383278033,0.9278985793003738,0.9408530353616149,0.9532283719545305
0.28338338338338337,0.9017224127268347,0.9143570472373181,0.9272963534575553,0.940258269533733,0.9526454793746236
0.2837637637637638,0.9011021088946604,0.9137430762475829,0.9266775606105577,0.9396411863483844,0.952038118687527
0.28414414414414413,0.9004652950228255,0.9131028458135969,0.9260474216257327,0.9390197154509123,0.9514401331575635
0.28452452452452454,0.8998234770667051,0.912456343433733,0.9254015902072993,0.9383851710987929,0.9508412836940612
0.2849049049049049,0.8991488698862445,0.9118008997499583,0.9247549594793008,0.9377534845673099,0.9502283921432768
0.2852852852852853,0.8984764673331271,0.9111355286748456,0.9240907420115461,0.9371009321496644,0.9495951754806665
0.2856656656656657,0.8977937459288238,0.910461648617031,0.9234261669339222,0.9364365789096142,0.9489581418303532
0.28604604604604605,0.897109196473061,0.90976644988149,0.9227464462066916,0.9357734813134138,0.9483038586078877
0.28642642642642646,0.8964033608169433,0.9090621358101484,0.9220651828478964,0.9350982539471736,0.9476335939183784
0.2868068068068068,0.8956834646667436,0.9083521094918541,0.9213710612447301,0.9344122760409981,0.9469692985845872
0.2871871871871872,0.8949523629452455,0.9076243608982385,0.9206627037631939,0.9337088145625131,0.9463006110445957
0.2875675675675676,0.8942303241241809,0.9069050113056958,0.9199484681115073,0.9330031196977032,0.9456090975246502
0.287947947947948,0.8934902002061075,0.906169144786535,0.9192286242147025,0.932281933863171,0.9449054687170764
0.28832832832832833,0.8927300684840973,0.9054233100269762,0.9184866394972049,0.9315570996330719,0.9441955911980877
0.28870870870870874,0.8919599249721253,0.9046731362954927,0.917737766516624,0.9308267525944754,0.9434481264784419
0.2890890890890891,0.8911782230395223,0.9039107960573911,0.9169763979152,0.9300760842975431,0.9427339122961313
0.2894694694694695,0.8904034279013806,0.9031429143720484,0.916209031405705,0.9293280843339686,0.9419983911089866
0.28984984984984985,0.889612157116855,0.9023511824729431,0.9154348156708585,0.9285711176731861,0.9412562979772958
0.29023023023023026,0.8887963550452627,0.9015691811253043,0.9146531434932862,0.9278015019252773,0.940498649141002
0.2906106106106106,0.8879822114235587,0.9007701268757389,0.9138557350060347,0.9270223866401495,0.9397462520609994
0.290990990990991,0.887149909768349,0.899954403331365,0.9130450327973905,0.9262214176975394,0.9390046159148231
0.29137137137137137,0.8863226549191218,0.8991326895780587,0.912231441203878,0.9254309861108517,0.9382151735945798
0.2917517517517518,0.8854643251946742,0.8982846916354593,0.9114181846125272,0.9246248766704911,0.9374304898839929
0.2921321321321321,0.8845987213325606,0.8974409147822906,0.9105873475225406,0.9237988749237545,0.9366362642336443
0.29251251251251253,0.8837118904401285,0.896585646342991,0.9097472342766997,0.9229712733599492,0.9358354502054309
0.2928928928928929,0.8828325082120755,0.8957282245582857,0.9089040035018953,0.9221508347722265,0.9349984300898523
0.2932732732732733,0.8819343532480574,0.8948559801025234,0.908040649460167,0.9213154885855901,0.9341769486031498
0.29365365365365365,0.8810434750047553,0.8939677518115988,0.9071724770262841,0.9204538882610237,0.9333315255186113
0.29403403403403405,0.8801266035769649,0.893065165521337,0.9062983155299714,0.9195860680924656,0.9324886987003512
0.2944144144144144,0.8791792917311937,0.8921633833720737,0.9054068692544691,0.9187035332505874,0.9316146447155071
0.2947947947947948,0.8782469173240346,0.8912464835738738,0.9045124774393752,0.9178301317832228,0.9307388599073636
0.29517517517517516,0.8773080082085012,0.890325491594843,0.9036059731787697,0.9169461423211973,0.9298490671249316
0.29555555555555557,0.8763402438036805,0.8893946409028195,0.9026946667560558,0.9160490077955533,0.9289597413613273
0.2959359359359359,0.8753847435857268,0.8884557911654963,0.9017694538048678,0.9151446940381095,0.9280728179461775
0.29631631631631633,0.8744240539913261,0.8874955169284726,0.9008414231626825,0.9142409117378708,0.9271873481520125
0.2966966966966967,0.8734479505683581,0.8865271161066707,0.8998949445977845,0.9133170187110163,0.9262789395961746
0.2970770770770771,0.8724522513798382,0.8855605523390401,0.8989438966704714,0.9123765993319433,0.9253546621160126
0.29745745745745744,0.8714452950381713,0.8845787080544185,0.8979758783460838,0.911436134027224,0.9244398695307986
0.29783783783783785,0.8704192425306994,0.8835687478255122,0.8970028322381873,0.9104761260111948,0.9234764640853258
0.2982182182182182,0.8694151857518313,0.8825535754292178,0.8960238286698147,0.9095115026456249,0.9224948674355687
0.2985985985985986,0.8684007156930739,0.8815351238775979,0.8950285242840252,0.9085411961055813,0.9215148114651291
0.298978978978979,0.8673806081265513,0.8805250588453659,0.8940266121168354,0.9075502282594442,0.9205777641100087
0.29935935935935937,0.8663366499209997,0.8795013557092076,0.8930085925667846,0.9065443427366664,0.9196028348645774
0.2997397397397398,0.865264271394281,0.8784487179706711,0.8919834991419243,0.9055471543138535,0.9186257298068485
0.3001201201201201,0.8641964989720704,0.877395884163614,0.8909527014832416,0.9045243211872007,0.9176351377920658
0.30050050050050053,0.8631329033684216,0.8763280662916011,0.8899088645005316,0.9035102661314881,0.9166440030078572
0.3008808808808809,0.862051888556797,0.8752519687103203,0.8888544514939091,0.9024824061111625,0.9156270670705975
0.3012612612612613,0.8609511677337663,0.8741755430246503,0.8878086096106381,0.9014410384439967,0.9146156525142052
0.30164164164164164,0.8598517752751971,0.8730838986777355,0.886734256551673,0.9003912437681332,0.9135713331997358
0.30202202202202205,0.8587296562665554,0.8719728710333275,0.8856623690771104,0.8993475853946072,0.9125402708163757
0.3024024024024024,0.8575710878351029,0.8708569969317737,0.8845840665870298,0.8982706669052617,0.9114860968297968
0.3027827827827828,0.856457097407339,0.8697397696553496,0.8834896820514444,0.8972136464154179,0.9104134823887978
0.30316316316316316,0.8553081597372585,0.8686072953700531,0.8823838072532224,0.8961353050778171,0.9093553038775286
0.30354354354354357,0.8541591202207715,0.8674544773823866,0.8812612602570795,0.8950350773131052,0.9082743497852117
0.3039239239239239,0.8530038067328163,0.8663027245168753,0.8801429002083703,0.8939363092044186,0.9072241456326708
0.30430430430430433,0.8517930286293393,0.8651404682842129,0.8790150220157688,0.8928265851939662,0.9061391623880228
0.3046846846846847,0.8506050164762389,0.8639609433252305,0.8778752774038996,0.8916947560977166,0.9050125867720166
0.3050650650650651,0.8494171704880562,0.8627840729376579,0.8767311741442099,0.890567179252797,0.9039182065876988
0.30544544544544544,0.8482297892085245,0.861602385540426,0.8755688792926691,0.8894352223411308,0.9028066438759303
0.30582582582582585,0.847029899299032,0.8604155839841967,0.8744014270872618,0.8882806241925759,0.9016917595711093
0.3062062062062062,0.8457952878858351,0.8592085234409979,0.8732292592920281,0.8871216266400568,0.900579547301041
0.3065865865865866,0.8445548506615171,0.8579827588985679,0.8720427851506298,0.8859644902493559,0.8994560311604105
0.30696696696696696,0.8433070479844832,0.8567544428888261,0.8708499751914726,0.8847835891462202,0.8983189947191546
0.30734734734734737,0.8420397583221338,0.8555095620646487,0.8696379255606407,0.8836064563546581,0.8971512226051367
0.3077277277277277,0.8407522057321183,0.8542604522558019,0.8684284258691194,0.8824140149461109,0.8959892557308152
0.3081081081081081,0.8394765622160753,0.853012749941994,0.8671913366717839,0.8812262995511174,0.8948226420871643
0.3084884884884885,0.8381950073230297,0.8517561971944345,0.8659544862230739,0.8800067069864655,0.8936337154482159
0.3088688688688689,0.8368957399087588,0.8504989586917312,0.8647124262358267,0.8787993870046314,0.892442722838348
0.30924924924924924,0.8355833075142562,0.8492235169692756,0.8634619730570001,0.877567031031192,0.891222648876218
0.30962962962962964,0.8342645732798234,0.8479385765208448,0.862209266460781,0.8763440801634216,0.8900310687775088
0.31001001001001,0.832932792622648,0.8466418441865416,0.860945470584258,0.8751026633921405,0.8888201519748729
0.3103903903903904,0.8315974887992916,0.8453359223422584,0.8596663745023153,0.8738524236573819,0.8875777523392193
0.31077077077077075,0.8302432393636398,0.8440297448340666,0.8583703341375429,0.8725932573674963,0.8863274038931254
0.31115115115115116,0.8289151472979015,0.8427048344456144,0.8570755803364264,0.8713265380499049,0.8851094871938308
0.3115315315315315,0.8275568850427687,0.841372927463035,0.855768413981189,0.8700498160703829,0.8838820246334045
0.3119119119119119,0.8261927824963807,0.840030006386375,0.8544469297909361,0.8687667873907201,0.8826349978066859
0.31229229229229233,0.8247940677023577,0.8386657881259447,0.8531164451509556,0.8674753439937178,0.8813760298827122
0.3126726726726727,0.8234162900514974,0.8373001779487221,0.8517851263901665,0.8661730534175867,0.8801149796417559
0.3130530530530531,0.8220286259209489,0.8359341814484593,0.850445162096208,0.8648593326389128,0.8788337781168913
0.31343343343343344,0.8206116671719624,0.8345505077648596,0.8491016018020242,0.8635350131747923,0.8775459136310585
0.31381381381381385,0.8191966928988376,0.8331650688913277,0.8477418510630248,0.8622012816827617,0.8762535141067296
0.3141941941941942,0.8177909804390248,0.8317706007606748,0.8463710845561897,0.8608682890756246,0.8749638874458574
0.3145745745745746,0.8163677667759129,0.8303657230425687,0.8449984951662173,0.8595207086944942,0.8736437506136085
0.31495495495495496,0.8149237366471455,0.8289476112534289,0.8436139582358406,0.8581787057998556,0.8722974393667101
0.31533533533533536,0.8134769867222141,0.8275194742948624,0.8422285196674889,0.8568087869113343,0.8709807835835378
0.3157157157157157,0.8120205097204917,0.8260813399448532,0.8408361857300656,0.8554400544847951,0.8696443067440488
0.3160960960960961,0.8105564229493148,0.824633938491259,0.8394191098555158,0.8540637219837841,0.8683110373648819
0.3164764764764765,0.8090448684249771,0.8231688787760331,0.8379991438398604,0.8526789006722413,0.8669523360100263
0.3168568568568569,0.8075662281314956,0.8216978869846827,0.8365661167714187,0.8512983440667464,0.8656117048379269
0.31723723723723724,0.8060436830499645,0.8202227358542089,0.8351332539546075,0.8498810357261642,0.8642278571332171
0.31761761761761764,0.804527134791944,0.8187407406591158,0.8336912588051024,0.8484741927961926,0.8628592748471517
0.317997997997998,0.8029627132057982,0.8172608867476406,0.8322398942666728,0.8470480532839381,0.8614875099514396
0.3183783783783784,0.8014279667814751,0.8157755308576428,0.8307821839912182,0.8456141892228357,0.8601104196522572
0.31875875875875875,0.7998939623351776,0.8142762079004884,0.8292964962674031,0.8441717693955434,0.8587268876460507
0.31913913913913916,0.7983658956761447,0.8127511705822393,0.8278118691563109,0.8427188849039383,0.8573281107300909
0.3195195195195195,0.7968113419888783,0.8112352507205037,0.8263254517147914,0.8412673749812997,0.8558990112690739
0.3198998998998999,0.795254838216851,0.8097059934020675,0.824831397898002,0.8398068698159914,0.8544739504414309
0.32028028028028027,0.7936771529610659,0.8081674219354369,0.8233321224991134,0.838341980030969,0.8530427105957951
0.3206606606606607,0.7921068626300088,0.8066136543681963,0.8218250132298535,0.8368612044269009,0.8516008465982411
0.32104104104104103,0.790511380318784,0.8050680938671229,0.8203024910562795,0.8353646209264913,0.8501676187979736
0.32142142142142144,0.7889392921741426,0.8035083363631484,0.8187761669467699,0.8338663100468965,0.8487129476281036
0.3218018018018018,0.7873329421853356,0.8019304151507091,0.8172397028193523,0.8323666988493692,0.8472582725742234
0.3221821821821822,0.7857166764955082,0.8003536600412725,0.8156839982662616,0.8308721304942785,0.8457602689110192
0.32256256256256255,0.7840804404565862,0.7987700779658702,0.8141252682209864,0.8293662239440706,0.8442682825689403
0.32294294294294296,0.7824412495769797,0.7971636677602663,0.8125647033895304,0.8278380729048519,0.8427600773506768
0.3233233233233233,0.7808107826774064,0.7955475627819625,0.810992034643072,0.8263040768582058,0.841264790797165
0.3237037037037037,0.7791786114953503,0.7939249055409581,0.809410412980208,0.8247623269206463,0.8397648674239763
0.32408408408408407,0.7775109573370943,0.792306651540904,0.8078167855806532,0.8232195529600957,0.838232927780259
0.3244644644644645,0.775838959500368,0.790666584360497,0.8062025836885022,0.8216563328369936,0.8366956054465845
0.3248448448448449,0.7741399012629547,0.7890157295316204,0.8046020543404885,0.8200911489523688,0.8351796219644967
0.32522522522522523,0.772457401970665,0.7873470960635496,0.8029861218184019,0.8185210441546347,0.8336489527682304
0.32560560560560564,0.7707836488794072,0.7856744017857851,0.8013668638117502,0.8169321585628596,0.8321149123022261
0.325985985985986,0.7690473329665483,0.7839803496121156,0.7997293907213255,0.8153449664849348,0.8305520295157706
0.3263663663663664,0.7673153808940613,0.7823018350548397,0.7980844737413929,0.8137570044388759,0.8289984100935532
0.32674674674674675,0.7656082600737327,0.7806202776470822,0.796433827180083,0.8121495141331576,0.8274115202927846
0.32712712712712716,0.763878424771736,0.7789298476625172,0.7947806614427356,0.8105307960971376,0.8258324940183283
0.3275075075075075,0.7621228350752814,0.7772267609078156,0.7931156571784078,0.8089182670829438,0.8242336476665076
0.3278878878878879,0.7603561348538802,0.775504106044626,0.7914543613028889,0.8072941311803843,0.822647971508814
0.32826826826826827,0.7586079108894793,0.7738051236609458,0.7897732784294726,0.8056490873634731,0.8210373612514403
0.3286486486486487,0.7568198859773617,0.7720746082813201,0.7880907085230074,0.8039935036154564,0.8194140612760974
0.32902902902902903,0.7550504615632806,0.770336163974823,0.7863953734500417,0.8023316105972669,0.8177987535170251
0.32940940940940944,0.753253685553655,0.7685785168179595,0.7846844549290716,0.8006708850834655,0.8161644658371935
0.3297897897897898,0.7514526363893511,0.7668164415005789,0.7829545038249813,0.7990053793877862,0.8145167548714848
0.3301701701701702,0.7496339609742105,0.7650508850779032,0.7812317765479541,0.7973373159557378,0.8128563821645313
0.33055055055055055,0.7478385982196156,0.7632868742801051,0.7794979039395217,0.7956406047196932,0.8112208745430833
0.33093093093093096,0.7460211264881699,0.761509346383257,0.7777640984189853,0.7939486480988921,0.8095929582448712
0.3313113113113113,0.7441862360182367,0.7597200258918233,0.7760061369861132,0.7922517827001446,0.8079182686989747
0.3316916916916917,0.7423612134749091,0.7579335798698383,0.7742596460994925,0.7905336805937617,0.8062252743186566
0.33207207207207207,0.7405172079270324,0.7561427693967581,0.7724988535206394,0.7888087648342523,0.8045454252222365
0.3324524524524525,0.738648119716182,0.7543359971850444,0.7707179923101687,0.7870876359504915,0.802879551759195
0.3328328328328328,0.736759626226823,0.7525056086910938,0.7689427239951394,0.7853633329925349,0.8012045679533835
0.33321321321321323,0.7348654121201882,0.7506673442940844,0.767160970925021,0.7836165732304756,0.7995070368984226
0.3335935935935936,0.7329812967265431,0.7488451085287761,0.7653681087631939,0.7818591304654597,0.7978299654639829
0.333973973973974,0.7311061856661373,0.7469872466654219,0.7635666795231151,0.7800990781416861,0.7961096539340046
0.33435435435435434,0.7291902433528791,0.7451161247173038,0.761764906715778,0.7783321889627285,0.7943964238283282
0.33473473473473475,0.727299552306318,0.7432540101925266,0.7599485308413066,0.7765582973099333,0.7926507782491107
0.3351151151151151,0.7253835572240689,0.741373270058871,0.7581231147394775,0.7747828242373433,0.7909101840376452
0.3354954954954955,0.7235078718045513,0.7394912837957792,0.7562892516743128,0.7729974510719185,0.7891722445551876
0.33587587587587586,0.7215874927610899,0.7376198454836912,0.7544439191226697,0.7711842131651406,0.7874445998092033
0.33625625625625627,0.7196454822083265,0.7357294319162132,0.7525943619266198,0.7693936869957534,0.7856674513196695
0.3366366366366366,0.7177276192586386,0.7338160701115329,0.7507358173583201,0.7675848349968584,0.7839062146788889
0.33701701701701703,0.7158060277669014,0.7319026967266193,0.7488651943112355,0.7657641895036602,0.7821065905636612
0.3373973973973974,0.713812986390823,0.7299861333850056,0.7469879509088884,0.7639388107765286,0.780316155720094
0.3377777777777778,0.7118245214860343,0.7280637340174032,0.7451060447432267,0.7621029598816305,0.7785313994317999
0.3381581581581582,0.7098596392861497,0.7261211562430562,0.7432239181225022,0.760261660972178,0.776707920229027
0.33853853853853855,0.7078666870090654,0.7241740095241671,0.7413270116600353,0.7584134265931277,0.7748882912589619
0.33891891891891895,0.7058779906284686,0.7222108720838283,0.7394203661500797,0.7565697056994487,0.7730877705234112
0.3392992992992993,0.7038407926466823,0.7202715464772084,0.7375098038446618,0.754704443221153,0.7712795038416392
0.3396796796796797,0.7018307314912915,0.7183078069342014,0.7355860339994941,0.752834161728336,0.7694473163956579
0.34006006006006007,0.6998158811396891,0.7163401918191329,0.7336614428527732,0.7509572435898457,0.7676354934271824
0.3404404404404405,0.6978111426039607,0.7143703557514729,0.7317307332195254,0.7490655156548918,0.7657910861727114
0.3408208208208208,0.6957913822839552,0.7123869347044065,0.7297926624230645,0.7471718893135464,0.7639546085258536
0.34120120120120123,0.6937301314831799,0.7103732123437341,0.727848938888312,0.7452608876073451,0.7621078818234172
0.3415815815815816,0.6916679508803933,0.7083532323932639,0.7258872520590668,0.7433374939873344,0.7602585012325569
0.341961961961962,0.6895960187507237,0.7063532308714089,0.7239150357832115,0.7414272746456,0.7583907958617693
0.34234234234234234,0.6875357734916298,0.7043307056995514,0.7219431945218858,0.7395040016021075,0.756514491321588
0.34272272272272275,0.6854801271709386,0.7022936505844802,0.71996174223904,0.7375786248367171,0.7546450423513775
0.3431031031031031,0.6833815006218452,0.7002496154235054,0.7179709882378039,0.7356336565367972,0.752756568989573
0.3434834834834835,0.6812671537937607,0.6981999997555386,0.7159674672335334,0.7336806886761713,0.7508543648886687
0.34386386386386386,0.6791796066316954,0.6961419598762539,0.7139707238881746,0.7317424461562403,0.74896257979586
0.34424424424424427,0.6770519331843673,0.6940902779586243,0.7119645601108102,0.7297823247257427,0.7470669595878487
0.3446246246246246,0.6749123359256752,0.6920221490275795,0.709949038442577,0.7278173989573715,0.7451643347651157
0.345005005005005,0.6727901516348914,0.689955077311494,0.7079311450950548,0.7258306062747191,0.7432203861542117
0.3453853853853854,0.670631617857703,0.6878776520687955,0.705890948128728,0.7238569530534694,0.7412618227163598
0.3457657657657658,0.6684917622825104,0.6857989720198436,0.7038513922736661,0.7218678665001835,0.7393348095516423
0.34614614614614614,0.6663508058319425,0.683702748234715,0.7018136541711556,0.7198902195593643,0.737413879469848
0.34652652652652655,0.664171594531355,0.6816091392914023,0.6997574481814013,0.7178896339134221,0.7354784893779821
0.3469069069069069,0.6620126751969279,0.6795008673581666,0.69769565265611,0.7158862253181948,0.7335503096643706
0.3472872872872873,0.6598418195980469,0.6773815975089157,0.6956298205020222,0.7138716779020368,0.7315637151779986
0.34766766766766766,0.6576609525250297,0.6752610991022812,0.693558759098221,0.7118525315979577,0.7295985479978756
0.34804804804804806,0.6554769483043336,0.6731259921094614,0.6914738391891155,0.7098162426005994,0.7276397484664693
0.3484284284284284,0.6532960658265471,0.670987833050189,0.6893878037393133,0.7077848836985562,0.7256335658445865
0.3488088088088088,0.6510905329714818,0.6688350214078967,0.6872938808673129,0.7057420682256129,0.7236838226759594
0.3491891891891892,0.6488721627132877,0.666694265795522,0.6851993887948464,0.703703434081362,0.7216810464024347
0.3495695695695696,0.6466638486474197,0.6645271604723679,0.6830689875646568,0.7016633795781678,0.7196760040851885
0.34994994994994993,0.64442984028015,0.6623401159507787,0.6809592431308072,0.6996060400416212,0.717656879843311
0.35033033033033034,0.6421911717165435,0.660161157172508,0.6788414170056161,0.6975413685493611,0.71565280503041
0.35071071071071075,0.6399505043034681,0.6579852566971716,0.6767123370038334,0.6954517424777553,0.7136219640530457
0.3510910910910911,0.6377107284007936,0.655802444729181,0.6745836453210792,0.6933855172752571,0.7116018798885821
0.3514714714714715,0.6354716846885424,0.6536021850645382,0.6724515350340685,0.6912900512983633,0.7095754315121694
0.35185185185185186,0.6332428442462971,0.6514064396396666,0.6703144326826386,0.6892008689228754,0.7075131828942769
0.35223223223223227,0.6309881540293902,0.649190008317226,0.6681544550145859,0.6871023569906534,0.7054558860468347
0.3526126126126126,0.6287112678236225,0.6469863157401885,0.6659985632725705,0.6849838609138285,0.7034068241280957
0.352992992992993,0.6264090922380421,0.6447615520751717,0.6638319198119855,0.6828483141472659,0.701355265340983
0.3533733733733734,0.6241242056398936,0.6425202493276772,0.6616545548865865,0.6807210723674202,0.6993078111453164
0.3537537537537538,0.6218382910914682,0.6402754132842534,0.6594778596800367,0.6785917282543504,0.6972135195298487
0.35413413413413414,0.6195471676191087,0.6380413230223623,0.6572809306929652,0.6764503094623534,0.6951516521352331
0.35451451451451454,0.6172129502051884,0.6357865918802585,0.6550766999577822,0.6743151283837627,0.6930704741670829
0.3548948948948949,0.6148970048749549,0.6335228181781933,0.6528746634234492,0.6721743266940187,0.690986417982318
0.3552752752752753,0.6125604772968426,0.6312607319626166,0.6506630977465715,0.670002496009218,0.6888647006458111
0.35565565565565566,0.6102482539996571,0.6289827914055446,0.6484472254201613,0.6678399600992615,0.6867506895380939
0.35603603603603606,0.6079087655267712,0.6267112612636745,0.6462252948521716,0.6656649907716065,0.6846493331770598
0.3564164164164164,0.6055540261371372,0.6244143219993752,0.6439832989514942,0.6634868962788849,0.6825323642081814
0.3567967967967968,0.6032210175410926,0.622105057214604,0.6417531487765413,0.6613082199967182,0.6804155039212932
0.3571771771771772,0.6008912878799045,0.619792948920595,0.6395040850942051,0.6591089891959468,0.6782980850199902
0.3575575575575576,0.5985456562547455,0.617475222711668,0.6372412646392377,0.6569201381105806,0.6761520785431401
0.35793793793793793,0.5961958350435187,0.6151702708005337,0.6349835356148298,0.6547126996216767,0.6740336085056692
0.35831831831831834,0.5938213531039855,0.6128467874300714,0.6327139287352236,0.6525014283666377,0.6718763981026646
0.3586986986986987,0.5914561954608083,0.6105114983869558,0.6304439231564991,0.6502949728997943,0.6697126048162124
0.3590790790790791,0.5890297547563881,0.608169127173133,0.6281649876382777,0.6480771190723684,0.667541338419374
0.35945945945945945,0.586630563947711,0.6058307887805953,0.6258808560247361,0.6458422886673779,0.6653577136359466
0.35983983983983986,0.5842124566910292,0.6034813366917163,0.6235804781783825,0.6436175064289084,0.6631866547707786
0.3602202202202202,0.5817952271546112,0.6011299761816893,0.6212809590249265,0.6413656042532727,0.6609914092605865
0.3606006006006006,0.5793759810863035,0.5987606028302471,0.6189766788448411,0.6391252387252458,0.6588097428467297
0.36098098098098097,0.5769403282726827,0.5963898912185928,0.6166653295957527,0.6368777143674801,0.6566385870628672
0.3613613613613614,0.5744909109674301,0.5940218474938594,0.6143420918075441,0.6346192250662619,0.6544146379089216
0.36174174174174173,0.5720173537851527,0.5916353312552344,0.6120205973907484,0.6323585419800705,0.6522103030115368
0.36212212212212214,0.5696139175888015,0.5892497241878871,0.6096901982162045,0.6300838875951802,0.6500061146555804
0.3625025025025025,0.5671150190092135,0.5868557804205423,0.6073483997948502,0.6277961535824902,0.6477826196770166
0.3628828828828829,0.5646747936496063,0.5844572136724763,0.6050021016498613,0.6255100348397312,0.6455601260467868
0.36326326326326325,0.562232630861959,0.5820622892722642,0.6026554568435785,0.6232405051751566,0.6433382031316084
0.36364364364364365,0.5597746372796322,0.5796601585138959,0.6002996737092532,0.620951760236836,0.6411205097684787
0.36402402402402406,0.5573293607231451,0.5772401093678768,0.5979397425869887,0.6186637156798388,0.638879367959527
0.3644044044044044,0.5548486716669367,0.5748231648993714,0.5955755757253232,0.6163390132303572,0.6366571847083184
0.3647847847847848,0.5523754536452727,0.572376148074156,0.5931984364099465,0.614032120359459,0.6344235932404497
0.3651651651651652,0.5498427876857784,0.5699464813847626,0.5908099409925476,0.6117040077057061,0.6321630495478622
0.3655455455455456,0.5473243331258252,0.567501555396726,0.5884191593834425,0.6093684358753827,0.629886993105799
0.36592592592592593,0.5448266850515773,0.5650349340959009,0.5860206277377452,0.6070290983925245,0.6276386236842723
0.36630630630630634,0.5423252690700828,0.5625947064557175,0.5836203803401436,0.6046848139452375,0.6253383398527357
0.3666866866866867,0.5398093558879733,0.5601170118601927,0.5812130376070686,0.6023446666116373,0.6230834430003187
0.3670670670670671,0.5373113129372334,0.5576590867220087,0.5788014788680841,0.5999945809144946,0.6208240229115672
0.36744744744744745,0.5347683121983916,0.5551868781161453,0.5763860185806273,0.5976468690469477,0.6185480599931159
0.36782782782782786,0.5322010826269643,0.5526942976588711,0.5739638156938708,0.5952838168157557,0.6162264514418755
0.3682082082082082,0.5296667715076286,0.5502025225824713,0.5715352527954388,0.5929074272714091,0.6139112143366879
0.3685885885885886,0.5271055616581575,0.5477030332365984,0.5691176061002471,0.5905382856499843,0.6115805996025282
0.36896896896896897,0.5245573325877577,0.5452039078670936,0.5666871521402336,0.5881705425597049,0.6092572540040103
0.3693493493493494,0.5219752307097143,0.5427075409080071,0.5642474708299962,0.5857927657890594,0.6069459204348746
0.36972972972972973,0.5193745277465129,0.5402142465371665,0.561793700091485,0.5833987801528613,0.6046032543512118
0.37011011011011014,0.5167926877505773,0.5376835436828247,0.5593393362765243,0.5810051123297574,0.6022585202870048
0.3704904904904905,0.5142039728339,0.535147165604981,0.5568877437309584,0.5786126334480892,0.599912244984218
0.3708708708708709,0.511613920549331,0.5326041614161394,0.5544061326347832,0.5762069724911789,0.5975493009757555
0.37125125125125125,0.5090059809559531,0.5300881421474098,0.5519346060889656,0.5738004497964591,0.5951881874292188
0.37163163163163165,0.5063824817752418,0.5275406673861152,0.549461767616538,0.5713911290290986,0.5928220562888629
0.372012012012012,0.5037714799963388,0.524997557352435,0.5469813147372493,0.5689762617392525,0.5904398392331245
0.3723923923923924,0.5011739102854591,0.5224493828972062,0.5444987510728048,0.5665601984810772,0.5880781302132914
0.37277277277277276,0.49856445286020673,0.5198957503722595,0.5419964317813297,0.5641217609117499,0.5857148523221933
0.37315315315315317,0.4959284190133858,0.5173333419784708,0.539497034666361,0.561676050960312,0.5833387513164756
0.3735335335335335,0.49331102854407743,0.5147547870595283,0.5369915771597763,0.5592304962697049,0.5809691469739442
0.37391391391391393,0.49068768192696816,0.512174156704066,0.534481399207339,0.5567761458120868,0.5785858144281228
0.3742942942942943,0.48802312075351023,0.5095797912862867,0.5319656849339203,0.5543172269925272,0.576195382639758
0.3746746746746747,0.4853820691984839,0.5069887723670623,0.5294443293281819,0.5518544711292366,0.573809950173461
0.37505505505505504,0.4827552370182227,0.504399351459917,0.5269072362316757,0.5493894761321384,0.5714173439250794
0.37543543543543545,0.4801336493958609,0.5018066242127799,0.5243721470930276,0.5469072501655471,0.5690006772171784
0.3758158158158158,0.4774591763559326,0.49919263127295815,0.5218334774534807,0.5444199180763422,0.5665913624617682
0.3761961961961962,0.4747814690189876,0.4965692270521773,0.5192870336551838,0.5419214653196266,0.5641738199435824
0.3765765765765766,0.47210276846195665,0.4939593990729395,0.5167388783368767,0.5394481988042706,0.5617655803370116
0.37695695695695697,0.4694140272682799,0.49133909128742015,0.5141763767565218,0.5369446007732227,0.5593480901174949
0.3773373373373374,0.4667078523953675,0.48870448146328227,0.5116243859245659,0.5344474162732767,0.556907305940411
0.3777177177177177,0.4640106798091768,0.4860715181293767,0.5090449864315377,0.5319561276377328,0.5544670148837569
0.37809809809809813,0.46127358760609444,0.4834309599072118,0.5064672130195457,0.5294561340122343,0.5520362741775682
0.3784784784784785,0.4585706189813444,0.48078995073631,0.5038992718469644,0.5269308056972716,0.5495684070067273
0.3788588588588589,0.45588297753452933,0.4781395172411066,0.5013164623413969,0.5244063362169873,0.5471091464637006
0.37923923923923925,0.4531378596164434,0.47548772705963865,0.49872999362650416,0.5218845271282333,0.544655883771484
0.37961961961961965,0.45040842413984317,0.4728422917799309,0.4961213894897156,0.5193496927985911,0.5421534475528328
0.38,0.4476996342059425,0.47018005496849746,0.4935163636045675,0.516814150463746,0.539695813564266
