phi,q025,q16,q50,q84,q975
0.0,-0.701234648111015,-0.6700348695241279,-0.6290034903057032,-0.6076723494621565,-0.5869376978168195
0.0003803803803803804,-0.6996275197470861,-0.6682694965355389,-0.6274502828499509,-0.6061304692298115,-0.5854367557894099
0.0007607607607607608,-0.6980282930338447,-0.6665299934878733,-0.6258733810610352,-0.6045457592523599,-0.5839725359665291
0.0011411411411411411,-0.6963396754779244,-0.6647447182918902,-0.6242640465099397,-0.6030062632625246,-0.5825295830488695
0.0015215215215215216,-0.6945583321849251,-0.6629601713607822,-0.622660647532155,-0.6014557244690014,-0.5809115708140118
0.001901901901901902,-0.6927618704992501,-0.6611329340003217,-0.6210436365794223,-0.5998474886900237,-0.5793921798534907
0.0022822822822822822,-0.6909100605331638,-0.6592973941968635,-0.6194016432518615,-0.5982593190706449,-0.5779280945339681
0.0026626626626626627,-0.6891066386941799,-0.6573611451144484,-0.6177969442001456,-0.5966573811563333,-0.5763268878310203
0.003043043043043043,-0.6872881284356733,-0.6554948635035839,-0.6161292115886744,-0.5950507895975068,-0.5746619806620078
0.0034234234234234236,-0.6853914414677357,-0.6535703054945468,-0.6144560910839232,-0.5933830223826398,-0.5729970961666337
0.003803803803803804,-0.6834766911872262,-0.6516188350354561,-0.6127771912088534,-0.591733800357067,-0.5714196370631032
0.004184184184184184,-0.6815154986572568,-0.6496746463848978,-0.6110758113755788,-0.5900589589064268,-0.5697409645671271
0.0045645645645645645,-0.6796106966887719,-0.6476758627076483,-0.6093406430698293,-0.5883927291937631,-0.5681676515461966
0.004944944944944945,-0.6775973835600766,-0.6456721264045839,-0.607611199866307,-0.5866583880933507,-0.5665127739804374
0.005325325325325325,-0.6755644103355073,-0.6437757557381028,-0.6058174537601653,-0.5849509566643527,-0.5649631593513452
0.005705705705705706,-0.6736244017085709,-0.6416589544334224,-0.6040460247464113,-0.5832405378991712,-0.5633364517862088
0.006086086086086086,-0.671637669593366,-0.6395292764431926,-0.602245344739407,-0.5814962219866003,-0.5617044752925474
0.006466466466466467,-0.6696202098408,-0.6374036423988935,-0.6004268943523607,-0.5797620480603333,-0.5599790852691451
0.006846846846846847,-0.667622006333497,-0.6351960723989593,-0.5986469353665862,-0.5779566963278937,-0.5582472149291631
0.007227227227227228,-0.6653799087051029,-0.6330481745213561,-0.5968122571356328,-0.576165474489529,-0.5565778697156093
0.007607607607607608,-0.6631815896769586,-0.6309100317557003,-0.5949549009942033,-0.5743716492533514,-0.5548601552619504
0.007987987987987989,-0.6610386402037204,-0.6286758090036763,-0.5931201378744951,-0.5725181430762105,-0.5531198361005494
0.008368368368368368,-0.6590124311772154,-0.6265738017219354,-0.591219263142776,-0.5706649929199228,-0.5512506438887111
0.00874874874874875,-0.6568819310817989,-0.6242505094437685,-0.5892938512394637,-0.5688349347999512,-0.5494936142705649
0.009129129129129129,-0.6546649953250546,-0.6219153533248863,-0.5873736979870873,-0.5669795766611861,-0.5476382102258277
0.00950950950950951,-0.6523260794711867,-0.6196229640462348,-0.5854065543615051,-0.5650138821980499,-0.5458255834188166
0.00988988988988989,-0.6499429768147057,-0.6173337187031667,-0.5833941291514165,-0.5630983828458682,-0.5439879378411336
0.010270270270270271,-0.6477621903627407,-0.6149628234517115,-0.5813850619977639,-0.5611904167133891,-0.5420890284656908
0.01065065065065065,-0.6452423100337559,-0.6126513616489733,-0.5793692370604754,-0.5592288297104405,-0.540101092211525
0.011031031031031032,-0.6428947609629909,-0.6103792708185517,-0.5773745280072523,-0.5572481651560411,-0.5382389509025146
0.011411411411411412,-0.6404359902058413,-0.6079589415737444,-0.5753359425057117,-0.5552854562382173,-0.5363463931125593
0.011791791791791793,-0.6378834849398918,-0.6054947034149684,-0.5732543849895759,-0.5532921645527872,-0.5343039654565478
0.012172172172172173,-0.6353632451828147,-0.6030284661016891,-0.5712123310593894,-0.5512577706668754,-0.5322748019467958
0.012552552552552552,-0.6327811506457742,-0.6005931017999803,-0.5691327978525047,-0.5492336771310561,-0.5303723147581957
0.012932932932932933,-0.6302804536839919,-0.5981775929481812,-0.5669767625236012,-0.5471825888032508,-0.5283893439686119
0.013313313313313313,-0.6278049238790355,-0.5957258068553197,-0.5648276136418785,-0.5451409457122782,-0.526479510884087
0.013693693693693694,-0.6251186615170841,-0.5932269598872554,-0.5627132773743982,-0.5431069039879705,-0.5245058647608829
0.014074074074074074,-0.6226522390016557,-0.5906309765897368,-0.5605313190874704,-0.5409845606666949,-0.5224161030583073
0.014454454454454455,-0.6200033730042197,-0.5881191291749572,-0.5583326654573629,-0.5388395625137654,-0.520337216414923
0.014834834834834835,-0.6172704459237173,-0.5855600620880052,-0.5561030389622343,-0.5367005948021552,-0.5182353780907417
0.015215215215215216,-0.6146328024940408,-0.5830191052557417,-0.5539110685750637,-0.5345416302540477,-0.5161324141252276
0.015595595595595596,-0.611824000917906,-0.5803563631368321,-0.551707939524576,-0.5324302950164703,-0.513919529131733
0.015975975975975977,-0.6088855146078531,-0.5776631515286279,-0.5494498411983688,-0.530206617150285,-0.5118216987830586
0.016356356356356357,-0.6061391289868416,-0.5750446242956473,-0.5471647107745702,-0.5279964244164033,-0.5096612798092023
0.016736736736736736,-0.6031420962695897,-0.57241935556218,-0.5448769398450632,-0.5257610767084758,-0.5074294086824777
0.01711711711711712,-0.6002293545702542,-0.5697494725713871,-0.5425702139784171,-0.5234740887283235,-0.5052831449883748
0.0174974974974975,-0.597376026975868,-0.5670387582800304,-0.5402354711450832,-0.521207775683033,-0.5030232205622166
0.01787787787787788,-0.5943451762030325,-0.5642954357287863,-0.5378994609570582,-0.5188678109263705,-0.5008697015639866
0.018258258258258258,-0.5914428428962332,-0.5614447530317841,-0.5355519428778088,-0.5165716293619247,-0.49836495612231096
0.018638638638638638,-0.588453299114432,-0.5586961804841564,-0.5331707920725018,-0.5142048962468035,-0.4962083081946708
0.01901901901901902,-0.58544611207095,-0.5559259658423319,-0.5307594776248226,-0.5118432908986986,-0.49387235790513706
0.0193993993993994,-0.582598991682172,-0.5531320781869183,-0.5283774031693779,-0.5094862016077429,-0.4915341375194288
0.01977977977977978,-0.5796087987900662,-0.5503606891099776,-0.5259088435926415,-0.507149169315355,-0.489204334900273
0.02016016016016016,-0.5764535044195518,-0.5475173869709614,-0.5234656621708036,-0.5047442106132618,-0.4868296562247322
0.020540540540540542,-0.5732780547529853,-0.5446659895277458,-0.5210103944968545,-0.5023310611732744,-0.4845100077795428
0.020920920920920922,-0.5700812578390181,-0.5419207573555107,-0.5184429040194137,-0.4998602073454283,-0.4820989912592878
0.0213013013013013,-0.5667940496560782,-0.5390105888534366,-0.5158849455811555,-0.4973501189913895,-0.47976337648168293
0.02168168168168168,-0.5637472745651932,-0.5360744855803627,-0.5133133869842009,-0.49485069280679816,-0.4774027584272762
0.022062062062062064,-0.560462588770584,-0.533160508282833,-0.5107083332288745,-0.49233850871391144,-0.4749055037192338
0.022442442442442444,-0.5571648299391896,-0.5301468002531072,-0.5081215524763129,-0.4898236347092527,-0.472427360928702
0.022822822822822823,-0.5538278349557328,-0.5272628606568183,-0.5054816049568498,-0.4872360901651438,-0.4700249915095997
0.023203203203203203,-0.550572755282173,-0.5243480860475178,-0.5028515527755884,-0.4846335459536294,-0.4674863988703944
0.023583583583583586,-0.5473057804893209,-0.5213875726304648,-0.500205725130259,-0.48202553954023397,-0.4649205027694255
0.023963963963963966,-0.5437602056784938,-0.5184603590616803,-0.4974851743875675,-0.4793870802649846,-0.46223116649533413
0.024344344344344345,-0.5404810674288262,-0.5154802175893578,-0.49478396749309184,-0.4767495406938864,-0.4596361586829738
0.024724724724724725,-0.537132244180398,-0.512507879665156,-0.49203240079576843,-0.474061852623572,-0.45687760055354704
0.025105105105105104,-0.5335350594691907,-0.5095531689502794,-0.4892580313408329,-0.4712604117401956,-0.45433768642349975
0.025485485485485487,-0.530164624522492,-0.5065390257896205,-0.48650198855052174,-0.4685217698254883,-0.45170834561558054
0.025865865865865867,-0.5266859324624239,-0.5035403446999149,-0.4836692474491567,-0.46586461182226563,-0.44894538120341815
0.026246246246246246,-0.5232623849557567,-0.5005582453990167,-0.48080928847192045,-0.4630533833242802,-0.4462398566812568
0.026626626626626626,-0.5196743239509956,-0.49750841770830867,-0.4780032103483844,-0.4602396551861413,-0.44344988828791787
0.02700700700700701,-0.5162665658257639,-0.49437895386958974,-0.47512626118783857,-0.4574447997573474,-0.44068683783727397
0.02738738738738739,-0.5129292872842961,-0.49123926289582337,-0.4722572221298229,-0.45461474867695745,-0.43791539085787523
0.027767767767767768,-0.5093557066335077,-0.4881132547573092,-0.4693816196237686,-0.4517997735499269,-0.4350300935838686
0.028148148148148148,-0.5059798491150962,-0.48501832922854426,-0.46646823892027844,-0.4489135067029582,-0.43226872343221934
0.02852852852852853,-0.5025467704405493,-0.48187529297887155,-0.4635215831344919,-0.44604633812576344,-0.4292991430976313
0.02890890890890891,-0.49880201274684133,-0.47874838310216933,-0.46058539746210825,-0.4430933283326042,-0.426452903579677
0.02928928928928929,-0.4952422784113564,-0.4754715206592977,-0.4575629638670634,-0.4401614070879028,-0.4235930136153093
0.02966966966966967,-0.49181732102041686,-0.47233074990297363,-0.4545465985551408,-0.4372289216602951,-0.4206957716234095
0.030050050050050053,-0.48833886225079387,-0.4692219937808785,-0.45154086846011027,-0.4342399892921486,-0.4177322903363481
0.030430430430430432,-0.4849160780005608,-0.46598923729774794,-0.4484475028074035,-0.43123356310616795,-0.4147281676100695
0.030810810810810812,-0.4813164447888781,-0.46278606426806884,-0.44539619376222117,-0.4282365928024484,-0.41165421136883523
0.03119119119119119,-0.4778734559932545,-0.4595236291321275,-0.4423059647891009,-0.4251504699264892,-0.40872465600391866
0.031571571571571574,-0.47427074881099596,-0.4563261911047707,-0.43917113412381037,-0.42209694707628487,-0.4056708121454563
0.031951951951951954,-0.4704697641197765,-0.4530499915054866,-0.4359993554044947,-0.4190162232533039,-0.4025955262744018
0.032332332332332334,-0.46705536559308025,-0.4497977390591295,-0.43281608432526575,-0.41586680364085926,-0.39953799403702345
0.03271271271271271,-0.46346618749323226,-0.44651798647213664,-0.4296553707455505,-0.41268908805807886,-0.3964422539767439
0.03309309309309309,-0.45978669353525675,-0.44324697793245715,-0.426418269867552,-0.4094763188368976,-0.3930173661449582
0.03347347347347347,-0.45635549360284483,-0.439915274295673,-0.4232199901922998,-0.4063347486362302,-0.3899377243920537
0.03385385385385385,-0.4528404350776676,-0.4365723817812289,-0.4199408624410741,-0.4031956209353582,-0.3868399670014429
0.03423423423423424,-0.4494961610423558,-0.43321262217219353,-0.4166932325307659,-0.400017568926306,-0.38350277559512513
0.03461461461461462,-0.4460287220667685,-0.42983661114398786,-0.41346386605634,-0.396811107320627,-0.3802151772470911
0.034994994994995,-0.4426886891887823,-0.4264838141107661,-0.4101982135209446,-0.3935603663804665,-0.3767834648113492
0.03537537537537538,-0.43914702687783874,-0.4230552798608933,-0.406944178987182,-0.39025316813473204,-0.3734754109409419
0.03575575575575576,-0.43552212132954615,-0.419639600401026,-0.4035699702893656,-0.386931836653629,-0.36988719385572344
0.036136136136136136,-0.4320194732480737,-0.4162931119207906,-0.4002578593443576,-0.38360100874792924,-0.36647619784561525
0.036516516516516516,-0.42837086925132184,-0.4128367540380703,-0.3968886007632479,-0.3802407225191836,-0.3631462249403487
0.036896896896896896,-0.42479776620588855,-0.40944287550808683,-0.39353682132367496,-0.3768869704482884,-0.35965628772646896
0.037277277277277275,-0.4212955189298197,-0.40596671361041226,-0.3901416853034114,-0.373477090135115,-0.35623649471257074
0.03765765765765766,-0.41782161633861803,-0.4025363520473922,-0.3867212855560182,-0.37010169370777696,-0.35288480107439063
0.03803803803803804,-0.4143612396174966,-0.3990923104511598,-0.38327609161589626,-0.3666223596123162,-0.34925248352549637
0.03841841841841842,-0.4108216274055751,-0.39567089438987285,-0.37982147828966834,-0.363204295877678,-0.34565109508068464
0.0387987987987988,-0.40731698278835476,-0.39216534185792373,-0.3763481348289863,-0.35978620371058484,-0.34210076459683825
0.03917917917917918,-0.40390593568507455,-0.3886625554391462,-0.3728179891614676,-0.35630463204007823,-0.3384682486021407
0.03955955955955956,-0.40026696206148027,-0.3851737008358124,-0.3693192356302543,-0.35285083580897425,-0.334837444874126
0.03993993993993994,-0.396706936002273,-0.3817023989849566,-0.36577710893645193,-0.349254681211958,-0.3311211103559768
0.04032032032032032,-0.39298008542613994,-0.37818945240648627,-0.36224730410286116,-0.34569370927340065,-0.32744595003805477
0.040700700700700705,-0.38940719298780546,-0.37461704522068123,-0.3587090227116687,-0.3421150880588816,-0.323500632326502
0.041081081081081085,-0.38589070764486527,-0.3710522188569087,-0.3551709270236201,-0.33850743291731095,-0.31978075789792354
0.041461461461461464,-0.38236168395833653,-0.36749302961701946,-0.3516088545193517,-0.334948353754429,-0.3159353820390144
0.041841841841841844,-0.3787882882277274,-0.36386229275103743,-0.3479589780910137,-0.3312987131188624,-0.31212421941710106
0.042222222222222223,-0.3752471900705323,-0.3602956827032341,-0.3443345648504746,-0.3275809227427787,-0.30830065215788505
0.0426026026026026,-0.37164538643176254,-0.35672608415321166,-0.3407544179378924,-0.3238806517440806,-0.30446928804812096
0.04298298298298298,-0.3680328733748821,-0.35311924988433313,-0.33711737682792137,-0.32017181594783767,-0.30063998791074975
0.04336336336336336,-0.3643625054606598,-0.349530900350546,-0.33351253322847924,-0.31652305889765225,-0.2967023907656668
0.04374374374374374,-0.3607173400541466,-0.34584154141769735,-0.3299090988943139,-0.31281934094891,-0.2927831335418923
0.04412412412412413,-0.357035131207629,-0.3421450364040796,-0.3262132894141258,-0.3090535719993198,-0.28887418887598837
0.04450450450450451,-0.35338204894768266,-0.3384714331873162,-0.32259364772054694,-0.30530670426322515,-0.28477975250851045
0.04488488488488489,-0.3496928630183948,-0.3348427045487946,-0.31886799922651604,-0.30150115990636417,-0.2808947753362421
0.04526526526526527,-0.34595139089303667,-0.3311214206641035,-0.3151547607941559,-0.297752148684706,-0.2768322531766721
0.04564564564564565,-0.34215782678304824,-0.327442426384588,-0.3114562262910202,-0.29390853583475657,-0.2727421767016816
0.046026026026026026,-0.33837888399687355,-0.323728578217291,-0.30771970580091246,-0.29011896513889573,-0.26887784303428347
0.046406406406406406,-0.3346534658795619,-0.31997219301548135,-0.30396493502395633,-0.28632085438621235,-0.2648156619054338
0.046786786786786785,-0.3308948551256692,-0.3161921938123913,-0.3002530262220088,-0.2824896176190063,-0.26098180464181153
0.04716716716716717,-0.32713746132470756,-0.31240014820104817,-0.2964800498613991,-0.27870780176407456,-0.2570106042655761
0.04754754754754755,-0.32334690021945395,-0.30860438463639484,-0.29269260008575654,-0.2748067796153624,-0.2529751189522747
0.04792792792792793,-0.31955409080785446,-0.304793607699076,-0.2888824040069817,-0.27088153096719003,-0.24894528244024433
0.04830830830830831,-0.31571911495044264,-0.30097811868788443,-0.2850735867843378,-0.26696947000699595,-0.24505358945573913
0.04868868868868869,-0.3118969552697469,-0.29719927384865935,-0.28128981947945036,-0.2630822288556244,-0.24099974177510003
0.04906906906906907,-0.3080242010664411,-0.29339418497589165,-0.27745568116765956,-0.2592360554137964,-0.23679652189975026
0.04944944944944945,-0.3041810964751518,-0.2895248728011947,-0.2735909988918365,-0.2553250131173873,-0.2327036074635871
0.04982982982982983,-0.3004029357933186,-0.2856489649148914,-0.2697451878313896,-0.25136936758424966,-0.22854570907962687
0.05021021021021021,-0.2965556952590501,-0.2817396374971538,-0.2658635915903206,-0.24747140990331953,-0.22451679370802688
0.050590590590590595,-0.29257957993162315,-0.2778617682655967,-0.2620075291341692,-0.24354688704364558,-0.22058301756141957
0.050970970970970975,-0.2885965898448285,-0.27396244004650033,-0.25809748681806766,-0.23954947585106107,-0.2166377592896851
0.051351351351351354,-0.28457663620776774,-0.27003384740856984,-0.25420093704763763,-0.23558587715611662,-0.21258109525672433
0.051731731731731734,-0.2805839094599415,-0.26610588259913504,-0.25030940250095923,-0.2315914463862471,-0.20840745546400444
0.05211211211211211,-0.27672279774944997,-0.26213972019497245,-0.24642541574635557,-0.22764026094814804,-0.2044541578710927
0.05249249249249249,-0.2727855661900216,-0.2582026601711867,-0.24245358993761068,-0.223653400646069,-0.20053662557858346
0.05287287287287287,-0.2687935607841353,-0.2542468026017909,-0.23851228346835024,-0.21969705267941547,-0.19647808860365462
0.05325325325325325,-0.26480762831538185,-0.25028144943880953,-0.23453079441601976,-0.2156470188312507,-0.192475544279594
0.05363363363363364,-0.2608208701592683,-0.24635622789551495,-0.23058584739307805,-0.21173975674557138,-0.18844888012880284
0.05401401401401402,-0.2568204061057627,-0.24241554279399835,-0.22664179384648012,-0.20776233221867466,-0.18445157184725755
0.0543943943943944,-0.25276966560573166,-0.23838125602789054,-0.2226826515101249,-0.20378603967021677,-0.18044076859904593
0.05477477477477478,-0.24875116606881176,-0.23436008604727182,-0.2186994802211771,-0.19987514169564513,-0.17652379889592332
0.05515515515515516,-0.2446522497993903,-0.23033213773465472,-0.21470066710512628,-0.19588057348438215,-0.17250812923131625
0.055535535535535537,-0.2405779600694625,-0.2262989214473656,-0.21068317955496288,-0.19185791756870474,-0.16857687648507808
0.055915915915915916,-0.23639907452491826,-0.2222434464482741,-0.20663227918082275,-0.18785718247563452,-0.16457653646642129
0.056296296296296296,-0.23224199770125753,-0.2181787214638352,-0.20259692946575675,-0.18383186344744168,-0.16058822940817935
0.056676676676676675,-0.22817312588851787,-0.21412454809972223,-0.19856400211149028,-0.17981025736130968,-0.15674097970229456
0.05705705705705706,-0.22409364485031133,-0.21004374228419975,-0.19451055079447255,-0.17580865040726223,-0.1529317460232643
0.05743743743743744,-0.21993720826961463,-0.20590964707300966,-0.1904482065741107,-0.17170061758690594,-0.14889946750053187
0.05781781781781782,-0.21582548559170386,-0.20181284549619521,-0.18632145169390993,-0.16766790395104397,-0.14487617835611732
0.0581981981981982,-0.21172920557125433,-0.19766052695882746,-0.18221561576989714,-0.16362315935339375,-0.1408345232579087
0.05857857857857858,-0.20758501364365198,-0.1935094314312246,-0.17813477414844972,-0.1595988317464935,-0.1367568286491792
0.05895895895895896,-0.20353186589673736,-0.18932374731533763,-0.1740255292012488,-0.15556187651345743,-0.13275325057277856
0.05933933933933934,-0.1994036279958644,-0.18516030962076385,-0.16992435029924602,-0.15152291656530295,-0.1289222651612283
0.05971971971971972,-0.19518598030850345,-0.18097365896802442,-0.16580664134373288,-0.14742258386986626,-0.12481623244099951
0.060100100100100105,-0.19097303396109272,-0.17683068127864138,-0.16166488201422255,-0.14340948309982438,-0.12082702767043128
0.060480480480480485,-0.1867897368705972,-0.17269317473174564,-0.15757865127914103,-0.13932922664705907,-0.11679350925647801
0.060860860860860864,-0.18252312658474212,-0.1684963735931371,-0.15343670904912732,-0.1353078427252052,-0.11286211016231525
0.061241241241241244,-0.1783433005531289,-0.16429914395052134,-0.14930030745553957,-0.13125659365602965,-0.10898561473480947
0.061621621621621624,-0.17421728281960502,-0.16012637487269904,-0.14515756416431094,-0.12715565316912267,-0.10501428978225007
0.062002002002002,-0.16989159978530602,-0.15586842244863616,-0.1409750990473587,-0.1231127888348879,-0.10126246157207738
0.06238238238238238,-0.16566549220705856,-0.15163178111943507,-0.13677646363443866,-0.11902119888539868,-0.09731857712057958
0.06276276276276277,-0.16140504466511899,-0.14741952065767897,-0.13256244768214254,-0.11489355710112976,-0.09333235566945833
0.06314314314314315,-0.15716022832476345,-0.14316755987508475,-0.12835828906907906,-0.11075196293365991,-0.08950025425082456
0.06352352352352353,-0.15285850477982635,-0.13890525449603083,-0.12418260387924653,-0.106659293496281,-0.08561968478423573
0.06390390390390391,-0.1485337073899897,-0.13463791553507376,-0.11997771548483852,-0.10259782804780226,-0.08162209427981287
0.06428428428428429,-0.1442252993266972,-0.13040980991840279,-0.11572785827826867,-0.09856168988959857,-0.07751893840368448
0.06466466466466467,-0.1398696560714006,-0.12618099588445608,-0.11150085583596607,-0.09448571281474533,-0.07361416962034735
0.06504504504504505,-0.1355611020585473,-0.12192046660682501,-0.10724876373471383,-0.09033205931393395,-0.06962554191366672
0.06542542542542543,-0.13123981626269335,-0.1176956504415941,-0.10302014340890346,-0.08622122487981365,-0.06557557983838018
0.0658058058058058,-0.12692924760577726,-0.11344899436532374,-0.09878207652103888,-0.08211755713069245,-0.061659321506448685
0.06618618618618619,-0.12264962070708553,-0.10917422807914462,-0.09451076472859567,-0.07800956487434739,-0.057656136555702585
0.06656656656656657,-0.11834719354138769,-0.10487379819813444,-0.09029492530629872,-0.07393922987268119,-0.05379678542861709
0.06694694694694694,-0.11397913834487318,-0.10060601619151457,-0.08607898991029296,-0.06977653674418634,-0.0498347823404433
0.06732732732732732,-0.10972147281057912,-0.0963323529197629,-0.08179762185581396,-0.06562486639766797,-0.045938744888375196
0.0677077077077077,-0.10543784651951572,-0.09200495881781803,-0.0775478053105031,-0.061491985229190596,-0.042092453401772534
0.06808808808808808,-0.10111593639299297,-0.0877304641221213,-0.07330540348588832,-0.05734642507502016,-0.0381794065710702
0.06846846846846848,-0.09676790148848817,-0.0834081389599427,-0.06905790512071142,-0.053218028396388,-0.03425371736737845
0.06884884884884886,-0.09249181916305764,-0.07912672024769801,-0.06484940233307572,-0.0490787364907809,-0.03043138961671903
0.06922922922922924,-0.08821874426272794,-0.0748221933069168,-0.06060551388698993,-0.044947437314083065,-0.026442932331052826
0.06960960960960962,-0.08385726000475183,-0.07053234923528491,-0.05636375356077655,-0.04077861153371813,-0.022431553151500437
0.06998998998999,-0.0795944864116221,-0.06621878479972221,-0.052070188200913005,-0.036638360642553665,-0.01847932459623736
0.07037037037037037,-0.0753336367101517,-0.061920303486926065,-0.04777839812619044,-0.03249813329276665,-0.014577286422501548
0.07075075075075075,-0.07108073325035116,-0.05763346141526021,-0.043556719830995475,-0.028333368932309623,-0.010488500822997522
0.07113113113113113,-0.06679791054843658,-0.05326414149307042,-0.03928606325728886,-0.0241997355312585,-0.006416036022181864
0.07151151151151151,-0.06258692029703855,-0.04892933365412843,-0.03503002810574732,-0.020085646480314332,-0.0023526340639637676
0.0718918918918919,-0.058173356119887915,-0.04462167542457005,-0.03074402047262465,-0.01588835782118077,0.001595757058622357
0.07227227227227227,-0.05377185107049584,-0.04032648735789773,-0.02644552221174526,-0.011703451533224286,0.005582234325277759
0.07265265265265265,-0.049428234173702686,-0.036038134466561074,-0.02219136513333007,-0.0074647387336702386,0.009641452560542992
0.07303303303303303,-0.04519276130598955,-0.03170744280361644,-0.017906082575691384,-0.0032886487947343885,0.013669130427356256
0.07341341341341341,-0.04093674779424074,-0.02741047149988378,-0.013642369158991013,0.000895146760520618,0.01760772328990255
0.07379379379379379,-0.03664069101602654,-0.023139406828074163,-0.009370562845623185,0.0051047451779346635,0.021569129045425565
0.07417417417417417,-0.03242684003813434,-0.01881318186699646,-0.005097779173576477,0.009312846458780409,0.025612983389239494
0.07455455455455455,-0.028148869836758506,-0.01456205707040152,-0.0008206675782039866,0.013539076662662285,0.02965762081679523
0.07493493493493494,-0.023919281494596534,-0.010309133594378685,0.0035056837769803194,0.017743242497093907,0.03360810877815188
0.07531531531531532,-0.01966308853126305,-0.006007686189111701,0.007788139112616667,0.021938068371913724,0.03755671957346258
0.0756956956956957,-0.015355873258700806,-0.0017499904547370346,0.012063492881519203,0.026110741391072112,0.0416601309661681
0.07607607607607608,-0.01110889545710714,0.002572122337901196,0.01633738111223975,0.030362584910060622,0.04569328340202762
0.07645645645645646,-0.006888207506663884,0.006864678398306345,0.02055885510544804,0.03459813871224772,0.04977443464085692
0.07683683683683684,-0.002544168591585664,0.011155940553755602,0.024838442495496816,0.03888073243323805,0.05386009794610945
0.07721721721721722,0.001623801860285057,0.015443118283108188,0.02912128607826499,0.043105717710262996,0.05790001919623015
0.0775975975975976,0.005902403104375435,0.019709959782784225,0.033435933572486205,0.04738007358853271,0.06201775203518812
0.07797797797797798,0.010049153787797882,0.02390104954341155,0.03770294422887725,0.05166894368595269,0.06619497155957367
0.07835835835835836,0.014305024624428184,0.0281174532288613,0.04196524655839142,0.05593284379322482,0.07036946967312638
0.07873873873873874,0.0184526415014973,0.03238766664905534,0.046225326543744304,0.060191592732569875,0.07454985961962082
0.07911911911911912,0.022613209930086628,0.036618007749850204,0.05046740485962941,0.06444933982515313,0.07876067437827695
0.0794994994994995,0.02677387732111813,0.04083435972953769,0.054710621860371726,0.06874053435399162,0.0829773250911805
0.07987987987987988,0.031028196197962394,0.045047852824807166,0.058990199010311446,0.0730120478737267,0.08712767583946059
0.08026026026026026,0.035249244650049694,0.04926287221480768,0.06323614572711155,0.07727944150445056,0.0912992990206265
0.08064064064064064,0.03935226942213891,0.053501103019770825,0.06749520619789459,0.0815520440023499,0.09550253589406595
0.08102102102102102,0.04341894999351259,0.05772011571562418,0.07174063428815747,0.08584368710785192,0.09978098792541976
0.08140140140140141,0.047515082726386125,0.06183365080760611,0.07597860515952647,0.09007456723474326,0.10398043328093742
0.08178178178178179,0.051618866193885296,0.06608321612944117,0.08022758273171376,0.09434905139590599,0.10822004500886685
0.08216216216216217,0.05569219958035007,0.07026802508730098,0.08445546894610938,0.09860455239829757,0.11229240827379547
0.08254254254254255,0.05975753554059862,0.07441681880519496,0.0886963052852974,0.10286163327648731,0.11645530274908585
0.08292292292292293,0.06381921071941557,0.07863066100524285,0.09292944288505203,0.10709580011217476,0.12069553019098196
0.08330330330330331,0.06782266308713668,0.08282431592299516,0.09718167100205183,0.11137918402026638,0.12491506415285447
0.08368368368368369,0.07186316899577347,0.0869637563228731,0.10140697723729195,0.11565002377872848,0.1292200498938945
0.08406406406406407,0.07596891332601086,0.09109616049593582,0.10562012017736715,0.11987317381560557,0.13343931027019304
0.08444444444444445,0.07998755583293946,0.09523443553487168,0.109832633820962,0.12414661427239972,0.13774717554365412
0.08482482482482483,0.08402203255809679,0.09939664840736395,0.11403425309664743,0.12842785909059598,0.14205024808058078
0.0852052052052052,0.08803386942130682,0.10356719679141677,0.11821291356005229,0.1326586352012112,0.14637700315922522
0.08558558558558559,0.09199876425282391,0.10767110731091753,0.12242055226800494,0.13690237375683695,0.15061445993208256
0.08596596596596597,0.09593037741216337,0.1117832581071698,0.1266223758270278,0.14112856468427834,0.15483480167454663
0.08634634634634634,0.09985422619254983,0.11585056443505053,0.13081443294306813,0.1453732642565901,0.15909770602467507
0.08672672672672672,0.1037950633809221,0.11996737669352016,0.13498049051574376,0.14954817030172807,0.1632807541489141
0.0871071071071071,0.1078295003843735,0.12403963863945697,0.1391659417827434,0.15376265173039513,0.1675496657014831
0.08748748748748748,0.11168162305584775,0.12805292908449026,0.14333075691293187,0.1579956962316006,0.1718103369189535
0.08786786786786788,0.11561092082908878,0.13214161782486947,0.14749674062011095,0.1622060644783437,0.17607585395603842
0.08824824824824826,0.11962103891939777,0.13617664858776216,0.15165232311161528,0.16636428937483722,0.18015072248612263
0.08862862862862864,0.12357604943347449,0.14027369392900582,0.15579389756541825,0.17056932938074168,0.18436397800109444
0.08900900900900902,0.1274891236188454,0.14437633665201002,0.15989854187162636,0.17476581318021703,0.18865687641595677
0.0893893893893894,0.1314259084500064,0.14844690465721605,0.1640042833128187,0.1789428536195092,0.19284455347539425
0.08976976976976977,0.13521353064848143,0.15252665594083464,0.16811616717133684,0.18314062541784878,0.19705250999091825
0.09015015015015015,0.1390531309689352,0.15657267406340789,0.17223101530185128,0.18731568672830964,0.20137117450541933
0.09053053053053053,0.14300071750125876,0.16057360273955332,0.17636567177464743,0.1914964044918188,0.20553128844689317
0.09091091091091091,0.14694242948944242,0.1646111964556876,0.1804923763805727,0.19567775489393063,0.20976073300942907
0.0912912912912913,0.15089723303615485,0.1686415307077649,0.1845873473660982,0.19982170604192268,0.21395235830244952
0.09167167167167167,0.154888375991586,0.17266772407009223,0.1887117297809357,0.2039307202179781,0.21807729920501273
0.09205205205205205,0.15881630971166935,0.17667468392127633,0.19275311804100445,0.2080496793509326,0.22225780023131755
0.09243243243243243,0.16271745980532296,0.18066861886286045,0.19680831367737392,0.2121531978883347,0.22649329880226252
0.09281281281281281,0.1667836218666837,0.18464432429487737,0.20088675160068056,0.21627674438425493,0.23062155540883697
0.09319319319319319,0.1707706912382636,0.18862405105737937,0.20492200197659133,0.22039756487968015,0.23476225897653746
0.09357357357357357,0.17470057222676882,0.192625992584285,0.20898266014894698,0.22451046826937948,0.23892669895554736
0.09395395395395395,0.17861754878425615,0.19660542769888073,0.21302636689052729,0.22859063818668973,0.24309762972926163
0.09433433433433434,0.18247460787258027,0.20059468804313912,0.2170732320040334,0.23268652377195212,0.2472103101653743
0.09471471471471472,0.18632176065283712,0.20450173815155193,0.2210905345819649,0.23674315270690321,0.25134134159134836
0.0950950950950951,0.19012964059373466,0.20848414125380596,0.22505424470804208,0.24079907722289917,0.2554683560328544
0.09547547547547548,0.19405224004817767,0.21242375349865963,0.22907021943539838,0.24487246447543481,0.25951685282550985
0.09585585585585586,0.19791766882014722,0.2163439543504798,0.2330490426622657,0.24890262621846404,0.26356662478740184
0.09623623623623624,0.20172660422271693,0.22026481127425235,0.2370240231012582,0.25290604343607226,0.2675552314278705
0.09661661661661662,0.20545547280013648,0.2241548210526496,0.24098509847137597,0.25688375030247096,0.27156125267148723
0.096996996996997,0.20930448590822912,0.228070565000951,0.24494410043155374,0.2608832786636216,0.2755410769193919
0.09737737737737738,0.2131826168696003,0.23196316040244064,0.24885883453505328,0.2648125934582704,0.27957015920820694
0.09775775775775776,0.21700172157074105,0.23584259088245105,0.2527950949820132,0.2687845246668434,0.28356559269495013
0.09813813813813814,0.2208036645270846,0.2396985836074316,0.2566892426732032,0.2727071157596814,0.28751778019094826
0.09851851851851852,0.2246210379939131,0.24357984781230874,0.2605990136421385,0.2766246102956442,0.2914766738325397
0.0988988988988989,0.22835013747881355,0.24745001679876513,0.2644710964826701,0.28055544613108324,0.2954027077883812
0.09927927927927928,0.23213122112580972,0.2512845345677093,0.2683307683175848,0.2844750429889668,0.29931397474010624
0.09965965965965966,0.23598344044574243,0.25506791586329053,0.272194865936263,0.28835746554320485,0.3031780706102916
0.10004004004004004,0.23969792812649265,0.258851499903962,0.276052662284815,0.29226772847557814,0.30717806456321795
0.10042042042042042,0.2435211503432421,0.2626885295098571,0.2798965855912584,0.29613638045227236,0.3111451919696219
0.10080080080080081,0.2471714142062147,0.26647312044391475,0.28373446124041096,0.3000329799460402,0.31494557332585865
0.10118118118118119,0.2509011054982721,0.2702901124190288,0.28753407552082816,0.30391843239833294,0.3188203747324253
0.10156156156156157,0.25451777641025775,0.27406855874185776,0.291336220752701,0.3077170862835357,0.32262766243526564
0.10194194194194195,0.258217867282663,0.27784800418330385,0.2951597897699883,0.31151220570007515,0.32639900544445055
0.10232232232232233,0.26176835697292733,0.28160403195183487,0.2989106998500471,0.3153012772097564,0.33020800675967527
0.10270270270270271,0.26544950015611457,0.28534942148327547,0.30269874152540915,0.3190914807800178,0.3340418521015754
0.10308308308308309,0.2691630603974941,0.28907684356499486,0.3064096547637888,0.3228777742508592,0.33784902991758464
0.10346346346346347,0.27293154901762356,0.2928662583262299,0.31011954319203666,0.3265970892468504,0.3416264665223854
0.10384384384384385,0.276507013882684,0.2965238436435886,0.3138662554188822,0.3303100943143875,0.3453504189184968
0.10422422422422423,0.2801556731258357,0.30024992712046683,0.3175778851743301,0.33401995300840687,0.3490928374113711
0.1046046046046046,0.2839566545344549,0.3039937751943396,0.3212774563364459,0.33774309805178837,0.3528126188565707
0.10498498498498499,0.28755036434317305,0.3076532894308098,0.3249785157602178,0.3414720866535313,0.3564660270537765
0.10536536536536537,0.29135759785183024,0.31132055775651557,0.3286460755114377,0.3451336226259456,0.3601389667738609
0.10574574574574575,0.29498683548239707,0.3149502287691119,0.33228880234517727,0.3488098763134413,0.3638082974774967
0.10612612612612612,0.29867916272811035,0.31856069405203985,0.335922643831811,0.3524602408756098,0.3674306531131887
0.1065065065065065,0.30225081527178627,0.32218968536265796,0.3395231479854421,0.35608284053318995,0.3710498745169254
0.10688688688688688,0.30581436990176625,0.32580274202043197,0.343130452600156,0.35969284866494605,0.3746887461826134
0.10726726726726728,0.30940504786975953,0.3293736179483749,0.3467162550483138,0.3633088111615865,0.3782343841636864
0.10764764764764766,0.312854220991812,0.3329265725619747,0.3502674621513441,0.36685374923287073,0.38181375980411514
0.10802802802802804,0.31638850114881856,0.33650984353284913,0.353833860649642,0.3704084357251305,0.38538975540317616
0.10840840840840842,0.31985380652151146,0.3400319782573621,0.35738401721683827,0.37391925318320934,0.38880740809319203
0.1087887887887888,0.3234479625816899,0.3435610197739996,0.3609376776307625,0.3774246852069175,0.3923568479853172
0.10916916916916918,0.3270716500415006,0.34701714969257513,0.3644587716343448,0.3809214672986777,0.39586182438076684
0.10954954954954955,0.3305203229025704,0.35050340539141145,0.3679143190530084,0.3844175092828118,0.39932587947136194
0.10992992992992993,0.33394989519371426,0.35402724324168394,0.37138211311366387,0.3878761980864915,0.40280223354738387
0.11031031031031031,0.33750764456954113,0.3574869547293144,0.37484149060118155,0.391322442302032,0.406300552114944
0.1106906906906907,0.3409307633024853,0.36094370917766977,0.3783119544077512,0.3947756914588724,0.4097302445167391
0.11107107107107107,0.3443534177399244,0.36439025052354035,0.3817407215468589,0.39819837588084084,0.41312044786147467
0.11145145145145145,0.34771850835944335,0.3677943971050964,0.3851542207387549,0.40160643278519836,0.41652386149074294
0.11183183183183183,0.3511107075920288,0.3712239325085649,0.3885360322766426,0.4049857585305698,0.4199377352489613
0.11221221221221221,0.35445916724056814,0.374657636427788,0.39190449875900235,0.40832194602843147,0.42328715873684025
0.11259259259259259,0.3578613487436638,0.3780667169010968,0.39526591912768844,0.41161254752180565,0.42655109451507706
0.11297297297297297,0.3612643315639674,0.381452935853175,0.3986099702866671,0.4149455022004522,0.42982611585086605
0.11335335335335335,0.36464048925272013,0.38483564480209637,0.40197188136503054,0.41827141632293524,0.4331586842409439
0.11373373373373374,0.368002585099311,0.38816312454612534,0.4052648554446823,0.4215817314427093,0.4364875895880092
0.11411411411411412,0.37134593180702796,0.3914874475600245,0.40855475676687364,0.4248390756826824,0.43974508533649387
0.1144944944944945,0.3746193897649073,0.3948326408059541,0.4118364623190661,0.42813503333461406,0.4429357073820449
0.11487487487487488,0.37807468063893046,0.39811853852240864,0.4151154654310451,0.43137312530145755,0.4462301353119701
0.11525525525525526,0.38143756182476046,0.40145205179242055,0.4183659009310415,0.43461073188437366,0.4494173531135064
0.11563563563563564,0.3847251269640717,0.4047171490800391,0.42157593623673856,0.4378013375172629,0.4525411504855338
0.11601601601601602,0.3878826009079605,0.407936304386073,0.4247493816697325,0.4410084667984179,0.45576199948464285
0.1163963963963964,0.3911763426831805,0.41115917646962347,0.42795260393924167,0.44419806023894765,0.4589538704761907
0.11677677677677678,0.39439152083351153,0.4143245243030269,0.4311254112477295,0.4473212793665131,0.4620404269582994
0.11715715715715716,0.3976320173668326,0.4175150876718499,0.43427916733239397,0.450437718266873,0.46513550683876764
0.11753753753753754,0.4009122937142697,0.42065308277896074,0.437411967606375,0.4535331944193411,0.4682616059821961
0.11791791791791792,0.40416927545441944,0.423809418299757,0.44051898366311076,0.4566308237924166,0.4714413929280904
0.1182982982982983,0.4073698901128811,0.4269305757847885,0.443628500118947,0.45967324340006466,0.47448135853897183
0.11867867867867868,0.41042042151219355,0.4300126964801127,0.4467332262687466,0.4627165912262422,0.47748917071534464
0.11905905905905906,0.4136392877829178,0.433094953096883,0.4497867511352416,0.46567249417740497,0.48057660606250324
0.11943943943943944,0.4166529738724881,0.4362009683397652,0.4528231976141517,0.4686206371713279,0.483596479111027
0.11981981981981982,0.4195861378337121,0.4392611585496547,0.4558482238176146,0.47158541218133404,0.486618228344862
0.12020020020020021,0.42260456296921023,0.4422925577276644,0.4588547426969656,0.47457725270538553,0.4895724901222932
0.12058058058058059,0.4256153772714531,0.44531961733817743,0.4618596000725757,0.47754913641277685,0.4925062035362427
0.12096096096096097,0.4286590023660097,0.4483391474684747,0.4648268111476205,0.48052085798536387,0.49544131440311207
0.12134134134134135,0.4316868623737955,0.451304341141768,0.46777112852189856,0.4834877784238781,0.4984322262806315
0.12172172172172173,0.4348438334915019,0.45430679137646784,0.47073124417164747,0.4863632589355862,0.501273217547839
0.12210210210210211,0.4378752488527377,0.457258195667005,0.47365713185912345,0.48925782543594554,0.5041247868132054
0.12248248248248249,0.4409005428611528,0.4602305415116767,0.47656036933584456,0.4921507727560488,0.5070495310211581
0.12286286286286287,0.44383014435889245,0.4631253728462904,0.47943233000462626,0.49498898424551896,0.5099876807961056
0.12324324324324325,0.4468224728039658,0.46599609668512565,0.4823192368758232,0.4978159851726958,0.5128297835653146
0.12362362362362363,0.44969407029030833,0.4689165929760329,0.4851574166860582,0.5006444171965104,0.5156182854194714
0.124004004004004,0.45268334621313916,0.4717626378702176,0.4879846278498205,0.5034361848385762,0.5184091841529291
0.12438438438438439,0.45559651086906,0.47460793156517633,0.49078804625292444,0.5062507275357149,0.5212283168465154
0.12476476476476477,0.4586328407718583,0.4774247667421444,0.49358906936768904,0.5090087368945133,0.5240097637221034
0.12514514514514516,0.46155744559501,0.4802371462101662,0.49638229855536675,0.5117376315878317,0.5268092987772525
0.12552552552552554,0.4642958421228765,0.4829951250856449,0.4991319923761792,0.5144842327989817,0.5295407613479124
0.12590590590590592,0.46720783757241624,0.485744847065505,0.501842545148854,0.5171551585468434,0.5323470496824765
0.1262862862862863,0.4699861828548867,0.48848075040005845,0.5045589595744061,0.5198575674995938,0.5350726448421156
0.12666666666666668,0.4726390137920628,0.4911861907366756,0.5072511456443053,0.5225719879375554,0.5377557554649282
0.12704704704704706,0.47550203295715676,0.49394094077112083,0.5099459044204847,0.5252123475428583,0.5404746611419605
0.12742742742742744,0.47823115040159514,0.49661316508416664,0.5125735850147294,0.5278936048524179,0.5430944215725254
0.12780780780780782,0.480866411146218,0.4993128698177269,0.5152283309703537,0.5304616014631462,0.5457464780256313
0.1281881881881882,0.4836034506565239,0.5019281294351514,0.5178652989254663,0.5330796858234709,0.5484024734297553
0.12856856856856858,0.4863605816406738,0.5045210751102609,0.5204676761348085,0.5356651192290063,0.5510774678528368
0.12894894894894895,0.48907710616823563,0.5071333644262429,0.523028811901743,0.5382618147864402,0.553731818430283
0.12932932932932933,0.491924005278243,0.5097222912188673,0.5255967410541906,0.540801990874497,0.5563068554151518
0.12970970970970971,0.4945257550450965,0.5122970606649884,0.5281633151483681,0.5433651866249628,0.5588801218067222
0.1300900900900901,0.49710831481403445,0.5148248509287207,0.5306905188933274,0.5458514714353453,0.561438501076346
0.13047047047047047,0.4997953785356055,0.5174014839895955,0.5332015708956103,0.548328173032332,0.5639250037582257
0.13085085085085085,0.502410160044983,0.5199311424671528,0.5356810996028372,0.5507964097108637,0.5664177630808415
0.13123123123123123,0.5050931865463014,0.5224086396825222,0.5381425705076672,0.5532265381644466,0.5688858388190504
0.1316116116116116,0.5076892396970081,0.52484830156634,0.5405759467617671,0.5556615267229593,0.5714480275785733
0.131991991991992,0.5102440446218669,0.5273181667545905,0.5430054616594419,0.5581023212711216,0.5739727551640522
0.13237237237237237,0.5127776248066053,0.5297626460076129,0.5454255860576998,0.5604912209952103,0.5764858865092748
0.13275275275275275,0.5152296867852263,0.532175601330041,0.5478507512799102,0.5628878805700288,0.5789559382830045
0.13313313313313313,0.5178239573916291,0.5345460307417518,0.5502360556004217,0.5652700907475146,0.5812897518777251
0.1335135135135135,0.5202603044287712,0.5369129910185473,0.5525789433663819,0.5676053600485982,0.5837085611549047
0.1338938938938939,0.522722124614969,0.5392903452765412,0.5549036429584455,0.5699859112049425,0.5861771312120798
0.13427427427427427,0.5251822306771338,0.5416645097619107,0.5572397144500021,0.5723106204993917,0.5885336676234404
0.13465465465465465,0.5276392617368206,0.5439879436663786,0.5595359895249095,0.574629770803834,0.5910028749261418
0.13503503503503503,0.5300416944862377,0.5462948094922734,0.5617894910174971,0.5769385949738177,0.5934500719525604
0.1354154154154154,0.5324926092411227,0.5485831380347886,0.5640634859234059,0.5791943437468163,0.5956815726342805
0.1357957957957958,0.534805665075317,0.5508594341796466,0.5662927543245247,0.5814903933428472,0.5980432550220437
0.13617617617617617,0.5370730407989711,0.553153887361163,0.5685395501931659,0.5837588120896643,0.6003655573423405
0.13655655655655657,0.5392709674708933,0.555364658677197,0.5707468720366278,0.5860168878654954,0.6025769610837692
0.13693693693693695,0.5416007423938405,0.5576271354168858,0.5729501282387585,0.5882134411873574,0.6048120550180508
0.13731731731731733,0.5438942382296579,0.559792442951401,0.5750966857750031,0.5904428585645604,0.6071617447756663
0.1376976976976977,0.5461942465414098,0.5619615790884203,0.5772761842331691,0.592631146423466,0.609497370511079
0.1380780780780781,0.5484388033587992,0.5641103007496273,0.5794582458602477,0.5948087635930757,0.6118070440604628
0.13845845845845847,0.5505913704874653,0.5662573475835073,0.5815676868684114,0.5969360282726428,0.6140023500064096
0.13883883883883885,0.5526298494838336,0.5683906682995958,0.5836746971867927,0.5990581538079227,0.6161323574676317
0.13921921921921923,0.5548556871343416,0.5705315128594474,0.5857503951930029,0.6011647190700087,0.6183377197268364
0.1395995995995996,0.5569585566683226,0.5726346648355624,0.5878038068943175,0.603265864763323,0.6204851102370533
0.13997997997998,0.5591593637064028,0.5747819622449573,0.5898811213615992,0.6053450800925256,0.6227141038223469
0.14036036036036037,0.5613012179115267,0.5767766761480546,0.5919125456208403,0.6074369928042439,0.6247669221445245
0.14074074074074075,0.5633590779557343,0.5788099111356051,0.5939735734781174,0.609560193844422,0.6268302216013553
0.14112112112112113,0.5654131920877916,0.5808655394313992,0.5960084118806257,0.6116087485769833,0.6289024666795893
0.1415015015015015,0.5675025014876279,0.5829105492900494,0.5979972667997544,0.6136417793930986,0.6310250962181544
0.1418818818818819,0.56952607694103,0.5849359175149823,0.600006275185555,0.6156666759030643,0.6331180820260413
0.14226226226226227,0.5715730502704093,0.5868688210399756,0.6019527104893655,0.6176543732681288,0.6351885750066344
0.14264264264264265,0.5735739402876132,0.5888126037495719,0.6039047313179543,0.6196145827555601,0.6373187754727262
0.14302302302302303,0.5756161423001389,0.5907586873670433,0.6058711892759954,0.6216091144613325,0.6393102559074391
0.1434034034034034,0.5775685334620388,0.592674463265963,0.6078323470661984,0.6235404097446366,0.6412081705584981
0.1437837837837838,0.5795593906759777,0.5946176419211997,0.609748898809979,0.6254715038271085,0.643154153447368
0.14416416416416417,0.5814437680468517,0.596472692862356,0.6116649477071529,0.627370290421204,0.6451127615443674
0.14454454454454455,0.5833599166069395,0.5983668182765557,0.6135448072353655,0.6292700304151744,0.647127663581578
0.14492492492492492,0.5853081198605377,0.6001975507814138,0.6153955388580225,0.631120968040746,0.6490526478892926
0.1453053053053053,0.587206744579787,0.6020551577844003,0.6172575498389085,0.6330418788570216,0.6509584169688326
0.14568568568568568,0.5890824374555105,0.6038665599124766,0.6190842377956787,0.6348884420758276,0.6527727139692364
0.14606606606606606,0.590927400296273,0.6056610449232154,0.6208841184447123,0.6367099853012748,0.6546934140350136
0.14644644644644644,0.5926803244962435,0.6074957039103696,0.6226836917292776,0.6385505354066663,0.6566337505390186
0.14682682682682682,0.5944598795372069,0.6092843925929002,0.6244261823669861,0.6403490661251932,0.6584598944224445
0.1472072072072072,0.5963387646929045,0.6110304654365933,0.6261873166689603,0.6421485769074031,0.66027618097796
0.14758758758758758,0.5980485627038971,0.6127921066888335,0.6279523919255849,0.6439841757423046,0.6620886577774259
0.14796796796796796,0.5997953906710792,0.6145249185349856,0.629675808117714,0.6457975935003125,0.6638372325417428
0.14834834834834834,0.6015472224298851,0.6162555299821023,0.6314189188323637,0.6475458455070416,0.6655643702386143
0.14872872872872872,0.6032219225567157,0.6179657666577946,0.6331137510403388,0.6492892251776508,0.667375905639702
0.1491091091091091,0.6049181858186402,0.6196506454399864,0.6347556129323936,0.6509667390913579,0.6691336060594445
0.1494894894894895,0.6066683824339669,0.6212789493758042,0.6364038628879014,0.6526794789000298,0.6708880507026502
0.1498698698698699,0.6083862920535401,0.6229714233070722,0.6380814871804017,0.6543315784068681,0.6726685275053699
0.15025025025025027,0.6100101084021894,0.6246151268376182,0.639715060797558,0.6559899765071358,0.6744040014509678
0.15063063063063065,0.6117409665728767,0.6262472512899635,0.6413731020131629,0.6576729583492069,0.6761258246693892
0.15101101101101103,0.6133346394708256,0.627842735960204,0.6430018102962252,0.6592791367104084,0.6779630788623118
0.1513913913913914,0.6149334368681048,0.6294468119196152,0.6446068431357246,0.660950494462658,0.6796924604536986
0.15177177177177179,0.6165059468625174,0.6310361797778097,0.6461753803953104,0.6625756793908946,0.681454528500396
0.15215215215215216,0.6181161466212313,0.6326052470684462,0.6477726048891053,0.6641988772234643,0.6830466707658739
0.15253253253253254,0.6196689691321798,0.6341435020020554,0.6493177624451634,0.6658588066931602,0.6846758504777618
0.15291291291291292,0.6212596217916104,0.6356649517770592,0.6508802178525944,0.6674204611854211,0.6863020214530607
0.1532932932932933,0.6228738685849293,0.6371717424856044,0.6523785532678568,0.6690252929517637,0.6878789332607157
0.15367367367367368,0.6243662584671347,0.6386689398099544,0.6538585899719818,0.6705814810642492,0.689466044054235
0.15405405405405406,0.6259029265621103,0.6401710031543195,0.6553654374578867,0.6721062262605705,0.6911405034803572
0.15443443443443444,0.6274082658978672,0.6416471068353599,0.6568499945399365,0.6736560180513889,0.6926402118544114
0.15481481481481482,0.628875713333813,0.643097025572437,0.6583078541017299,0.6751792566611016,0.6942541610896011
0.1551951951951952,0.6303332293461139,0.6445515984952125,0.6597922180201212,0.6766840514950946,0.6957873337737346
0.15557557557557558,0.6317919352567108,0.6459724000703384,0.6612147609409115,0.6781459669943546,0.697248239078387
0.15595595595595596,0.6332528698112783,0.6473836054494125,0.6626432700437926,0.6796328604188459,0.6987841802288357
0.15633633633633634,0.6346864889867798,0.6487550256490235,0.6640750005332062,0.6810571695985942,0.7002563063029242
0.15671671671671672,0.6360872661594761,0.6501468981165088,0.6654976010329495,0.682516323048489,0.701780627349413
0.1570970970970971,0.6375777645639544,0.6515605264948323,0.6668811658105124,0.6839829490271095,0.7033318524549466
0.15747747747747748,0.6390354674105707,0.6529157636940662,0.6682965971333236,0.6854454071163799,0.7049035872386918
0.15785785785785786,0.6403905971221424,0.654267062280185,0.6696501667617375,0.6868852333056991,0.7063924756403428
0.15823823823823824,0.6417743648746481,0.655621367953547,0.6709717314410447,0.688308833199024,0.7078755610659913
0.15861861861861862,0.6430516980778475,0.6569697862711419,0.6723193252065587,0.6897080941672219,0.7093643923868037
0.158998998998999,0.6443486486590947,0.6583137204845717,0.6736420106234143,0.6911255270935306,0.7107430213972089
0.15937937937937938,0.6456868852227564,0.6596070943150905,0.6749374484446444,0.692450669673568,0.7121605872993468
0.15975975975975976,0.6471484365459732,0.6609405362234465,0.6762518720180737,0.6937719013921324,0.7135194081835643
0.16014014014014014,0.6484206028555669,0.6622490601999175,0.6775471475063951,0.6951255277166212,0.7148934412215214
0.16052052052052052,0.6497890053427535,0.6635189707660826,0.6788385848731465,0.6964548736260874,0.7163516152893029
0.1609009009009009,0.6510311714465523,0.6647629385911714,0.6801190557159659,0.6977528727431489,0.7177472065840104
0.16128128128128127,0.6522897162481182,0.6660066295848164,0.6813977235362761,0.6990758061433853,0.719142994193165
0.16166166166166165,0.6534824209909427,0.6672278975025123,0.6826793770433947,0.7003481593987431,0.7206010055269859
0.16204204204204203,0.6547115429667474,0.6684432317941527,0.6839227737294905,0.7016318016433236,0.7219580546923638
0.16242242242242244,0.6558682769750733,0.6696552592224404,0.685159959101145,0.7028519620208346,0.72326485251068
0.16280280280280282,0.6570172985209126,0.670884669182248,0.686350281005309,0.704117239049416,0.7245704066701264
0.1631831831831832,0.6582009925737777,0.6721275017439171,0.6875809854638192,0.7053313695223656,0.7257768414802602
0.16356356356356358,0.6593178925909399,0.6732987349902902,0.6887596595921035,0.706585963018291,0.7271454833284287
0.16394394394394396,0.660553885580554,0.674459048069551,0.6899099606836544,0.7077949736289708,0.7283812005005165
0.16432432432432434,0.6617058918229533,0.6756210868909848,0.6910572836810689,0.7089618141417341,0.7298242369246382
0.16470470470470472,0.6628756867934019,0.6767713369434508,0.6922149818763166,0.7101932943313759,0.7311079729393902
0.1650850850850851,0.6640351499872796,0.6779057392325863,0.693347274684666,0.7113989669049268,0.732496207339774
0.16546546546546548,0.6651310123177913,0.6790397542663634,0.6945099989518662,0.712585550381261,0.733830161182386
0.16584584584584586,0.6661689956100266,0.6801754848117808,0.6956225219419407,0.71376144664851,0.7349223680312467
0.16622622622622624,0.6672273751175473,0.6812932047510442,0.6967162879784741,0.7148812483319412,0.736074015561073
0.16660660660660662,0.6683010917235251,0.6823729648773045,0.6977984635687402,0.7159816766820867,0.7372357650570794
0.166986986986987,0.669429381892991,0.683449823771743,0.698872993060986,0.7171702180154669,0.7384751543603284
0.16736736736736738,0.6704990850571365,0.6845180329410328,0.6999705241616104,0.7182650511628753,0.7397858267732735
0.16774774774774776,0.671520700431,0.6855880520223955,0.7010329081373441,0.7194183978232723,0.7410727029426694
0.16812812812812813,0.6725699751936758,0.6866103130605864,0.7020913070550476,0.7205620576748328,0.7424345046904872
0.16850850850850851,0.673580685631405,0.6876388477843006,0.7031356522209912,0.7216802786734772,0.7436941765648319
0.1688888888888889,0.6745267390251662,0.6886534690819597,0.7042036034882191,0.7227174934818501,0.7448918334725023
0.16926926926926927,0.6755431149083236,0.6896698223503955,0.7052526059983591,0.7238199369211958,0.7461659523042931
0.16964964964964965,0.6765157268535466,0.6906778852633554,0.7062797304003633,0.7249064978975563,0.7474894374503448
0.17003003003003003,0.6774419384051248,0.69166936069534,0.7072719213420171,0.7259617936000349,0.7484557912817074
0.1704104104104104,0.6784197056365551,0.6926585794262724,0.7082585622282584,0.7269741762999327,0.7498497855654217
0.1707907907907908,0.6793815201532605,0.693637468584149,0.7092505788792223,0.7279660489294224,0.7509933504165175
0.17117117117117117,0.6803461082222478,0.69457562685304,0.7102106939280299,0.7289667330959873,0.7522600335329109
0.17155155155155155,0.6813056594012861,0.6955430521589057,0.7112116270528558,0.7299595178866932,0.7533994078408686
0.17193193193193193,0.6822891892349706,0.6964669583107885,0.7121459027461753,0.7309435555274568,0.7545128105732756
0.1723123123123123,0.6832250323060367,0.6974129863714953,0.7130834252329573,0.7319663239403441,0.7556938860558726
0.1726926926926927,0.6841602950500808,0.6983278897486319,0.7140150104456163,0.7329792910711279,0.7569353278026743
0.17307307307307307,0.6850558983002093,0.6992375980805031,0.7149551136824842,0.7339333650427073,0.757966408556892
0.17345345345345345,0.6859513050270809,0.7001240359655377,0.7158607672035008,0.7348553668530515,0.7591278861119036
0.17383383383383383,0.686841622196579,0.7010159975652188,0.7167804818802449,0.7358333190223852,0.7602547232084864
0.1742142142142142,0.6877234454268504,0.7018862391978926,0.7176897596499119,0.7367682756945206,0.7613303525074764
0.1745945945945946,0.6886306094356685,0.702803772038382,0.7186065476521609,0.7376771178587197,0.7625179783461625
0.17497497497497497,0.6895234774401007,0.7036630495711552,0.7194650775245038,0.7386143915307001,0.7636629175905661
0.17535535535535537,0.6903945200486428,0.7045290197754225,0.7203521678203805,0.7395238859107791,0.764644683458186
0.17573573573573575,0.6912146451920568,0.7054006015842538,0.7211778499683982,0.7404188898909193,0.7655282306581026
0.17611611611611613,0.692092371212097,0.7062503738253342,0.7220143238869051,0.7413602449011361,0.7663874982493886
0.1764964964964965,0.6929183201211897,0.7070632390336351,0.722866160821977,0.7421997325785731,0.7673836809030878
0.1768768768768769,0.6937562247877638,0.707882124006692,0.7236896788728499,0.743068880671887,0.7682939833001627
0.17725725725725727,0.6945541343143141,0.7086978149630833,0.7245344175843584,0.7439571237050482,0.7692355404252994
0.17763763763763765,0.6953394404068532,0.70955459117201,0.7253726411150885,0.7448469751460658,0.7702401232108692
0.17801801801801803,0.6960913022672115,0.7103807567482296,0.7261836795540897,0.7456805912935731,0.7710004452925668
0.1783983983983984,0.6968717399557312,0.7111979247619614,0.7270219714543095,0.7465501973159571,0.7718495068166177
0.1787787787787788,0.6976704528537638,0.7120036806620454,0.7277969377239557,0.7473469236259931,0.7727421440043443
0.17915915915915917,0.6984011921600858,0.7127791031473936,0.7286029081263805,0.748114229489902,0.7737841396172626
0.17953953953953955,0.6991743497425206,0.7135699131655117,0.7293712794648969,0.7489519176155202,0.7748737067223893
0.17991991991991993,0.699928436902935,0.714300726590623,0.7301491989589045,0.7498564161488136,0.775951900040856
0.1803003003003003,0.7006660054935866,0.7150752387803148,0.7308897297718008,0.7506208954723893,0.7768733431564271
0.1806806806806807,0.7013260135877947,0.7157989836169996,0.7316236706014752,0.7514052266273984,0.7776098004015205
0.18106106106106107,0.7020060213540179,0.716576555868414,0.7323967082586517,0.7521324745662543,0.7785754894738895
0.18144144144144145,0.7027558702468936,0.7173068258327887,0.7331393197987321,0.7528921444304204,0.7794316638105176
0.18182182182182183,0.7035464223659197,0.7180120053701996,0.7338909616022236,0.7536252684265973,0.7799703908444111
0.1822022022022022,0.7042548344506762,0.7187208905599637,0.7346260496836735,0.7543281921169488,0.7808938584729331
0.1825825825825826,0.7048734125498829,0.7194202054490152,0.735292623692929,0.7551077037963233,0.78170429927286
0.18296296296296297,0.7055869952187348,0.7201009414356566,0.7359850414532425,0.7558557814462978,0.7824379854526176
0.18334334334334335,0.7062741488326243,0.7207727114579345,0.7366710241074158,0.7565192601475903,0.7831147614752434
0.18372372372372373,0.7069873627791022,0.7214577100680655,0.7373533770069322,0.7572485202112189,0.7838241163071663
0.1841041041041041,0.7077074559977167,0.7221598233517084,0.738048956366886,0.7579615085638334,0.7846565244235673
0.18448448448448448,0.7083820312387087,0.7228304075797294,0.7386892323323232,0.7587053388122933,0.7855632960115041
0.18486486486486486,0.7090435964665939,0.7234676748502273,0.7393340894556563,0.7594078113042353,0.786467502263667
0.18524524524524524,0.7096212228066865,0.7241546719175337,0.7400097455073443,0.7600875634790188,0.7872125407392728
0.18562562562562562,0.7102799160321438,0.7248639672555415,0.7406530414256547,0.7608201939312952,0.7879844887498635
0.186006006006006,0.7109380568281066,0.7255476340940565,0.741290540449204,0.7615140013756673,0.7887302007677431
0.18638638638638638,0.7115626036008822,0.7261988150890427,0.7419324955997749,0.7621843432512505,0.789635399684217
0.18676676676676676,0.7121853852815704,0.7267969345297728,0.7425773484923838,0.7628841200522866,0.7904933816423734
0.18714714714714714,0.7127793474559925,0.7274626691754139,0.7432164880974658,0.7635768973774569,0.7912256937229452
0.18752752752752752,0.7133976175874217,0.7280941947963417,0.7438508256595022,0.7642387085989627,0.7918793791774164
0.1879079079079079,0.7139783954100075,0.7287153836432603,0.7444722905604224,0.7648543949776865,0.7924387616129218
0.1882882882882883,0.7145442915450686,0.7293292678919804,0.7450971484682,0.7655007993976083,0.7931656690507268
0.1886686686686687,0.7150697081762415,0.7299076786553437,0.7457359955415154,0.7661287717506329,0.794036799091571
0.18904904904904907,0.7156719235047657,0.7305335148438432,0.7463344573413154,0.7667285493938832,0.7946915459696753
0.18942942942942945,0.7162020326800375,0.7311236205349567,0.7469487235028189,0.7673643020188394,0.7954368913189691
0.18980980980980983,0.716772579515312,0.7316936215357527,0.7475400419622069,0.7680206389675102,0.7960185267529858
0.1901901901901902,0.7173184301906504,0.7323075138447136,0.7481076039791532,0.7686188628630981,0.7968069979412943
0.19057057057057059,0.717841383203941,0.732862597642517,0.7487020863573839,0.7692017546792261,0.7974617108037054
0.19095095095095097,0.7183753428696632,0.7333920636369201,0.7492652048539887,0.769795564149716,0.7981567254612152
0.19133133133133134,0.7189183995929748,0.7339387574257364,0.7498287833742857,0.7704598023050144,0.7988708591091875
0.19171171171171172,0.7194413713147153,0.734484528373282,0.7503667917879113,0.7710178545487809,0.799472724918923
0.1920920920920921,0.7199734226334564,0.7350331844220911,0.7509101147888185,0.771611177989427,0.8002610515148522
0.19247247247247248,0.7204948542201344,0.735565991931321,0.7514670795719826,0.772248162955303,0.8009251271843675
0.19285285285285286,0.7210577352075158,0.7360817729040828,0.7519920730546603,0.7727744113055866,0.8015656433093657
0.19323323323323324,0.72161523877056,0.7365962944867317,0.752510745768102,0.7733500448904582,0.8022264853489695
0.19361361361361362,0.722150502175598,0.7370852095612586,0.7530314205152022,0.7739683965614237,0.8029338612740037
0.193993993993994,0.7227286636489081,0.7376044540681074,0.753578025557399,0.774512139943604,0.8034628313530647
0.19437437437437438,0.7231788342799373,0.7381013038518923,0.7540695399810599,0.7750838752856388,0.8043252185235769
0.19475475475475476,0.7237186142737362,0.7386071767783923,0.754571784349694,0.7756662504781089,0.8048154150401156
0.19513513513513514,0.7241760255165766,0.739135698993628,0.7550641479773891,0.7762370922616688,0.8055961052593494
0.19551551551551552,0.7246632463545406,0.7396315705154003,0.7555444854116249,0.7768192927154851,0.8062365796184259
0.1958958958958959,0.725147466968926,0.7401056556022939,0.7560052668528096,0.7773858703610933,0.8067116219334793
0.19627627627627628,0.7256010762647068,0.7405902854645294,0.7564862286720906,0.7778502960325884,0.8074093898855306
0.19665665665665666,0.7260626437910803,0.7410547184621666,0.7569270966041346,0.7784287002943305,0.8080767720012739
0.19703703703703704,0.7265724573345552,0.7415375981879003,0.7574065716794505,0.7789780927772213,0.8084852163173857
0.19741741741741742,0.7270195493109984,0.7420108848436517,0.7578275683797876,0.779518753312672,0.8091729146490485
0.1977977977977978,0.7274758839580546,0.7424651312252591,0.7582963297758185,0.7800213000952319,0.8097495980724649
0.19817817817817818,0.7279342768916047,0.7429834497731816,0.7587849646458477,0.7805429461212263,0.8102473978930435
0.19855855855855856,0.7284117775602502,0.743410236330051,0.7592050085319898,0.7810848957805285,0.8107480375957926
0.19893893893893894,0.7289356323135227,0.7438641071015967,0.7596373805303491,0.781579107958013,0.8112565622688388
0.19931931931931932,0.7293413831215203,0.7443216863417306,0.760042504853808,0.7820523232025691,0.8117922267395083
0.1996996996996997,0.7298432784856075,0.7447878025937786,0.7605300842176201,0.7825834399896043,0.8121422790195332
0.20008008008008007,0.7303125366180071,0.745235559370335,0.7609521920116399,0.7830732529284858,0.8125559342536017
0.20046046046046045,0.7307215870380189,0.7456324104167695,0.7613684302808554,0.7836274588839193,0.8129420239548414
0.20084084084084083,0.7311472326645759,0.7460281977969974,0.7618079149813882,0.7841490713319808,0.8135367290936233
0.2012212212212212,0.7315332637041024,0.7464279616098423,0.7622248223228628,0.7846420767316997,0.8140662757629717
0.20160160160160162,0.7319247525487252,0.7468265460600082,0.7626091236158554,0.7851149753703388,0.8144504756539579
0.201981981981982,0.7323756389857937,0.747240923720371,0.7629888452626101,0.785568804679083,0.8149484133709218
0.20236236236236238,0.7327294659361279,0.7476126462389342,0.7633935291660865,0.7860469903950281,0.8152826204723288
0.20274274274274276,0.7330883799147677,0.7480092225382744,0.7637492557807911,0.7865084662487827,0.8156484611533329
0.20312312312312314,0.7334976661551443,0.7483833875851176,0.7641277830974577,0.7870274173624683,0.8161059546119513
0.20350350350350352,0.7338464431463348,0.7487592514597329,0.7645359238594494,0.7874396377668725,0.8165607717762502
0.2038838838838839,0.7342646940211717,0.7491673462293914,0.7649567644542836,0.7877759583237897,0.8169503955391182
0.20426426426426428,0.7346790380939546,0.7495704516356142,0.7652976741118546,0.7881482863967647,0.8172388228168781
0.20464464464464466,0.7350335542851004,0.7499724712117398,0.7656633850956065,0.7886116774910126,0.8176898330829823
0.20502502502502504,0.7354017334169722,0.7503155699975018,0.7660587290511421,0.7890361114129757,0.8180386308410075
0.20540540540540542,0.7358246971337994,0.750669050068272,0.7664255685798415,0.7894417352188304,0.8185678203308999
0.2057857857857858,0.7362677684260109,0.7510237966476504,0.766794853820587,0.7898536127052811,0.81899536263178
0.20616616616616618,0.7365877282838058,0.751364099303358,0.7671528690900343,0.7902300048421337,0.8193547462386639
0.20654654654654656,0.7369391796253331,0.7517044278611408,0.7675027790576898,0.7906945795170873,0.8196790968145918
0.20692692692692694,0.7373072952550177,0.7520318758998585,0.7678284979124254,0.7910398379456324,0.8201815163019661
0.20730730730730731,0.7376760710830226,0.7523460579126043,0.768175283461199,0.7914227350723757,0.8206282923603335
0.2076876876876877,0.737998202634469,0.7526713682306816,0.7685243750503281,0.791835058058974,0.8209689084345294
0.20806806806806807,0.7383604399117043,0.7530198172241039,0.7688732595159623,0.7921946751377208,0.8213631261404174
0.20844844844844845,0.7386915131600126,0.7533537799064477,0.7692079834190935,0.7925618465372539,0.8218929781110131
0.20882882882882883,0.7390146563595863,0.7536870677907676,0.7695313852425936,0.7928845534252597,0.822281419074116
0.2092092092092092,0.7393827585537445,0.7540058194000836,0.7698387301303176,0.7932369579979495,0.8228202574241936
0.2095895895895896,0.7396296784960334,0.7543220497421012,0.7701770841594191,0.7936232180441984,0.8234584191947814
0.20996996996996997,0.7399507050849715,0.7546106734879711,0.7704727263502686,0.7940001606603618,0.8237589609968894
0.21035035035035035,0.7402913556383016,0.7549420344893951,0.7708026994560565,0.7943895034767277,0.8241887440654111
0.21073073073073073,0.7406672135015331,0.7552285723944129,0.7710962247702323,0.7947137482341918,0.8245255586010811
0.2111111111111111,0.7409584678858486,0.7555500354442922,0.7714080403678073,0.7950500795933313,0.8247647564926767
0.2114914914914915,0.7412319994883222,0.7558608260900901,0.7717028946345172,0.7954511238006663,0.82516927681404
0.21187187187187187,0.7415811757231545,0.7561653423823165,0.7720040791911955,0.7958231068630163,0.8253663058549431
0.21225225225225225,0.7418162699121086,0.7564214668376756,0.772298461377804,0.796146483845067,0.8257297347448512
0.21263263263263263,0.7420780729556188,0.7567008829123129,0.7726089434041709,0.7965050999112541,0.8260429333620183
0.213013013013013,0.7423998491328287,0.7569890450796196,0.7728930389111222,0.7968631000636389,0.8263750645014113
0.2133933933933934,0.742717107097049,0.757291404544841,0.7731651785321698,0.7971619695288605,0.8267566929357155
0.21377377377377377,0.7429687744538678,0.7575688256863985,0.7734627614707297,0.7975271479722063,0.827209559202325
0.21415415415415415,0.7432185747872723,0.7578209914678297,0.7737450279732242,0.7978392018043853,0.827641663316126
0.21453453453453455,0.7434835000306993,0.7580956746301843,0.7740223962362167,0.7981462822590784,0.8279407810050701
0.21491491491491493,0.7437030000044492,0.7583796903313257,0.7743115051141856,0.7984837024484821,0.8281416161022112
0.2152952952952953,0.7439394335590537,0.758623763327623,0.7746007421978698,0.7987590498146037,0.8283857297610298
0.2156756756756757,0.7442540003902086,0.7588741632630875,0.7748862060008187,0.7990866705288334,0.8287418559602512
0.21605605605605607,0.7445294685834327,0.759098433283661,0.7751331866719677,0.7994085882839985,0.8287974262590058
0.21643643643643645,0.744838043463974,0.7593338479758335,0.7753938067897089,0.7997360581454751,0.8292094915468549
0.21681681681681683,0.7451275533777875,0.7595968068344442,0.7756091721144068,0.8000879007007796,0.8296694398318338
0.2171971971971972,0.7453932176004286,0.759797685511494,0.7758503998784483,0.8004063222020238,0.8300959578047742
0.2175775775775776,0.7456172841802494,0.7600595411655491,0.7760911200814391,0.8006951108529669,0.8303183862380965
0.21795795795795797,0.745851737406704,0.7603210322903116,0.7762988918890835,0.8009905618251887,0.8306554347344102
0.21833833833833835,0.7460642889952189,0.7605150293467445,0.7765552279712329,0.8012497752739322,0.8311272894418996
0.21871871871871873,0.7462398919111926,0.760738553071465,0.776801677201954,0.801533704179255,0.83134246157418
0.2190990990990991,0.7464839112647997,0.7609791859947409,0.7770417222996256,0.8017935001049795,0.8317020533085496
0.2194794794794795,0.74668407138181,0.7611900218232825,0.7772878326349292,0.8020820353776407,0.8319020747718133
0.21985985985985987,0.7469509901469191,0.7614126678058943,0.7775388467347965,0.8023362742947121,0.8322468952684609
0.22024024024024025,0.7471569954667309,0.7616541390672213,0.7777657766881495,0.8025655553299167,0.8323506629459819
0.22062062062062063,0.7473926436489025,0.7618825544926542,0.7780014849384553,0.8028823868239034,0.8325892415997205
0.221001001001001,0.7476299572382218,0.7620741712804785,0.7782401056814257,0.8031242603392389,0.8328648179223683
0.2213813813813814,0.7478817356685162,0.7623009835109705,0.7784359029405798,0.8034405776405564,0.8333137627593321
0.22176176176176177,0.7481011791244934,0.7624933201947587,0.7786677566197382,0.8036911993691535,0.8333852578627393
0.22214214214214215,0.7483275326988058,0.7626894013307964,0.7788560568401739,0.8039312397095624,0.8336190656588859
0.22252252252252253,0.748517874152978,0.7629058627765939,0.7790840430045689,0.8042402373799048,0.8338536871417318
0.2229029029029029,0.7487386568800396,0.7631008909855748,0.7793170927536291,0.8044388853146489,0.8340788926370389
0.22328328328328328,0.7489340719312035,0.763340694207336,0.7795167517506436,0.8046498880722681,0.8345455042048923
0.22366366366366366,0.7491600136255739,0.7635088238894657,0.7797229030505857,0.8049080225153026,0.8347410587948758
0.22404404404404404,0.7493885271197861,0.7637088180903298,0.7799335803135682,0.8051487865107958,0.8350268348156011
0.22442442442442442,0.749618329378997,0.7638867809728237,0.7801390816172019,0.8053952283039033,0.8351746612293222
0.2248048048048048,0.7498310562473298,0.7640839824132245,0.7803585593328203,0.8056764251300718,0.8354882943421378
0.22518518518518518,0.7499984762247333,0.7642734470083221,0.7805474577132056,0.8059131556739774,0.8356938555375356
0.22556556556556556,0.7501785298714848,0.764438015365996,0.7807152483049306,0.806154301639166,0.8358325669496918
0.22594594594594594,0.7503599897078189,0.7646352260529257,0.7808717276483117,0.8063562686056566,0.8361669244133159
0.22632632632632632,0.7505115985239906,0.7647821226568523,0.7810466252832308,0.8066126348389869,0.8364368667299256
0.2267067067067067,0.7507158592630561,0.7649448871682545,0.7812246159615585,0.8067993366696633,0.8368766286978626
0.22708708708708708,0.7509187215095904,0.7651116162231795,0.781375746202474,0.8070563188356451,0.8372721698816208
0.2274674674674675,0.751091827577031,0.7652887823376185,0.7815629802465272,0.807273128729426,0.8374179841218172
0.22784784784784787,0.7512445504283409,0.7654440734396284,0.7817428532300588,0.8075605893252458,0.8375202485384934
0.22822822822822825,0.7514336483511441,0.7655976148980738,0.7819274663794957,0.807724655837324,0.8376178126128532
0.22860860860860863,0.7516160886039985,0.7657827639338524,0.782097157138343,0.8079079512630943,0.8381907789915387
0.228988988988989,0.751738474052632,0.7659195501526188,0.782304221088348,0.8080705299767784,0.8385001551312071
0.22936936936936939,0.7518631389796667,0.7660645410193652,0.7824795164310401,0.8082960967850537,0.838593168012386
0.22974974974974977,0.7520135118214353,0.7662054275240926,0.7826224660286697,0.8084363236304044,0.8390010022119352
0.23013013013013014,0.7522538443104623,0.7663860401690246,0.7827899685360337,0.8086413776171033,0.8393522751501001
0.23051051051051052,0.7524152857627893,0.7665542903533152,0.7829759830453111,0.8088424177802231,0.8395439758300227
0.2308908908908909,0.7526098760237976,0.7666966245096579,0.7831243033058466,0.8090889892124044,0.8397852074337083
0.23127127127127128,0.7527818073424175,0.7668555575839786,0.7832496565776205,0.8092305377621478,0.8400984831031313
0.23165165165165166,0.7529255266430703,0.7669753840540792,0.783406489258242,0.8094361284666418,0.840265433988808
0.23203203203203204,0.7530238724773436,0.7671176717369289,0.7835741292942279,0.8096161525775057,0.8405787045030577
0.23241241241241242,0.7531929500056398,0.7672706736453443,0.7837579671963498,0.8098169386424261,0.8408195252730853
0.2327927927927928,0.7533089942473971,0.7674138576332824,0.7838717627842833,0.8099769248534517,0.8411010506000873
0.23317317317317318,0.7534748113440204,0.7675708329639729,0.7839887883823536,0.8102301410232138,0.8413480425158927
0.23355355355355356,0.7536885786004122,0.7677217262289516,0.7841481034615694,0.8104098822686114,0.8415594191111152
0.23393393393393394,0.7538233239879693,0.7678529307041521,0.7843155915916937,0.8105230514249564,0.8416197909647728
0.23431431431431432,0.7539770865127834,0.7679708745776762,0.7844794823521195,0.8106181729900067,0.8419851242221271
0.2346946946946947,0.7541426267087719,0.7681053967908621,0.7846265187742354,0.8107695256311707,0.8423563587091122
0.23507507507507508,0.7542068134315463,0.7682084013896147,0.7847588469159738,0.8108686636793773,0.842474926087285
0.23545545545545546,0.7543114632688489,0.768334275268114,0.7849121856033561,0.8109475354123163,0.8428575981122923
0.23583583583583584,0.7544026049581847,0.7684684194567424,0.7850465706144537,0.8111595790583084,0.8430787387660212
0.23621621621621622,0.7545311914764664,0.7685594493462121,0.7851751972910495,0.8112974732985943,0.8435457397538427
0.2365965965965966,0.7546925458273396,0.7686900248515504,0.7853309781339408,0.8114341865621882,0.843717612856673
0.23697697697697698,0.7548784985555052,0.7687917200207505,0.7854455561158262,0.8115881739677254,0.8437366897124714
0.23735735735735736,0.7549316972354397,0.7689133517834175,0.7855549381453262,0.8117130526714326,0.8438592951162112
0.23773773773773774,0.7550794559684628,0.7690081401349499,0.7856831879994388,0.8118763349587494,0.8440277306152213
0.23811811811811812,0.7551994464934256,0.7691195225353116,0.7857870708447195,0.812109939387813,0.8441500776172667
0.2384984984984985,0.7552606349305512,0.7692316912363477,0.7858943432544648,0.8122215989317948,0.844199481942092
0.23887887887887888,0.7554222374289674,0.7693642006895994,0.7860179632884657,0.8122840833027853,0.8445879924448009
0.23925925925925925,0.7555076820162696,0.7694479962723457,0.7861344516668052,0.8124891045973043,0.8446531183316605
0.23963963963963963,0.7555866120810888,0.7695752558831002,0.7862401490714584,0.8125341460158061,0.8449705948922832
0.24002002002002001,0.7557899408353128,0.7696864228038142,0.7863412479758745,0.81258795938,0.845124475320505
0.24040040040040042,0.7558756055169092,0.7697866723703456,0.7864626303882545,0.8126809578848353,0.8454740358445925
0.2407807807807808,0.7560410298903402,0.7698726301178181,0.7865638668372411,0.8128438812010544,0.8457242652030739
0.24116116116116118,0.7561128524032468,0.7699815938033528,0.7866564124843177,0.8129080082334069,0.8459870092796179
0.24154154154154156,0.7561963043733384,0.7701234289254815,0.786761236875835,0.8130344472627747,0.8465046056437847
0.24192192192192194,0.7563200967096022,0.7702397829619624,0.7868588994474734,0.8131530544984552,0.8464585318683968
0.24230230230230232,0.7564071989951076,0.7703259199791704,0.7869688349778724,0.8132213115314729,0.846627621161705
0.2426826826826827,0.756549439154675,0.7704187839966841,0.7870758058524647,0.8134015163477682,0.8467857576726547
0.24306306306306308,0.7566377099279241,0.7705151042431566,0.7872023692929782,0.8135057913152727,0.8470197758862772
0.24344344344344346,0.7567328995121972,0.7705947246864345,0.7873030713731958,0.8136818822321448,0.8473722252008986
0.24382382382382384,0.7568113538223162,0.7706781369972407,0.7873947340482725,0.8137935081722738,0.8476705680955452
0.24420420420420422,0.7569163175437068,0.7707694263176652,0.787496262766618,0.8138390027182603,0.8478084842542638
0.2445845845845846,0.7569915700970676,0.7708492198327864,0.787598657568497,0.8139818532797509,0.8479013148158943
0.24496496496496498,0.7570547325070235,0.7709400147785009,0.7876898145196233,0.814113542481351,0.8479540538493903
0.24534534534534536,0.7571379978374526,0.7710016618989696,0.7878166803326745,0.8141639686416675,0.8481691886843826
0.24572572572572574,0.7572035377161053,0.7710917563371831,0.787865787655505,0.814183505882069,0.848241553015147
0.24610610610610612,0.7572706046912774,0.7711653649398952,0.7879542124903667,0.814198687122396,0.8484488915335648
0.2464864864864865,0.757338284912714,0.7712482944111353,0.788016884570477,0.8143787200248509,0.8487698150501274
0.24686686686686687,0.7573923682513887,0.7713289462211744,0.7880730328125174,0.8144600191221987,0.8489694261753875
0.24724724724724725,0.7574159850396331,0.7713951825953951,0.7881979372317693,0.814527636187522,0.8490668531136818
0.24762762762762763,0.7574416118491324,0.7714526631033712,0.7882918558744716,0.8146066767725619,0.849350055075151
0.248008008008008,0.7575352880295465,0.7715216131606831,0.7883834087285535,0.8146811017181124,0.8493394611062186
0.2483883883883884,0.7575871834763415,0.7716279783088532,0.7884391096739514,0.8146942253482294,0.849582434281361
0.24876876876876877,0.7576901899888957,0.7716686164442761,0.7885149900872694,0.81476259249304,0.8496140814646007
0.24914914914914915,0.7577141609148301,0.7717552259092171,0.788555351955052,0.8147729495320818,0.84990202551812
0.24952952952952953,0.7577326720393376,0.7718292663081763,0.7886202406056271,0.8148254261620073,0.8499451097568823
0.2499099099099099,0.7578223367827343,0.7718946725768155,0.7887031251794874,0.8148835988743957,0.8501827622547462
0.2502902902902903,0.7579141641973849,0.7719401127116241,0.7887861431818489,0.8149855666619338,0.8503312415427906
0.25067067067067067,0.7579438095876425,0.7720155420373856,0.7888263668554983,0.8150242781329542,0.8505428595167863
0.2510510510510511,0.757978075760774,0.772089120931754,0.7888837806778775,0.8150973088626612,0.8507742857492571
0.25143143143143143,0.7580798040190001,0.7721411483363642,0.7889778624623919,0.8151079489654942,0.8510768216147256
0.25181181181181184,0.7580433193024596,0.7721950321460409,0.7890504585725034,0.8152497996437147,0.8512987852959873
0.2521921921921922,0.7580517749099391,0.7722556642083523,0.7891165980710128,0.8154190177388485,0.851344008494732
0.2525725725725726,0.7580410691796889,0.7723062250181809,0.789128730653339,0.8154501634555077,0.8516059084024388
0.25295295295295295,0.758077073452656,0.7723244089169756,0.7892021288164447,0.8154788329513359,0.8515998771653969
0.25333333333333335,0.7581016981051978,0.7723701685931832,0.7892721444163873,0.8155096131648649,0.8518564988696651
0.2537137137137137,0.758122292613802,0.7723994424816447,0.7893090210107562,0.815572940795913,0.85195870921341
0.2540940940940941,0.7581597099590603,0.772424667733895,0.7893590381771214,0.8155966506662767,0.8521373532438942
0.25447447447447447,0.758196611820774,0.7724651900571555,0.7894167085966873,0.8156419441139593,0.8523046485315577
0.2548548548548549,0.7582165846073473,0.7725136997667779,0.7894757639048403,0.8158491927362049,0.8524617123774711
0.2552352352352352,0.7582367289822615,0.7725266477147418,0.7895446512514794,0.8159275233840275,0.8528235271798392
0.25561561561561563,0.7582966952536125,0.7725574070679412,0.7895702535352069,0.8159968403171973,0.8526882176409863
0.255995995995996,0.7583437873343788,0.7725987840028187,0.7896072539984672,0.8160220279007534,0.8530101186672729
0.2563763763763764,0.7583767937514355,0.7726468513539599,0.7896195929425404,0.8161379773954806,0.8535399944216329
0.25675675675675674,0.7584036368807446,0.7726999737872436,0.7896677605131144,0.8161106063319011,0.8539226662118091
0.25713713713713715,0.7584152272459324,0.7727304659437507,0.7897030253757328,0.8161532133490963,0.8542645058926701
0.2575175175175175,0.7584829408083956,0.7727745838843275,0.7897347857067589,0.8161785623446809,0.8545620380789762
0.2578978978978979,0.758484279792228,0.7727894958839204,0.7897535695635375,0.8162450770946964,0.8548604053453706
0.25827827827827826,0.7585451550618397,0.7727946013176484,0.78979804435818,0.8162703452247285,0.8550499882337124
0.25865865865865867,0.7585818691237414,0.7728535430300614,0.7898165807798102,0.8162183329427097,0.8551967955530586
0.259039039039039,0.7586161511508432,0.7728540419851615,0.7898343317812873,0.8162265450562306,0.8554596160585604
0.25941941941941943,0.7586439429871576,0.7728972097684556,0.7898520680479113,0.8162266621688586,0.8557678153197161
0.25979979979979984,0.7586796554134899,0.7729365617717796,0.7898579578865144,0.8162032433626448,0.8557751927416918
0.2601801801801802,0.7587239020234379,0.7729301347079705,0.7899206040967053,0.8162177043271098,0.856228660676482
0.2605605605605606,0.7587441000271841,0.7729250263450751,0.7899351425299046,0.8161718965064153,0.8564832744695556
0.26094094094094095,0.7587896627888024,0.7729075085436883,0.7899535848595165,0.8161693196578992,0.8564840772922049
0.26132132132132135,0.7588018726353997,0.7729267463341521,0.7899443599129276,0.8161455842978633,0.8567870617291532
0.2617017017017017,0.7588420557027972,0.7729467347006612,0.7899252274247244,0.8161125909351619,0.8567604062728102
0.2620820820820821,0.7588636830055571,0.772972839034376,0.7899115458212941,0.8159724077653846,0.8568376281413909
0.26246246246246246,0.7588915523044362,0.7730073144444524,0.789936247443515,0.8159162767993945,0.8568181973475656
0.26284284284284287,0.7588871062972316,0.7730235369335007,0.7899492327507929,0.8158108529684522,0.8569238150923145
0.2632232232232232,0.7589278382183131,0.7730622106822163,0.7899534918981078,0.8158061037635543,0.857109223466128
0.26360360360360363,0.7589163685606078,0.7730928058702472,0.7899697085085678,0.8157329024361378,0.8572798359779406
0.263983983983984,0.7589515645883947,0.7730946656710886,0.789989999310154,0.8157752614719692,0.8575293007619575
0.2643643643643644,0.758969375100018,0.7731060342571983,0.7899756638718481,0.8156961037144517,0.8576568170905643
0.26474474474474474,0.7589510279067777,0.7731282980479498,0.7899911055758703,0.8155601501500678,0.8574832574913264
0.26512512512512515,0.759004516243108,0.7731090872088576,0.7899640149243997,0.8154645218224331,0.8574319934866712
0.2655055055055055,0.7589617317167677,0.7731101119461589,0.7899706215116361,0.8153397305841488,0.8576103768547401
0.2658858858858859,0.758969064586037,0.7730943958454805,0.7899642363661199,0.8151849436352728,0.8578005393540723
0.26626626626626626,0.7589323305103722,0.7731209096642653,0.7899370672909983,0.8151076852138933,0.8580586894570633
0.26664664664664667,0.7589654549056682,0.7731458934910738,0.7899526005009561,0.8149874885862199,0.857857111930202
0.267027027027027,0.7589827645740348,0.773142613445959,0.7899553294744464,0.8148596559057675,0.8577763142970635
0.2674074074074074,0.7590020278856602,0.773159426520943,0.7899548629084857,0.8147408984500845,0.8577656523414757
0.2677877877877878,0.7589811275075352,0.7731601593748771,0.7899726386636086,0.8146112173923039,0.857749326584801
0.2681681681681682,0.758954964448607,0.7731714014703537,0.7899761715671695,0.8144922821429113,0.8577989924592828
0.26854854854854854,0.7589464169604869,0.7731659958614503,0.7899513753378649,0.8143782595312279,0.8578885009843971
0.26892892892892895,0.7589351827603652,0.7731833354383758,0.7898961825183957,0.8142903279153967,0.8575636464167364
0.2693093093093093,0.7588975966580292,0.7731864083809221,0.7898897277110283,0.8141901549450001,0.8575614274719366
0.2696896896896897,0.7588959462337571,0.7731812359480422,0.789890258358179,0.8140584641102332,0.8571920662336345
0.27007007007007006,0.758920396217199,0.7731721061542879,0.7898862527569026,0.8139211484204196,0.8569881619210533
0.27045045045045046,0.7589579750623071,0.7731922011720158,0.7898530584872038,0.8138779625338873,0.8570097772805001
0.2708308308308308,0.7589654015259107,0.7731925605728601,0.7898057190267432,0.8137299339641845,0.8569935538481684
0.2712112112112112,0.7589616865540874,0.7731834058096703,0.7897758159712825,0.813537599755314,0.8567091544703059
0.2715915915915916,0.7589122239977547,0.7731830027523848,0.7897490842208902,0.8134443407736376,0.8561620696428806
0.271971971971972,0.7588941662384285,0.7731680172233384,0.7897568534420576,0.8132455832706983,0.8562141760315539
0.27235235235235233,0.758867807651105,0.7731640428588176,0.7897438291840129,0.8131066065881597,0.8557734029550145
0.27273273273273274,0.758873625385526,0.7731668456069585,0.78973256137557,0.8129804908821521,0.8555567899829475
0.27311311311311315,0.7588261305530332,0.7731509151885642,0.7897115690925878,0.8128260998833001,0.8552306664552044
0.2734934934934935,0.758827661821559,0.7731132398278325,0.7896703911748972,0.8126354676436153,0.8548138888230468
0.2738738738738739,0.75882610146627,0.7730939098447119,0.7896402754724119,0.8124288420163339,0.8543607037062197
0.27425425425425426,0.758814715030348,0.773059905443759,0.7895899987160705,0.8122522909553669,0.8537854394558742
0.27463463463463467,0.7587988393512128,0.7730413106839635,0.7895417792749884,0.8120728424539488,0.853118516312452
0.275015015015015,0.7587741922255676,0.7730142336150082,0.789510845686922,0.8118767613059258,0.8525600125257126
0.2753953953953954,0.7587451055770218,0.7729942504056815,0.7894795813116864,0.811652890755997,0.851877317750842
0.2757757757757758,0.7587379239280273,0.773002960307079,0.7894611453820384,0.8114629842449966,0.8512035602206331
0.2761561561561562,0.7587380308795802,0.7729833553889937,0.7894276261829775,0.8112845522084615,0.8503872650351232
0.27653653653653654,0.7587532572219499,0.7729518430813296,0.7893987051579375,0.811128610442273,0.8495505720327474
0.27691691691691694,0.7587509815284239,0.7729324469160798,0.7893462876916607,0.8109238014353631,0.8488157853007509
0.2772972972972973,0.7587631981636475,0.7729163672858297,0.7893192708181688,0.8107229092339926,0.8479772375296406
0.2776776776776777,0.75879624044687,0.7728986544659784,0.7892883357514442,0.810504546831866,0.8475638429827012
0.27805805805805806,0.7588210314950469,0.7728760514253764,0.789215780856145,0.8103083648678551,0.8467967310452592
0.27843843843843846,0.7588092762490944,0.7728496531560715,0.7891678822691012,0.8100809443490881,0.8461446849860657
0.2788188188188188,0.7588246952115786,0.7728198113549831,0.7891426431260581,0.8099256406320623,0.8456123630328772
0.2791991991991992,0.7588039198605608,0.7727927089026133,0.7891030980378181,0.8097327171479562,0.8450752083274483
0.2795795795795796,0.7588132859010184,0.7727675360090069,0.7890498019219108,0.8095675907831975,0.8446438256443279
0.27995995995996,0.7587929875404378,0.7727010392700608,0.7890207345380329,0.8093900898677645,0.8440075801994191
0.28034034034034033,0.7588152051340561,0.7726565413096007,0.7889573664525373,0.8091721796901703,0.8433880934811042
0.28072072072072074,0.7588181565323445,0.7726326396228826,0.788905572193576,0.8090022623909727,0.8427043738109766
0.2811011011011011,0.7588317729680878,0.7726444779388985,0.788855001351041,0.8087696539281514,0.8418304370766919
0.2814814814814815,0.7588116418549292,0.7726476903749641,0.7887945523213291,0.808593160030206,0.841214466786179
0.28186186186186185,0.7588086344055465,0.7726051103407086,0.7887272096759129,0.8083991603122336,0.8406351916290147
0.28224224224224226,0.758788774238106,0.7725709906851638,0.7886901910512911,0.8082165952908622,0.8397953675168371
0.2826226226226226,0.758731561055375,0.7725366306833676,0.7886204909989896,0.8080437662686761,0.8394548001308553
0.283003003003003,0.758709941137136,0.7724933251394874,0.7885897613860352,0.8078212914757108,0.8385849373611073
0.28338338338338337,0.7586919412428166,0.7724865735932767,0.7885311416828251,0.8076213829104165,0.8381411323262618
0.2837637637637638,0.7586276510861397,0.7724690437801239,0.7884922154809391,0.8074717654771953,0.8373874620154456
0.28414414414414413,0.7585680730114983,0.7724204801929024,0.7884651082597414,0.8072413944358529,0.8367223171146883
0.28452452452452454,0.7584277136834835,0.772355897882519,0.7884156449062388,0.8070738577394607,0.8360684746995453
0.2849049049049049,0.7583565032054466,0.7723011881526418,0.7883515762911832,0.8069049646071984,0.8353267105150589
0.2852852852852853,0.7583422750242598,0.7721831071445837,0.7882786393532355,0.8066396923352716,0.8344118327883658
0.2856656656656657,0.7582716067843119,0.772162868287183,0.7881808932641937,0.8064101312444207,0.8340290991163787
0.28604604604604605,0.7582244115092579,0.7721439018083801,0.7881082788750464,0.8062421726154004,0.8335969343926881
0.28642642642642646,0.7581803692744645,0.7720830987735346,0.788031771508437,0.8060912134359844,0.8328375450484888
0.2868068068068068,0.7581105728231535,0.7720364516950484,0.7879534388621307,0.805884030742878,0.8322906150874059
0.2871871871871872,0.758022910261974,0.7720134070490978,0.7878770244254865,0.8056630674551217,0.8316918729509806
0.2875675675675676,0.7579727096368395,0.7719446483275169,0.7878225990834614,0.8054622486809758,0.8311776729727921
0.287947947947948,0.7579269359074338,0.7718948434582299,0.7877601869555738,0.8052592191420014,0.8304825111077139
0.28832832832832833,0.7578912457682676,0.7718810894158291,0.7876679232181248,0.8050774745047561,0.8301511163321054
0.28870870870870874,0.7578124338114669,0.7718265941950585,0.7875896095977905,0.8049333047005304,0.8295453446395249
0.2890890890890891,0.7577449577600994,0.7718003471792898,0.7875381335867604,0.8047842629504819,0.8288654981705204
0.2894694694694695,0.7576939925164273,0.7717341286521795,0.7874516749136082,0.8045697912345904,0.8283077459008008
0.28984984984984985,0.757648600720991,0.7716964843546692,0.7873981935863477,0.8044857748844942,0.8278700191790983
0.29023023023023026,0.7575712756327535,0.7716245473771955,0.7873372293580101,0.8043483646858192,0.8274728169769626
0.2906106106106106,0.7575050028489033,0.771596585109235,0.7872697997238285,0.804208083057073,0.8269225485454331
0.290990990990991,0.7574568061776452,0.7715350227967899,0.7871699776552383,0.8040420026917541,0.8264931222180187
0.29137137137137137,0.7573268059511991,0.771472803175159,0.787080490173397,0.8039112739062936,0.8259621798587758
0.2917517517517518,0.7573420145008143,0.7714017188005908,0.7870096863099383,0.8038024030252434,0.825499750993015
0.2921321321321321,0.7573150767088034,0.7713196125996906,0.7869551765063981,0.8036817023703345,0.8251329013420151
0.29251251251251253,0.7572357180865804,0.7712547453968905,0.7868955887320684,0.803539577362429,0.824726474172674
0.2928928928928929,0.7571650028981027,0.7712198922061663,0.7868151463706335,0.8033379690222562,0.8242734479986769
0.2932732732732733,0.7570397211395437,0.7711839741619922,0.7867812259222103,0.8032349228122322,0.8240044755037258
0.29365365365365365,0.7569243232744791,0.7711589496401146,0.7867320804831198,0.8030651145886604,0.8236751818209628
0.29403403403403405,0.7568461811387276,0.7711146305404613,0.786659664654441,0.8028669218234177,0.8233254285174693
0.2944144144144144,0.7567313524826554,0.77105120589885,0.7865970671657367,0.8027459877679629,0.822933409714148
0.2947947947947948,0.7567210713163047,0.7709717919313221,0.7864890908530449,0.8026288565742532,0.8224534581730308
0.29517517517517516,0.7567077806405379,0.7709398389996405,0.7864277432790802,0.802487298471659,0.8218803794706718
0.29555555555555557,0.7566637685188027,0.7708684815469774,0.7863543705591499,0.8023423739727011,0.8216213679014825
0.2959359359359359,0.7565380385615655,0.7707973785166908,0.7862709799379523,0.8022500387270093,0.8213340860523577
0.29631631631631633,0.7564907400293713,0.7707714170207449,0.7861897210827159,0.8021413154821491,0.8210544239338857
0.2966966966966967,0.75640899011704,0.7707149251840791,0.7861065625077215,0.8020548924596123,0.8206385167146216
0.2970770770770771,0.7563614645059997,0.7706313552804025,0.7860483353510035,0.8019671661834122,0.820421199669521
0.29745745745745744,0.7561715413809922,0.7705579885082766,0.7859945792358767,0.801857113453014,0.8201084764847665
0.29783783783783785,0.7560805387292246,0.7704994357458651,0.7859070362980791,0.8017578056470132,0.8197631661067737
0.2982182182182182,0.7560204414653162,0.770420195636428,0.78583852494599,0.8016465737618891,0.8195218524218112
0.2985985985985986,0.7559749646041013,0.7703468166047928,0.7857851671825726,0.8015385889191635,0.8193567516332431
0.298978978978979,0.7559543045923034,0.7702626427848112,0.785742069477465,0.8013967684172326,0.8191388337751726
0.29935935935935937,0.7559016552416323,0.7701673224119473,0.7856763789732897,0.8012235249095022,0.818986793791652
0.2997397397397398,0.7556978816114035,0.7700934158207059,0.7855877111675125,0.8010741969850628,0.8186711773448843
0.3001201201201201,0.7555811883139599,0.7700183023861341,0.7855020799255797,0.8010059193163628,0.8185215491850435
0.30050050050050053,0.7555089003014035,0.7699202851103302,0.7854291946067985,0.8009137518175482,0.8182906221515003
0.3008808808808809,0.7554025052204347,0.7698555732571118,0.7853712371215089,0.8007967558720339,0.8180379494613311
0.3012612612612613,0.7553245577247343,0.7697884892492056,0.7852922879922817,0.8006832915947152,0.817762207030431
0.30164164164164164,0.755244277368847,0.7697605827534044,0.7852127782743608,0.8005662116482843,0.8175355305672964
0.30202202202202205,0.7551586309944247,0.7697322152118636,0.7851150690155405,0.8005229724675421,0.8172059401780635
0.3024024024024024,0.7549824156857725,0.7696539585103559,0.7850609919480549,0.8004466268855799,0.8171329964638804
0.3027827827827828,0.7548235428703017,0.7695639816106117,0.7849931414578407,0.800363826043663,0.8168955953502893
0.30316316316316316,0.7547644252151139,0.7694688655548159,0.7849253935468284,0.8003048852674072,0.8166278817041448
0.30354354354354357,0.7546004820057418,0.7694088286765981,0.7848619554526923,0.80021398452557,0.816530528073578
0.3039239239239239,0.7544600354885619,0.7693373697014406,0.7847827067243441,0.800136641781058,0.8163777752453365
0.30430430430430433,0.7544105087429563,0.769280152801673,0.7847040936831592,0.8000885262946837,0.8161230456786405
0.3046846846846847,0.7543636051823045,0.769187555215164,0.7846359491547938,0.800018480933411,0.8159576801445391
0.3050650650650651,0.7543203788714846,0.7691007327742565,0.7845853427148296,0.7998890671442531,0.8158362991423893
0.30544544544544544,0.7542805500154228,0.7690099805937908,0.7845185408732259,0.7998084142958906,0.8157830369712236
0.30582582582582585,0.754182189858514,0.7689255470463031,0.7844390199014032,0.7997109305802634,0.8156668368079713
0.3062062062062062,0.7540800555008561,0.768865711851858,0.7843467175608918,0.7995900991452395,0.8155206209357627
0.3065865865865866,0.7539317308178993,0.768796684655081,0.7842598790558792,0.7995001905053845,0.8153343088395658
0.30696696696696696,0.7537323466787796,0.7686698072608886,0.7841775942785,0.7994397820114363,0.8150880755218124
0.30734734734734737,0.7535621120918259,0.7685920326236704,0.7841219357116317,0.7993692933023611,0.814883417421037
0.3077277277277277,0.7534740786585608,0.7685119750804462,0.7840605235097095,0.799299081987674,0.8148064033226621
0.3081081081081081,0.7533980546283123,0.7684511948646284,0.783985719470125,0.7992405976038062,0.8146923383825538
0.3084884884884885,0.7533036747108206,0.7683900252111681,0.7839148999868241,0.799170127775673,0.8146000156548523
0.3088688688688689,0.7532303747926488,0.7683204204428847,0.7838479176011062,0.7990686431039599,0.8145274979030751
0.30924924924924924,0.7531424111809991,0.7681800685105998,0.7837697584096985,0.799023691915036,0.8144252247486624
0.30962962962962964,0.7531126010527338,0.7680949718261428,0.7836829439780155,0.7989668615210405,0.8143356951282381
0.31001001001001,0.7529380305640844,0.7680262415485338,0.7835953901629285,0.798924733541304,0.8142337834394917
0.3103903903903904,0.7528701254432669,0.7679366834730299,0.7835399648361948,0.7988365577290203,0.8141358809522815
0.31077077077077075,0.7527932987109048,0.7678749509764508,0.7834730774251069,0.7987440449900688,0.8140998125177515
0.31115115115115116,0.7526878466727319,0.7677764543389454,0.7834260177214233,0.7986611283455807,0.814033321396651
0.3115315315315315,0.7524953629875055,0.7676834463913937,0.7833551896264542,0.7985417826456035,0.8139380894351345
0.3119119119119119,0.7523877143560024,0.7676108288618755,0.7832992123634589,0.7984926250223476,0.8138838971451945
0.31229229229229233,0.7522696788378055,0.7675434574191341,0.7832490249703056,0.7984382187240303,0.8138752171810398
0.3126726726726727,0.7521478658955044,0.7674657407144946,0.783196887979366,0.7983547343680547,0.8137662018365951
0.3130530530530531,0.7520138171874502,0.7673807233153915,0.7831156666727433,0.7982850465944615,0.8137719025706694
0.31343343343343344,0.7518573763819523,0.7673216800511704,0.783049947993045,0.7982306923529993,0.8136287618363228
0.31381381381381385,0.7516848142372483,0.7672351777776126,0.782994386998053,0.7981857019285293,0.8135802285293928
0.3141941941941942,0.7515385202748233,0.7671644018752696,0.7829176871103184,0.7980922952232841,0.8135906019193231
0.3145745745745746,0.7513269306809054,0.7671027448345618,0.7828381917561594,0.7980442990328187,0.8134354998209801
0.31495495495495496,0.7511855798607632,0.7670242613391856,0.7827860071125798,0.7979795187648869,0.8132545961195263
0.31533533533533536,0.7510402875392365,0.7669418878739487,0.782743936136651,0.7979119330323375,0.8132708364555342
0.3157157157157157,0.7509917854480487,0.7668655819809332,0.7827045583254975,0.7978840191032673,0.8131395597598378
0.3160960960960961,0.7507885504278182,0.7667778323646541,0.7826601684943044,0.7978656423258184,0.8130543930745627
0.3164764764764765,0.7506515977589541,0.7667113349569444,0.7826019562328969,0.7977975010899355,0.8129637092636912
0.3168568568568569,0.7505132609439426,0.7666429185661534,0.7825664107140811,0.7977232054208693,0.812923175621246
0.31723723723723724,0.7503399359457961,0.766561543039389,0.7825182210696409,0.7976841482630493,0.8128476485617915
0.31761761761761764,0.7501773824621402,0.7664539514772879,0.7824588566001487,0.7976080002945324,0.8127742570773214
0.317997997997998,0.7499385464639172,0.7663985844584442,0.782407304664579,0.797583083888728,0.8127688736249379
0.3183783783783784,0.7497151484202613,0.7663230234204768,0.7823703916757088,0.797523949375957,0.8127306616213117
0.31875875875875875,0.7496150669853385,0.7662071394455329,0.782326424663922,0.7974690218482655,0.8127170285231897
0.31913913913913916,0.7495436240833334,0.7661288008474678,0.7822641668335567,0.7974008356820436,0.8126703265411832
0.3195195195195195,0.7493783630570025,0.7660240301983577,0.782207934651394,0.7973947779516104,0.8125829227684932
0.3198998998998999,0.7491986501575821,0.7659471467993785,0.7821484577462672,0.797365095425661,0.8125711846058722
0.32028028028028027,0.7491379434641567,0.7658615653660401,0.7820993379728596,0.797291057266652,0.8125015512812115
0.3206606606606607,0.7489933983191205,0.7657893530534533,0.7820346741403835,0.7972586483553405,0.8124509307150389
0.32104104104104103,0.7488305089154214,0.7657051766098748,0.7819643668432528,0.7972292332886924,0.8124163763267098
0.32142142142142144,0.748746116151061,0.7655927834718235,0.781905647687822,0.7972074076518981,0.8123513160631637
0.3218018018018018,0.7485869210412236,0.7655166936120382,0.7818555823313669,0.7971712892276441,0.8123560665204866
0.3221821821821822,0.7484177909682631,0.7653933643857783,0.7818283268543734,0.7971263870888067,0.8123043828682484
0.32256256256256255,0.7483007231195653,0.7652790110544441,0.7817626778042196,0.7971012497546456,0.812316350136196
0.32294294294294296,0.7481649926724439,0.7651895074294,0.781717487720887,0.7970418526537525,0.8122724537605952
0.3233233233233233,0.7480101809205786,0.7650790421025749,0.7816804161332449,0.7970001891051351,0.8122586493884949
0.3237037037037037,0.7478975553153782,0.7649519059274297,0.7816288740720276,0.7969684666183103,0.8121689589300615
0.32408408408408407,0.747753332551562,0.7648572560960054,0.7815735186182153,0.7969126795862812,0.8120571592861442
0.3244644644644645,0.7476106890423014,0.7647706594943504,0.7815108965874782,0.7968983086599163,0.8120295412794637
0.3248448448448449,0.7474295971455148,0.7646775413178579,0.7814518473609303,0.7968558375367598,0.8120970816511457
0.32522522522522523,0.747247051156874,0.7645574612214613,0.7813804449106151,0.79681487827028,0.812050706962292
0.32560560560560564,0.7472024313013236,0.7644869253411423,0.7813480560250186,0.7967694192434963,0.8120381458821687
0.325985985985986,0.747068761146095,0.7643873694124612,0.7812922943236369,0.796694513974902,0.8120007209067711
0.3263663663663664,0.7470055961380941,0.7642941105738861,0.781255908904384,0.7966670314930859,0.811998991773064
0.32674674674674675,0.7468345486904654,0.7642359946419609,0.7812178016472353,0.7966411047280388,0.8119249490408535
0.32712712712712716,0.7467805789695344,0.764147115208961,0.7811646302357566,0.7966053926288467,0.8118661897212568
0.3275075075075075,0.7466412684051387,0.7640417864050025,0.781108259665556,0.7965890769820829,0.8117889515431415
0.3278878878878879,0.7465930639462217,0.7639607632948966,0.781068643773414,0.7965926671008754,0.811726937107854
0.32826826826826827,0.7464956558015363,0.7638805776682791,0.7810417822933575,0.7965662585492853,0.8117369744226406
0.3286486486486487,0.7463620255235126,0.7637949728058705,0.7810100519575954,0.7965371531147697,0.8117357921395093
0.32902902902902903,0.7462349263751715,0.7636958975068923,0.7809567292314031,0.7965168057160704,0.8117312476898642
0.32940940940940944,0.7460696175522531,0.7636081462575188,0.7808958411162091,0.7965073190520354,0.8117281507178662
0.3297897897897898,0.7459269439826198,0.7635749232157742,0.7808501580636573,0.7964994699181507,0.8117383850858972
0.3301701701701702,0.7457022873201641,0.7634616733590037,0.780802067322419,0.7964773650962098,0.8117485325878051
0.33055055055055055,0.7455318202133934,0.7633784913341898,0.7807693080581445,0.7964592633113219,0.8116775201420817
0.33093093093093096,0.7453584009480195,0.7632981040507908,0.7807532742146028,0.7964455726328187,0.8116343483727337
0.3313113113113113,0.7452367606968939,0.7631960674859781,0.7807062926681156,0.7964367298075242,0.8115790062356428
0.3316916916916917,0.7451344288112636,0.7631342194613608,0.7806676563597083,0.79641143170652,0.8115950468510651
0.33207207207207207,0.7449180057875661,0.7630808719080769,0.780644120671104,0.7963900069134137,0.8115356795257092
0.3324524524524525,0.7447309855356138,0.7630282913137204,0.7806168935451556,0.7963803160707623,0.8115182529751027
0.3328328328328328,0.7444994642583633,0.7629260427887752,0.7805882418386562,0.7963717492002693,0.8114746522921756
0.33321321321321323,0.7443858556149583,0.7628500351749122,0.780570807313826,0.7963348964717183,0.8114723171081338
0.3335935935935936,0.7442733587358704,0.7628060760719274,0.7805175416355536,0.7963378681906856,0.8114673874651807
0.333973973973974,0.7440979117207654,0.7627066421051139,0.7804989655069461,0.796295015030258,0.8114765789963907
0.33435435435435434,0.7439000541897849,0.762618633338209,0.7804584368279721,0.7962702249131449,0.8114826231639942
0.33473473473473475,0.7437699952588821,0.7625588627471128,0.7804068932438251,0.7962584114254452,0.8114790580641141
0.3351151151151151,0.7435971279478941,0.7624968898506488,0.7803905608085965,0.7962152609690617,0.8114371043210553
0.3354954954954955,0.7433927526280015,0.7624166467375503,0.7803839182954156,0.7961819116655585,0.8114099187530545
0.33587587587587586,0.7433174077462245,0.7623083614953529,0.7803231535380839,0.7961837696074715,0.811412326784753
0.33625625625625627,0.7431515991642299,0.7622379977840633,0.7802955071889128,0.7961527710669261,0.8113562439569232
0.3366366366366366,0.7430485858551286,0.7621828968951836,0.7802459219329142,0.7961334107326563,0.811344561741157
0.33701701701701703,0.7429637813923068,0.7621359500689793,0.7802331532823593,0.7961290491567273,0.8113502985176443
0.3373973973973974,0.7428423460771197,0.762056298486816,0.7801881618316087,0.7961104325522472,0.8113325938728275
0.3377777777777778,0.7427842340454707,0.7619635336076258,0.7801566858939332,0.7960944755680835,0.811313420919032
0.3381581581581582,0.7426252869302544,0.7619084888797278,0.78013385442983,0.7960730672397759,0.8112748787613733
0.33853853853853855,0.7424603398723604,0.7618185038312764,0.7800989782208634,0.7960449666512276,0.8112026590136271
0.33891891891891895,0.7422889320453467,0.7617431666112461,0.7800493137234864,0.7960199317019965,0.8112197638605934
0.3392992992992993,0.7420991889188131,0.7616474944957476,0.7800225344625467,0.7960145970615926,0.8112014308481721
0.3396796796796797,0.7418908247727611,0.7615659546932855,0.7799972975013513,0.7959994881009786,0.8112091673548929
0.34006006006006007,0.7417323936830401,0.7615080041271165,0.7799773179938435,0.795982548328105,0.8111613934154105
0.3404404404404405,0.7415570176015741,0.7614112805666116,0.7799341577112864,0.7959878473092363,0.8111227134177453
0.3408208208208208,0.7414125424171885,0.7613583279987335,0.7799093129854544,0.7959504934258957,0.8110952594997604
0.34120120120120123,0.7412360031399869,0.761303577843099,0.7798790822674674,0.7959535922863149,0.8110823297633506
0.3415815815815816,0.7410439555597395,0.7612268540509232,0.7798484866330516,0.7959319258738751,0.8111145746944544
0.341961961961962,0.7408307641351712,0.7611449692336206,0.7798354678636116,0.7959005154283673,0.8110806226652706
0.34234234234234234,0.740706816146078,0.7610819023531563,0.7798095659427371,0.7959059603736924,0.8110778828696431
0.34272272272272275,0.7405410708285312,0.7610373044788288,0.7797971255341121,0.795907568774602,0.8110702129785123
0.3431031031031031,0.7403986097038773,0.7609819792207556,0.7797941640186883,0.7958842225055053,0.811042155517622
0.3434834834834835,0.7402686347103171,0.7609188640666866,0.7797520591331789,0.7958799927615967,0.8110507973296681
0.34386386386386386,0.7401124609607622,0.7608394883459603,0.7797225357358246,0.7958672409241084,0.8110490069737634
0.34424424424424427,0.7399476768683311,0.760793607136166,0.7797046647809396,0.7958653095234438,0.8110516038498022
0.3446246246246246,0.7398058716079338,0.7607535810714801,0.7796880934370662,0.7958356369144103,0.8110556375138779
0.345005005005005,0.7396262985883111,0.7606721715469695,0.779666239352721,0.795836431047334,0.8110633192765243
0.3453853853853854,0.739454501943115,0.7606261267874468,0.7796311103368583,0.7958320126881003,0.8110642307740744
0.3457657657657658,0.7393386702271507,0.760564242515389,0.7796014311059002,0.7958253784312934,0.8110601690909123
0.34614614614614614,0.7392442647982709,0.7605101000440041,0.7795902663605879,0.7958174442678236,0.8110426793325023
0.34652652652652655,0.7391984280899333,0.7604241934779257,0.7795711799052853,0.7957878833627795,0.8110522043095593
0.3469069069069069,0.7389731628175099,0.7603806774532483,0.7795388314356594,0.7957665857787812,0.8110501076599714
0.3472872872872873,0.7388614308710811,0.7602632281092766,0.7794880367689425,0.795766586647924,0.811051556272161
0.34766766766766766,0.7387087266128408,0.7601885335457634,0.7794809628950682,0.7957555437549136,0.8110476376242504
0.34804804804804806,0.7386034715544011,0.7601387615330683,0.7794556751228724,0.7957581387379858,0.8110608225459517
0.3484284284284284,0.7384466154123343,0.7600881031279677,0.7794562663889767,0.795754373582521,0.8110537435962049
0.3488088088088088,0.7382845719820604,0.7600249903667877,0.7794398644549082,0.7957472614520943,0.8110566377463556
0.3491891891891892,0.7381858666775105,0.7599821625342797,0.7794235671591715,0.7957357710726634,0.8110634856037039
0.3495695695695696,0.7380220668558845,0.7598970462584598,0.7793843046846014,0.7957234782151489,0.811067369829409
0.34994994994994993,0.7378593731701559,0.7598120985688469,0.779367463096867,0.7957387638224394,0.8110703482095714
0.35033033033033034,0.7378285320226868,0.7597573047109998,0.7793521063268607,0.7957069542613011,0.8110769548679847
0.35071071071071075,0.7376569631731656,0.7597020241454463,0.7793381144817739,0.7957119993277011,0.8110803192660064
0.3510910910910911,0.737532055084997,0.75963258735611,0.7793153432186133,0.7957158044907244,0.811083698689372
0.3514714714714715,0.7374237618028551,0.759577238009033,0.7793043477011087,0.7957224289254845,0.8110888530578595
0.35185185185185186,0.7372693068840924,0.7595116319812171,0.7792883269503146,0.7957164273583966,0.811090722010042
0.35223223223223227,0.737150490071024,0.7594327437069956,0.7792700405764207,0.7957041189066049,0.8110942975592093
0.3526126126126126,0.7369765034676468,0.7593995064134385,0.7792511486527772,0.7957104716382758,0.8111289409985301
0.352992992992993,0.7369006776893376,0.7593255194194749,0.7792436918747806,0.7956982268478939,0.8111341290342342
0.3533733733733734,0.7368142822512567,0.7592513486894633,0.7792236733408933,0.795697419212789,0.8111277337675403
0.3537537537537538,0.7365955717753894,0.7591986773950514,0.77921693278915,0.7956939323129685,0.8111307134239024
0.35413413413413414,0.7364070375621633,0.7591347646459525,0.7792050775789028,0.79568097378098,0.8111042406769899
0.35451451451451454,0.7362427039435284,0.7591093601095028,0.779173264003071,0.7956959160850952,0.8111075676006307
0.3548948948948949,0.7360683558172937,0.7590705014501854,0.7791330044032827,0.795686476532859,0.8111005953503051
0.3552752752752753,0.7359496177416353,0.7589976201480392,0.7791243412300378,0.7956863186278725,0.8111008269211993
0.35565565565565566,0.735752911093668,0.7589557147492275,0.7791125084942339,0.7956823794586037,0.8111032636863655
0.35603603603603606,0.7356287296497345,0.7589183957975977,0.779101382477609,0.7956840922963103,0.811131318071871
0.3564164164164164,0.7355180214834441,0.7588997379700027,0.7790937316190683,0.7956883104239719,0.8111204393367465
0.3567967967967968,0.7353490952954351,0.7588629329091885,0.779064043698689,0.7956885865953071,0.8111197719951776
0.3571771771771772,0.7352552899515901,0.7587871244528684,0.7790549190397685,0.7956897509020742,0.8111283035883744
0.3575575575575576,0.7351339395786808,0.7587421372638105,0.7790326079204871,0.7956818679195605,0.8111402071631424
0.35793793793793793,0.7349814994646295,0.7586797354554788,0.7790210629530693,0.7956902192935518,0.8111219714518834
0.35831831831831834,0.7348139500167259,0.7586202880573178,0.7790154438147446,0.7956838182187206,0.8111277137716713
0.3586986986986987,0.7346542114437182,0.7585747970171496,0.7789958205246982,0.7956876034214906,0.8111422064184182
0.3590790790790791,0.7344971819799767,0.7584991272506971,0.7789785975800819,0.7956909279926426,0.8111543146146575
0.35945945945945945,0.7343239372325636,0.7584667733043278,0.7789673574483666,0.7956942447640234,0.8111661599348114
0.35983983983983986,0.7341685999384678,0.7583605556026969,0.7789683517672646,0.7956850034539943,0.8111624569326736
0.3602202202202202,0.7340219332207572,0.7583154783107289,0.7789559856383741,0.7956840557053296,0.8111640456744875
0.3606006006006006,0.7338712792791388,0.7582771833700397,0.7789401868187651,0.7956784531940707,0.8111687110074385
0.36098098098098097,0.7337904684545806,0.7582042516389665,0.7789228810423857,0.795676664135475,0.8111922745309927
0.3613613613613614,0.7337235625411671,0.758146615929191,0.7789061590010525,0.7956714448524181,0.8112099699542145
0.36174174174174173,0.7336141951767742,0.7581122308129916,0.778891502294025,0.7956730904919911,0.8112250351960985
0.36212212212212214,0.7334735339763504,0.7580585018492135,0.7788869649623166,0.7956749514727137,0.8112259068446889
0.3625025025025025,0.7333780583781467,0.7580012648326172,0.7788790550433292,0.7956769424407251,0.8112158938952927
0.3628828828828829,0.7332058212221803,0.7579559301540747,0.778870987745859,0.7956799993885799,0.8112223791404441
0.36326326326326325,0.7331899336866108,0.7579014864501931,0.7788551539596582,0.7956791802219022,0.811233573960285
0.36364364364364365,0.7331878129251594,0.7578445690427398,0.778842998052054,0.7956564862646266,0.8112333258517973
0.36402402402402406,0.7330508311369675,0.7577813115496419,0.7788382128941796,0.7956569005585908,0.8112365562943497
0.3644044044044044,0.7329377479653331,0.7577475525243267,0.7788269701412296,0.795656573463629,0.8112501498226731
0.3647847847847848,0.7327127748992841,0.7576810173534696,0.778817847234045,0.7956589905010106,0.8112382826762176
0.3651651651651652,0.7325108622888225,0.7576277720913068,0.77880936714555,0.7956553349721492,0.8112367784901213
0.3655455455455456,0.732435182502443,0.7575874606951555,0.7788032844743256,0.7956491109585606,0.8112476408030107
0.36592592592592593,0.732337328838978,0.7575406922762307,0.77879313058089,0.7956507155006955,0.8112466039935461
0.36630630630630634,0.7321822684452448,0.7575112076008176,0.7787912749192807,0.7956614032194248,0.8112542050113203
0.3666866866866867,0.7320128861040107,0.757485501323577,0.778793133163649,0.7956598253065046,0.8112837290423663
0.3670670670670671,0.7318819144358115,0.7574427162350539,0.7787852326241979,0.7956599040690888,0.8112871608164455
0.36744744744744745,0.7317524992996021,0.7573975454317216,0.7787813168278573,0.7956611493452842,0.8112907856901798
0.36782782782782786,0.7316056908069782,0.7573671160928552,0.7787594221260635,0.7956409691487587,0.8112917398878203
0.3682082082082082,0.7314703584543383,0.7573413909288158,0.7787451565773247,0.795634608541422,0.8112942431432941
0.3685885885885886,0.7313322030063028,0.7573193467468223,0.7787202355379657,0.7956385016839563,0.8112967215154354
0.36896896896896897,0.7311952272334822,0.7572653110234018,0.7786818192734776,0.7956420261528862,0.811302083946569
0.3693493493493494,0.7310950748586448,0.7572150346999003,0.7786662626578814,0.7956438383274637,0.8113636156366532
0.36972972972972973,0.7310013833453567,0.7571806233071456,0.7786499390150347,0.7956510275118298,0.8113649599511837
0.37011011011011014,0.730922314886627,0.7571328593482319,0.7786244282515054,0.7956260907802666,0.8113662735038706
0.3704904904904905,0.7308645074566328,0.7570871226312922,0.7786102842266667,0.7956198759165735,0.8113668352787912
0.3708708708708709,0.7306988693551709,0.7570482502601766,0.7785979177627257,0.7956195077957768,0.8113703868090978
0.37125125125125125,0.7306018091263435,0.7570261268693547,0.7785910365636929,0.7956107191425147,0.8113690947588307
0.37163163163163165,0.7305085537772965,0.7569642266927316,0.7785715190978421,0.795613824586761,0.8113677466491022
0.372012012012012,0.7302836596998512,0.7569393365069119,0.7785537308795036,0.7956231256116554,0.811364080546815
0.3723923923923924,0.7301584337174152,0.7569223863971736,0.7785358105293165,0.79562498606131,0.8113530006810205
0.37277277277277276,0.7300557023892543,0.7568795398351688,0.7785166307089862,0.7956198690714905,0.811340330971013
0.37315315315315317,0.729937737068971,0.7568583088627823,0.7785044917824255,0.7956171070061292,0.8113456164134699
0.3735335335335335,0.7299023189604696,0.7568256739418763,0.7784987280784851,0.7956150288878371,0.8113491007369004
0.37391391391391393,0.7298876743157904,0.7567697086642093,0.7784977292045351,0.7956120290795792,0.8113465116836666
0.3742942942942943,0.7297624778454578,0.7567516188965587,0.7784853630850572,0.7956022476978639,0.8113430574426849
0.3746746746746747,0.7296126941575638,0.7567344055207804,0.7784818681540662,0.7956048266659461,0.8113457102831083
0.37505505505505504,0.7294591703414153,0.7567019554613641,0.7784829348492902,0.7956000369761774,0.811346147063663
0.37543543543543545,0.7292965663004373,0.7566790657419437,0.7784794252057451,0.7955941565627589,0.8113507337890346
0.3758158158158158,0.7290483711122674,0.7566470635185811,0.7784744421297098,0.7955948430760992,0.8113525161533415
0.3761961961961962,0.728966270102364,0.7565987542323585,0.778475423354784,0.7955949766083423,0.8113535751750909
0.3765765765765766,0.7288488988439661,0.7565617388109792,0.7784727830684374,0.7955965673215689,0.8113569869989707
0.37695695695695697,0.7287412247366732,0.7565514696785361,0.7784584218812199,0.795596528512204,0.8113605083282058
0.3773373373373374,0.7286478136607127,0.7565200563753623,0.7784405473940517,0.795598099676144,0.8113618494951724
0.3777177177177177,0.7286472025947226,0.756499171958787,0.7784352883269542,0.7955977334314909,0.8113647100574092
0.37809809809809813,0.7285647214237086,0.7564562547584988,0.7784316986985602,0.7955944114659482,0.811365190177771
0.3784784784784785,0.7285410667139993,0.7564208463873722,0.7784209681115135,0.7955953381474529,0.8113682134512519
0.3788588588588589,0.7284566166104154,0.7563648112664829,0.7784123001940448,0.7955842657898541,0.8113681029148728
0.37923923923923925,0.7282924996144422,0.7563061246812512,0.7784069480255713,0.7955839653769894,0.8113685853921162
0.37961961961961965,0.7282047822496253,0.7562751686192616,0.7784062890098327,0.7955870109524528,0.8113732291292962
0.38,0.728107567454072,0.7562414232600373,0.7783991118304775,0.7955853550481737,0.8113786817244334
