phi,q025,q16,q50,q84,q975
0.0,-0.9830862527662192,-0.9331469325980575,-0.8844306299625466,-0.8380673818213574,-0.7940123196775682
0.0003803803803803804,-0.9564751351323263,-0.9122742217452332,-0.8678575243394709,-0.8249767521322019,-0.7838359750047562
0.0007607607607607608,-0.9399432101371991,-0.8984274984409271,-0.8563027460427693,-0.8154035636824374,-0.7758735598469362
0.0011411411411411411,-0.926218309958167,-0.8864389798969331,-0.8460723359688302,-0.8066922071963749,-0.7686316139533218
0.0015215215215215216,-0.9136526839266798,-0.8755126741398587,-0.8366431008455855,-0.7985279547317152,-0.7615755904993806
0.001901901901901902,-0.9022611413153029,-0.8653272510949241,-0.8277622636262574,-0.7907352675103292,-0.7548034198051422
0.0022822822822822822,-0.8916618683748997,-0.855661233215378,-0.8192680508780185,-0.783313014686955,-0.7482974296054241
0.0026626626626626627,-0.8813061970128316,-0.846476026143496,-0.8110397617478775,-0.7760879166856486,-0.7417750900980807
0.003043043043043043,-0.8714725631795629,-0.8377177216409385,-0.8031989516474255,-0.7691113170993573,-0.7356624682576011
0.0034234234234234236,-0.8619725961383722,-0.8291702566160396,-0.7955083666089358,-0.7623184593293634,-0.7296154197044905
0.003803803803803804,-0.8528036561803073,-0.8208667015913029,-0.7880635704385437,-0.7555830139224334,-0.7236466870133876
0.004184184184184184,-0.8439613448721422,-0.8127768450464408,-0.7808002918538602,-0.7489903651382673,-0.717780761431718
0.0045645645645645645,-0.8354136680673102,-0.8048596535069256,-0.7737189462574683,-0.7425644855989701,-0.7120530774066866
0.004944944944944945,-0.8270023820956752,-0.7972143725015397,-0.766751757185371,-0.7362331653030341,-0.7063189549684483
0.005325325325325325,-0.818760022526723,-0.7897187593312514,-0.7598770250003383,-0.730002813872895,-0.7005668183731146
0.005705705705705706,-0.8107311273584531,-0.7823660124915648,-0.7531426935654376,-0.7237596834055725,-0.6951293553021547
0.006086086086086086,-0.8029707995999787,-0.7750789731465331,-0.7465113718285713,-0.7177260046991716,-0.6896334242754715
0.006466466466466467,-0.7952714169025251,-0.7679805602922233,-0.7399615168139924,-0.7117003939688721,-0.6841434945489698
0.006846846846846847,-0.7877928822251186,-0.7610064712447818,-0.7334799475181226,-0.7057804680565332,-0.6787141869123697
0.007227227227227228,-0.7804428090173247,-0.7541538610773125,-0.7270876662588156,-0.6999346812380252,-0.6733683871024613
0.007607607607607608,-0.7731721607790608,-0.7473168109858342,-0.7208127024266137,-0.6941076150225302,-0.6681048142714054
0.007987987987987989,-0.7659614985583707,-0.7406438881197652,-0.7146014409554406,-0.6883381806509768,-0.6628339080762468
0.008368368368368368,-0.7589243676791264,-0.7340361751062408,-0.7084606257123813,-0.6826502117969746,-0.6576077227230899
0.00874874874874875,-0.7519906526680302,-0.727496388762144,-0.7023586828768583,-0.6769874412368183,-0.6524274371822884
0.009129129129129129,-0.7451714181042298,-0.7210479762918711,-0.6963462100742926,-0.6714097714573146,-0.6471682078529537
0.00950950950950951,-0.7384891122846768,-0.714626800598984,-0.6903895715483509,-0.6658263768247662,-0.6419627708503542
0.00988988988988989,-0.7317420819379307,-0.7083569420881428,-0.6844917609631143,-0.6603037572741888,-0.6368733018305723
0.010270270270270271,-0.7251879358973242,-0.7021317692690316,-0.6786489244467819,-0.6548434071978212,-0.631741964209917
0.01065065065065065,-0.7187292913960208,-0.6959611799313989,-0.6728612277673124,-0.6494473040644279,-0.626584953835339
0.011031031031031032,-0.7122583135863272,-0.6898698792936205,-0.6670758605145102,-0.6440368987537881,-0.621567169827004
0.011411411411411412,-0.7058828177462487,-0.6838167391521575,-0.6613829129834603,-0.638675608542269,-0.6165271158408426
0.011791791791791793,-0.6994914947229625,-0.6778110941729206,-0.6557049616945235,-0.6333381154761782,-0.6114443206701847
0.012172172172172173,-0.6932830802094508,-0.6718378614348286,-0.650072687851867,-0.6280157996510586,-0.6064953504351621
0.012552552552552552,-0.6872305813878845,-0.6659351426178701,-0.6444894806654327,-0.6227503712640965,-0.6014757472145256
0.012932932932932933,-0.6810622242397605,-0.6601219979118869,-0.6389753558825146,-0.6175508986090548,-0.5964366243762061
0.013313313313313313,-0.6750157956260571,-0.6543576807910738,-0.6335048468937361,-0.6123353873566382,-0.591576289313469
0.013693693693693694,-0.669070237265857,-0.6485924214959545,-0.6280353040360589,-0.6071539811465191,-0.5866819358251186
0.014074074074074074,-0.6630989434174526,-0.6429046810528619,-0.6226266259393012,-0.6019688946835854,-0.5818005827482867
0.014454454454454455,-0.6571839781065354,-0.6372485046445432,-0.6172381830367096,-0.5968539976584565,-0.5768591039236809
0.014834834834834835,-0.651293186567369,-0.63165797493682,-0.6118793101643465,-0.5917261358818107,-0.5720093169959792
0.015215215215215216,-0.6454947113079925,-0.6261017950146176,-0.6065738342216207,-0.5866579540868709,-0.5671926341900754
0.015595595595595596,-0.6397806235706617,-0.6205911192700376,-0.6013095418363962,-0.5816245798105588,-0.5624396868864942
0.015975975975975977,-0.6340838739393333,-0.6151095062970399,-0.596035639481407,-0.5766065073671621,-0.5576469889884598
0.016356356356356357,-0.6284258627904911,-0.6096769272865439,-0.5908015948238601,-0.5716100704945041,-0.552880287365599
0.016736736736736736,-0.622788864940213,-0.6043066600002948,-0.5855889210967511,-0.5666347215171483,-0.548142436549693
0.01711711711711712,-0.6171343486067568,-0.5989128592897471,-0.58042244682411,-0.5616921081052391,-0.5434058879618247
0.0174974974974975,-0.6116271909547815,-0.5935985842567081,-0.57526267328405,-0.5567573638439638,-0.5386989875912921
0.01787787787787788,-0.6061679801365677,-0.5883408914971909,-0.5701767102804088,-0.5518724255438945,-0.534017240286384
0.018258258258258258,-0.6007132097136907,-0.5830121690965208,-0.5650778985494815,-0.5469895305138556,-0.5293063925580511
0.018638638638638638,-0.5953591724591863,-0.5777693546122383,-0.5600267632895127,-0.542131983861725,-0.5246319537388121
0.01901901901901902,-0.5899308006893055,-0.5725501622287832,-0.5549718701019357,-0.5372429206399921,-0.5199356641964249
0.0193993993993994,-0.584622771827368,-0.5673765569920619,-0.5499495253363065,-0.5324148429106852,-0.5152644231919098
0.01977977977977978,-0.579308076354907,-0.5622318625094506,-0.5449331923300782,-0.5276028924103912,-0.5105867378960495
0.02016016016016016,-0.5740424229197109,-0.557080901515599,-0.5399690302378253,-0.5227909967589964,-0.5059586818234171
0.020540540540540542,-0.5687858575588102,-0.551986673838,-0.5350363508243484,-0.5180271840584518,-0.5013627693519751
0.020920920920920922,-0.5635821656204212,-0.5468935332212695,-0.5301259069061436,-0.5132747475167676,-0.49677632072000455
0.0213013013013013,-0.558417715468243,-0.5418387245743224,-0.5252345967647164,-0.508531496288324,-0.49221249361170155
0.02168168168168168,-0.5532705485267776,-0.5368309444912065,-0.5203797235314972,-0.5038201019090041,-0.4876719706269478
0.022062062062062064,-0.5481373066829254,-0.531844774165345,-0.5155442244691272,-0.49912100502731716,-0.483108224529849
0.022442442442442444,-0.5430190464814552,-0.5268813587474583,-0.5107215832797738,-0.49443943282195274,-0.47858006797064384
0.022822822822822823,-0.5379377062699278,-0.5219535283628267,-0.5059219913108117,-0.4897938176736918,-0.4740764912004628
0.023203203203203203,-0.5329315780072622,-0.5170356349150932,-0.5011284257054487,-0.4851562997478997,-0.4696141076992286
0.023583583583583586,-0.5279060606377272,-0.5121608694735492,-0.49636298988625105,-0.48052259221685045,-0.4651254970464278
0.023963963963963966,-0.5229327245379477,-0.5073099098944236,-0.49160765048640953,-0.4759131346996456,-0.4606195121573083
0.024344344344344345,-0.517955325249932,-0.5024694826994398,-0.4868712340004069,-0.471280563450621,-0.45611643900034204
0.024724724724724725,-0.5130101824753368,-0.4976334691320232,-0.48215954189885085,-0.46670667610493793,-0.45163904877385397
0.025105105105105104,-0.5081021695278124,-0.49283295632695456,-0.4774697438203892,-0.4621395785380806,-0.4471718020825172
0.025485485485485487,-0.5032004245013539,-0.4880741961009217,-0.47280829181643114,-0.45758063240218205,-0.44272645145879264
0.025865865865865867,-0.4982900452449796,-0.4833008460586701,-0.46815798369300893,-0.45302287388567597,-0.4382993022215084
0.026246246246246246,-0.4934453415887882,-0.47858279501485007,-0.4635295526905069,-0.44848546018549673,-0.4338676787636672
0.026626626626626626,-0.48855441822198237,-0.47383463512239504,-0.4589009245771581,-0.44396365598800674,-0.42942235748719354
0.02700700700700701,-0.4837655115759047,-0.4691477887654974,-0.454296604014966,-0.4394675753475885,-0.4249923670795698
0.02738738738738739,-0.4789545599581344,-0.4644579070549499,-0.44971535479567565,-0.434982165200248,-0.42060723291483304
0.027767767767767768,-0.4742105395185518,-0.4597930786025151,-0.44515711144270165,-0.4305141558626306,-0.4162157859821188
0.028148148148148148,-0.4694847119480868,-0.4551460001859154,-0.4406011709843076,-0.4260602888696613,-0.411822461267203
0.02852852852852853,-0.4647723487702518,-0.4505393671161158,-0.4360445821493446,-0.421610474091725,-0.40744411768744887
0.02890890890890891,-0.46005141693041446,-0.44591347969901174,-0.43152734474246435,-0.41719960702991987,-0.4031037553115215
0.02928928928928929,-0.45534015240259723,-0.4413317766460908,-0.4270138525029688,-0.41277838973306197,-0.39871815841369596
0.02966966966966967,-0.4506395266382298,-0.43675666396892865,-0.42250997810678986,-0.4083742043507564,-0.3943902493288898
0.030050050050050053,-0.4460327789642045,-0.43221268046784905,-0.4180268454778187,-0.40398886488054836,-0.39006470165161555
0.030430430430430432,-0.44139849099527834,-0.42769042104668037,-0.4135476563720108,-0.3996028975138159,-0.38577394010053145
0.030810810810810812,-0.43676157841218055,-0.4231496638855634,-0.40909971897043934,-0.39523044712793487,-0.3814625552342058
0.03119119119119119,-0.432218614997333,-0.41865563824639696,-0.40467560331222735,-0.39088037352225036,-0.37719691906036995
0.031571571571571574,-0.42766026470821866,-0.41417805016263415,-0.40027470211174027,-0.38653453846012886,-0.3729427177647189
0.031951951951951954,-0.4231431636861592,-0.4096969444483588,-0.39587164790127166,-0.3821927422497037,-0.3686737413698669
0.032332332332332334,-0.41860104608090554,-0.4052244999799464,-0.39150165379495055,-0.37791028403151294,-0.36445802956745754
0.03271271271271271,-0.4141307534949139,-0.4008038682021061,-0.3871406445668393,-0.37359017574904524,-0.36023533407463026
0.03309309309309309,-0.40967102111144416,-0.39637436669733533,-0.38277427672003284,-0.36929079939233345,-0.3560292852846145
0.03347347347347347,-0.40520159570813286,-0.39196320298889564,-0.3784268526957993,-0.3649923261194797,-0.3518112054952042
0.03385385385385385,-0.4007748019938364,-0.3875531524293642,-0.374086128839428,-0.3607172205962245,-0.34759719444803727
0.03423423423423424,-0.3963322013422726,-0.3831632681696219,-0.36977741511111734,-0.3564361163546533,-0.3433609000069279
0.03461461461461462,-0.3918964071722128,-0.37881818296710346,-0.36546733865318554,-0.3521867346853796,-0.33917477489076525
0.034994994994995,-0.387476243138678,-0.37448404816814285,-0.3611824208855461,-0.3479572305486988,-0.3349495255706281
0.03537537537537538,-0.3831176801166666,-0.37012604529739346,-0.35689613013873256,-0.3437166974756487,-0.330807423742534
0.03575575575575576,-0.37873370531988526,-0.36580301252703146,-0.3526120835092407,-0.3395020490581728,-0.32663315810963267
0.036136136136136136,-0.3743573449247769,-0.3614841838009687,-0.3483552718222027,-0.33529497357519444,-0.32248378384528426
0.036516516516516516,-0.3699993581083168,-0.35717243092761564,-0.3441112935883823,-0.3310827707893216,-0.31838107114495845
0.036896896896896896,-0.36566891771274573,-0.3528897799042458,-0.33988466361644715,-0.32690675992488044,-0.31426687409446724
0.037277277277277275,-0.36138464799852343,-0.34862390147273614,-0.33567774932547406,-0.32272611890207026,-0.3101199780329103
0.03765765765765766,-0.3570631699945033,-0.3443494407064377,-0.331494484155739,-0.31856512685620836,-0.30600065376042307
0.03803803803803804,-0.35274112760760723,-0.3401221265235671,-0.3272966889365193,-0.314409857506312,-0.3018862507754034
0.03841841841841842,-0.3484731366149794,-0.33588673152810167,-0.3231090224978328,-0.31027470614701763,-0.2978004301323851
0.0387987987987988,-0.3441940917017688,-0.3316847132177878,-0.3189366007755363,-0.30616672115597976,-0.2937141688864087
0.03917917917917918,-0.3399469074808564,-0.3274620310382531,-0.31476896806583565,-0.30205181483698545,-0.28964003593946447
0.03955955955955956,-0.3357392897045209,-0.3232911089215722,-0.31062310144808325,-0.2979437921554805,-0.28555169048040313
0.03993993993993994,-0.33151702367976194,-0.3190978870904378,-0.30648465643972445,-0.2938445737563231,-0.28149877575660476
0.04032032032032032,-0.3273108783298717,-0.3149271909449681,-0.302360380446212,-0.2897541763891726,-0.27743475453665506
0.040700700700700705,-0.3231702408165562,-0.3107715665925005,-0.2982450859815878,-0.2856955059260841,-0.27340665609661224
0.041081081081081085,-0.31895707839255155,-0.3066328562911068,-0.29415292446101754,-0.2816330476774398,-0.2693694007579993
0.041461461461461464,-0.3147766431369458,-0.302511215754828,-0.290044946871307,-0.27754507693268643,-0.26537016332635693
0.041841841841841844,-0.3106143705120135,-0.29840057971775963,-0.28596343419902726,-0.2734848740793716,-0.26137271578911553
0.042222222222222223,-0.30653414540192214,-0.2942985329548742,-0.2818910774467622,-0.26942723515728273,-0.2573863607952381
0.0426026026026026,-0.3023910030481477,-0.29021315606879156,-0.27783156583051616,-0.2654096624991929,-0.2533981955483518
0.04298298298298298,-0.29827777625425034,-0.2861307489343438,-0.2737907255913939,-0.2613750074289269,-0.2493906895118031
0.04336336336336336,-0.2941997261977861,-0.2820582369351487,-0.2697535558756546,-0.2573755128690665,-0.24542394721862779
0.04374374374374374,-0.29012788923944827,-0.2780018219249714,-0.2657207965227248,-0.2533702710021313,-0.24144512471256482
0.04412412412412413,-0.28605683193211784,-0.2739587773404403,-0.2617074930218727,-0.2493910773041908,-0.2375112672198793
0.04450450450450451,-0.28201050637251224,-0.2699240602927126,-0.2577075596873466,-0.24540995453636394,-0.23352857883775355
0.04488488488488489,-0.2779685596494572,-0.2658983982888597,-0.2537097909713078,-0.24143416054908343,-0.22957054237466615
0.04526526526526527,-0.2739056211399193,-0.26190350830483766,-0.24972361427857137,-0.23748061382603416,-0.22564546630832535
0.04564564564564565,-0.26987067677536614,-0.25788341908255663,-0.24574714169674416,-0.23352352956967815,-0.221703524102962
0.046026026026026026,-0.26583295352751923,-0.2538972573350327,-0.2417810608089456,-0.229582085535565,-0.21780842858534907
0.046406406406406406,-0.26183024397503957,-0.24991947418656552,-0.2378140681578898,-0.2256280295659702,-0.21392554438856046
0.046786786786786785,-0.25784741504357456,-0.2459410407310258,-0.23386440330837246,-0.22169984595087627,-0.2100310099758332
0.04716716716716717,-0.2538852369801208,-0.24198164689570076,-0.22992725508339942,-0.21778367921064948,-0.20613205189225353
0.04754754754754755,-0.24988029338608603,-0.23802439158277064,-0.2259905650988789,-0.21388808003711418,-0.20225938055583814
0.04792792792792793,-0.2459157630357041,-0.23407328607840133,-0.22207236154999854,-0.20998879035922996,-0.19842122142971177
0.04830830830830831,-0.24195837233730788,-0.2301351200300997,-0.2181542404971987,-0.20610154319698423,-0.1945342958947666
0.04868868868868869,-0.23804112147558334,-0.22620034993834254,-0.2142605411166145,-0.20222910181345977,-0.1906758211034438
0.04906906906906907,-0.23411721109942435,-0.22229594706562883,-0.21038189588761386,-0.19835866777179045,-0.18682075129303058
0.04944944944944945,-0.23017094182777445,-0.21840776717377394,-0.20650233090247044,-0.19450108662211943,-0.18300702384184417
0.04982982982982983,-0.22627955958952195,-0.2145112180163698,-0.20263390383282823,-0.19065999143816725,-0.17915111138506734
0.05021021021021021,-0.22235818002962268,-0.21064489603408004,-0.19877917375789525,-0.18681643908152062,-0.1753136812086806
0.050590590590590595,-0.2184473515282483,-0.20677496850028654,-0.19494309797602138,-0.18298730460029222,-0.17150271239627368
0.050970970970970975,-0.21456165672891445,-0.20290017792523002,-0.19110666480081592,-0.17916393449904713,-0.1677090029099672
0.051351351351351354,-0.21068033401070344,-0.1990410786121432,-0.18727128210691277,-0.17535799538157923,-0.16391620049116523
0.051731731731731734,-0.20682087498685808,-0.1951937771391721,-0.18345399595174341,-0.17155028245769616,-0.16014049817436796
0.05211211211211211,-0.20296053778365764,-0.19134931517006548,-0.17963785892079978,-0.1677692657781374,-0.1563974500291169
0.05249249249249249,-0.19912979267336908,-0.18752172446741297,-0.1758300604393387,-0.16398331424664647,-0.15266076131915213
0.05287287287287287,-0.19528873852308284,-0.18369320892590302,-0.1720310040814595,-0.16020599794253776,-0.14889798766683407
0.05325325325325325,-0.19143487556835875,-0.17988514736815917,-0.16825021469052423,-0.15643718226750758,-0.14513567263303334
0.05363363363363364,-0.18762592103683498,-0.17608563632094534,-0.1644771614388701,-0.15267057483486796,-0.14140872590718478
0.05401401401401402,-0.18381047687752253,-0.1722925281284819,-0.16069930036614385,-0.14892750280906283,-0.13768390748753354
0.0543943943943944,-0.18001046366869983,-0.16849960058141308,-0.15693651627356198,-0.1451854226111948,-0.1339538663760739
0.05477477477477478,-0.17623187183948893,-0.1647329019656514,-0.1531822510618843,-0.14145793961151434,-0.13024124595659242
0.05515515515515516,-0.17247284883021832,-0.1609783201502224,-0.14943795550032324,-0.13773228570837737,-0.12653518902727695
0.055535535535535537,-0.16871060754632985,-0.15721991543867103,-0.14570370051611775,-0.1340136456629831,-0.12280034037183103
0.055915915915915916,-0.16495120207703282,-0.153471662861532,-0.141967660671945,-0.1302977299244899,-0.11910296101132731
0.056296296296296296,-0.16120319347140294,-0.14973480215199947,-0.1382430233718908,-0.1265871599152266,-0.11543909701737923
0.056676676676676675,-0.1574742031264155,-0.14600492833901973,-0.1345348463952315,-0.12290191495990078,-0.11176032693714179
0.05705705705705706,-0.15373894307153635,-0.14228672967937003,-0.13081998577429327,-0.11922218577846459,-0.10809524460994031
0.05743743743743744,-0.1499992730037947,-0.13858365322355906,-0.1271199438871872,-0.11552971980144734,-0.10443909251367896
0.05781781781781782,-0.14626874130924036,-0.13487615104628378,-0.12343601767301418,-0.11185870858287088,-0.10081295912826346
0.0581981981981982,-0.14255800105361263,-0.1311640044545035,-0.11975344205673243,-0.10820591720797067,-0.09716295441749599
0.05857857857857858,-0.13887738990857387,-0.1274630586156135,-0.11608447758109104,-0.10455122799901509,-0.09351681189521213
0.05895895895895896,-0.13516888750707445,-0.12379697095828086,-0.11241365416327012,-0.10090475456441235,-0.08989577979617798
0.05933933933933934,-0.1314712077054417,-0.12012971309823077,-0.10875959626883405,-0.09725687414098796,-0.08625481754516962
0.05971971971971972,-0.12779150173730597,-0.11646536415226798,-0.10510383161644864,-0.0936208748249146,-0.0826397147629187
0.060100100100100105,-0.12410427876238161,-0.11279736257062545,-0.10146168468116892,-0.09000380014418462,-0.07901827033981379
0.060480480480480485,-0.12043554164533554,-0.10915913741374973,-0.09782834749136744,-0.08638459322052104,-0.07542808679788324
0.060860860860860864,-0.11678293120983967,-0.10551912832528748,-0.09421070743496314,-0.08279779166098397,-0.07188416654690934
0.061241241241241244,-0.1131215821366951,-0.10188546818571674,-0.09060778573150566,-0.07919205240210182,-0.06826538806018714
0.061621621621621624,-0.10949004462988368,-0.09826374620517742,-0.08700297325171952,-0.07561687307694454,-0.0646924640645611
0.062002002002002,-0.10588753291241773,-0.09465865224995006,-0.08340744860518791,-0.07202086493372509,-0.06114323484706264
0.06238238238238238,-0.1023016361759114,-0.09105589478725615,-0.07981547146972334,-0.06845995037156351,-0.05760069648576049
0.06276276276276277,-0.09866428641676259,-0.08746324515861438,-0.07622821194830981,-0.06488933364093734,-0.05403679773326866
0.06314314314314315,-0.09505149201050726,-0.08387573155184841,-0.0726534025195552,-0.06133594692076919,-0.050508821451637015
0.06352352352352353,-0.09146290141728906,-0.08028080859054128,-0.06910262885561086,-0.057795375789707296,-0.046977018392768584
0.06390390390390391,-0.08789962619460939,-0.07670043572873338,-0.06554533319602761,-0.05425750963524343,-0.04345039916350026
0.06428428428428429,-0.0843201083340448,-0.07313972226933602,-0.06200920118209638,-0.05072188483923881,-0.039948299055109285
0.06466466466466467,-0.08075329594296879,-0.06957058714889984,-0.05846177560129815,-0.04720285519667298,-0.036437114154187177
0.06504504504504505,-0.07719167252371052,-0.06602563841362177,-0.05492094823288259,-0.04367879727801574,-0.03295085597507143
0.06542542542542543,-0.0736488746385899,-0.0624827938808823,-0.051398061121631144,-0.04016951422414947,-0.029442955393987842
0.0658058058058058,-0.07007338872506512,-0.058953594525653956,-0.04788048144168502,-0.03667147193696087,-0.0259568580192712
0.06618618618618619,-0.06653835348249723,-0.05542471626967934,-0.04435855383901886,-0.0331645073448437,-0.02247293749245048
0.06656656656656657,-0.06302833861472927,-0.0519164962923247,-0.04084927809518313,-0.0296772143747375,-0.01902153611245544
0.06694694694694694,-0.05954218500812569,-0.04841255686643907,-0.03734914855071924,-0.026184291310418814,-0.01554313464264161
0.06732732732732732,-0.05602878679562215,-0.04490127880241504,-0.03386092130393114,-0.022714382941842543,-0.01209474627440163
0.0677077077077077,-0.05252313278341426,-0.04141704139730748,-0.03037557502900018,-0.019254613686596922,-0.008647915938569378
0.06808808808808808,-0.04900153727490491,-0.03792110543901557,-0.026904357837216338,-0.015797326073356755,-0.00520579764036939
0.06846846846846848,-0.045502723053197996,-0.0344622796344896,-0.023433947788190808,-0.012348515263215374,-0.0017635883691637655
0.06884884884884886,-0.042001729919339856,-0.030985500495254146,-0.019971008284117003,-0.008896469267870789,0.0016482309994673946
0.06922922922922924,-0.03854536776053195,-0.02752876013876577,-0.01651849416924084,-0.005468955786193286,0.005072874556418658
0.06960960960960962,-0.03508226540392452,-0.024067831903314515,-0.013076604378754441,-0.0020410160676762575,0.008496309612351507
0.06998998998999,-0.03161490400232601,-0.020603324278717097,-0.009640103239915689,0.0013697109723127033,0.011902404617909826
0.07037037037037037,-0.028150918387409397,-0.017166005472288016,-0.006206141608295766,0.00477825537350167,0.01531203069324589
0.07075075075075075,-0.02469640741657794,-0.013725208811919751,-0.00279098495761409,0.008188514151383818,0.01868575099590261
0.07113113113113113,-0.021259072833134156,-0.010282944031045904,0.0006217452993119032,0.01158150253000625,0.02209337645346371
0.07151151151151151,-0.017836303056902387,-0.006868164658484289,0.0040259625117542875,0.014968728996063524,0.02546914784757459
0.0718918918918919,-0.014401184418888083,-0.0034394680996996745,0.00742793553966145,0.018350460789923907,0.028823036753095256
0.07227227227227227,-0.010960599314931409,-3.377070262601547e-05,0.01081992168284981,0.02171762664725552,0.03217608882638815
0.07265265265265265,-0.007551684062116615,0.003351117236828787,0.014202696980623005,0.025073056681393438,0.035546959751264026
0.07303303303303303,-0.00416481271153466,0.006749438224304655,0.01757934665721538,0.028420906263398153,0.03889608790544498
0.07341341341341341,-0.0007507662968405023,0.010127233200084752,0.020945650265647753,0.03175702268167712,0.04222255851533732
0.07379379379379379,0.0026377784928960264,0.013507391828527846,0.02430359610160648,0.035111864590110516,0.04554396047405006
0.07417417417417417,0.006008509029849746,0.016871378123838297,0.02766196267875591,0.038450955388492095,0.048878675579379374
0.07455455455455455,0.009386563913907608,0.020241162038596112,0.031014706768191527,0.04178773254129937,0.05221586991601872
0.07493493493493494,0.012780705208589753,0.023577876843229408,0.034357324852450355,0.04510435367168924,0.05550872477062594
0.07531531531531532,0.016124725722704885,0.0269284519393548,0.037693104348315944,0.04841156853981449,0.05881162645244943
0.0756956956956957,0.019512433045052197,0.030263534456377313,0.041018501793534036,0.05172130642959853,0.062148102533377436
0.07607607607607608,0.02286176457147304,0.033605849281675,0.04434301638154457,0.055020520262029686,0.06543039539218302
0.07645645645645646,0.02619740219032134,0.03693363108541055,0.04765748860471081,0.05832016848927481,0.06871768177150013
0.07683683683683684,0.02953939326751029,0.04024932957620542,0.050956287732816595,0.06161506808559829,0.07199454089788887
0.07721721721721722,0.032880302150743654,0.04355658806803496,0.05424480104157031,0.06490095852688178,0.07526742774584554
0.0775975975975976,0.03619438885646071,0.046870171346408786,0.057535996734923475,0.06817770055179614,0.07852175244175358
0.07797797797797798,0.03947674674277591,0.05016610442253708,0.06081385653874039,0.07144094241637773,0.08178629379001126
0.07835835835835836,0.04279253405138858,0.05345982532670822,0.06408924298466157,0.07470287191873044,0.08502867027336149
0.07873873873873874,0.04608690514191681,0.05674084747377286,0.0673641743164075,0.07795061185800431,0.08826586983649194
0.07911911911911912,0.04938852756487139,0.06002357763988143,0.07062213639676851,0.08120833217882147,0.09152199296831093
0.0794994994994995,0.05267146539620445,0.06328773597552029,0.07387557121773732,0.08444450924183464,0.09476542934603974
0.07987987987987988,0.055944630064736926,0.06656444173522087,0.07712764071799051,0.08768231298563038,0.0979914409468048
0.08026026026026026,0.059202035680212234,0.06981400598953769,0.08036581280046545,0.09092441802772415,0.10121452732822143
0.08064064064064064,0.062456504444301064,0.07306517644829581,0.08360011028401076,0.09415534864898653,0.10441461103409383
0.08102102102102102,0.0657161772713767,0.07631066204872237,0.08683121496350805,0.09736595385641882,0.10762452189153845
0.08140140140140141,0.06894937537657284,0.07955090124714781,0.09003650353891937,0.10058570947948901,0.11081872510133411
0.08178178178178179,0.07220252840080772,0.0827713489955463,0.09325683208039212,0.10378451791497292,0.11400197901367494
0.08216216216216217,0.07544541147980297,0.08598076450332033,0.0964621686148005,0.10698042087149075,0.11719431892975944
0.08254254254254255,0.07867448679069208,0.08920328260164591,0.09967277508241326,0.1101667847048668,0.12038618391567446
0.08292292292292293,0.08191018306539384,0.09240876668931323,0.10287223761288,0.11336294679671817,0.12354040440448466
0.08330330330330331,0.08511232651717118,0.09561267084134394,0.1060660814612959,0.11653634795909372,0.1267260524527067
0.08368368368368369,0.08829983399681775,0.09881808832892441,0.10924367030110264,0.11969943018540048,0.12988198013098481
0.08406406406406407,0.09151174663430212,0.10200768712900872,0.11241578572890504,0.12286805093555292,0.13299899513775015
0.08444444444444445,0.09467633602564722,0.1051808671405907,0.11558629583074059,0.12603606920381963,0.1361062757853097
0.08482482482482483,0.09786828362268134,0.10834270513238312,0.11874978738003777,0.12919065375178834,0.13924314277176075
0.0852052052052052,0.10104061552309716,0.11151489434431586,0.12189995072655073,0.1323351342715639,0.14236470559999562
0.08558558558558559,0.10422794547038361,0.11467918360535495,0.12504366754111218,0.1354774760985921,0.14547198118214086
0.08596596596596597,0.1074222995989439,0.11781958814017056,0.12817743601725687,0.13860765716448328,0.14857483015385606
0.08634634634634634,0.11059337949863964,0.12096184691071514,0.1313152623972152,0.14172591536952153,0.15167063323930954
0.08672672672672672,0.11373698470325469,0.12410052928306128,0.1344419120979057,0.1448423900202493,0.15476947526315962
0.0871071071071071,0.1168670509661357,0.12724039554534192,0.13755120455591605,0.14794359125967935,0.15788147838245165
0.08748748748748748,0.1200148550573671,0.1303608545579103,0.14066408965564178,0.15103589620739263,0.16095125803731442
0.08786786786786788,0.12313579969765698,0.13347454831047734,0.14376798836355215,0.15412707618379853,0.16403585559802122
0.08824824824824826,0.12625495307829557,0.13656807077634528,0.14686291301283072,0.15723457519845624,0.16710153455882318
0.08862862862862864,0.12937594698534527,0.1396751212586528,0.14995706410988704,0.16030494836595782,0.17016406969551656
0.08900900900900902,0.1324752901436756,0.142775053392608,0.15304948785453934,0.16337196591735476,0.1732379101330876
0.0893893893893894,0.13557243869076982,0.14586717184650466,0.15611908020242815,0.16645191274307036,0.17630182858887647
0.08976976976976977,0.13865883062023654,0.14895621697683614,0.15919954990467514,0.16951158839166205,0.17936930676487034
0.09015015015015015,0.14173622470614827,0.15203821188311664,0.16226302169096143,0.17257771833733443,0.1824475318105051
0.09053053053053053,0.1447911801884829,0.15509880527588887,0.16531175096307524,0.1756177288132093,0.18547681823584797
0.09091091091091091,0.14786293697588512,0.158158665337486,0.16836345610899606,0.1786604262553356,0.18850168495597497
0.0912912912912913,0.15090285366922151,0.1612207085175563,0.1714143411142234,0.18168445466046299,0.19153061258526896
0.09167167167167167,0.15396602301829843,0.1642556660605065,0.17446304342953745,0.184703452917322,0.1945615918731497
0.09205205205205205,0.15699587224334766,0.1672875067518643,0.17749194850023434,0.18771677793459357,0.19756569826663148
0.09243243243243243,0.16002812179871018,0.17031922951006548,0.18052131717442932,0.19072213603883764,0.20057724293292198
0.09281281281281281,0.1630574571806353,0.1733379315272829,0.1835370539469836,0.19372894434100252,0.2035747698279166
0.09319319319319319,0.16605333136854003,0.1763503718809594,0.18654080399354428,0.1967438176834473,0.2065479345378134
0.09357357357357357,0.169071440175492,0.1793649864359703,0.1895450711505457,0.19973352687981616,0.20952460410931972
0.09395395395395395,0.17210094225581768,0.18236803403596658,0.19254505140162664,0.2027273624276301,0.21253893028405602
0.09433433433433434,0.17510344431524325,0.18536378580571233,0.19553499080586234,0.20570966740402855,0.21553124998024212
0.09471471471471472,0.1780934056379721,0.18835418926904104,0.1985299539246144,0.20868605555143432,0.21851242056608444
0.0950950950950951,0.18107990756124653,0.19133026786297766,0.20151316527537566,0.21164174235507227,0.22147144204144936
0.09547547547547548,0.18404613793305158,0.19429958919697918,0.20447862213496187,0.21460388140796205,0.2244354735778654
0.09585585585585586,0.18704715625700086,0.19727533787160673,0.2074531830719855,0.2175520542850494,0.22736593092107393
0.09623623623623624,0.19001871831462733,0.20022968246098083,0.21039973423321467,0.22049822793626733,0.23033277236002672
0.09661661661661662,0.19298422538778487,0.20318319349389152,0.21335112784303872,0.22343538718946646,0.23328046146930562
0.096996996996997,0.1959423132845585,0.20613290094798142,0.21629399446894876,0.22636545907873554,0.2362189451790609
0.09737737737737738,0.19887118937607617,0.20909015519001453,0.21922897733078808,0.22929800925385424,0.23915689438459936
0.09775775775775776,0.20182692079377054,0.21203648445379408,0.22216528079568107,0.2322173399098708,0.2420518750132628
0.09813813813813814,0.20478080019466574,0.2149813847662601,0.22508507629957977,0.23512997883669923,0.2449666790997876
0.09851851851851852,0.20769601995559994,0.21790440284959534,0.22799343537456745,0.23805294754625742,0.24789822513895798
0.0988988988988989,0.21062239932368154,0.22081682911793546,0.23090235945144194,0.24095293873199056,0.25079653970662924
0.09927927927927928,0.21352606989977996,0.22372056973338952,0.2338047573767864,0.24384937651689265,0.25368185438706164
0.09965965965965966,0.21643841212193202,0.22663793455021078,0.23670790870363642,0.2467430961868306,0.2565962276042107
0.10004004004004004,0.2193370740896391,0.22953429791106433,0.2396049576987049,0.24962785984372338,0.2594786976071572
0.10042042042042042,0.22222987289162202,0.23241101394398744,0.2424854931786933,0.2524984614237479,0.2623477413164427
0.10080080080080081,0.2251292898969243,0.23527968296776186,0.24534870747922602,0.2553648725894037,0.265213670884708
0.10118118118118119,0.2279956417691666,0.23814980573380576,0.24822176926762826,0.258236876170266,0.2680836128901457
0.10156156156156157,0.23087564786923456,0.24103326489675608,0.2510906140538407,0.2610997021302111,0.2709721266313699
0.10194194194194195,0.2337587225879825,0.2438866654025509,0.25394520831130174,0.26395923999321486,0.2738295795379292
0.10232232232232233,0.23660515057367612,0.24672984234583858,0.25679398192203745,0.266814219287331,0.27666359260132284
0.10270270270270271,0.2394449175595643,0.2495732039398947,0.25962952233244885,0.26965408149250863,0.27950158280268234
0.10308308308308309,0.24229854571239556,0.25242073118979713,0.26245887192064016,0.27248973130798076,0.28232564253354686
0.10346346346346347,0.24514167064328846,0.25525671497430846,0.26529241004448917,0.27532495998226414,0.28517292759552904
0.10384384384384385,0.2479933950774313,0.25807918109712674,0.268116063982895,0.27814616009498566,0.28800255042446693
0.10422422422422423,0.2508361278989601,0.2608959490530515,0.27093971325208543,0.2809688937615303,0.290808001893871
0.1046046046046046,0.25365530668391567,0.26370959077967066,0.2737623944583267,0.2837721887401026,0.29359455805115253
0.10498498498498499,0.25643512298758986,0.26650802245037275,0.27657095934413406,0.28658403198552773,0.2964081130385702
0.10536536536536537,0.2592401452658149,0.2693273273554848,0.279369248628534,0.2893734727544636,0.2992009594527827
0.10574574574574575,0.26206955938663234,0.2721178184312089,0.2821618176305663,0.2921679950338103,0.3019713717124455
0.10612612612612612,0.26487786933718116,0.2749018233700399,0.2849503342577111,0.29495315441975795,0.3047805125722064
0.1065065065065065,0.2676849277505758,0.27768565988226185,0.2877264670435922,0.29773382454175845,0.3075577119282516
0.10688688688688688,0.27047930586278274,0.28045615619664793,0.2905044043704623,0.3005074534133921,0.31034095042888876
0.10726726726726728,0.27323439536913163,0.28323259464220985,0.29327200936778974,0.3032764365971407,0.3130982815391959
0.10764764764764766,0.27600482892212846,0.28600163571500703,0.2960337688633605,0.306033636951048,0.3158554992505782
0.10802802802802804,0.278761847212194,0.28875500146590954,0.29878078363543836,0.3087833882567638,0.3186053634771368
0.10840840840840842,0.2815344487683566,0.29151138474609767,0.30152348889519387,0.3115286968537874,0.3213624853820138
0.1087887887887888,0.284250458188573,0.2942538511902443,0.3042725715734319,0.31427746954450875,0.324124804967018
0.10916916916916918,0.2869776566279114,0.29699314062850674,0.3070065810109644,0.31701278655127857,0.3268715544812654
0.10954954954954955,0.28972941337191344,0.2997135349514908,0.3097411645853925,0.319739060407641,0.32962195605168737
0.10992992992992993,0.29246579282806756,0.3024465495134477,0.3124625982391815,0.32246777699786594,0.33238871222018357
0.11031031031031031,0.29518738984651605,0.30515699028832194,0.3151784048895328,0.32518226335935796,0.3351097399780889
0.1106906906906907,0.2978862398175554,0.3078689087573311,0.3178785681433974,0.327876731058633,0.33782815663538074
0.11107107107107107,0.3005829609207801,0.3105654525120517,0.3205843751455967,0.3305791290843309,0.3405132140799966
0.11145145145145145,0.30324908149564667,0.3132558349347323,0.3232842686774491,0.33327694788001144,0.3432074810203025
0.11183183183183183,0.30593294210529626,0.3159331286685984,0.3259706346115904,0.33596525755815465,0.3459153276053869
0.11221221221221221,0.30864687502780036,0.31861159591264016,0.32866348614569274,0.3386587824722247,0.348633694572132
0.11259259259259259,0.31133507826646306,0.3212794519479077,0.331337879560547,0.3413301680335886,0.35134104004172634
0.11297297297297297,0.31401240336053476,0.32395414230834296,0.334015417027835,0.34400505328948844,0.3540070576506272
0.11335335335335335,0.31667254665538375,0.32662161421648617,0.33666535954326837,0.34666993916343847,0.356657354798087
0.11373373373373374,0.3193180558763684,0.3292731038024569,0.3393299328367181,0.349338619981177,0.35933234928411006
0.11411411411411412,0.32195094839845584,0.3319242829281381,0.3419818999286001,0.3520044635397094,0.36196438423190014
0.1144944944944945,0.3245773841767128,0.334568878489079,0.3446268396794113,0.3546615912842579,0.36461300083440057
0.11487487487487488,0.32721270927290486,0.3372050059376466,0.3472688202833678,0.3573037282092262,0.3672763901033713
0.11525525525525526,0.32982588195505674,0.33982892828243105,0.34990299843072453,0.35994368910913654,0.3699219005192165
0.11563563563563564,0.33244560995259254,0.3424525169543725,0.3525279281062358,0.3625713146626409,0.3725518326254591
0.11601601601601602,0.33505413408170615,0.3450606548198932,0.35515067596169037,0.3651955866027783,0.375176654942961
0.1163963963963964,0.33765789702506593,0.3476701647636936,0.3577594472567298,0.36781768216575306,0.37779873235921835
0.11677677677677678,0.34026690325671766,0.350269892700563,0.36036145208219383,0.3704284813023218,0.38041361190992357
0.11715715715715716,0.34286095537380246,0.3528665451925599,0.36296903257956437,0.373050114920882,0.3830235094824904
0.11753753753753754,0.34544685049710955,0.35546437575716167,0.3655656167472341,0.37565557249001175,0.38564322667508766
0.11791791791791792,0.3480395295582401,0.3580553675817553,0.36815726569147,0.3782599401067665,0.3882383536219697
0.1182982982982983,0.3506104938665651,0.36062927364636926,0.37073009549849745,0.3808424160804797,0.3908228514541619
0.11867867867867868,0.35317486772729767,0.36319532510213326,0.3733052805693182,0.3834302432574027,0.3934215765108731
0.11905905905905906,0.35572974109448424,0.36575180175735733,0.37587320598344043,0.3860016066129257,0.3960181561083434
0.11943943943943944,0.3582847381352058,0.36830139321415994,0.378436134317526,0.38857957821312916,0.3985976205601773
0.11981981981981982,0.36083491741998386,0.37085138761807906,0.3809918630015541,0.3911452928986295,0.40116263485169334
0.12020020020020021,0.36336524148913557,0.37338636526113034,0.38354105206250205,0.3937071996664133,0.40371513218777266
0.12058058058058059,0.3659065689500349,0.3759131808751145,0.38607818032746,0.3962541527678919,0.40627818839638474
0.12096096096096097,0.36843900115942924,0.37842813462350444,0.388618067018645,0.3988019641567623,0.4088260664614386
0.12134134134134135,0.37097721065851225,0.38094622813348683,0.39115304644150284,0.40133214796182237,0.4113825766750223
0.12172172172172173,0.37348935553835416,0.3834467224486219,0.3936757697052038,0.4038457471870959,0.4139267709223552
0.12210210210210211,0.3760124115168053,0.3859658469194163,0.39618083078790456,0.40636771246357367,0.4164963100222346
0.12248248248248249,0.3785053540706148,0.3884747295871332,0.39869451106814413,0.4089018241995249,0.41901662511118976
0.12286286286286287,0.3809669878246207,0.3909722781100652,0.40119655252212993,0.4114136905963224,0.4215510605027529
0.12324324324324325,0.3834473586030829,0.39346403125687934,0.40370162952700794,0.41393621329216357,0.4240689789407957
0.12362362362362363,0.38588860611614295,0.3959445286333624,0.40619062334481193,0.41645497385317387,0.42658042913048
0.124004004004004,0.3883760882127565,0.39842322105324185,0.4086845146847107,0.41894478841702615,0.42910174258028666
0.12438438438438439,0.3908247745715999,0.4008966097492783,0.4111704220205501,0.42142487035522785,0.43158632915831857
0.12476476476476477,0.39328482009879456,0.40336627035828887,0.41364558158976766,0.4238928097492838,0.4340759917414163
0.12514514514514516,0.39573242742082454,0.40580978986096733,0.41612877131893994,0.4263602418024126,0.4365717256014535
0.12552552552552554,0.3981679101206869,0.4082785754914482,0.41859101581380187,0.4288302860699684,0.4390325247726984
0.12590590590590592,0.400620203913416,0.4107239070421762,0.4210400355670359,0.43129530906566005,0.4415220426516653
0.1262862862862863,0.40308534885049685,0.4131627085112796,0.4234832391103739,0.43375878636644755,0.4440219030153866
0.12666666666666668,0.4054886883397053,0.4155914650726894,0.4259224978970167,0.4362226928491512,0.44651027005314403
0.12704704704704706,0.40789697959622656,0.41800646630810895,0.42834757525805006,0.4386639869088227,0.4489771997030285
0.12742742742742744,0.410310356984444,0.42042600690332416,0.4307768809589965,0.44109569479231175,0.45145404267503414
0.12780780780780782,0.4127325195360038,0.42284621922477206,0.4331982632603826,0.4435238417214542,0.45390608376017255
0.1281881881881882,0.4151451908421086,0.42523429446308897,0.43561879813129406,0.44594869135537124,0.4563353675550457
0.12856856856856858,0.4175079673601344,0.4276248173368964,0.4380284826542835,0.44837161612924925,0.45878218799193404
0.12894894894894895,0.41987417056285953,0.43000809766486137,0.4404321700898325,0.4507786971563437,0.4612227179693129
0.12932932932932933,0.42225011607475527,0.4323839105787303,0.4428311654927667,0.4531944308479644,0.4636490484697192
0.12970970970970971,0.42461216866762574,0.4347563288625807,0.44522867899425284,0.45559127674493244,0.4660841740115672
0.1300900900900901,0.4269567533719907,0.43711502835440935,0.4476129174717804,0.45798608472822383,0.4684981561778079
0.13047047047047047,0.42930875724094214,0.43948601132322773,0.44998401454308445,0.46037840754430337,0.47088596923304293
0.13085085085085085,0.4316483097583072,0.441831681310803,0.4523616647820467,0.462770759168634,0.47329040990825366
0.13123123123123123,0.43398116215778354,0.4441753618982026,0.4547228039740959,0.4651504405584109,0.47569196365284455
0.1316116116116116,0.43630386687983713,0.4465224060806203,0.45707524517110415,0.4675374881587414,0.47808533945333603
0.131991991991992,0.4386244110109261,0.44884997239320573,0.4594289417490258,0.46988840495844997,0.48046180927866944
0.13237237237237237,0.44094106476045897,0.4511820785461059,0.4617783076626333,0.4722453812505361,0.4828493487685295
0.13275275275275275,0.44324827487954827,0.45350803751794727,0.46411039360629536,0.4745964054887398,0.48520735213547306
0.13313313313313313,0.44556110539780347,0.45583403758931107,0.4664388872060904,0.47695010283583966,0.4875719818047147
0.1335135135135135,0.44787875824989015,0.45814559449786624,0.4687556240830065,0.47929757923711175,0.48991591090250475
0.1338938938938939,0.450185774783898,0.46045422698469995,0.47108039435686366,0.48164096572719284,0.4922744684789485
0.13427427427427427,0.4524510803655091,0.4627554673331031,0.47338608660984616,0.4839751791862607,0.4946312993617889
0.13465465465465465,0.45473787349978406,0.4650402844980844,0.47570068855448266,0.4863056208271158,0.49698427781546184
0.13503503503503503,0.4570163729616487,0.46733573162175435,0.47800414972341343,0.4886257294860496,0.4993159690785792
0.1354154154154154,0.4592967246013818,0.46961900374698,0.48030269172232054,0.4909398225669696,0.501679189235299
0.1357957957957958,0.4615450027662632,0.47188606983038445,0.482591349291539,0.49324625122558746,0.5039888187254272
0.13617617617617617,0.4637923770406425,0.47415397643085966,0.48487385570435376,0.4955510562553347,0.50630465831334
0.13655655655655657,0.466035242270898,0.47641621278824847,0.4871477247397799,0.4978534999064068,0.5086263782505993
0.13693693693693695,0.46826559274796276,0.478668415501965,0.48941957829317556,0.5001320388068543,0.5109332494772646
0.13731731731731733,0.47050307535424707,0.48090981968767776,0.49168615457413384,0.5024134200850798,0.5132464629194458
0.1376976976976977,0.47275040456851297,0.48314783561501273,0.4939416053885706,0.504684319762265,0.5155316448277903
0.1380780780780781,0.4749546890132168,0.485381129187043,0.4961943269983462,0.5069673629724878,0.5177983688085963
0.13845845845845847,0.47718612588914866,0.4876034714614456,0.4984411655842358,0.5092273345530789,0.5200840520182936
0.13883883883883885,0.47938266233669197,0.4898310884443715,0.5006836101936961,0.5114935259136062,0.522371240672284
0.13921921921921923,0.48158247015474376,0.49205138980905294,0.5029095337909645,0.5137493226782659,0.5246399825592557
0.1395995995995996,0.4837855947996193,0.49427098855642976,0.5051329566061025,0.5159786830945312,0.5268917939232345
0.13997997997998,0.48598835732445317,0.49646204673586647,0.5073467878898973,0.5182169352114014,0.5291434259346794
0.14036036036036037,0.4881891160244977,0.49864234614388947,0.5095643913037677,0.520455893435994,0.53137980965066
0.14074074074074075,0.49037953019619257,0.5008216699251887,0.5117714771754123,0.5226653421472988,0.5336190204009261
0.14112112112112113,0.4925523067498134,0.5030025908293285,0.5139691957165352,0.5249052307987624,0.5358484726824103
0.1415015015015015,0.49471489944420927,0.5051667300529729,0.5161572322774719,0.5271214526704,0.5380721642767093
0.1418818818818819,0.4968981819941923,0.5073378299008935,0.5183456969058755,0.5293334462929249,0.5402973061020672
0.14226226226226227,0.49903933189857713,0.509502326126621,0.520529212422738,0.531533251827091,0.5425174295010787
0.14264264264264265,0.5011769884832505,0.5116716309040612,0.5226971652326667,0.5337363182583701,0.5447266014066043
0.14302302302302303,0.5033172103109262,0.5138214755886144,0.5248601905304372,0.5359244076477285,0.5469340358046947
0.1434034034034034,0.5054290885159775,0.5159582192900083,0.5270309555727397,0.5380963226269941,0.5491368710271483
0.1437837837837838,0.5075469211755667,0.5180874132476453,0.5291899416137877,0.5402646208744799,0.5513039576957769
0.14416416416416417,0.509666493125345,0.520221670787013,0.5313323798684871,0.5424230163081885,0.5534811647952751
0.14454454454454455,0.5117698148187023,0.5223456360324479,0.5334870004994233,0.5445808549630021,0.5556504186710932
0.14492492492492492,0.5138794836823438,0.5244531197496931,0.5356206528078673,0.5467477228721523,0.5578201906388204
0.1453053053053053,0.5159417895829566,0.5265566672294916,0.5377560199534843,0.5489049034574064,0.5599856064758688
0.14568568568568568,0.5180236930185307,0.5286545129584689,0.5398785616149187,0.5510466873688521,0.5621494519520469
0.14606606606606606,0.5200771821691887,0.5307576326540052,0.5419960554108776,0.5531845360216678,0.564298640847893
0.14644644644644644,0.5221271215151271,0.5328498119336871,0.5441052681257933,0.555321934868321,0.5664569253686421
0.14682682682682682,0.5241963561373933,0.5349338523128649,0.5462092637185805,0.5574445977137343,0.5685918641168691
0.1472072072072072,0.5262670388542109,0.5370188156650307,0.5483042951965535,0.5595686637771197,0.5707241348913324
0.14758758758758758,0.5282974634148849,0.5390836980957047,0.5503900777228923,0.5616676931478598,0.5728407790257289
0.14796796796796796,0.5303184621963819,0.5411432783121426,0.5524841035640784,0.5637727582019045,0.5749723053749339
0.14834834834834834,0.5323543048808196,0.5432161648642791,0.5545567315814476,0.5658759777219033,0.5770979106930423
0.14872872872872872,0.5343948698742054,0.5452716637184394,0.5566259626692718,0.5679783076235658,0.5792263106328462
0.1491091091091091,0.5364118632187784,0.5473039512021102,0.5586858369938036,0.5700539368031914,0.5813455704359966
0.1494894894894895,0.5384542659486111,0.5493489127277023,0.5607358257749684,0.5721453647300957,0.5834579312214042
0.1498698698698699,0.5404715772987863,0.5513751565343031,0.5627817196781627,0.5742223728132291,0.585573791758651
0.15025025025025027,0.5424885771441454,0.5533874997660931,0.5648278350910554,0.5762882454813588,0.5876448081412428
0.15063063063063065,0.5444716072024717,0.55540163685802,0.5668724465524151,0.5783446111617676,0.5897253846166003
0.15101101101101103,0.5464500062939442,0.5574177785263588,0.5689048219927808,0.5803959445634178,0.5917947274326574
0.1513913913913914,0.548442809713933,0.5594213458882106,0.5709305699530655,0.582459541420913,0.5938526437008909
0.15177177177177179,0.5504119533930134,0.5614211628188387,0.5729667142056973,0.5845148390330493,0.5959122825000275
0.15215215215215216,0.5523920352923866,0.5634232973799063,0.5749810925961283,0.5865515341451231,0.5979616543844476
0.15253253253253254,0.5543430149024003,0.5654112672669395,0.5769854848254216,0.5885707301890631,0.6000224055693024
0.15291291291291292,0.556291334716918,0.5673915821690261,0.57899215316703,0.5905954790252318,0.6020704043111652
0.1532932932932933,0.5582224686107415,0.5693603012871952,0.5809863906558188,0.5926086880740102,0.604085509139732
0.15367367367367368,0.560152081935616,0.5713184672257278,0.5829795930516836,0.5946248703541702,0.6061259939843746
0.15405405405405406,0.5621037578583323,0.5732705384331908,0.5849545052450867,0.5966172119115775,0.6081654458477638
0.15443443443443444,0.5640421733320554,0.5752290008254544,0.5869346220000448,0.5986104801296102,0.6101871022531865
0.15481481481481482,0.5659745687465764,0.5771794014075795,0.5889070876878352,0.6006096457930616,0.6121996871514134
0.1551951951951952,0.5678795817069622,0.57911618104259,0.5908780936290979,0.6025928182261798,0.6142187061703538
0.15557557557557558,0.5697762586468671,0.5810504443971234,0.5928340674747764,0.6045675073267798,0.6162069614483394
0.15595595595595596,0.5717044279533551,0.582977311219995,0.5947785810010792,0.6065318120340885,0.6181999568173245
0.15633633633633634,0.573613358647834,0.5849139002034776,0.5967273631078266,0.6084902273576379,0.6202015423780587
0.15671671671671672,0.5755033842549844,0.5868292381337789,0.5986631295569962,0.610460019069661,0.6221665112737832
0.1570970970970971,0.5773882821016104,0.5887401704077238,0.6005995567255461,0.612426575504574,0.6241692133944219
0.15747747747747748,0.5792653623228993,0.590642588236973,0.6025237734931616,0.6143831014122929,0.626143999562056
0.15785785785785786,0.5811441249266279,0.5925347327125435,0.6044357258871961,0.6163255693758586,0.6281222858098857
0.15823823823823824,0.5830248242992935,0.5944354318717633,0.6063440350378113,0.6182664312161821,0.6300715181094334
0.15861861861861862,0.5848650849724182,0.5963305726145282,0.6082449113023303,0.6202058527908665,0.6320000498869939
0.158998998998999,0.5867190994988272,0.5982099031667883,0.6101418501211618,0.6221438822236741,0.6339203927416965
0.15937937937937938,0.5885863633862678,0.6000895455105261,0.6120318835584111,0.6240484675750275,0.635862671121799
0.15975975975975976,0.5904287609231961,0.6019612053704978,0.6139246338655712,0.6259432824962394,0.6377773731895344
0.16014014014014014,0.5922600499522226,0.6038262862119672,0.6157943884554568,0.6278395186322346,0.6396954882333945
0.16052052052052052,0.5940919448715417,0.6056693873345561,0.6176697112385771,0.629737446756168,0.6416026370538966
0.1609009009009009,0.5959198758437103,0.607504677852078,0.6195391576994724,0.6316326191386151,0.6435101821382426
0.16128128128128127,0.5977071619065105,0.6093506322185829,0.6214054796206597,0.6335131284638131,0.6453979687887531
0.16166166166166165,0.5995328926589659,0.6111950063199885,0.6232585509674061,0.6353880312772655,0.6473151120195081
0.16204204204204203,0.6013251919342342,0.6130113003485532,0.6251110560597405,0.6372655273470603,0.6492092620508618
0.16242242242242244,0.6031083701396336,0.614825457482553,0.6269621731263466,0.6391371382020445,0.6510965679384839
0.16280280280280282,0.6048928030344353,0.6166321793684787,0.6288016543180914,0.640986149577912,0.6529857507736336
0.1631831831831832,0.6066687516018426,0.6184296292636334,0.6306247034789921,0.6428357991945504,0.6548390293907833
0.16356356356356358,0.6084374162662611,0.6202299993087653,0.6324501017202017,0.6446782628651081,0.6567022762685321
0.16394394394394396,0.6102008880687264,0.6220253503600819,0.6342644879638809,0.6465181938217102,0.6585710018750119
0.16432432432432434,0.6119591675398923,0.6238025504554,0.6360754567375072,0.6483529805028417,0.6604153048591828
0.16470470470470472,0.6137060406218724,0.6255834570023997,0.6378761213099959,0.6501935946074194,0.6622725131463431
0.1650850850850851,0.6154549639490506,0.6273577613217375,0.6396790954826157,0.6520066996246447,0.6641059033347149
0.16546546546546548,0.6172064424006963,0.629130480228742,0.6414677356220865,0.6538235013851258,0.6659574892126934
0.16584584584584586,0.618933298716594,0.63089375681636,0.6432541283180448,0.6556297961939603,0.6677624271288248
0.16622622622622624,0.620675529526055,0.6326489526641699,0.6450331798011908,0.6574178147253661,0.6695663375941534
0.16660660660660662,0.6223988685548008,0.6343976206632134,0.6467999979294804,0.6592023915369394,0.6714017818809322
0.166986986986987,0.6241045952717271,0.636142333202331,0.6485675768700712,0.6609938617512755,0.6732236641131125
0.16736736736736738,0.6258097670424264,0.6378767797586111,0.6503298750094935,0.6627867169442203,0.6750150969012922
0.16774774774774776,0.6275091585533621,0.6396158161427028,0.6520858381325606,0.6645655467997402,0.6768002690738235
0.16812812812812813,0.6291917899203298,0.6413464150082617,0.6538290748543532,0.666338979936339,0.6786017465424453
0.16850850850850851,0.6308809524767433,0.643069713762057,0.6555661632495472,0.6680999044874462,0.6804018594799376
0.1688888888888889,0.6325640152736609,0.6447793117470011,0.6572987270119433,0.6698577955990052,0.6821766445289805
0.16926926926926927,0.6342491494796282,0.6464922135241544,0.6590350589670979,0.6716060404930929,0.6839579364553859
0.16964964964964965,0.6359326759321752,0.6481933220186831,0.6607616979536405,0.6733475940068744,0.6857202138058601
0.17003003003003003,0.637612081779195,0.649882535246466,0.6624818360784938,0.6750932161515392,0.6875071005775915
0.1704104104104104,0.639278616455183,0.651553216860416,0.6641896933850892,0.6768146349999484,0.6892810649964176
0.1707907907907908,0.640932340772216,0.6532283631335302,0.6658999139639449,0.6785465598523144,0.6910317823052226
0.17117117117117117,0.642603135618581,0.6548941958380909,0.6675931497440478,0.6802724859854572,0.6927716141907404
0.17155155155155155,0.6442343935603106,0.6565498914681683,0.6692785425660848,0.6819819560191354,0.694516320315543
0.17193193193193193,0.6458815213208545,0.6582003621975848,0.6709624182248775,0.6836810610089799,0.6962445234662742
0.1723123123123123,0.6474967412954333,0.6598547112385783,0.6726253206888657,0.6853757133284573,0.6979505530473243
0.1726926926926927,0.6491116432117849,0.6614993466646218,0.6742996742248534,0.687078064422469,0.699668679395342
0.17307307307307307,0.6507072719785206,0.6631452522625902,0.6759730984191766,0.6887628801727013,0.70135986507761
0.17345345345345345,0.6523212241751849,0.6647872362736649,0.6776369435835847,0.6904318067430383,0.7030616799573348
0.17383383383383383,0.6539188291001407,0.6664110942868146,0.6792912310667265,0.6920909209171966,0.7047256736804843
0.1742142142142142,0.6555311895320309,0.6680482025160589,0.6809291513638596,0.6937605135811609,0.7064025478819953
0.1745945945945946,0.6571205689738369,0.6696688684830693,0.6825681460706444,0.6954093802099341,0.7080807896373082
0.17497497497497497,0.6587088583628999,0.6712760743969194,0.6841976212677189,0.6970528161963974,0.7097665186440891
0.17535535535535537,0.6602897288371693,0.6728916404802453,0.6858170673547231,0.6987092271751908,0.7114386881544593
0.17573573573573575,0.6618622944746815,0.6744912652936781,0.6874332489309526,0.7003388931503367,0.7131101553703244
0.17611611611611613,0.6634193537337978,0.6760822430718294,0.6890371475850385,0.7019773037593818,0.7147639951237109
0.1764964964964965,0.6649827081404466,0.6776699417960413,0.6906404322110883,0.7036093947318485,0.7164051071777265
0.1768768768768769,0.6665388430621636,0.6792410450634309,0.6922420790529742,0.7052219515383933,0.7180374660154145
0.17725725725725727,0.6680997499599687,0.6808033817705406,0.6938327552184449,0.7068381902161832,0.7196671734545135
0.17763763763763765,0.669662243808248,0.6823655694785329,0.6954112836881082,0.7084330748288916,0.7213060527623375
0.17801801801801803,0.6712014770238793,0.6839131641792743,0.696981889116712,0.710031710762466,0.7229110416429162
0.1783983983983984,0.6727383637603277,0.6854625048442787,0.6985575541592786,0.7116103183322477,0.7245109787560663
0.1787787787787788,0.6742483880176381,0.6870080779208633,0.7001208859806792,0.7131841458163258,0.7261241682072572
0.17915915915915917,0.6757592525536407,0.6885460408071697,0.7016809200472168,0.7147650498258841,0.7277267165610889
0.17953953953953955,0.6772758395786667,0.6900769396183439,0.7032344673939928,0.7163496381849914,0.7293208676519788
0.17991991991991993,0.6787901218532291,0.6916004624719769,0.7047810161545994,0.7179157367165038,0.7308841830851329
0.1803003003003003,0.6802941340345346,0.6931242595788527,0.7063111266095407,0.7194754217837652,0.7324620740559953
0.1806806806806807,0.6817748505312641,0.694623555308951,0.7078397954389302,0.7210330861386203,0.7340268933353365
0.18106106106106107,0.6832693601447822,0.696129356640367,0.7093626322498026,0.7225703901655208,0.735601531522478
0.18144144144144145,0.6847547398130781,0.6976342085491739,0.7108780190043379,0.7241089831074933,0.7371522008549757
0.18182182182182183,0.6862355085511145,0.6991296774731656,0.712391649379701,0.7256432878626399,0.7386963632584204
0.1822022022022022,0.6877267716831953,0.7006163658478682,0.7138905782608784,0.7271589839413528,0.7402388799174467
0.1825825825825826,0.6892028473070492,0.702089521428713,0.71538762701803,0.7286845723777046,0.7417664291058306
0.18296296296296297,0.6906772729113159,0.7035596597160703,0.7168860990401057,0.7302036343660588,0.7432811073130247
0.18334334334334335,0.6921201187616847,0.7050397054008378,0.7183703199427365,0.7317083923148278,0.7447985164750166
0.18372372372372373,0.6935713565086558,0.7065106751327133,0.7198503036205198,0.733219748955979,0.7463353454678529
0.1841041041041041,0.6950176477193978,0.7079735961764982,0.7213252245918509,0.7347201199179627,0.7478338638965324
0.18448448448448448,0.6964569650906367,0.7094318228967501,0.7227965746133194,0.736203070470505,0.7493583350599768
0.18486486486486486,0.6978803243277102,0.71087021107407,0.7242575843962186,0.7376776667069707,0.7508712274476127
0.18524524524524524,0.6992796326092058,0.7123045287167552,0.7257106649568377,0.7391537097381531,0.7523883326847106
0.18562562562562562,0.7006775347235241,0.7137314003955064,0.727154069828239,0.740624137117846,0.7538609608818854
0.186006006006006,0.7020573736575725,0.7151511513061245,0.7285955141335727,0.7420940928955999,0.7553365335630434
0.18638638638638638,0.703453054271498,0.7165597887016968,0.7300360878980989,0.7435370338546742,0.7568026475919628
0.18676676676676676,0.7048602860451926,0.7179690764803395,0.7314671522665156,0.7449722222481844,0.7582537325879819
0.18714714714714714,0.70623791418923,0.7193585111677178,0.7328908652454097,0.7464093008807368,0.7597133702505017
0.18752752752752752,0.7076257418084502,0.720752745002887,0.7343124990769861,0.7478381008400721,0.7611499284134832
0.1879079079079079,0.7089903880400554,0.722138520030908,0.7357268100154566,0.7492586946025075,0.7625854980147283
0.1882882882882883,0.7103682684769868,0.723538168964986,0.7371375915760534,0.7506722082463481,0.7640183256309746
0.1886686686686687,0.7117226732369818,0.7249187236505259,0.7385362556065249,0.7520824042778013,0.7654608879217982
0.18904904904904907,0.7130769287364831,0.7262851181144439,0.7399299932111842,0.7534921171553546,0.7668818949084686
0.18942942942942945,0.7144390246187158,0.7276485017324592,0.741309606421394,0.7548852823427321,0.7683152293092947
0.18980980980980983,0.7157846906234466,0.7290067531426107,0.7426854905360065,0.7562717044085575,0.7697411634676452
0.1901901901901902,0.7171129857177824,0.7303532495407602,0.7440560754137501,0.7576573289561304,0.771132085092701
0.19057057057057059,0.718457250621648,0.7317040939165548,0.7454210339257321,0.759044963057229,0.7725326938700938
0.19095095095095097,0.7197654694702773,0.7330347193819147,0.7467668095560893,0.7604212584896176,0.7739352248069001
0.19133133133133134,0.7210805455907312,0.7343712227978902,0.7481161985996223,0.761796780665494,0.7753074039161235
0.19171171171171172,0.7223630207762947,0.7356962626824655,0.7494609461534874,0.7631588799978546,0.7766822995482984
0.1920920920920921,0.7236719208850413,0.7370020623256583,0.7507965553038245,0.7645225373052011,0.7780496956379213
0.19247247247247248,0.7249741907849084,0.7383175765893839,0.7521243629160622,0.765874391315134,0.779426968229901
0.19285285285285286,0.7262668018123074,0.7396234310527611,0.7534471287785639,0.7672161725057263,0.7807924811897041
0.19323323323323324,0.7275650911597085,0.7409186932479558,0.7547578968353822,0.7685451519078468,0.7821312805851497
0.19361361361361362,0.7288405176546974,0.7422062503636139,0.7560737238710669,0.7698741308790036,0.783467009907557
0.193993993993994,0.7301195269900231,0.743500424680922,0.7573787056362472,0.7711906123670789,0.7847925156675495
0.19437437437437438,0.7313755677522824,0.7447790562256331,0.7586707119393287,0.7725045885856261,0.7861228339053177
0.19475475475475476,0.7326432720001907,0.746053410321172,0.7599622997819637,0.7738048402290842,0.7874286703739977
0.19513513513513514,0.7338960791030523,0.747330343623692,0.7612591808126788,0.7750999887916777,0.7887528361838237
0.19551551551551552,0.7351394702953279,0.7485928584601818,0.7625407037295359,0.7763905913505339,0.790048587912885
0.1958958958958959,0.736377393400193,0.7498525383561423,0.7638151748647288,0.7776834033510209,0.7913400556208489
0.19627627627627628,0.7376263815239696,0.7510902829706507,0.7650800665083621,0.7789659180676275,0.792641734152846
0.19665665665665666,0.7388735920880241,0.752328195732392,0.7663434460181233,0.7802501941061952,0.7939242557205921
0.19703703703703704,0.740102303553108,0.7535635872512505,0.7675898886554599,0.7815225751541923,0.7952125005448046
0.19741741741741742,0.7413172295856083,0.7547917761158763,0.7688392113080985,0.7827845900467344,0.7965016392214684
0.1977977977977978,0.7425187176607788,0.7560142637922588,0.7700718374675798,0.7840389281082228,0.7977814522252786
0.19817817817817818,0.743724986169481,0.7572384628184854,0.7713022926277253,0.7852960880182859,0.7990362401850334
0.19855855855855856,0.7449328728811226,0.7584447475653806,0.7725291320179299,0.7865359126147106,0.8003004702239446
0.19893893893893894,0.7461276766320776,0.7596485295701632,0.7737461854864771,0.7877633939052114,0.801554357765123
0.19931931931931932,0.7472984393898281,0.7608438220010515,0.7749578916139065,0.7889892229347023,0.8027913056067627
0.1996996996996997,0.7484679463674148,0.7620185181932239,0.7761649638971715,0.7902111247897824,0.8040193736425132
0.20008008008008007,0.7496307716683341,0.7632037120439682,0.7773591283270586,0.7914292780829547,0.8052594797553335
0.20046046046046045,0.7507919123932736,0.7643892093842859,0.7785499337086554,0.792627949173737,0.8064861312282723
0.20084084084084083,0.7519461685571096,0.7655579676041745,0.7797278396248861,0.7938299898501996,0.8076924277431027
0.2012212212212212,0.7531027437151318,0.7667180675717842,0.7809073332194995,0.795014557207683,0.8089020489608155
0.20160160160160162,0.7542482544991981,0.7678689094344574,0.7820692159985799,0.7961901689764233,0.810110689087789
0.201981981981982,0.7553962941037757,0.7690154325562,0.7832380361581468,0.7973655993064314,0.8112934469167177
0.20236236236236238,0.7565319070328265,0.7701639170175131,0.784393352796956,0.7985430865331348,0.8124480930582092
0.20274274274274276,0.7576465201962179,0.7713025499479735,0.7855409974006768,0.7997164779277228,0.8136155539923772
0.20312312312312314,0.7587668389394621,0.7724282866476062,0.786681821794096,0.8008746681005676,0.8147979866069975
0.20350350350350352,0.7598826063293461,0.7735507945194081,0.7878195884832475,0.8020317624804644,0.8159717905184188
0.2038838838838839,0.7609750876226917,0.7746748647610608,0.7889517474779584,0.8031762199460901,0.8171315790578079
0.20426426426426428,0.762094355267959,0.7757899899206336,0.7900798513006458,0.8043182666912442,0.8182879024074801
0.20464464464464466,0.7631834915683325,0.7769056708414631,0.7911969381688624,0.8054440746963063,0.8194343146022478
0.20502502502502504,0.7642601347208268,0.778002415335271,0.792314712510563,0.8065583336717371,0.8205534333599878
0.20540540540540542,0.765342976962933,0.7791027865318296,0.7934247517299531,0.807677766640344,0.8216842165661001
0.2057857857857858,0.7664190672675888,0.7801876435514586,0.7945265964026892,0.8087942278652706,0.8228201657965898
0.20616616616616618,0.7674747879069205,0.7812770650452628,0.7956155330796878,0.8099016278119039,0.823927803211278
0.20654654654654656,0.7685541193791804,0.7823561297096132,0.7967023772640011,0.810991764348003,0.8250293165617457
0.20692692692692694,0.7696174120177317,0.7834215396595258,0.7977735677372262,0.8120863736766404,0.8261122352158357
0.20730730730730731,0.7706550379032745,0.7844750714866633,0.7988549522781948,0.8131780475798399,0.8272253953560048
0.2076876876876877,0.7717100390693924,0.7855289361844932,0.7999223907275422,0.8142530203715517,0.8283000968974945
0.20806806806806807,0.7727508119997426,0.7865784857709723,0.800983977061547,0.8153270298428205,0.8293759612310105
0.20844844844844845,0.7737789742302468,0.7876164634710681,0.8020478320898127,0.816390920955428,0.8304779099670894
0.20882882882882883,0.7747940237503137,0.7886426762899367,0.8030899274592447,0.8174415438144452,0.8315381701114724
0.2092092092092092,0.7757975497236382,0.7896797966839046,0.8041226289412547,0.8184994180708891,0.8325836985116793
0.2095895895895896,0.7768186005946763,0.7907050609781413,0.8051568470837229,0.8195438448800372,0.8336215274080387
0.20996996996996997,0.7778224941808226,0.7917309674022587,0.8061833329555816,0.8205805164316943,0.8346718295116992
0.21035035035035035,0.7788200593502296,0.7927586878737177,0.807203305958105,0.8216199847862092,0.8357306205393057
0.21073073073073073,0.7798193271404399,0.7937632852057442,0.8082226475485209,0.8226428996106859,0.8367534221970276
0.2111111111111111,0.7807937501952723,0.7947758747862202,0.8092227417268993,0.8236559079373978,0.8377675164217252
0.2114914914914915,0.7817733529041626,0.7957766472153973,0.810217505455996,0.8246709290619834,0.8387895550081819
0.21187187187187187,0.7827551937163609,0.7967505294793726,0.8112101862233175,0.825663316835614,0.839809922432004
0.21225225225225225,0.7837411201996465,0.7977410164631935,0.8121930433292709,0.826654956709461,0.8408354182416052
0.21263263263263263,0.7847022470708992,0.7987268784241508,0.8131692065369206,0.8276365372722465,0.8418470037809144
0.213013013013013,0.7856678007596706,0.7996969454657651,0.8141351971019557,0.828603870190111,0.8428278223922322
0.2133933933933934,0.7866208171666306,0.8006637816028895,0.8151069867877524,0.8295767938724311,0.8438001646939145
0.21377377377377377,0.787575904553708,0.8016259214422973,0.8160757019596683,0.8305418683098246,0.8447798269766514
0.21415415415415415,0.7885077015181705,0.8025684671023176,0.8170363341835587,0.8315037355375474,0.8457693582157034
0.21453453453453455,0.7894420292328341,0.8035005931884278,0.817988454190257,0.8324566983163446,0.8467096516172058
0.21491491491491493,0.790350339472645,0.8044248695446677,0.8189265812007509,0.8333993136897362,0.8476854154030729
0.2152952952952953,0.7912675680476319,0.8053593831041117,0.8198577395457252,0.8343371609202607,0.8486258539372571
0.2156756756756757,0.792201281366791,0.8062836200675342,0.8207798482586282,0.8352719764852459,0.8495489522032932
0.21605605605605607,0.7931106684484689,0.8072013590943555,0.8216891911498403,0.8361916922909729,0.8504848537441976
0.21643643643643645,0.7940073658120201,0.8081095845655636,0.8226137764804682,0.8371049326659702,0.8514043135426488
0.21681681681681683,0.7949013393393957,0.8090039946695949,0.8235228505524416,0.838021514162049,0.8523205636359122
0.2171971971971972,0.7957888885988873,0.8098879991256659,0.824423211787011,0.8389192793289288,0.8532332970161384
0.2175775775775776,0.7966557864294174,0.8107786331773078,0.8253196100322508,0.8398149475833524,0.8541453410157349
0.21795795795795797,0.7975435767560711,0.811658965484082,0.8261989926779758,0.8407020334421519,0.8550372184498336
0.21833833833833835,0.798415703096469,0.8125373576852419,0.8270824726799874,0.8415865932086831,0.8559203445897343
0.21871871871871873,0.79927589195496,0.8134098187387141,0.8279610231936975,0.8424736950702744,0.8568166145742035
0.2190990990990991,0.8001322131258025,0.8142683601895543,0.8288282171270934,0.843347065464762,0.8577091530411517
0.2194794794794795,0.8009930552496335,0.8151165015000293,0.8296885653935792,0.8442243852393723,0.8585769695790536
0.21985985985985987,0.8018600253302371,0.8159771224738535,0.8305489785721972,0.8450837510555272,0.8594332857339695
0.22024024024024025,0.802676023648763,0.8168192160465914,0.8313986070401874,0.8459416259673697,0.8602928626674975
0.22062062062062063,0.8034932683608473,0.8176500133116704,0.8322426605195659,0.8467802158152867,0.8611380126286476
0.221001001001001,0.8043191382237754,0.8184743001518517,0.8330792651190971,0.8476215193269551,0.8619806523619743
0.2213813813813814,0.8051434896108384,0.8192914730423037,0.8339143936097934,0.8484434916860633,0.8628208298489872
0.22176176176176177,0.8059473395766825,0.8201192764521694,0.8347314248484331,0.8492685495963396,0.8636556215628854
0.22214214214214215,0.8067497768558982,0.8209326391543393,0.8355408058051286,0.8500834714800404,0.8644732814525664
0.22252252252252253,0.8075535876045837,0.821743468514918,0.8363515344343798,0.8508999642716061,0.865279956197719
0.2229029029029029,0.808349378265357,0.822528581386234,0.8371591819551186,0.8516993421099786,0.866080706624352
0.22328328328328328,0.8091375655574297,0.8233215212513139,0.8379589509746217,0.8524968163764122,0.8668774701207045
0.22366366366366366,0.8099226162355638,0.8240955654189931,0.8387416219905962,0.8532916129384489,0.8676650497955255
0.22404404404404404,0.8106888233299085,0.824862521246133,0.8395248166740092,0.8540641500270851,0.8684581145572092
0.22442442442442442,0.8114698553368029,0.8256393259631454,0.8402861426450902,0.8548388014952529,0.8692336197668474
0.2248048048048048,0.8122391504960527,0.8264019224211108,0.841044133350365,0.8556157688706325,0.8700061733023131
0.22518518518518518,0.81299176570172,0.8271599660592174,0.8418052298344819,0.8563739794177725,0.8707696711690247
0.22556556556556556,0.8137387936554289,0.8279075132395576,0.8425610714169112,0.8571363279796321,0.871526436948671
0.22594594594594594,0.8144800904898678,0.8286508547700517,0.8433045578471431,0.8578900887942652,0.8722746684383141
0.22632632632632632,0.8152279502733288,0.8293908762885054,0.8440383467400207,0.8586308364789148,0.8730131265561601
0.2267067067067067,0.8159439244606033,0.8301334973759139,0.844774358521187,0.8593634505134887,0.8737502313297769
0.22708708708708708,0.8166633801065178,0.8308743839445638,0.845497426647288,0.8601015314886685,0.8744874728308821
0.2274674674674675,0.8173848455555656,0.8316055057988189,0.8462204102572414,0.8608175612734036,0.87520228613558
0.22784784784784787,0.8181231796519037,0.832322055889282,0.8469351558093146,0.8615336950189708,0.8759119067368721
0.22822822822822825,0.8188177720536866,0.8330316003635165,0.8476436660431533,0.8622462458235217,0.8766239689200331
0.22860860860860863,0.8195397213234289,0.8337426738182876,0.8483449076468935,0.8629335658278577,0.8773324965818395
0.228988988988989,0.8202278800054827,0.8344408816463228,0.8490367587485067,0.8636305494757774,0.8780346266609473
0.22936936936936939,0.8209321473867893,0.8351274810267412,0.8497203179181085,0.8643058844027429,0.8786941513518057
0.22974974974974977,0.8216317034230779,0.8357946640748334,0.8504040605803275,0.8649880826174693,0.8793959497627005
0.23013013013013014,0.8222893900071747,0.8364694461350023,0.8510825905589431,0.865666077066577,0.8801126801930075
0.23051051051051052,0.8229559205159863,0.8371303298507128,0.8517536734353353,0.8663368299575879,0.8807776771127191
0.2308908908908909,0.8236315812374333,0.8377946227985315,0.8524161417676259,0.8669976421518825,0.8814140980418026
0.23127127127127128,0.8242831105188841,0.8384660502029291,0.853071191596402,0.8676584264209385,0.8820621684889894
0.23165165165165166,0.8249270822456239,0.8391137123348428,0.8537195960469004,0.8683135067362651,0.8826978705025623
0.23203203203203204,0.8255620139034358,0.8397598641727175,0.8543634573300937,0.8689615610399153,0.8833344982624514
0.23241241241241242,0.8262018914938281,0.8403974187009583,0.8550005809611874,0.8695889891534778,0.8839587152096213
0.2327927927927928,0.826846488765663,0.8410247935018107,0.8556320231194473,0.870209984964489,0.8845655068561181
0.23317317317317318,0.8274613918187524,0.8416614446326035,0.8562485844240213,0.870823986672085,0.885181400197004
0.23355355355355356,0.8280938042449763,0.8422883972637794,0.8568585524856522,0.8714291435650813,0.8857835663572191
0.23393393393393394,0.8286903967993805,0.8428993253183401,0.8574636657086964,0.8720400819588565,0.8863776907971939
0.23431431431431432,0.8292981957427102,0.8435023455916443,0.8580640362817857,0.872635775369507,0.8869949763710646
0.2346946946946947,0.8299086567577917,0.8440997329790755,0.8586626421629999,0.8732332404347353,0.8875729210532615
0.23507507507507508,0.8305162964044099,0.8446935538877808,0.8592522645894781,0.873810758058375,0.8881397751655733
0.23545545545545546,0.831096797329766,0.8452750235296743,0.8598369602011933,0.8743720695321847,0.8886989191719583
0.23583583583583584,0.8316924148724921,0.8458527872686268,0.8604030982092656,0.8749425531680186,0.8892707938733472
0.23621621621621622,0.8322579136677719,0.846423152719719,0.860966344397471,0.8755093536491861,0.889841402814776
0.2365965965965966,0.8328344220127969,0.8469740563175329,0.8615288376156146,0.8760566297957587,0.8903860920993409
0.23697697697697698,0.8333950411051453,0.8475238840208367,0.8620907465048128,0.8766162372180847,0.8909339254211942
0.23735735735735736,0.8339388927401844,0.848071821357313,0.862628061478747,0.8771629500749643,0.8914856398623129
0.23773773773773774,0.8344858076331186,0.8486311498100494,0.8631670311766275,0.8776921062845644,0.8920178296986645
0.23811811811811812,0.8350255546467238,0.8491717189495859,0.863701060166321,0.8782135348008007,0.8925304224172487
0.2384984984984985,0.8355656173475723,0.8497076110806967,0.8642276538163232,0.878733357702746,0.8930503865539239
0.23887887887887888,0.8361082321670897,0.8502342895154386,0.8647514915755561,0.8792547050140199,0.8935555368750484
0.23925925925925925,0.8366391485138435,0.850759191169055,0.8652591165717352,0.8797580477401801,0.8940555984679027
0.23963963963963963,0.8371445960144642,0.851269485424692,0.8657718509939846,0.88026266100915,0.8945350898448394
0.24002002002002001,0.8376577468705249,0.8517756535903944,0.8662673820227805,0.8807668529422742,0.8950168892761743
0.24040040040040042,0.8381550027509033,0.8522718531950995,0.8667657337912997,0.8812552451809266,0.8955042191457543
0.2407807807807808,0.8386662592198058,0.8527650103553635,0.8672624933584283,0.8817356136519499,0.895968565159166
0.24116116116116118,0.8391584369836123,0.8532442752387246,0.8677431698990535,0.882222222343993,0.8964604807933783
0.24154154154154156,0.8396419663023292,0.8537168402782404,0.8682201343775842,0.8826931815564671,0.8969351008155498
0.24192192192192194,0.8401402033411874,0.8541819275346311,0.8686891277840432,0.8831579298596272,0.8973807465802655
0.24230230230230232,0.8406079257472812,0.8546552252004175,0.8691436596233303,0.8836143456635728,0.8978447712597846
0.2426826826826827,0.8410727231570225,0.8551156213352491,0.8695914220192739,0.8840685267109155,0.898293925293875
0.24306306306306308,0.841536244119806,0.8555673482061331,0.8700325342643519,0.8844984251323769,0.8987252403721688
0.24344344344344346,0.8420040711223737,0.8560181070168704,0.870468764769663,0.8849214474637895,0.8991364332479698
0.24382382382382384,0.8424430227823969,0.8564588903038619,0.8708978976669774,0.8853407070524163,0.8995441587618388
0.24420420420420422,0.842912737797355,0.8568858598452901,0.8713220856477661,0.8857550428557984,0.8999825889521875
0.2445845845845846,0.8433476780577913,0.8573115054452515,0.8717425608204807,0.8861643430550423,0.9003898860630624
0.24496496496496498,0.8437799850013005,0.857743612892151,0.8721540987973339,0.8865728790358202,0.9007978325246124
0.24534534534534536,0.8441917658520028,0.8581538185861927,0.8725652751188132,0.8869755632331462,0.9012071630698837
0.24572572572572574,0.8446176164531964,0.858564543560684,0.872963822993026,0.887374829177626,0.9015850735711893
0.24610610610610612,0.8450435738855451,0.8589600216592984,0.8733597422675452,0.887754384586026,0.9019580974436654
0.2464864864864865,0.8454580732630913,0.8593456105317681,0.8737409602540188,0.8881344062940963,0.9023452899694191
0.24686686686686687,0.8458412498495584,0.8597263041578057,0.8741183508910245,0.888502099687041,0.9027089648810512
0.24724724724724725,0.8462518467185659,0.8601058750672053,0.8744894418127843,0.888874571179579,0.9030671399262443
0.24762762762762763,0.8466200154022272,0.8604737123254905,0.8748551928145172,0.8892310815720376,0.9034154560254216
0.248008008008008,0.8469778165404768,0.86084436010707,0.8752129232014668,0.8895799738135738,0.9037445535188136
0.2483883883883884,0.8473331594455917,0.8611993357727994,0.8755701146152731,0.8899226842599046,0.9040775760626489
0.24876876876876877,0.8476763270132313,0.86156356267273,0.8759143908802761,0.8902604339725266,0.904400583567494
0.24914914914914915,0.8480351406917142,0.861922654469612,0.8762628399036515,0.890587322344669,0.9047359442656124
0.24952952952952953,0.8484020396991168,0.8622678176838218,0.8766076315513611,0.890913677380447,0.90502213936663
0.2499099099099099,0.8487259959513948,0.8625968413068561,0.8769298181667007,0.8912373297045033,0.9053562281891311
0.2502902902902903,0.8490482074784941,0.8629253341742529,0.8772438244905724,0.891552639169439,0.9056605692769754
0.25067067067067067,0.8493785134430514,0.8632470839515276,0.8775608370765025,0.8918606892670238,0.9059541995726524
0.2510510510510511,0.8497109284438809,0.8635544242764401,0.8778635989045941,0.8921639498882318,0.9062373290716462
0.25143143143143143,0.8500224802939226,0.8638620088308274,0.8781638527986914,0.892447044167226,0.9065032778546672
0.25181181181181184,0.850316811701327,0.8641626310489612,0.8784507641713843,0.8927387591995644,0.9067698202127222
0.2521921921921922,0.8506289910649701,0.8644580978362799,0.878738883744143,0.8930193220421406,0.9070220326769529
0.2525725725725726,0.8509051499064201,0.8647518730109628,0.8790135208396999,0.8932936421550989,0.9072947210037711
0.25295295295295295,0.8511788638389707,0.8650313774513894,0.8792839138878685,0.8935479331691887,0.9075575430460485
0.25333333333333335,0.8514792010935462,0.8653114153796901,0.879550742079811,0.8938056250185472,0.9078187999460662
0.2537137137137137,0.8517640312313051,0.8655895980869691,0.8798092872334562,0.8940523269221269,0.9080543591313351
0.2540940940940941,0.8520443212039788,0.8658592291346563,0.8800696764418043,0.8942987386532216,0.9082792061684394
0.25447447447447447,0.8523313598713977,0.8661123087201891,0.8803128175829549,0.8945350858141833,0.9085158293299256
0.2548548548548549,0.8525675712506774,0.8663605476049804,0.8805602711368609,0.8947782863138617,0.9087602654488457
0.2552352352352352,0.8528465523381373,0.8666017610806855,0.8807984582071269,0.8950001954516712,0.9090010699029931
0.25561561561561563,0.8531027758696887,0.8668342522014495,0.8810258941103306,0.8952153517699937,0.909212412043606
0.255995995995996,0.8533400275463829,0.8670638549859568,0.8812380479931817,0.8954218642770914,0.909394794542275
0.2563763763763764,0.8535703589657619,0.8672799903602094,0.8814446660319492,0.8956306330650972,0.9095946577882226
0.25675675675675674,0.8537862247601226,0.8674990278405675,0.8816459191214026,0.8958233582045053,0.9097743490460358
0.25713713713713715,0.8540217446935792,0.8677065782135882,0.881848871868163,0.8960282835604898,0.9099609577461026
0.2575175175175175,0.8542232851427497,0.8679247635793054,0.882037175497729,0.8962224976015657,0.9100986782433934
0.2578978978978979,0.8544370378518803,0.8681235389003302,0.8822293392002656,0.8963942697451054,0.9102749789345398
0.25827827827827826,0.8546373329186356,0.8683173971310525,0.8824162878726789,0.8965599301249024,0.9104648878785332
0.25865865865865867,0.854835663314455,0.8684991051218712,0.882592985876778,0.8967260870840774,0.910634345448162
0.259039039039039,0.8550215474860041,0.8686713950314825,0.8827605271774972,0.896888727455973,0.9107836743876357
0.25941941941941943,0.8552231533800805,0.8688432435088231,0.8829323685783537,0.897045749317578,0.9109204365103288
0.25979979979979984,0.8554110454563062,0.8690054882042166,0.8830779357997757,0.8971865957096495,0.9110795652599809
0.2601801801801802,0.8555768909066026,0.8691672534489272,0.8832249389219418,0.8973148243933218,0.9112205768291338
0.2605605605605606,0.8557108713384606,0.8693194737765321,0.8833663529111726,0.8974408080459333,0.9113625122857046
0.26094094094094095,0.8558690229525612,0.8694630390129201,0.8834956561671123,0.8975519891177209,0.9114967264395302
0.26132132132132135,0.8560247928651034,0.8695815187689951,0.8836286523317709,0.8976556451789099,0.9115917780138049
0.2617017017017017,0.8561814665051156,0.8697131206500283,0.8837442703799809,0.8977652856747272,0.9117168178495382
0.2620820820820821,0.8562937840661685,0.8698256388239113,0.8838633333544383,0.8978578886506258,0.9118387991213105
0.26246246246246246,0.8564311810658392,0.8699444340895084,0.8839667428401887,0.8979412941813792,0.9119186818357962
0.26284284284284287,0.8565788846805857,0.8700515917472066,0.8840651633777615,0.8980296896362753,0.9120010881404477
0.2632232232232232,0.8567039990985952,0.8701455354590184,0.8841597679360165,0.8981040672955248,0.9120670402678147
0.26360360360360363,0.8568291689939265,0.8702381178877853,0.8842456706714003,0.898194121354957,0.9121069079772338
0.263983983983984,0.8569370163056964,0.870330396415928,0.8843120652467179,0.8982622229452486,0.9121539218923431
0.2643643643643644,0.857029452406576,0.8704138893026137,0.8843829837470435,0.8983379043248517,0.9122221020131202
0.26474474474474474,0.8571250756427561,0.8704732506681918,0.884440414722398,0.8983767170378051,0.9122498372597377
0.26512512512512515,0.857217631424631,0.8705305013929592,0.884501549091929,0.8984307091390507,0.9122905431474417
0.2655055055055055,0.8573013521936544,0.8706076923458418,0.8845486406272612,0.8984675658394082,0.912280682209954
0.2658858858858859,0.8573742425755264,0.8706551400392736,0.8845944575948521,0.8984904527396598,0.9122936682080368
0.26626626626626626,0.857415148435176,0.8707068497762455,0.8846188276389497,0.898503623716483,0.9123247298862693
0.26664664664664667,0.8574553906581571,0.8707558455040415,0.8846432314028462,0.898501195235463,0.9122914444943756
0.267027027027027,0.8575076400243966,0.8707820311096524,0.8846616407868169,0.8985076565757092,0.9123044720158461
0.2674074074074074,0.8575038165488603,0.870816932705044,0.8846780333846028,0.8985061566383414,0.9123094142158831
0.2677877877877878,0.8575190599569945,0.8708344143119439,0.8846839509940866,0.8985078148514593,0.9122948501901731
0.2681681681681682,0.857557753353139,0.8708569597897157,0.8846958474525357,0.8985003395697269,0.9122580847767299
0.26854854854854854,0.8575874917936077,0.8708675854742872,0.8846904069669718,0.8984835781644691,0.9122311937076869
0.26892892892892895,0.8575717095545349,0.8708778823635229,0.8846830445214823,0.8984529183178334,0.9121813798117343
0.2693093093093093,0.8575733789389273,0.8708686340327371,0.8846687425640704,0.8984272378472649,0.9121304930250032
0.2696896896896897,0.8575823849945962,0.870868858506128,0.8846410330682648,0.8984028785882447,0.9120699308102104
0.27007007007007006,0.857566701447359,0.870841896934972,0.8846180991296162,0.8983604204478205,0.9120096171517763
0.27045045045045046,0.8575390939042542,0.870821350281444,0.8845723056153162,0.898310572426458,0.9119607852787015
0.2708308308308308,0.8575204311243213,0.8707850968330149,0.8845237930889092,0.8982498872873718,0.9119040644120878
0.2712112112112112,0.8575217255801764,0.8707566896600174,0.8844752092587213,0.8981861481122073,0.9118260718756827
0.2715915915915916,0.8574704793508638,0.8707275563788145,0.88440318178897,0.8981167950257936,0.911713839671951
0.271971971971972,0.8574141620423997,0.8706767331501701,0.8843393198059675,0.8980530394168386,0.9116522773867364
0.27235235235235233,0.8573599231135979,0.870605412145699,0.8842725913920564,0.8979907816230325,0.9115380136502632
0.27273273273273274,0.8573057207781644,0.8705543977739,0.8841870709739914,0.8978923413948526,0.9114473738981462
0.27311311311311315,0.8572335599335554,0.8704727160226678,0.8841039526164101,0.897801376880744,0.9113355811761861
0.2734934934934935,0.8571793145750457,0.8703923608867787,0.8840146037831297,0.897685006827007,0.9112235524159675
0.2738738738738739,0.8571186639100864,0.8703122250290625,0.8839020929261823,0.8975737119220165,0.9110863066765533
0.27425425425425426,0.8570218201619745,0.8702089826670564,0.8837955161293457,0.8974581255403953,0.9109613040161129
0.27463463463463467,0.8569113111224467,0.870119870136111,0.8836862842831059,0.8973493298621709,0.9108316321856994
0.275015015015015,0.8568083739612695,0.8700128983523617,0.8835702579337859,0.8972103674136105,0.910675797336719
0.2753953953953954,0.8567051596445131,0.8699036525524241,0.8834452676395811,0.8970886390602896,0.9105115820707803
0.2757757757757758,0.8566156971809245,0.8697756479267474,0.8833084174967069,0.8969376755869851,0.9103513325923325
0.2761561561561562,0.8564832451157246,0.8696510651894008,0.883176907136036,0.8967702497757262,0.910219149511872
0.27653653653653654,0.8563443325617099,0.8695088982809882,0.8830297116940441,0.8966249876189891,0.9100425920416566
0.27691691691691694,0.8562148313274335,0.8693558948007123,0.8828757415966836,0.8964740785216483,0.9098638622805556
0.2772972972972973,0.8560398189077746,0.8692000645741815,0.882709423582972,0.8963162154530326,0.9096804630238534
0.2776776776776777,0.8559096883387193,0.8690488661663149,0.8825519598438759,0.896137061286851,0.9094639960980304
0.27805805805805806,0.8557564059381485,0.8688887449565517,0.8823767591977183,0.8959497272102946,0.9092885122631533
0.27843843843843846,0.8555709636905673,0.8687183517412653,0.8821968540778565,0.8957642751872008,0.9090781871957204
0.2788188188188188,0.8554134598736217,0.868528590018391,0.8820159233429985,0.895573136488975,0.9088948316950616
0.2791991991991992,0.8552350701329531,0.8683428929075447,0.8818260376547002,0.8953635919740625,0.908701598325044
0.2795795795795796,0.8550066536944553,0.8681537579149012,0.8816180637438604,0.8951547352728252,0.9084709412442689
0.27995995995996,0.8547986453183682,0.8679564573150582,0.8814256416593715,0.8949424376250523,0.9082499511253292
0.28034034034034033,0.8546269049710702,0.8677521315817629,0.8812109509471007,0.8947252902950259,0.9080289472732289
0.28072072072072074,0.8544370005787124,0.8675420852100569,0.8809917022193232,0.8945093036941894,0.9078075477727394
0.2811011011011011,0.8542116146944992,0.8673299246881484,0.8807690465094005,0.8942754645383177,0.9075454395997596
0.2814814814814815,0.8540021048049558,0.8671085031535504,0.880531611447397,0.8940298869242437,0.9072884988901352
0.28186186186186185,0.8538133118112563,0.8668781434003164,0.8802804498825305,0.8937969709295344,0.9070301210973419
0.28224224224224226,0.8535912559632727,0.8666297123255412,0.8800259079796569,0.8935454575841968,0.906771670129243
0.2826226226226226,0.8533537408696078,0.8663958943673016,0.8797731805001612,0.8932943446978993,0.9065141783285116
0.283003003003003,0.853129798309147,0.8661455308068012,0.8795094146217529,0.8930253249309692,0.9062278874834111
0.28338338338338337,0.8528490936339888,0.8658920258309472,0.8792449200661668,0.8927540694089089,0.9059521445839803
0.2837637637637638,0.8526012418084102,0.8656142474412931,0.8789740323773436,0.8924551924812674,0.905687215678524
0.28414414414414413,0.8523159806397158,0.865350372988014,0.8786900661898702,0.8921660933227519,0.9053996300141058
0.28452452452452454,0.8520295203852538,0.8650751658969175,0.8783919820226141,0.8918773624481894,0.9050976372209607
0.2849049049049049,0.8517726363562588,0.8647898190648616,0.8781041546657186,0.8915789913914318,0.9047712827478014
0.2852852852852853,0.8514753318636797,0.8645100817094419,0.877807445124746,0.8912715239850855,0.904472507241959
0.2856656656656657,0.8511708844285173,0.8642163965936001,0.8774979418730795,0.8909454600989871,0.9041514877131573
0.28604604604604605,0.8508515253610784,0.8638916177647078,0.8771744154876674,0.8906227907666294,0.9038132659825004
0.28642642642642646,0.8505527085537425,0.8635695012047931,0.8768458614381748,0.8902946853539148,0.9034911894666863
0.2868068068068068,0.8502397182381918,0.8632426094511788,0.8765116088744024,0.8899567344070108,0.9031352982018764
0.2871871871871872,0.8499220484337271,0.8629392583582706,0.8761766688106895,0.889608482338818,0.902790030911217
0.2875675675675676,0.849560069944945,0.8626075440541275,0.8758349805002952,0.8892626562462381,0.9024286557016007
0.287947947947948,0.8492103378370748,0.862268723662665,0.8754817816194804,0.888923497289649,0.9020806919381015
0.28832832832832833,0.8488780293822707,0.8619168541102107,0.8751290538666378,0.8885613546330311,0.9016860678841229
0.28870870870870874,0.8485230760441197,0.8615564279510778,0.8747601860930905,0.8881897321385435,0.9013145165334481
0.2890890890890891,0.848168404099132,0.8611856866743725,0.8743957968995911,0.887818829233472,0.9009345700708431
0.2894694694694695,0.847790701425411,0.8608073752680659,0.8740164649842328,0.8874383921352323,0.9005314303129274
0.28984984984984985,0.8474231500500778,0.8604330533578525,0.8736421857897113,0.887051243359345,0.9001208025550274
0.29023023023023026,0.847020900909185,0.8600453464923221,0.8732544422532948,0.886660870222893,0.8997392075607255
0.2906106106106106,0.8466371113914725,0.8596641723050112,0.872860113435385,0.8862592613071405,0.8993409005107436
0.290990990990991,0.8462143806791732,0.8592641507920888,0.8724579784912438,0.8858505538726902,0.8989327198704563
0.29137137137137137,0.8458174785815707,0.8588518346787166,0.8720470260115769,0.8854343292238656,0.8985435078415839
0.2917517517517518,0.8454019079876618,0.8584460496588879,0.8716234345796131,0.8850275161677885,0.8981093841093338
0.2921321321321321,0.8449696958447647,0.8580166081014949,0.8711972774239115,0.8845911300701272,0.8976958587643907
0.29251251251251253,0.8445623957500489,0.8575786053425569,0.8707789769621807,0.884170350125178,0.897271816844337
0.2928928928928929,0.8441417148502781,0.857148720437605,0.8703424883187505,0.8837505002460797,0.8968332978988238
0.2932732732732733,0.8436937398989305,0.8567187956858783,0.8699112610378058,0.8832992356454651,0.8963782675484477
0.29365365365365365,0.8432482015111631,0.8562770874357432,0.8694636614790523,0.8828394961272265,0.89593325946615
0.29403403403403405,0.8428064560586899,0.8558123173519758,0.869015480525347,0.8823754977736533,0.895471243583109
0.2944144144144144,0.8423412005367776,0.8553568660308435,0.8685424348242624,0.8819287814708057,0.8950063634550244
0.2947947947947948,0.8418934978839806,0.8548860440217184,0.8680878800747263,0.8814694216699878,0.8945195688114261
0.29517517517517516,0.8414281428677144,0.8544045091005241,0.8676095399187492,0.8810108025552873,0.8940043668362904
0.29555555555555557,0.8409886971977814,0.8539183024404831,0.8671380433164515,0.8805340985469425,0.8935039524041762
0.2959359359359359,0.8404884760814701,0.8534378537196016,0.8666563860025255,0.8800426352399868,0.8930017868287672
0.29631631631631633,0.839995211961567,0.8529428740597387,0.8661643695688828,0.8795525708560978,0.8924901191686739
0.2966966966966967,0.8394952833948249,0.8524495075544817,0.8656625803175262,0.8790620475407661,0.8919658938377324
0.2970770770770771,0.8389697926730412,0.8519446604012364,0.8651646907241707,0.8785527345108203,0.8914821837050574
0.29745745745745744,0.8384514555763694,0.851445984254779,0.8646606441802037,0.8780551403765283,0.8909664899172975
0.29783783783783785,0.8379029897243959,0.8509146518888976,0.8641445965177756,0.8775363981631901,0.8904217681877895
0.2982182182182182,0.8373590875480008,0.8503912101404341,0.8636286037128801,0.8769980128141188,0.8898744934339141
0.2985985985985986,0.836831393657894,0.8498495358621933,0.8630811201108263,0.8764585619639899,0.8893220964134677
0.298978978978979,0.8362971018381739,0.8493049711916696,0.8625409672987981,0.8759212706948237,0.8888109532718921
0.29935935935935937,0.8357281022928466,0.8487510126571601,0.8619963678782411,0.8753881833042868,0.8882661727479905
0.2997397397397398,0.8351688958293917,0.8481948881178215,0.8614335241929348,0.8748449048743159,0.8876978142486008
0.3001201201201201,0.8346152250435117,0.8476255859780257,0.8608728021305,0.8742910842911711,0.887139885818409
0.30050050050050053,0.8340297486081389,0.8470629085670057,0.8602992834249444,0.8737395647373042,0.8866010364613451
0.3008808808808809,0.8334803125704784,0.8464773601631279,0.8597278803640037,0.8731730957273779,0.8860434161449461
0.3012612612612613,0.8328801224188939,0.8458906205433139,0.859149463889252,0.8725764987243105,0.8854747850868615
0.30164164164164164,0.8322897849463583,0.8452961380689372,0.8585523870791247,0.871997957627164,0.8849269882994025
0.30202202202202205,0.8316820058820545,0.8446931210372537,0.8579588953134154,0.8714163036303536,0.8843730589096321
0.3024024024024024,0.83104561538846,0.8440889675205555,0.8573641704122972,0.870829872158551,0.8837929826637378
0.3027827827827828,0.8304015838153492,0.8434734231153802,0.8567478557928089,0.8702372246481348,0.8832140896617834
0.30316316316316316,0.829759414013187,0.8428363804854209,0.856134959469905,0.869628842180647,0.8826253321288651
0.30354354354354357,0.8291126397503527,0.8422178934118363,0.8555270312448965,0.8690238235008249,0.8820301188510388
0.3039239239239239,0.8284848773126146,0.8415677234418387,0.8548988948066403,0.8684038454307659,0.8814124943922087
0.30430430430430433,0.8278402226680254,0.8409144090346085,0.8542619718327602,0.867762458734744,0.8808043421517701
0.3046846846846847,0.8271635542475848,0.8402556377545095,0.8536241736924638,0.8671281911760161,0.8802077222479071
0.3050650650650651,0.826488333033375,0.8395780065912074,0.8529758265531198,0.8664985223557141,0.8796015634336236
0.30544544544544544,0.8257651294055032,0.8389092176645228,0.8523294846554151,0.865852146294005,0.8789978383476729
0.30582582582582585,0.8250852813226135,0.8382253655894016,0.8516605605354128,0.8652279047514025,0.8783611422184346
0.3062062062062062,0.824417094836126,0.8375340164363245,0.8509944757902917,0.864559863246214,0.8777259773447598
0.3065865865865866,0.8237355898508545,0.8368603242506903,0.8503159874578485,0.8638938531901262,0.8770801419307838
0.30696696696696696,0.8230372240956421,0.8361738669524602,0.8496423380679962,0.863229457297406,0.8764178665330103
0.30734734734734737,0.8223417584205316,0.8354724813261504,0.8489532938604796,0.8625676985004395,0.8757276798875383
0.3077277277277277,0.821631166418403,0.834762258312297,0.8482531258366032,0.8618742176160081,0.8750583331668775
0.3081081081081081,0.8208751499155529,0.834051908059626,0.847537243866483,0.8611885732094318,0.874406688851656
0.3084884884884885,0.8201469765772692,0.8333192865883243,0.8468452642916781,0.8605009099786841,0.8737439194402842
0.3088688688688689,0.8194200040818209,0.8325693856023588,0.8461380239601145,0.8598066094556996,0.8730660554994775
0.30924924924924924,0.8186293066175686,0.8318147762885993,0.8454187121184984,0.8591172861245581,0.8723710283955523
0.30962962962962964,0.8178509044570159,0.8310666653486692,0.8446957765009497,0.8584095494079338,0.8716800745577785
0.31001001001001,0.8170944629813928,0.8303092946040991,0.8439575888166415,0.8576829596413823,0.8709729218013712
0.3103903903903904,0.8163149191020556,0.8295714815012826,0.8432168825186899,0.8569737870072092,0.8702985478020534
0.31077077077077075,0.8155129059836972,0.8287864839286301,0.8424658291423865,0.8562414498011116,0.869588393057836
0.31115115115115116,0.8147040499614598,0.8280121410221162,0.8417141236804607,0.8555017025568514,0.8688758099718908
0.3115315315315315,0.8139031001866347,0.827253996502503,0.8409472788055776,0.8547671045804365,0.8681357738074367
0.3119119119119119,0.8131022487494052,0.8264732337165963,0.8401703437023039,0.8540292541315511,0.8673968593933216
0.31229229229229233,0.8122614977770428,0.8256677197242016,0.8393966065906604,0.8532610528935214,0.8666537663432207
0.3126726726726727,0.8114566390286718,0.8248693395412803,0.8386204766272548,0.8525032552562684,0.8659475094469294
0.3130530530530531,0.8106144705298733,0.824071783095429,0.8378379605610166,0.8517385750691051,0.8651868507589782
0.31343343343343344,0.8097665655344766,0.8232531953720249,0.8370412900165543,0.8509638651203613,0.8644451920618079
0.31381381381381385,0.8089123556452417,0.8224230714228817,0.8362329243584941,0.8501849801783621,0.8636938658748645
0.3141941941941942,0.8080502015712776,0.8215951440309079,0.8354334909715426,0.8493868087151691,0.8629403882658233
0.3145745745745746,0.8071894081722575,0.820757471957694,0.834620011974042,0.8486028854793484,0.8621679943558935
0.31495495495495496,0.8062986640612831,0.8199307672335701,0.8337949949600942,0.8478121610503252,0.8614177556604904
0.31533533533533536,0.805417075129706,0.8190728084039063,0.8329790972630703,0.8470122031400896,0.8606023388256889
0.3157157157157157,0.8045263705297389,0.8181962626027187,0.8321609618383832,0.846197805145344,0.8598203229061356
0.3160960960960961,0.80363333450196,0.8173606168245536,0.8313116616462062,0.8453942240856224,0.8590476097968082
0.3164764764764765,0.8027332778292836,0.8164703173221174,0.8304627266576352,0.8445577345095064,0.858262213201721
0.3168568568568569,0.8018041706065725,0.8155828416759163,0.8296142050285039,0.8437343540069558,0.8574634935094734
0.31723723723723724,0.8009132482718052,0.8146841737315581,0.8287549469530504,0.8429072467231234,0.8566806641134359
0.31761761761761764,0.7999981848180778,0.8137870382625078,0.8278925045269774,0.8420836757648228,0.8558579586431013
0.317997997997998,0.799095361534914,0.8128832806210295,0.8270131310399481,0.8412507688739138,0.8550466096780436
0.3183783783783784,0.7981572260497243,0.8119692127241727,0.8261170756223439,0.8403979744229718,0.8542232046470586
0.31875875875875875,0.7971978963883145,0.8110308248063246,0.8252238961022144,0.8395413003273442,0.8534372994723924
0.31913913913913916,0.796253756204155,0.8100968751982557,0.824327391300457,0.8386753756994537,0.8526236389749702
0.3195195195195195,0.7952745189962735,0.8091457676206567,0.8234368878187832,0.8378092600043402,0.851786716245193
0.3198998998998999,0.7942788664649743,0.8081976803466396,0.822527046576861,0.8369520694685538,0.8509645433554521
0.32028028028028027,0.7932804690541913,0.8072352519692317,0.8216061554577766,0.8360660463281702,0.8501103821943845
0.3206606606606607,0.7922800150607391,0.8062827396440578,0.8206795538758334,0.8351733212540017,0.8492766843522142
0.32104104104104103,0.7912493193462861,0.8053220086871624,0.8197523533313131,0.8342852359686925,0.8484366679996883
0.32142142142142144,0.7902211650067892,0.804343429650382,0.8188136468512959,0.8334022569881224,0.8475855265505458
0.3218018018018018,0.7892263925392144,0.8033528113299591,0.8178739416880523,0.8324836696381631,0.846737808288788
0.3221821821821822,0.7881897011611723,0.8023597634318398,0.816926264335982,0.8315744018288566,0.8458718439330497
0.32256256256256255,0.7871868162702802,0.8013510475700706,0.8159862900752842,0.8306627717121434,0.8450063948374812
0.32294294294294296,0.7861370859881482,0.8003308334171108,0.8150270451332773,0.8297509155400822,0.8441093195533012
0.3233233233233233,0.7850734384935399,0.7993257456087012,0.814063281313021,0.828829065743875,0.8432068836976645
0.3237037037037037,0.7840269766755366,0.7983052699203195,0.8130945484791942,0.8279012561034991,0.8423427326243008
0.32408408408408407,0.782948434134679,0.7973003478705498,0.8121301649801993,0.8269556966513275,0.8414594493760875
0.3244644644644645,0.7818980646269597,0.7962650981350291,0.8111445098578526,0.826005510843591,0.8405453873583297
0.3248448448448449,0.7807730516553184,0.7952162781851841,0.8101413909152294,0.8250575243148734,0.839624254339865
0.32522522522522523,0.7796766704725644,0.7941810036090436,0.8091445412886318,0.8240961289169842,0.8387341018653239
0.32560560560560564,0.7785840872839189,0.7931281509129159,0.8081279402552286,0.8231376991477081,0.8378423095899374
0.325985985985986,0.7775208907028797,0.7920797610443892,0.8071133327325807,0.8221591831691667,0.8369009612197906
0.3263663663663664,0.7764255459065118,0.7909878502964227,0.8060858549856367,0.8211801623233473,0.8359693909510624
0.32674674674674675,0.7753082398380802,0.7899256393319289,0.8050765510255519,0.8201993454424299,0.835055597206663
0.32712712712712716,0.7741477096484196,0.7888370548904915,0.8040708649770331,0.8192158677292842,0.8341406995162945
0.3275075075075075,0.7729864671178454,0.7877359915494367,0.8030304780337705,0.8182434054159365,0.8331741352028104
0.3278878878878879,0.7718616883256678,0.7866567300071408,0.8019890417567842,0.8172300663114218,0.8322372794913283
0.32826826826826827,0.7706978078950453,0.7855517800577588,0.8009331212151604,0.8162244335939859,0.8312790487359704
0.3286486486486487,0.7695431378388703,0.7844426818785905,0.7998815379813489,0.8152222884734515,0.8303320146598983
0.32902902902902903,0.7683895571983417,0.7833210734581616,0.7988035083720946,0.8141916276454044,0.8293531744605638
0.32940940940940944,0.7672473176900297,0.7821875557027643,0.7977259382830557,0.8131715027205665,0.8283676910351481
0.3297897897897898,0.7660565540737079,0.7810591833296716,0.7966421998194945,0.8121457433350583,0.8273804341244468
0.3301701701701702,0.764837500651685,0.7799201115244015,0.7955723814070493,0.8111210790057414,0.8263826831311784
0.33055055055055055,0.7636382132044105,0.7787751763690663,0.7944680723184214,0.8100712260528529,0.825386982090391
0.33093093093093096,0.7624766005638862,0.7776218334529131,0.7933635306318906,0.8089898508548751,0.8243749787749198
0.3313113113113113,0.7612489160449463,0.7764710277798093,0.7922362857472249,0.8079560505598067,0.8233777925531437
0.3316916916916917,0.7600017829618483,0.7753136991777597,0.7911261833672396,0.8068867122634565,0.8223704588891431
0.33207207207207207,0.75877555915287,0.7741360960951398,0.790012655520629,0.8058289193850494,0.8213671024014134
0.3324524524524525,0.7575675955046173,0.7729364831910798,0.7888820566645374,0.8047738175444265,0.8203705165449796
0.3328328328328328,0.7563112017104507,0.7717474581386934,0.7877438963425213,0.8036971160070919,0.8193587327530533
0.33321321321321323,0.7550726144892236,0.7705468592401828,0.7865964442195466,0.8026164182061332,0.8183163773349276
0.3335935935935936,0.7537917502204179,0.7693334177160017,0.7854502509613431,0.8015267843441127,0.8172655388212556
0.333973973973974,0.7525069838720423,0.7681119139017484,0.7842985379105001,0.8004511157842026,0.8162436593964583
0.33435435435435434,0.751266841375941,0.7668761830718457,0.7831453493422732,0.7993445139743454,0.8152190111068575
0.33473473473473475,0.7499771441142065,0.7656387887251335,0.7819744416944249,0.7982468668189667,0.8141712548048353
0.3351151151151151,0.7486930007541777,0.7643951936839424,0.7808034838587156,0.79715101283227,0.8131248051342895
0.3354954954954955,0.7473856513857122,0.7631258460038859,0.7796244442870838,0.7960379736011053,0.8120680094504228
0.33587587587587586,0.7460718445727825,0.7618791686871474,0.7784288843512129,0.7949030368977263,0.8110280038827463
0.33625625625625627,0.7447354318047187,0.7606310851130613,0.7772364372733619,0.7937787454618997,0.809954927582758
0.3366366366366366,0.7434334432837185,0.7593517058981181,0.7760365190470928,0.7926395201339168,0.8089116079569821
0.33701701701701703,0.7420563464711569,0.758087262120877,0.7748417502836733,0.7914988156039979,0.8078347643177877
0.3373973973973974,0.7407358584266504,0.7568151949121643,0.7736301126352598,0.790375824202656,0.8067611593200066
0.3377777777777778,0.7394020034684596,0.7555282066065316,0.7724073702825909,0.7892312201694657,0.8056500812487226
0.3381581581581582,0.7380527563335213,0.7542242280407451,0.7711926690343706,0.7880630692769525,0.8045606464689531
0.33853853853853855,0.7366675543194702,0.7529397076139862,0.7699587254501375,0.7868900568109628,0.8034854987979434
0.33891891891891895,0.7352945014701422,0.7516298236184669,0.7687284947131321,0.7857159024950329,0.8023929196905889
0.3392992992992993,0.733900197218059,0.7503193564131376,0.7674802804973924,0.7845465678526764,0.8012787110337514
0.3396796796796797,0.7324745801042704,0.7490260915193052,0.7662353093393007,0.7833484220713827,0.8001252215324941
0.34006006006006007,0.7311025964011357,0.7476960775195525,0.7649735271502811,0.7821471217209547,0.7989975132876909
0.3404404404404405,0.7296668247790543,0.7463458785059629,0.7636974033886246,0.7809483366156702,0.7978758301430521
0.3408208208208208,0.7282586110119234,0.7450037767902212,0.7624208902330054,0.779744017438333,0.7967477847458465
0.34120120120120123,0.7268519070949104,0.743670495274991,0.7611542614823912,0.7785314278121029,0.7955989072129971
0.3415815815815816,0.7254169907280924,0.7423354785857957,0.7598685721313935,0.777316043750225,0.7944465877714207
0.341961961961962,0.7239692423778905,0.7409709678457049,0.7585706027931977,0.7760717451080305,0.7933071836235377
0.34234234234234234,0.7225245138985796,0.7395944473813447,0.7572689413912596,0.7748293853696384,0.7921534936135783
0.34272272272272275,0.7210874828996947,0.738211091156477,0.755953153973393,0.7736152714723961,0.7909908337795843
0.3431031031031031,0.7196111266866716,0.7368308654712268,0.7546450563720576,0.772383119421894,0.7898197629490596
0.3434834834834835,0.7181462422968317,0.73545122503267,0.7533336151468237,0.7711291044564633,0.7886377236822876
0.34386386386386386,0.7167009269852801,0.7340308566500877,0.7520173907480491,0.7698796815750922,0.7874530802059622
0.34424424424424427,0.7152257654370603,0.7326088154129382,0.7506705572329414,0.7686245362300113,0.7862369840468388
0.3446246246246246,0.7137854607387634,0.7312118223474603,0.7493233673349615,0.7673830095171933,0.7850582379540777
0.345005005005005,0.7122731063643988,0.7297669012209395,0.7479772877230203,0.766123865769395,0.7838513505299177
0.3453853853853854,0.7108112862725106,0.7283405096436188,0.7466342440691216,0.7648474643232187,0.7826401671066544
0.3457657657657658,0.7093412070350933,0.7268937098761686,0.7452642226158972,0.7635681790781859,0.7814293181901762
0.34614614614614614,0.7077799071242794,0.7254633737890969,0.7438948277600232,0.7622800881729345,0.7802166457476016
0.34652652652652655,0.7062406525138982,0.7240017518542768,0.7425171104554966,0.7609966539308188,0.7790041018733918
0.3469069069069069,0.7047291317213777,0.722550244523349,0.7411439407436513,0.759683584634755,0.777806535061666
0.3472872872872873,0.7031889855274568,0.7210882366672721,0.7397723561480415,0.7583735024466592,0.7765962645408956
0.34766766766766766,0.7016332394135207,0.7196202439074832,0.7383983694085229,0.7570812059316478,0.7753485986317779
0.34804804804804806,0.7000420766352276,0.7181402930130771,0.7369965797494946,0.7557619232277115,0.774135291968143
0.3484284284284284,0.6984470523376469,0.7166554246507604,0.7355904483848978,0.7544441016197244,0.7728887089006237
0.3488088088088088,0.6968816555445122,0.7151781852021689,0.7341918028059098,0.7531291592487848,0.7716332105400029
0.3491891891891892,0.6952631428708428,0.7136776264259453,0.7327759361157716,0.7518077535297605,0.7703462173723798
0.3495695695695696,0.693652769250618,0.712191263520439,0.7313635515906652,0.7504670533245228,0.7690611037773117
0.34994994994994993,0.692046151322352,0.7106860111136033,0.7299419582002097,0.7491175434229599,0.7677847013604862
0.35033033033033034,0.690417500143363,0.7091570126584515,0.7285271104053496,0.7477591758643395,0.7665228082291468
0.35071071071071075,0.6888026001874112,0.7076343929001601,0.7270840608014971,0.7464152655673982,0.7652302344640208
0.3510910910910911,0.687223819110981,0.7061232474812643,0.7256328131830859,0.7450794659614751,0.763942257023289
0.3514714714714715,0.6855687232339808,0.7045620354994558,0.7241784798324856,0.7437197898859258,0.7626305696024591
0.35185185185185186,0.6839444807941766,0.7030175848088002,0.722718748515746,0.7423406985090324,0.7613140446871688
0.35223223223223227,0.6822917111866146,0.7014672424656433,0.721258105678501,0.740976364697748,0.7600082548870785
0.3526126126126126,0.6806436776433052,0.6999172044853375,0.7197716234295575,0.7396228394540918,0.7586875911781733
0.352992992992993,0.6789794985047745,0.6983475297883392,0.7182861849480904,0.7382405049515526,0.757395115847665
0.3533733733733734,0.6773260254659746,0.6967728351530581,0.7167995023313262,0.7368440318101648,0.7560829179595291
0.3537537537537538,0.6756349590561234,0.6951892830926328,0.7153011180212173,0.7354350680160621,0.7547552627167644
0.35413413413413414,0.673949576238775,0.6935940223017896,0.7137998043344519,0.7340402373324503,0.7534210019402093
0.35451451451451454,0.6722456212458745,0.6920016436604567,0.7122704136528528,0.732624279293996,0.7520705718339245
0.3548948948948949,0.6705451818245851,0.6903741971244957,0.7107792977796213,0.7311861663815494,0.7507815847072083
0.3552752752752753,0.6688536258356408,0.6887659629562769,0.7092673420661114,0.729751911821932,0.7494439577313355
0.35565565565565566,0.6671709441748175,0.6871330965614689,0.7077613801102627,0.728310738148896,0.7481298245893094
0.35603603603603606,0.6654501628581395,0.6855092139516562,0.7062194869946179,0.7268906121391906,0.7467659920550228
0.3564164164164164,0.6637202701351135,0.6838690472589454,0.7046735747806963,0.7254520420257735,0.7453979412656421
0.3567967967967968,0.6620001047561853,0.6822272246486019,0.7031326115176116,0.724000194309653,0.744053255153901
0.3571771771771772,0.6602637098378826,0.6805716739546157,0.7015949645173296,0.72256114938037,0.742674830432997
0.3575575575575576,0.6585622979332456,0.6789226399557756,0.7000349121268776,0.721121426763388,0.7413093177398118
0.35793793793793793,0.6568177245084428,0.6772471723179347,0.698474560294257,0.7196455640537326,0.7398876316684562
0.35831831831831834,0.6550309648260488,0.6755889610446395,0.6968981729911964,0.7181918799453805,0.7385097029765763
0.3586986986986987,0.6532546643092321,0.6739131231133808,0.6953242674100343,0.7166934217321781,0.7371024239674082
0.3590790790790791,0.6514570543924338,0.672226240776924,0.6937386039662792,0.7151812301184475,0.7356897713244063
0.35945945945945945,0.6496858419089873,0.670547447929956,0.6921346147018481,0.7137018348589899,0.7343211096194646
0.35983983983983986,0.647911245470243,0.6688379146718015,0.6905403652303086,0.7121916992783295,0.7329432949645918
0.3602202202202202,0.6461359710713868,0.6671169066940765,0.6889286518304751,0.7106921007364959,0.7315243432754411
0.3606006006006006,0.6443373135472016,0.6654028315652986,0.6873139527857041,0.7091892322004082,0.7300907027633884
0.36098098098098097,0.6424848262791851,0.6636965001786406,0.6857067949361598,0.7076957419918201,0.728690278780457
0.3613613613613614,0.6406673929407168,0.6619593342813401,0.6840929925530043,0.7061597851315293,0.7272682918396891
0.36174174174174173,0.6388050074732584,0.6602436083206653,0.682448196272968,0.704638790567657,0.7258177159389618
0.36212212212212214,0.6369449211007936,0.6585061852894074,0.6808113230034428,0.7030998725697013,0.7243458090728898
0.3625025025025025,0.6350915295790113,0.6567610045321587,0.6791554185365839,0.7015607315580222,0.7229234405947248
0.3628828828828829,0.63325417260923,0.6550228523407461,0.6775030498282784,0.700013723856851,0.7215195261316488
0.36326326326326325,0.6314220311168486,0.6532708111308871,0.6758382263997115,0.6984457566134009,0.7200552953389572
0.36364364364364365,0.6295637629505278,0.6515086568823449,0.6741895039155071,0.6968949630395208,0.7185945470964014
0.36402402402402406,0.6277069727304496,0.6497300860068477,0.6725155307533341,0.6953459616935667,0.7171304743929494
0.3644044044044044,0.6258166188904088,0.6479627046445078,0.6708444335101098,0.6937775325059036,0.715688513437099
0.3647847847847848,0.6239915668889665,0.6461786637129683,0.6691779472357273,0.6922035447158873,0.7142137392145885
0.3651651651651652,0.6220763327423384,0.6443974261117166,0.6674994948955231,0.6906369893615489,0.7127279140222879
0.3655455455455456,0.6201809412624968,0.6425975343013048,0.6657959218439041,0.6890442883666997,0.7112492916043234
0.36592592592592593,0.6182677757147591,0.6408161515700542,0.6640945300450872,0.6874668670281912,0.7097402491445642
0.36630630630630634,0.6163916874402866,0.6390169187997726,0.6623907061255602,0.6858483890172615,0.7082587880274154
0.3666866866866867,0.6144863894620355,0.637203664961486,0.6606892922612373,0.6842630052775498,0.7067564522087875
0.3670670670670671,0.6125155637764419,0.6353909766604945,0.6589777330766567,0.6826435566731685,0.7052554006475066
0.36744744744744745,0.6105868691452676,0.633565541923969,0.6572541999483816,0.6810380164404886,0.7037331805928767
0.36782782782782786,0.6086513368944776,0.6316985074690019,0.6555283181072593,0.6794125491299026,0.7022120782063063
0.3682082082082082,0.6066952249006946,0.6298407507640587,0.6537920103996708,0.6777747202215783,0.7006570111114031
0.3685885885885886,0.6047257084819724,0.6279972673291755,0.6520380722088763,0.676151905693068,0.6991886148001396
0.36896896896896897,0.6027786900595318,0.6261423521806906,0.6502872171981082,0.6745023679998524,0.6976434330349214
0.3693493493493494,0.6008128029695206,0.624276663213526,0.6485454523947026,0.6728582624487252,0.6961048758099456
0.36972972972972973,0.5988363578145285,0.6224130207570345,0.6467743135633516,0.6711886379271261,0.6945423868314383
0.37011011011011014,0.596820533690592,0.6205376585181449,0.6450048936959373,0.669533292526569,0.693007890156081
0.3704904904904905,0.5948047344921646,0.6186650373094882,0.6432383713935713,0.6678468179801934,0.6914900751171659
0.3708708708708709,0.5927915570977206,0.6167558513616304,0.6414545342417216,0.6661618065710103,0.6899566291957802
0.37125125125125125,0.5907786831579335,0.6148599472820611,0.6396782196205325,0.66447622030172,0.6883748195085608
0.37163163163163165,0.5887881606909633,0.6129531003058952,0.6378893376610258,0.662809297846313,0.6867849189893299
0.372012012012012,0.5867459034273446,0.6110356665215946,0.6360839481519118,0.6611002726880337,0.6851618967763468
0.3723923923923924,0.5847329334900493,0.6091177648680398,0.6342699625249427,0.6593841065769603,0.683551118969814
0.37277277277277276,0.582701277091062,0.6071963524574548,0.6324490821620625,0.6576626280799426,0.6819969733222745
0.37315315315315317,0.5807056008946354,0.605293458592168,0.6306089314259956,0.6559487274553153,0.680371080431051
0.3735335335335335,0.5786466157300089,0.6033460571059254,0.6287883541312324,0.6542234240822108,0.6787308771254275
0.37391391391391393,0.5765367578988944,0.6013953056328228,0.6269558110174327,0.6524867332335351,0.6771540129314917
0.3742942942942943,0.5744956776674394,0.5994430779092865,0.6251194709142882,0.6507497852719675,0.6755324327332707
0.3746746746746747,0.5724444282453356,0.5974684022805608,0.6232784862275759,0.6490038516942902,0.6738975351235527
0.37505505505505504,0.5703696235230389,0.5954794691107856,0.6214163352839133,0.647268322399918,0.6722740462291306
0.37543543543543545,0.5682713702453058,0.593510770279659,0.6195546807876708,0.6455220157748396,0.6706254515845753
0.3758158158158158,0.5661632159986004,0.5915459931693147,0.6176795363190601,0.6437687555104634,0.6689827215368206
0.3761961961961962,0.5640734193697309,0.5895426892539383,0.6158097828556032,0.642001030537869,0.6673252446252572
0.3765765765765766,0.5619983448719233,0.5875387284246716,0.6139163789461829,0.6402463939972599,0.6656179292440904
0.37695695695695697,0.559882795526248,0.5855488771982662,0.6120363164613779,0.6384892501621933,0.6639042092796068
0.3773373373373374,0.5577802812542372,0.5835358338326601,0.6101407361594422,0.6367082475052325,0.662251623808359
0.3777177177177177,0.5556493345144051,0.5815068507528249,0.6082384817146786,0.6349195746803886,0.6605720854273212
0.37809809809809813,0.5534846562729971,0.5794624028620832,0.6063156769164177,0.6331235982328628,0.6588804098828775
0.3784784784784785,0.5513259405924545,0.5773976538106551,0.6043942034800714,0.6313416224215117,0.6571977548624875
0.3788588588588589,0.5491782721450509,0.5753541639069086,0.6024744553196943,0.6295426216260297,0.6554779583308548
0.37923923923923925,0.5470223481139513,0.573297667965855,0.6005483430470413,0.6277488582952978,0.6537771147719332
0.37961961961961965,0.5448780550353932,0.5712483611293548,0.5986324499032804,0.6259403591888194,0.6520991274701021
0.38,0.5426853010524211,0.5692087087620253,0.5966995906772651,0.6241167597913468,0.6503730028396503
