phi,q025,q16,q50,q84,q975
0.0,-0.7639262937013815,-0.7269576925141759,-0.6896324192425315,-0.6536476422173952,-0.6203633313868101
0.0003803803803803804,-0.7609423220445304,-0.7244493997040625,-0.6874492160462697,-0.6517721288613272,-0.6187359919053584
0.0007607607607607608,-0.7579451588530122,-0.7219038892310351,-0.685270861998643,-0.649906107388567,-0.6171049573094939
0.0011411411411411411,-0.755079624389096,-0.7193743873894992,-0.6830698835958842,-0.6479964930616585,-0.6154914033378183
0.0015215215215215216,-0.752142339197408,-0.7167794760163761,-0.6808047523849787,-0.6461007568395752,-0.6138096566010229
0.001901901901901902,-0.7491467268162605,-0.7141961143824246,-0.6785851772524378,-0.6441572180083877,-0.6120935640243552
0.0022822822822822822,-0.7461116174393904,-0.7116159655894928,-0.6763307030406431,-0.642173354839462,-0.6104367149781319
0.0026626626626626627,-0.7431636386443655,-0.7090310201514131,-0.6740514106963168,-0.6402085366271201,-0.6087431067912137
0.003043043043043043,-0.7401523302718377,-0.7064100078565759,-0.6717428936180992,-0.6382446700461046,-0.6070277401197985
0.0034234234234234236,-0.7371487997928307,-0.7037400883956804,-0.6694335784333825,-0.6362475665545017,-0.6052134395502404
0.003803803803803804,-0.7340477101164621,-0.7011150034198911,-0.6671013209870137,-0.634219629411782,-0.6033681631674725
0.004184184184184184,-0.731089743613428,-0.6984084147217774,-0.6647570129056655,-0.6321455753652456,-0.6016395207889427
0.0045645645645645645,-0.7280575655317361,-0.695745819103164,-0.6623853850534701,-0.6300704346084367,-0.5997597140988545
0.004944944944944945,-0.7249809406168426,-0.6930278283987803,-0.6600027901268617,-0.6279969408366397,-0.5979546663638302
0.005325325325325325,-0.7219215142133933,-0.6903031526195188,-0.6576144365491591,-0.6259081436236974,-0.5960584271754977
0.005705705705705706,-0.7187971169867549,-0.6875587910319152,-0.6552078165224158,-0.6238022157593651,-0.5942015084647643
0.006086086086086086,-0.7156276263604614,-0.6847852252043823,-0.652802506708567,-0.6216783100340606,-0.5923562602222788
0.006466466466466467,-0.712463718346374,-0.6820355174658846,-0.6503619495123749,-0.6195084565127562,-0.5904509073985953
0.006846846846846847,-0.7093155385007607,-0.6792335007464793,-0.6478896575460851,-0.6173622054902568,-0.5885134391796123
0.007227227227227228,-0.7061756307749321,-0.6764246634776694,-0.6454437964035551,-0.6152061992042489,-0.5865917605987774
0.007607607607607608,-0.7030466766660132,-0.673620182409436,-0.6429194613516352,-0.6130025873056445,-0.5847051377998603
0.007987987987987989,-0.6998721879542565,-0.6707863366679505,-0.6404122256423737,-0.6107774006529427,-0.5826847383453946
0.008368368368368368,-0.6966702953715533,-0.6679479928076067,-0.6379199133153868,-0.6085409455245943,-0.5807307782153226
0.00874874874874875,-0.6933919726354343,-0.6650400911938539,-0.6353701085347276,-0.6063350257099216,-0.5786686380572441
0.009129129129129129,-0.6902010892032423,-0.6621464230785353,-0.6327918522783401,-0.6040903264393075,-0.5766700093724774
0.00950950950950951,-0.6870216756731743,-0.6592548916133494,-0.6301984526179615,-0.6018001466285878,-0.5746354869713474
0.00988988988988989,-0.6837712382021847,-0.6563493442704131,-0.6276239958530695,-0.5994856929729323,-0.5726187093142948
0.010270270270270271,-0.6805221825870656,-0.653423999662971,-0.6250044282295185,-0.5971587431561839,-0.5705284030002636
0.01065065065065065,-0.6772959198534961,-0.6504905101843639,-0.6224023527764178,-0.5948367399292283,-0.5685125145691958
0.011031031031031032,-0.6740328085005147,-0.6475321018077035,-0.6197662414702667,-0.5924764935221917,-0.5664017960250738
0.011411411411411412,-0.670748355388178,-0.6445617635463952,-0.617151647430538,-0.5900827981232099,-0.564261520795347
0.011791791791791793,-0.6675129348817728,-0.6415954856488735,-0.6144622829152971,-0.5877014467369654,-0.5621500851354267
0.012172172172172173,-0.6641896016963386,-0.6385762128086374,-0.6117912305751899,-0.5852708226497008,-0.5600153396027406
0.012552552552552552,-0.6609151911119054,-0.6355702339184014,-0.6090721843468065,-0.5828329089396136,-0.5578527470845914
0.012932932932932933,-0.6575795416835555,-0.632550815796632,-0.6063573587273242,-0.5804038738428214,-0.5556642141260426
0.013313313313313313,-0.6542371776478008,-0.6295154683254535,-0.6036312083591135,-0.577907331860938,-0.5534226345961715
0.013693693693693694,-0.6509332369026352,-0.6264470313268024,-0.6008662973411812,-0.5754116579789874,-0.5512118119622367
0.014074074074074074,-0.6475688619843314,-0.6233603980011055,-0.5980708560651525,-0.572892471109075,-0.5489164561267322
0.014454454454454455,-0.6441662756158728,-0.6202578383999092,-0.5952847583381954,-0.5703570378991896,-0.5466324867143754
0.014834834834834835,-0.6408330489332875,-0.6171632341125167,-0.5924808631453223,-0.567863649025477,-0.5443684783340096
0.015215215215215216,-0.6375014771107336,-0.6140227515526928,-0.5896546858704761,-0.5652839120043589,-0.5420338481843475
0.015595595595595596,-0.6341387355126704,-0.6108949453332029,-0.586796424296602,-0.562702224773601,-0.539610150951226
0.015975975975975977,-0.6307928864412945,-0.6077415789627812,-0.5839423144693207,-0.5601053296792753,-0.5373179920074413
0.016356356356356357,-0.6274414147970625,-0.6045680291980795,-0.5810822674017231,-0.5574917783819707,-0.5349161353923458
0.016736736736736736,-0.6240145929245641,-0.601405265343327,-0.578180659163605,-0.5548566771180429,-0.5324928888531217
0.01711711711711712,-0.6205921966122433,-0.5982110950070344,-0.5752671513466628,-0.5522152530631479,-0.530092339363535
0.0174974974974975,-0.6171192382320567,-0.5950178938604562,-0.5723512001618225,-0.5495315201038512,-0.5276315531019169
0.01787787787787788,-0.6135881510470228,-0.5918475750391063,-0.5693961739878004,-0.5468292383686837,-0.5251446018931487
0.018258258258258258,-0.6101530872930994,-0.5886594587679131,-0.5664442852769976,-0.544091225911279,-0.5226318401080369
0.018638638638638638,-0.6067296211150952,-0.5854514084432012,-0.5634720620921688,-0.5413256168274436,-0.5201026480054666
0.01901901901901902,-0.6032746825095585,-0.5821952026060061,-0.5604799411865711,-0.538556522597989,-0.5175446411714972
0.0193993993993994,-0.5997383122504182,-0.5789336843029587,-0.5574600477289634,-0.5357568305955015,-0.5149491755133886
0.01977977977977978,-0.5961827616967835,-0.5756625954401436,-0.5544448589472558,-0.5329709999613541,-0.5123617583679012
0.02016016016016016,-0.5927180400551098,-0.5724093730235269,-0.5513795387289205,-0.5301558301625218,-0.5097495756917214
0.020540540540540542,-0.5892593493584146,-0.5691011802167617,-0.5483067247600508,-0.5273470324953666,-0.507137547138566
0.020920920920920922,-0.5857306416987924,-0.5657916016023857,-0.5452293230951929,-0.5244794233430625,-0.5045087109726354
0.0213013013013013,-0.5821731155539372,-0.5624842952808238,-0.5421275469260253,-0.5215716970019136,-0.5018364415921535
0.02168168168168168,-0.5785614277161948,-0.5591746178947955,-0.5390319449111077,-0.5186926797234513,-0.4991760199851591
0.022062062062062064,-0.5750618096298932,-0.5558225527992842,-0.5358873329901671,-0.5157685218156705,-0.4964418698648953
0.022442442442442444,-0.5714633295523095,-0.5524617270854754,-0.5327581070424908,-0.512831295277094,-0.4937458028760148
0.022822822822822823,-0.5678626754614101,-0.5490900442398147,-0.5296042121823352,-0.5098699662088328,-0.4908978603499424
0.023203203203203203,-0.564324138357537,-0.545669699083117,-0.5264160983261343,-0.5068749911921613,-0.4880939065810796
0.023583583583583586,-0.5607134160530846,-0.5422921139506388,-0.523189014320099,-0.5038519121787018,-0.48525966390359765
0.023963963963963966,-0.5571314127581776,-0.5389290315460205,-0.5199645915831714,-0.5008413786527236,-0.48241006408697673
0.024344344344344345,-0.5535988799528713,-0.5354986669110192,-0.516712573294775,-0.49782644563316436,-0.4795756828646037
0.024724724724724725,-0.5499984290820298,-0.5320838111979168,-0.5134716580834104,-0.4947702855608223,-0.47667094869810034
0.025105105105105104,-0.5463427986551559,-0.528654856110946,-0.510222184732657,-0.4917146404142086,-0.47379721054523666
0.025485485485485487,-0.5427093079587516,-0.5251896872222035,-0.5069509214310869,-0.48861829732617224,-0.4708453469690172
0.025865865865865867,-0.5390498479489326,-0.5217600430848908,-0.5036629134787887,-0.48549465775582334,-0.4678810517345752
0.026246246246246246,-0.5354327032035002,-0.5182939442770813,-0.5003400490500391,-0.48234363386258733,-0.464901367021145
0.026626626626626626,-0.5318151258571147,-0.5148186868796295,-0.49702769382513134,-0.47918632839840697,-0.4619101563602117
0.02700700700700701,-0.5281636403799381,-0.511342227382703,-0.49370199580525187,-0.4759898107437287,-0.45892567074318813
0.02738738738738739,-0.5244729445604838,-0.5078563853107724,-0.4903322931515459,-0.47281416477147725,-0.45587020350100665
0.027767767767767768,-0.5207919701306012,-0.5043457997367145,-0.486937465693834,-0.46957907316847886,-0.4527674307094126
0.028148148148148148,-0.5171263529763233,-0.5008172844733849,-0.4835234786898212,-0.4663332058983852,-0.44966899355562984
0.02852852852852853,-0.513498773366233,-0.4972542571240526,-0.4801155893204512,-0.4630539756429263,-0.4465189767052885
0.02890890890890891,-0.5097870519849913,-0.49371733467987905,-0.47670281159866523,-0.4597666384058606,-0.44340635436055376
0.02928928928928929,-0.506087462143877,-0.49015238502247255,-0.47325269590350566,-0.456451536794349,-0.4402609189254446
0.02966966966966967,-0.5023869029294133,-0.4865729995616005,-0.46976937097868304,-0.45316220099876137,-0.4370727157418772
0.030050050050050053,-0.4987036474012767,-0.4829668737618291,-0.4663170250198105,-0.44979306566699934,-0.43378353049855317
0.030430430430430432,-0.495000555357864,-0.4793558275598257,-0.4628263626969735,-0.4464257992187979,-0.430561759314919
0.030810810810810812,-0.49126214816098535,-0.47574696313115633,-0.4593482800265217,-0.4430179255549467,-0.4273111492145223
0.03119119119119119,-0.4875539515201814,-0.47212842912604475,-0.4558304156818749,-0.43959206470771794,-0.4239766613495263
0.031571571571571574,-0.48382037112204784,-0.4684937461950341,-0.45229630178534425,-0.4361815812453708,-0.42067933703901983
0.031951951951951954,-0.4800678394346062,-0.4648719321215592,-0.4487535209497668,-0.4327343695085572,-0.4173771782070826
0.032332332332332334,-0.47630685138625267,-0.4612511853782453,-0.4451885038812113,-0.42925263187801604,-0.4140147848709892
0.03271271271271271,-0.4725053882621972,-0.45759920851003616,-0.44158894286989103,-0.4257608162424834,-0.4105684001723216
0.03309309309309309,-0.46872286680164515,-0.45391576155587127,-0.4380004917397794,-0.42221331848460375,-0.4071845824287766
0.03347347347347347,-0.4649824399121037,-0.4502064336144861,-0.43441937233299016,-0.41868525762124914,-0.40375555364330995
0.03385385385385385,-0.4611954748658617,-0.4464828680596652,-0.43078601582046383,-0.4151586433313532,-0.4003551762284764
0.03423423423423424,-0.457439941208436,-0.4427424726643348,-0.42713769373561195,-0.411621831737063,-0.39689146454487595
0.03461461461461462,-0.45371744733850755,-0.4390400276532334,-0.4234933729764706,-0.40803148056397476,-0.3933606143228732
0.034994994994995,-0.4499498213838641,-0.43528117604018113,-0.4198134065870379,-0.40441477660197805,-0.38981494919240217
0.03537537537537538,-0.4461749912283541,-0.4315312490098851,-0.4161285732957418,-0.4007847009268367,-0.38624586619948087
0.03575575575575576,-0.4423702530159487,-0.4277609830353544,-0.41243556533676723,-0.39714341657234103,-0.38264423479818355
0.036136136136136136,-0.43850153764233535,-0.4239972220384787,-0.40871076273279716,-0.3935103595107466,-0.3790498316677883
0.036516516516516516,-0.43468989938899355,-0.42018539314185005,-0.40499421083276654,-0.38983624530589317,-0.3754578189279835
0.036896896896896896,-0.43085489167156604,-0.41639159532117725,-0.4012501152711283,-0.386156153392323,-0.371781633480859
0.037277277277277275,-0.42696196793487906,-0.41255291904107844,-0.3974964364349444,-0.3824620011765363,-0.36810146438957775
0.03765765765765766,-0.4231303816241526,-0.40876228094425593,-0.393752542612028,-0.37873001182272825,-0.364432478941335
0.03803803803803804,-0.4192342472040112,-0.4049527032594416,-0.38997005813106606,-0.37501059973682443,-0.3607340444095852
0.03841841841841842,-0.4153833230791864,-0.40117550072933383,-0.38618654541358344,-0.371249755166416,-0.3570743091599954
0.0387987987987988,-0.41153325909221466,-0.3973621825712418,-0.38237069888459885,-0.36747720220610924,-0.3533331753257781
0.03917917917917918,-0.4076642331105475,-0.39348305253083954,-0.3785399569931829,-0.3636851565652514,-0.3495568824214349
0.03955955955955956,-0.40380118061463716,-0.3896256939235581,-0.3747302254935759,-0.35988570053636526,-0.3457453514078912
0.03993993993993994,-0.3999241704837144,-0.38574993671343066,-0.3708984551635644,-0.35609018846852347,-0.3419175586502274
0.04032032032032032,-0.3960018090447665,-0.38185830068433696,-0.36704002669428937,-0.35227426600888745,-0.33811484232567846
0.040700700700700705,-0.392066322535348,-0.37795400474886887,-0.3631532552634575,-0.34842689346167566,-0.3343175848261566
0.041081081081081085,-0.3881853713398335,-0.3740609908664804,-0.35926513751034406,-0.3445651033509433,-0.3304539256997615
0.041461461461461464,-0.3842339598236325,-0.37016011933893633,-0.3553879859687846,-0.3406801095434207,-0.32655275408306417
0.041841841841841844,-0.380309487404514,-0.36623927922386895,-0.3514764147651346,-0.3367433996043519,-0.3226400397359341
0.042222222222222223,-0.3763384870705041,-0.3622869994163847,-0.34754730593331323,-0.33285221613266053,-0.31879150068089773
0.0426026026026026,-0.3723595997149753,-0.3583302230137664,-0.34362596220978525,-0.32894848224025935,-0.3148260224056986
0.04298298298298298,-0.36838281483547997,-0.35440006691947584,-0.33968468272870705,-0.3250164210269831,-0.310866839530006
0.04336336336336336,-0.3644283987492413,-0.3504238023220993,-0.3357263212892119,-0.3210466523532279,-0.3069376881739516
0.04374374374374374,-0.36040446710488366,-0.34644750135505975,-0.33174085544954623,-0.31708000871351555,-0.30300284373983694
0.04412412412412413,-0.35640346194677863,-0.34245178930476716,-0.32775085455929326,-0.3131110349960137,-0.29896675405699646
0.04450450450450451,-0.3524088568619214,-0.3384417846835156,-0.32376276066477966,-0.30912969298410437,-0.29496320936447334
0.04488488488488489,-0.3483795162998502,-0.3344185365384161,-0.3197681921119924,-0.30511859229424054,-0.29095719633996514
0.04526526526526527,-0.3443520823178584,-0.33041293933629534,-0.3157594325814009,-0.3011153060435047,-0.28693711651779324
0.04564564564564565,-0.3403028951730462,-0.32637783692907335,-0.31173480984865803,-0.2971206921344205,-0.282901206943054
0.046026026026026026,-0.3362881535067833,-0.3223413647962793,-0.3077011614414354,-0.29308451712223493,-0.2788500047529123
0.046406406406406406,-0.3322275681955201,-0.3182864302099395,-0.30364860230642365,-0.28902842299797954,-0.27476813700088765
0.046786786786786785,-0.32817925817820814,-0.3142493219297862,-0.2995944777995175,-0.2849516074281401,-0.2707308382729985
0.04716716716716717,-0.3240907020847055,-0.3102018213247958,-0.29552470827083066,-0.28087494984840206,-0.2666213133704212
0.04754754754754755,-0.32004029734994865,-0.30612726952371383,-0.29145811911461705,-0.2767800510293869,-0.2624984586465519
0.04792792792792793,-0.3159910705187,-0.3020322167355503,-0.2873826363672935,-0.2726626654596765,-0.2584143114767098
0.04830830830830831,-0.3118884759245495,-0.2979445718926315,-0.2832744862091793,-0.26854161550615707,-0.25433298276286326
0.04868868868868869,-0.30782257172740124,-0.29384204844616096,-0.2791733368121094,-0.2644235609760344,-0.25019015836121505
0.04906906906906907,-0.3036975696544678,-0.28974644147260264,-0.275054414231279,-0.26031505823557094,-0.24606377121763534
0.04944944944944945,-0.29954884365751117,-0.28560849926801285,-0.2709281149429879,-0.2561830100802515,-0.2418771351801086
0.04982982982982983,-0.29547453874084184,-0.28147800732254696,-0.26681114857642946,-0.2520492776487558,-0.23771666300456448
0.05021021021021021,-0.2913493176167133,-0.2773099070796979,-0.26265705500193726,-0.2478913026443554,-0.23349457443366262
0.050590590590590595,-0.28724348579115133,-0.27317008279241356,-0.2584874825114499,-0.24371099557489548,-0.22932497669962196
0.050970970970970975,-0.2831131137747993,-0.26901100017035945,-0.2543195717661666,-0.23955759853136874,-0.2251469476600981
0.051351351351351354,-0.27896382286377674,-0.2648509079376732,-0.2501404526409198,-0.23538569091338704,-0.22097223069598
0.051731731731731734,-0.2748413601610055,-0.2606886569228476,-0.24595145806776425,-0.2311861433920775,-0.2167924789723853
0.05211211211211211,-0.2706434442946908,-0.25648231314694103,-0.24174176022730098,-0.22698619161965164,-0.2126033461538812
0.05249249249249249,-0.26650370719400623,-0.2522757438958659,-0.23753013196964945,-0.22277994724571307,-0.20842233711567376
0.05287287287287287,-0.2622967084104336,-0.24807436440589442,-0.23331782307641147,-0.218568693924005,-0.20419359002118906
0.05325325325325325,-0.25811115447493105,-0.24386557718612065,-0.22910126632083136,-0.2143612712956722,-0.19996137074095807
0.05363363363363364,-0.253932149694911,-0.23966073904029078,-0.2248757615078981,-0.2101455654256362,-0.19572939242220805
0.05401401401401402,-0.24971199585332396,-0.2354540020476112,-0.22064626416369568,-0.20591227566876666,-0.19147474918321616
0.0543943943943944,-0.24547480138557973,-0.23119695506816315,-0.21640690447042926,-0.2016609481379277,-0.18716715718483412
0.05477477477477478,-0.24121722848036595,-0.22694741451433165,-0.21215428806449635,-0.19742584727723447,-0.18292085398172644
0.05515515515515516,-0.23697092497381325,-0.22270799679016692,-0.2079057890207103,-0.1931669999001231,-0.178663449530504
0.055535535535535537,-0.2327310386154163,-0.2184536619588327,-0.20364358486566753,-0.18889361039694477,-0.17441842484322354
0.055915915915915916,-0.22849056463821266,-0.2141903021983,-0.19938249660565643,-0.1846260637528064,-0.1701565321603394
0.056296296296296296,-0.22420504462012583,-0.2099000212145334,-0.19510924188627776,-0.18036533962834167,-0.1658836077622186
0.056676676676676675,-0.21989404720856695,-0.2056412756973134,-0.19083183101309698,-0.17610097076751158,-0.1615879007352061
0.05705705705705706,-0.2156418926500418,-0.20136717001270177,-0.18654821463550264,-0.1718162708611999,-0.15731636595366597
0.05743743743743744,-0.21137671960944646,-0.19707329402531404,-0.18224611227099455,-0.16753020164940285,-0.15303971658979873
0.05781781781781782,-0.20709099170306244,-0.19278399322431516,-0.1779582687887737,-0.16322820468425533,-0.14875832801011582
0.0581981981981982,-0.2027894965879462,-0.18848017966246722,-0.17365739752261466,-0.15892820671704475,-0.14447279038321628
0.05857857857857858,-0.1984952159666234,-0.1841673486194388,-0.16936485048448513,-0.1546313828984545,-0.1401297824279448
0.05895895895895896,-0.19420768198991048,-0.17983936928782523,-0.16504554560184218,-0.15033279552074175,-0.13581531331842556
0.05933933933933934,-0.1898753830510596,-0.1755237893261874,-0.16071106084423875,-0.14604426012536065,-0.1314963600477608
0.05971971971971972,-0.1855306115416029,-0.17119369221613762,-0.1563803942983642,-0.14174676316078264,-0.12723185763992334
0.060100100100100105,-0.1811430092677369,-0.1668772284059273,-0.15205628045593228,-0.13744014925116602,-0.12292896474358808
0.060480480480480485,-0.17681450347406796,-0.16251687651976787,-0.14773020066923478,-0.13310969148944501,-0.11860682836817522
0.060860860860860864,-0.1724473026217236,-0.15815208194440422,-0.143394513126629,-0.12876927029389634,-0.11430827116444715
0.061241241241241244,-0.16807516913720918,-0.15382510518293252,-0.1390448422777586,-0.12441703117984501,-0.1099804367402238
0.061621621621621624,-0.16373312184831038,-0.14947959879738762,-0.1346932983675775,-0.1200978453714226,-0.10566541685540512
0.062002002002002,-0.15934469480081,-0.14512393624383557,-0.1303480924490902,-0.11576550975619174,-0.10134933255589001
0.06238238238238238,-0.15497431071245168,-0.1407668397990514,-0.12600074147243018,-0.11144842747222039,-0.0970156416318642
0.06276276276276277,-0.15060262635181984,-0.13640074990402287,-0.12164033045011655,-0.10711640593156443,-0.09272860231427194
0.06314314314314315,-0.1462450604772674,-0.13201221481810535,-0.11729880405708236,-0.10278613943715771,-0.08841339009015875
0.06352352352352353,-0.14187263275289788,-0.1276401865979043,-0.1129496692174939,-0.09844011405820069,-0.08411915127738437
0.06390390390390391,-0.1374816801554786,-0.1232576522971023,-0.1085962299036315,-0.09411392641483758,-0.07979362556285327
0.06428428428428429,-0.1331182257836356,-0.11889446084296278,-0.1042323092712193,-0.0897702249569133,-0.07547862189624714
0.06466466466466467,-0.1287019742217094,-0.11449278443571353,-0.09988636596386015,-0.08543565363869057,-0.07117150041982388
0.06504504504504505,-0.12430060311138925,-0.11011662778517277,-0.09552139189669878,-0.0810879863373889,-0.06687517747005946
0.06542542542542543,-0.1198832619454405,-0.10573418121118892,-0.09115914118658794,-0.07675483885409233,-0.06254362291167925
0.0658058058058058,-0.1154886965463095,-0.10134224971260082,-0.08680132881523987,-0.07243167656732886,-0.058228714389773326
0.06618618618618619,-0.11108250919104054,-0.09694123054490207,-0.08243652197382731,-0.06808701218052299,-0.05388638967923825
0.06656656656656657,-0.10669348706593003,-0.0925605710459211,-0.0780733840630194,-0.06372757145338431,-0.0495502085273981
0.06694694694694694,-0.10224992038363169,-0.08816323486765057,-0.07370457494871786,-0.05937521768394619,-0.04526024155513626
0.06732732732732732,-0.09782603842984819,-0.08378973139625141,-0.0693302394995711,-0.05503504145820899,-0.04097107519485937
0.0677077077077077,-0.09342463129237018,-0.07940896413092331,-0.06496706903412156,-0.05070026829522385,-0.03664554465680752
0.06808808808808808,-0.08906345573005363,-0.07500471467420965,-0.06059887133701621,-0.04637553795369439,-0.03230101593360079
0.06846846846846848,-0.08463349668925656,-0.07062998581221129,-0.056236269596521386,-0.04204037717899508,-0.0280052109261856
0.06884884884884886,-0.08023285125176226,-0.06625920038958769,-0.05188441197066688,-0.03771769579748861,-0.023693416305968693
0.06922922922922924,-0.07585663884688747,-0.061876791049866375,-0.0475252933834654,-0.03337293813623635,-0.0194272350029913
0.06960960960960962,-0.07144265585682952,-0.057521086495091876,-0.0431710218346306,-0.029031070010997376,-0.01512594809568073
0.06998998998999,-0.0669970152203943,-0.053126879140350074,-0.038820058879653827,-0.024700938832086013,-0.010805456910002889
0.07037037037037037,-0.06259296491210131,-0.04874962690414707,-0.034454040114578234,-0.02036864490545423,-0.006522795324163843
0.07075075075075075,-0.05823093196745721,-0.04436324316602041,-0.030083241046629093,-0.01603492677501279,-0.0022295450389447535
0.07113113113113113,-0.05382123739901252,-0.03998184778950331,-0.025734767859401264,-0.011721884455972671,0.002069024948261276
0.07151151151151151,-0.049429168304942525,-0.03559266400883124,-0.021390600430841664,-0.007390409784198654,0.006385951406048173
0.0718918918918919,-0.0450309114563687,-0.03121519626989232,-0.017039516811250238,-0.0030603630506256677,0.010634592734064698
0.07227227227227227,-0.040620182956137084,-0.026850943375201032,-0.0126995499767433,0.0012553323225653111,0.014886001763079571
0.07265265265265265,-0.03621167322169862,-0.022461134708045876,-0.008361792478568423,0.00556755208592072,0.019137832866094374
0.07303303303303303,-0.031788227174803084,-0.018085807780396822,-0.004022261970619012,0.009856718794265168,0.02339621297348694
0.07341341341341341,-0.027426358467764284,-0.013718766425666912,0.00029959225562970306,0.01417522917824925,0.02766630716633772
0.07379379379379379,-0.023008226552063228,-0.009359105152603641,0.004617350449549393,0.018482071343620315,0.031926899934148587
0.07417417417417417,-0.018636505090714267,-0.005005823888512939,0.008934581379220615,0.02276751900827065,0.03619202356794092
0.07455455455455455,-0.014238599351320498,-0.000642227879801487,0.01323846073637123,0.027043172068216978,0.04044214792169913
0.07493493493493494,-0.009859714797889212,0.0037221104037804113,0.017555468555180274,0.031325819398790956,0.044694142633774886
0.07531531531531532,-0.005503819780640884,0.008079324251586749,0.021889455772310232,0.03559368696868283,0.0489144652566206
0.0756956956956957,-0.0011136709664008775,0.012440529976279827,0.02618585616770864,0.03987582473437691,0.053118323280715606
0.07607607607607608,0.0032813688064574254,0.016759489390705092,0.030483722151511,0.04412369947191372,0.05732476990591609
0.07645645645645646,0.007678608759722557,0.021086449493777595,0.03477491805178396,0.048415550937867646,0.06155132254640103
0.07683683683683684,0.012036242177339673,0.02539678833334459,0.03907061989749248,0.05268319154299803,0.06578269141486236
0.07721721721721722,0.016419678279168907,0.029706325352087008,0.043351063810809116,0.05693618758648208,0.0700034573339092
0.0775975975975976,0.020765562238111338,0.03403223114544987,0.04762245678280532,0.061187429959396564,0.07419171219572604
0.07797797797797798,0.02511624416087195,0.03835206060234342,0.051897198991890985,0.06542878212871064,0.0784481255323562
0.07835835835835836,0.0294716580990973,0.04264928556268842,0.056172413664522164,0.0696496896847449,0.08264035196302294
0.07873873873873874,0.033786261843017994,0.046944409087856236,0.06045107836479853,0.0738702383645328,0.08683629142760983
0.07911911911911912,0.03810043783264859,0.05124169285679622,0.06469962201140128,0.07810719731406021,0.09100871481953086
0.0794994994994995,0.04242270539521691,0.055539065586287226,0.06895511897528252,0.08233091851152938,0.09521503728898834
0.07987987987987988,0.04676206075550254,0.05981548570769448,0.07320208589545553,0.08655167378976796,0.09942773497425596
0.08026026026026026,0.05105467533763317,0.06409228814079919,0.07744811418656125,0.09076341235780001,0.10359585272291123
0.08064064064064064,0.05529950304340545,0.06835313860179769,0.0816634960132712,0.09495622601258041,0.10775379606737427
0.08102102102102102,0.05959794624166262,0.07261703088176771,0.08588089747797738,0.0991588107941071,0.11195392416737736
0.08140140140140141,0.06388918017235508,0.07684284646993028,0.09008396287289919,0.10332596275321715,0.116113812726012
0.08178178178178179,0.06818201543645538,0.08108420363244037,0.09429210262598738,0.10748949667516677,0.1202518569024044
0.08216216216216217,0.07243772534412503,0.08530338647663133,0.09848708139673372,0.11163525623748526,0.12436276976311919
0.08254254254254255,0.07667572465940882,0.0895303679038681,0.10266546052722432,0.11580219101619814,0.12851719132002956
0.08292292292292293,0.08092765571121247,0.09373837124032795,0.1068299966847443,0.11997550371842786,0.13269037775464976
0.08330330330330331,0.08514943733110936,0.09793162373753773,0.11099637950599174,0.12411168685967146,0.13681412570666432
0.08368368368368369,0.08938076908643501,0.10212009982111893,0.11517698935634435,0.12823220898395346,0.14094621658247106
0.08406406406406407,0.09353910312450715,0.10630401235511958,0.1193160803226404,0.13235653337846603,0.14506946004598606
0.08444444444444445,0.09774999209754652,0.11046639698117254,0.12344466161035202,0.1364976404436542,0.1491680086366334
0.08482482482482483,0.10197343639204834,0.11460050049280321,0.127575285002845,0.14061077714271247,0.15323923074654758
0.0852052052052052,0.10615989292923703,0.11874067504262859,0.1316992955681536,0.14470347383245982,0.15733521440630335
0.08558558558558559,0.11033126199491841,0.12286478512480381,0.13583508960516466,0.1487956123383134,0.16143563423866494
0.08596596596596597,0.11449299087863044,0.1269873172218947,0.13995506936794302,0.15288613185140068,0.16547974687895867
0.08634634634634634,0.11862512368778717,0.1311192979394472,0.14404540228006796,0.1569752164676877,0.16956186999196524
0.08672672672672672,0.12273643591987184,0.13520804235980122,0.14812367769286172,0.16106021179369487,0.17362026732051358
0.0871071071071071,0.12683813424928403,0.13927691736531836,0.15219358934952124,0.1651264710899747,0.17769786590111622
0.08748748748748748,0.13091096629848495,0.14334082147819713,0.15626459063241444,0.16918635409678812,0.18175324335239662
0.08786786786786788,0.13503125568386135,0.14739102391189882,0.1603054789183823,0.17323638103190203,0.18578340881950547
0.08824824824824826,0.13914574382925887,0.15144971088666995,0.1643420996203315,0.17726619404566082,0.18980807510884581
0.08862862862862864,0.1432061538811397,0.15548707242144766,0.16839417505927268,0.18128958920394075,0.1938022344613834
0.08900900900900902,0.14725458892319693,0.15951979460651602,0.17239384001297112,0.1852884704706028,0.19778807334666193
0.0893893893893894,0.15130226212692427,0.16352334144160754,0.1763976080661497,0.18926758541048086,0.2017854495580116
0.08976976976976977,0.15530494335027994,0.1675314493052531,0.18037334563499077,0.19326669434248306,0.2057605706688245
0.09015015015015015,0.15931386702370565,0.1715268113511346,0.18436000625631474,0.19723588858509744,0.20974832669924295
0.09053053053053053,0.1633089252241265,0.17551893813346559,0.18831992939697215,0.20120260512607227,0.213767081652259
0.09091091091091091,0.16725533238188295,0.1794787456100633,0.19228616492962028,0.20514713552603356,0.21770180094341235
0.0912912912912913,0.17123096917901665,0.18343385654140942,0.19623327076881475,0.20909780749786566,0.22161488206061405
0.09167167167167167,0.1751828428694978,0.18735436726110843,0.20016527209892593,0.21302485011354044,0.22553549436964335
0.09205205205205205,0.17911154081700206,0.1912530360766369,0.20409943826777602,0.21694682159734638,0.22945493584977764
0.09243243243243243,0.18302914024273034,0.19515728828008178,0.20800265997906733,0.22086656861128254,0.2333708583654022
0.09281281281281281,0.18692895122977507,0.19903521278334463,0.21190784358588793,0.22476859589251957,0.23728756984518357
0.09319319319319319,0.19080026311555526,0.20292580289292433,0.21578713514182113,0.2286569265356005,0.24118853584976158
0.09357357357357357,0.19463939095928115,0.20678658198971334,0.21965667451731896,0.23254234787465677,0.2450669578318386
0.09395395395395395,0.1984583938172739,0.21063387347395915,0.22351128933963976,0.236407573765249,0.24893550433102068
0.09433433433433434,0.2022766874557684,0.2144663391247041,0.2273532316361799,0.24027149344587376,0.2528210219268256
0.09471471471471472,0.20612896804125713,0.21830516813252837,0.23117824182320396,0.24411759876925118,0.25671101838916055
0.0950950950950951,0.2099743043941729,0.22211119033924112,0.23498419129992923,0.2479253872155502,0.26055108665976584
0.09547547547547548,0.21380607961618725,0.22588044325917248,0.23877772646491052,0.25173432225621467,0.2644060501724143
0.09585585585585586,0.21756001433914565,0.22966826082918002,0.24256246677053828,0.25551353689938816,0.2681914219043669
0.09623623623623624,0.22132183411981904,0.23342348426723203,0.24633807636707017,0.2593037458131273,0.2719634549343426
0.09661661661661662,0.22510891034015199,0.2371825111999429,0.25009834561099487,0.2630688442839041,0.2757388714239391
0.096996996996997,0.2288367078017274,0.24090873588507578,0.25385155827860645,0.26682033555825013,0.2795405310834015
0.09737737737737738,0.23254952886687758,0.24464054763496873,0.25757956666279525,0.2705590083362811,0.2832937549092853
0.09775775775775776,0.23626074905298325,0.24833527261688293,0.2612968681592302,0.2743035929521242,0.28708234443407604
0.09813813813813814,0.23995424041728747,0.2520161890023006,0.2649913625378122,0.27802184376961636,0.2908391202950426
0.09851851851851852,0.24360560622310581,0.25567738205134616,0.26868816664777884,0.2817312391896027,0.2945528897520077
0.0988988988988989,0.2472768148235871,0.2593448631145067,0.27236677706829615,0.2854206549995815,0.2982159030489388
0.09927927927927928,0.2509180858556477,0.26298036470805874,0.2760223596599229,0.2891013112989926,0.3019303193183472
0.09965965965965966,0.25455886856915355,0.2666027639806917,0.27966276841482673,0.2927708739811782,0.30560260155924146
0.10004004004004004,0.2581791504116762,0.2702214896991485,0.28331212534356437,0.2964130216531768,0.3092596304413073
0.10042042042042042,0.26176851718397853,0.2738129206904743,0.2869414757973076,0.30005790300199786,0.3129336929944031
0.10080080080080081,0.2653226857040453,0.2773857398564471,0.2905394987941032,0.3036824836163525,0.3165779960147446
0.10118118118118119,0.2688277847952597,0.2809679453642926,0.2941232172188919,0.30729106679973855,0.3202171322569213
0.10156156156156157,0.2723626060738959,0.2845137717504446,0.29770105207979164,0.3108965959817191,0.32379950020325765
0.10194194194194195,0.2758818630942414,0.2880232284880226,0.3012537104344855,0.3144505697192494,0.32743409286404196
0.10232232232232233,0.27936928795635885,0.29155118453319456,0.30479950689849733,0.3180339908801693,0.3310555467139069
0.10270270270270271,0.28284948676997007,0.29506380508791286,0.3083275677442038,0.3215750018857448,0.3346170497411435
0.10308308308308309,0.2863361601539799,0.2985580796674057,0.31182811490789386,0.3251065488439629,0.33818007250761317
0.10346346346346347,0.28979742783201223,0.3020293822013078,0.3153355994387271,0.32863619569756086,0.34176546575009265
0.10384384384384385,0.2932306615798078,0.30545965058182223,0.318824065668254,0.3321487991239456,0.3452723779821189
0.10422422422422423,0.2966519249023319,0.3088947865216834,0.32229315678026854,0.3356552990844504,0.34878239821548546
0.1046046046046046,0.3000509611285427,0.3123092625634502,0.3257348695085571,0.3391286305783839,0.35227942418947217
0.10498498498498499,0.30345175067313956,0.3157101329448851,0.3291669586785844,0.34258405954602106,0.35578465975006934
0.10536536536536537,0.3068388870607979,0.31908790603811876,0.3325800529514084,0.3460260503057763,0.3592897504240251
0.10574574574574575,0.3101484481638586,0.32245351477752404,0.33597454524752857,0.3494385038962779,0.362783112634169
0.10612612612612612,0.3134976385946334,0.3258272278014016,0.33935390479756233,0.35283865891144156,0.3662077950224549
0.1065065065065065,0.3168291779448719,0.32915816208804444,0.34271813262438877,0.35623699506383116,0.36965811431110845
0.10688688688688688,0.32010460517413947,0.3324747749800216,0.34605760872336744,0.3596165639445881,0.3730527813618042
0.10726726726726728,0.3233693055810985,0.3357591200016252,0.3493842012739491,0.36298292010782957,0.3764058916619853
0.10764764764764766,0.32665010438957903,0.33903050726744044,0.3526927458375181,0.366321563745351,0.37977443319287907
0.10802802802802804,0.3298670668414177,0.3422926062467099,0.3559880137312655,0.36965855749998955,0.38310549531374
0.10840840840840842,0.3330794479808051,0.3455828329448211,0.35924968299991356,0.3729846566422506,0.3864741361144343
0.1087887887887888,0.3363019505938006,0.3488188704671001,0.3625083414986499,0.3762813666806671,0.38977364468286135
0.10916916916916918,0.3394747236480097,0.35204004806177536,0.3657533294391409,0.37958165353785805,0.3930843494637474
0.10954954954954955,0.34268564861296563,0.3552661426497308,0.3689953163516598,0.3828474784632457,0.3963644839492109
0.10992992992992993,0.3458382444309246,0.35846688076255556,0.3722008625229529,0.3860777768354771,0.3996500058853698
0.11031031031031031,0.34894716070751036,0.36165666672563784,0.3754025965678228,0.3893100430999724,0.4029488593605949
0.1106906906906907,0.35207006359209203,0.36480444781322185,0.37857670682274785,0.3925147859717175,0.4062165257617888
0.11107107107107107,0.3552107392201309,0.3679477053464881,0.38173673371190286,0.39571317988272225,0.40945237683972974
0.11145145145145145,0.35829978567098403,0.371042957412103,0.3849009181501757,0.39890482250916803,0.41266820730420545
0.11183183183183183,0.3613515817285196,0.37414326869335135,0.3880310239749115,0.4020760742898732,0.4158662433521324
0.11221221221221221,0.3644371196495373,0.3772279049606978,0.39114119428282673,0.4052174816151771,0.41898763745383205
0.11259259259259259,0.3674627380943947,0.38030912814295953,0.3942151503852991,0.4083590604790294,0.42212300715168044
0.11297297297297297,0.37048470158942004,0.3833374423558927,0.397313608541376,0.41147377731482015,0.42529977594374957
0.11335335335335335,0.373514964090795,0.38637601840871694,0.4003731173064677,0.41457489406565223,0.42842860147852446
0.11373373373373374,0.3765136891029616,0.38938653169849996,0.40340481255806054,0.4176690098836873,0.4315362295719978
0.11411411411411412,0.3795119887210648,0.39239277915186926,0.4064419048491386,0.4207291079411627,0.4346188854792588
0.1144944944944945,0.38246666657340533,0.3953713437689087,0.4094549980448856,0.4237650434143695,0.43771930996926384
0.11487487487487488,0.3854272684957527,0.39834464461950736,0.41245360626622657,0.42679562157905254,0.44077354396212143
0.11525525525525526,0.3883379558446599,0.4013042335371308,0.4154296421693434,0.429798945513501,0.4438015169883199
0.11563563563563564,0.391223433073824,0.40424380061865584,0.4183867582238605,0.43279289688256295,0.4468170642709782
0.11601601601601602,0.3941454927966104,0.40716340337617835,0.42133131860779943,0.4357776355945797,0.449820132718096
0.1163963963963964,0.3970135462491207,0.41005832298793005,0.4242713455106002,0.43874107946973223,0.4527961666325912
0.11677677677677678,0.39988973470616146,0.41296213923996594,0.42717239733549095,0.4416837313581994,0.4557702860778702
0.11715715715715716,0.4027192894239046,0.4158288227154141,0.4300661745968184,0.44461671526941293,0.45871030371552757
0.11753753753753754,0.40555234966672954,0.41867606282252406,0.4329426783042738,0.4475117456177067,0.46161523089078815
0.11791791791791792,0.40837485573210647,0.42151831214271007,0.43580467750703833,0.45040977290447,0.46452484163713914
0.1182982982982983,0.41118024530760844,0.4243269921122697,0.4386413444976639,0.4532816914948355,0.46742676612558437
0.11867867867867868,0.4139494273156496,0.4271303836722344,0.44145863619428927,0.4561238773955191,0.47032495821949305
0.11905905905905906,0.4167244104549187,0.4298994783667645,0.4442758426050391,0.4589613124296949,0.47316775867569744
0.11943943943943944,0.41946607244415124,0.432683170387825,0.44706409861761404,0.4617792455287693,0.47599330665757067
0.11981981981981982,0.42219959851616257,0.4354365449594211,0.4498441444716286,0.4645656809701379,0.47877531358124326
0.12020020020020021,0.4249303609981851,0.43818813098924714,0.4526063548562915,0.46734940972991995,0.4815635121321723
0.12058058058058059,0.42763540311731557,0.440911241980991,0.4553466482657644,0.47011430989386427,0.4843503877444627
0.12096096096096097,0.4303168311481256,0.44361720321651843,0.45806288641863063,0.4728757261543997,0.48712094584435833
0.12134134134134135,0.4329711856898054,0.4462946817709448,0.46077308342826023,0.47561343418206203,0.48990426818451643
0.12172172172172173,0.4356072405153676,0.4489651077544848,0.4634616395735235,0.4783071725847665,0.4926310641390587
0.12210210210210211,0.43825622608441195,0.451645291471714,0.46614401489087337,0.48099846574907273,0.4953407211845601
0.12248248248248249,0.4408697138806364,0.45429292208656685,0.4688122349523701,0.48366525417234646,0.49803363331724004
0.12286286286286287,0.44346120481367757,0.45692793168635937,0.4714569355314145,0.4863320915532046,0.5007018486894379
0.12324324324324325,0.44603932381545414,0.4595400323138741,0.47409386881516424,0.4889770659150331,0.5033714572707085
0.12362362362362363,0.4486017033314499,0.4621323180861232,0.476705230244161,0.4916038960388842,0.5059622556806809
0.124004004004004,0.45115654881053546,0.46470740339174244,0.47929981683303363,0.4942091644750573,0.5085902511161385
0.12438438438438439,0.45370138024450957,0.4672768549168254,0.48186585947801264,0.49679450058540053,0.5111981885925615
0.12476476476476477,0.4562047545437881,0.4698224538545621,0.48441955775219486,0.4993535380529245,0.5137770320027821
0.12514514514514516,0.4586953458992195,0.4723649629094379,0.4869587092685019,0.5019260568024274,0.516355873882831
0.12552552552552554,0.461175458251592,0.4748651086583344,0.489492923889008,0.5044677461100687,0.5189216716958919
0.12590590590590592,0.4636561517333815,0.47736853652763817,0.4920023711273236,0.5070028023709551,0.5214406247596352
0.1262862862862863,0.46610191413144375,0.47985659661581104,0.4945014806065028,0.5095096595362634,0.523938202079159
0.12666666666666668,0.46854333408281523,0.4823091311502496,0.49697842196285935,0.5119946481418775,0.5264332325392745
0.12704704704704706,0.4709725491937255,0.48475726464138735,0.4994589837180358,0.5144459720810962,0.5288724627048892
0.12742742742742744,0.4734056220863844,0.487193867606797,0.5019227828903055,0.5169131917531617,0.5313096985412878
0.12780780780780782,0.4757968471219369,0.4896058129047136,0.5043571425770862,0.5193486579011073,0.5337484657478218
0.1281881881881882,0.47817490842563487,0.4920217199931944,0.506763842338629,0.5217810962965873,0.5361667950427895
0.12856856856856858,0.48052576993157436,0.49441265078102087,0.5091633424026695,0.5241794266960293,0.5385315457441304
0.12894894894894895,0.4828696130087734,0.4968056444233201,0.5115336464653892,0.5265770435611712,0.5409098732078351
0.12932932932932933,0.4852254123412336,0.49916613701126245,0.5139032174329573,0.5289478484069816,0.5432832281705551
0.12970970970970971,0.48756347291854596,0.5015136990826855,0.5162522281850058,0.5313022919959197,0.5456454171406503
0.1300900900900901,0.489864951615377,0.5038336590005267,0.5185808092156909,0.5336434670738281,0.5479919283642438
0.13047047047047047,0.4921803852624661,0.5061695629788533,0.5209068302805612,0.5359642031980787,0.550271014438414
0.13085085085085085,0.49446440353343835,0.5084675141146527,0.5232059439158427,0.5382581032778571,0.552580970627953
0.13123123123123123,0.496736278550848,0.5107501312854591,0.5254974512110788,0.5405424630148173,0.5548425901210691
0.1316116116116116,0.4989859208562453,0.5130218683944568,0.5277609766525299,0.5428033284628693,0.5570936673614101
0.131991991991992,0.5012274859688745,0.515273780146637,0.5300170750643194,0.545064654395428,0.5593413479093896
0.13237237237237237,0.503467814301451,0.5175169584446722,0.5322404801718615,0.5473190031496574,0.5615754003347864
0.13275275275275275,0.5056745886829407,0.5197310685931589,0.5344599777705272,0.5495523884538746,0.5638118164177559
0.13313313313313313,0.5078879376812256,0.5219471155880485,0.5366623543398065,0.5517572688888354,0.5659896318615876
0.1335135135135135,0.5100527325131409,0.524131134268151,0.5388543580499875,0.5539339879667851,0.5681444341695598
0.1338938938938939,0.5122151226985502,0.5263100743716974,0.5410391289897745,0.556110188416983,0.5703085508516922
0.13427427427427427,0.5143610503044242,0.5284403759351928,0.5431988475220084,0.5582719313903989,0.5724330142495666
0.13465465465465465,0.5165421426555978,0.5305783154529335,0.545337718965243,0.5604098440555548,0.5745295697841732
0.13503503503503503,0.5186293362942823,0.5327210260660415,0.5474640231385454,0.5625255260352106,0.5766534593582207
0.1354154154154154,0.5207517500420378,0.5348296508982598,0.5495727432473272,0.5646346112295998,0.578753633596903
0.1357957957957958,0.5228388210825734,0.5369243031809178,0.5516763929563324,0.566708152532569,0.5808278132990291
0.13617617617617617,0.5249285492626758,0.5390058221480584,0.5537618388983723,0.5687913625819496,0.5829004294430209
0.13655655655655657,0.5269858630880784,0.5410663291525896,0.555830966297759,0.5708526246074932,0.5849640923891093
0.13693693693693695,0.5290369907043636,0.5431360256713693,0.5578911138387382,0.5728797523010484,0.5869885717988164
0.13731731731731733,0.531091246406837,0.5451908002784149,0.5599346706009544,0.574907988784674,0.5890184220784773
0.1376976976976977,0.5331205821397029,0.5472209747879726,0.5619756914187413,0.5769167500970721,0.590965295871158
0.1380780780780781,0.5351456324690587,0.5492337209562842,0.5639762830743438,0.5789156703218219,0.5929381777613432
0.13845845845845847,0.537158560299032,0.5512550616873151,0.5659693846566225,0.5808824846364069,0.5949207341963674
0.13883883883883885,0.5391650375406375,0.5532204590206525,0.5679416612240155,0.5828535969000049,0.5968620848588271
0.13921921921921923,0.5411449398586043,0.5551907035330504,0.5698959411597473,0.5848071273105347,0.598790899536432
0.1395995995995996,0.5431036467073981,0.5571515200213606,0.5718389290773112,0.5867366621954546,0.6007161532508462
0.13997997997998,0.5450570434176077,0.5590937942324105,0.5737664741915134,0.588646526964636,0.6025983926065156
0.14036036036036037,0.5469842701893379,0.5610129537102141,0.5756830959816983,0.590555820000897,0.6045118583500312
0.14074074074074075,0.5489088740967644,0.5629320029357573,0.5775936389557336,0.5924438403997354,0.606348866243424
0.14112112112112113,0.5508092040762681,0.5648288162845749,0.5794829879126303,0.5943161712763841,0.6082080592425595
0.1415015015015015,0.5526891808981539,0.5667083913071729,0.5813505225409232,0.5961720282515578,0.6100486872034092
0.1418818818818819,0.5545739485469994,0.5685908659811975,0.5832201654750524,0.5980233731286784,0.6118497974532989
0.14226226226226227,0.5564339042342192,0.5704523361161024,0.585061158455946,0.5998523242623197,0.6136379054325571
0.14264264264264265,0.5582777103698948,0.5722970686769174,0.5868975971730567,0.6016484793108424,0.6154226596732235
0.14302302302302303,0.560133854387379,0.5741381214154103,0.5887144296965776,0.6034466182725415,0.6172007683475415
0.1434034034034034,0.5619586122432134,0.5759618623939142,0.5905143993179862,0.6052225897238238,0.6189723541815673
0.1437837837837838,0.5637849513025799,0.5777767481968737,0.5923194165769563,0.6069816298364313,0.620742394418511
0.14416416416416417,0.5655912633910622,0.5795639161558136,0.5940911392600184,0.6087360833053774,0.6224642218958174
0.14454454454454455,0.5673835398992778,0.5813486387002516,0.595854385997866,0.6104880849815059,0.6241994646609412
0.14492492492492492,0.5691645437339643,0.5830977157423798,0.5976100735145733,0.6122180144387875,0.6258855183697366
0.1453053053053053,0.570935625252202,0.5848496457401559,0.5993455295370551,0.6139345418280633,0.6275624760996759
0.14568568568568568,0.5726905944520342,0.5865875429214193,0.6010730340153648,0.615636123175233,0.6292646021136807
0.14606606606606606,0.5744358675591125,0.5883015034964211,0.6027892185598317,0.6173125604178812,0.6309335365837044
0.14644644644644644,0.5761693285259077,0.5900133152907038,0.6044801830140207,0.6189888967549482,0.6325670516455847
0.14682682682682682,0.5778970417073408,0.5917106656495745,0.6061653648465577,0.6206422019317592,0.6341746270965185
0.1472072072072072,0.5796104357409214,0.5934029563128319,0.6078410755147615,0.6222767528785317,0.6357951083827356
0.14758758758758758,0.5813409180611272,0.5950846187058788,0.609500490883856,0.6239073257911413,0.6374275160051349
0.14796796796796796,0.5830257427637073,0.5967460155499461,0.6111453142323687,0.6255154255774558,0.6390593924249768
0.14834834834834834,0.584694463453851,0.5984106710322291,0.6127573286113619,0.6271139766859654,0.6406503015332384
0.14872872872872872,0.5863476395243468,0.6000335881272917,0.6143695504201674,0.62870230938454,0.642220049367365
0.1491091091091091,0.5880105544652229,0.6016550458266985,0.6159832031060181,0.6302923172525835,0.6437568700997105
0.1494894894894895,0.5896384038177401,0.6032650011543764,0.6175699175629533,0.6318543369242805,0.6452756933771148
0.1498698698698699,0.5912535223025285,0.6048733434301129,0.6191457804832069,0.6334120409413881,0.6467818208175684
0.15025025025025027,0.5928800411227992,0.6064585331782172,0.6207056353929968,0.6349447178877579,0.6482934827901485
0.15063063063063065,0.5944644928643334,0.6080225084908916,0.622261228158046,0.6364673482122128,0.6497891343597876
0.15101101101101103,0.5960597117657878,0.6095888451296,0.6238064116413301,0.6379945522594491,0.6512859735007109
0.1513913913913914,0.5976187192676933,0.6111369962320768,0.6253259434563834,0.6395049685958877,0.6527501846658059
0.15177177177177179,0.5991768777452894,0.6126691498538209,0.6268517547682821,0.6409907372074966,0.6542306504262914
0.15215215215215216,0.6007315731247899,0.6141927246745814,0.6283552538552205,0.6424766478752826,0.655685690515465
0.15253253253253254,0.6022672727823238,0.6157237436342166,0.6298484200389061,0.6439247991006588,0.6571116717713356
0.15291291291291292,0.6037744912621122,0.6172172153820739,0.6313256836580365,0.6453696268597144,0.6585492341133343
0.1532932932932933,0.6053091976304649,0.6187117477315502,0.6328009693630898,0.6467976711897886,0.6599502213920113
0.15367367367367368,0.6067961538775685,0.6201955679888002,0.6342541421866931,0.6482140514361621,0.6613446386362827
0.15405405405405406,0.6082843687898888,0.6216653923889321,0.6356982283297912,0.649631716978241,0.6627233238935825
0.15443443443443444,0.6097635962800673,0.6231236250799725,0.6371294721931237,0.6510292775278658,0.664089801024274
0.15481481481481482,0.6112291037329188,0.6245733592715683,0.63856179606224,0.6524299416762167,0.6654266319201148
0.1551951951951952,0.612661886409144,0.6260099564481618,0.6399775293021844,0.6538264401785027,0.6667524183314602
0.15557557557557558,0.6141074049559602,0.6274338616275945,0.6413815362614538,0.6551920795347516,0.6680863576611775
0.15595595595595596,0.6155431606757926,0.6288305413184925,0.6427681477838768,0.6565386230371844,0.6694119853103114
0.15633633633633634,0.6169829531743583,0.6302279530895161,0.6441384116706931,0.6578782279961894,0.6707272334706214
0.15671671671671672,0.6183910373075604,0.63161367946849,0.6454928817686277,0.6592130151186233,0.6720453204793968
0.1570970970970971,0.6198013373315664,0.6329889932890953,0.6468374192317453,0.6605375424199964,0.6733671722089523
0.15747747747747748,0.6211923556868538,0.6343466216158132,0.6481727849454056,0.6618339037720866,0.6746732518439045
0.15785785785785786,0.6225754464078569,0.6357005714566722,0.6495113263128688,0.6631194694886078,0.6759238435282054
0.15823823823823824,0.6239477615986344,0.6370409013131122,0.650826890977841,0.6644049066957939,0.6771658313993569
0.15861861861861862,0.625311215023458,0.6383731347751014,0.6521311561003031,0.6656751322552534,0.6784123671700286
0.158998998998999,0.6266500031286193,0.6396846342412632,0.6534272448273382,0.6669430740846826,0.6796422653035067
0.15937937937937938,0.628000579671423,0.6409839255793637,0.6547213323575989,0.6682070612626769,0.680859472261677
0.15975975975975976,0.629318745266981,0.6422856306355765,0.6559982422621167,0.6694505367933732,0.682111350183966
0.16014014014014014,0.6306362640640657,0.6435650354972725,0.6572583091199442,0.6706939533504431,0.6833220306764172
0.16052052052052052,0.6319494763645689,0.6448469509694554,0.6584998871225903,0.6719241548510678,0.6845159341877365
0.1609009009009009,0.6332282395140402,0.646113187898809,0.6597455711079878,0.6731522634439527,0.6857053566694266
0.16128128128128127,0.6345365016432224,0.647361908404256,0.6609737817812606,0.6743464903474468,0.6868624282760494
0.16166166166166165,0.6358218341942845,0.6486005577846601,0.6621896975364725,0.6755306350482619,0.6880168298339071
0.16204204204204203,0.6370785119460073,0.6498372973753131,0.6633953637680504,0.676718387772336,0.6891554057518655
0.16242242242242244,0.6383126398968731,0.6510743639376247,0.6645971439695343,0.6778954102124917,0.6902961632935635
0.16280280280280282,0.6395530705575878,0.6522894945868533,0.6657862093480948,0.6790717365043878,0.6914265377314593
0.1631831831831832,0.64079033455333,0.6534857751432414,0.6669675751214709,0.680211525357377,0.6925833357648922
0.16356356356356358,0.6420297253975387,0.654676241579136,0.6681421968188345,0.6813554555128829,0.6936841181795795
0.16394394394394396,0.6432442695734716,0.6558760911894832,0.6692971815444726,0.6824821500113749,0.6948163408320562
0.16432432432432434,0.6444524976585723,0.6570652736091621,0.6704542508255301,0.6836047647228816,0.695894081681367
0.16470470470470472,0.6456409958415055,0.6582341800896064,0.6715872893111062,0.6847163165630603,0.6969738296172877
0.1650850850850851,0.6468095990142042,0.6593938226880848,0.6727211004168122,0.6858274496248826,0.6980335447959388
0.16546546546546548,0.6479973953045237,0.6605419868179071,0.6738344238424924,0.6869298272802237,0.6990927654033067
0.16584584584584586,0.6491625672081663,0.6616832758792424,0.6749452121401811,0.6880056720505641,0.7001767748654009
0.16622622622622624,0.6503262338246758,0.6628087546052414,0.6760433792445594,0.6890660698040366,0.7012463407965466
0.16660660660660662,0.6514700795009792,0.6639258555823309,0.6771463442795367,0.6901225372350144,0.7022966972430212
0.166986986986987,0.6526091842972884,0.665041954314313,0.6782312407453162,0.6911830439812945,0.7033228754874904
0.16736736736736738,0.6537444223482871,0.6661388390863225,0.6792890035312101,0.6922236522772055,0.7043369106331903
0.16774774774774776,0.6548551223296029,0.6672302152309771,0.6803547240461172,0.6932658197944027,0.7053263483071639
0.16812812812812813,0.6559589456829246,0.66830733012535,0.6814093578224923,0.694284874488986,0.7063385578691771
0.16850850850850851,0.6570385078375182,0.6693799400669538,0.6824494067556305,0.6953049502349402,0.7073343497946639
0.1688888888888889,0.6581189019073266,0.6704551086898473,0.6834873841141469,0.6963026963489207,0.7082757547647628
0.16926926926926927,0.6591861219316232,0.6715085756818154,0.6845171810111267,0.697292508945578,0.7092656832117519
0.16964964964964965,0.6602730598857769,0.6725604836378244,0.6855361164489014,0.6982842223639759,0.710220431779753
0.17003003003003003,0.6613480066176831,0.6735961561071767,0.686546976368549,0.6992614115545359,0.7111711310260996
0.1704104104104104,0.6624114870565123,0.6746236571794009,0.6875396015695066,0.7002346369838478,0.7121170414456389
0.1707907907907908,0.663458866422587,0.6756418919902407,0.6885348865536565,0.7011944867570926,0.7130399902867766
0.17117117117117117,0.6644862526236699,0.6766513539287984,0.6895091699365197,0.702138313663452,0.7139800193664757
0.17155155155155155,0.6655100299947785,0.6776445049535528,0.6904826826474456,0.7030821379782158,0.714938372923786
0.17193193193193193,0.6665123892872504,0.6786390345666141,0.691451125389238,0.7040261872707436,0.7158692723779506
0.1723123123123123,0.6674986597312232,0.6796202172003019,0.6924129544754869,0.7049560161493906,0.716779820241575
0.1726926926926927,0.6684882073680808,0.6805902112494124,0.6933748638217833,0.705874118670559,0.7176635396833131
0.17307307307307307,0.6694700058784967,0.6815420958923283,0.6943116886363063,0.7067905158159185,0.7185648245781703
0.17345345345345345,0.6704823250054419,0.6825072887049686,0.695239933425433,0.7076837948235984,0.7194293491386357
0.17383383383383383,0.6714449493575649,0.6834425576707871,0.696167193036214,0.7085665104781784,0.7203065765298586
0.1742142142142142,0.6723994842429198,0.684380406665375,0.6970954493397851,0.7094378590383736,0.7211679718995277
0.1745945945945946,0.6733705538505387,0.6853236398019603,0.6980074125997969,0.7103251604140467,0.72205729923387
0.17497497497497497,0.6743169730717331,0.6862481758800576,0.6989024889119146,0.7111885819290947,0.7229001608050071
0.17535535535535537,0.6752500734885979,0.6871672773262841,0.6997935175259057,0.7120542783429614,0.7237494662147991
0.17573573573573575,0.6761820858245766,0.6880777631268138,0.7006665909738687,0.7129054986480805,0.724595340940779
0.17611611611611613,0.6771324497721707,0.688970395279964,0.701544433816495,0.713762706257478,0.7254536900782524
0.1764964964964965,0.6780438165394647,0.6898706006734376,0.7024012238324016,0.7146068306092235,0.7262986749371688
0.1768768768768769,0.6789309937030276,0.6907703596199373,0.7032594545586353,0.7154395652168573,0.7270877962743383
0.17725725725725727,0.6798006067683492,0.6916422284765568,0.704108165836116,0.7162460540033814,0.727907744673182
0.17763763763763765,0.6807019564362358,0.6925135210327477,0.7049396036820723,0.7170761237138552,0.7287160464725174
0.17801801801801803,0.6815526356529888,0.6933769029443756,0.7057784779166267,0.717898065706708,0.729511342002499
0.1783983983983984,0.6824276846477543,0.6942332824679023,0.7066016643148699,0.7187043164140482,0.7302872982373717
0.1787787787787788,0.6832879514457595,0.6950826113136586,0.7074132685339117,0.7194999445953052,0.7310761177636548
0.17915915915915917,0.6841257944269407,0.695908123581208,0.7082296462320253,0.7202886700719647,0.7318615544471299
0.17953953953953955,0.6849804439136681,0.6967198208487013,0.7090396786489467,0.7210716695720684,0.7326458126054193
0.17991991991991993,0.6858104586404071,0.6975408085233962,0.7098367775327575,0.7218533666939471,0.7333921391686224
0.1803003003003003,0.6866223430646717,0.6983582819350967,0.7106348336002786,0.7226308038964198,0.7341486224174515
0.1806806806806807,0.6874417097744709,0.6991659517060175,0.7114174377341987,0.7233962238562381,0.7349035477685623
0.18106106106106107,0.6882576285209847,0.6999618139360114,0.7121993294620906,0.7241449010180327,0.7356511975852991
0.18144144144144145,0.6890834131533391,0.7007653111602611,0.7129622566749467,0.7249064744809001,0.7363621093104484
0.18182182182182183,0.6899122529657215,0.7015365727663879,0.7137182568585986,0.7256512875585281,0.7371084063158327
0.1822022022022022,0.6907035098663271,0.7023085215303295,0.714482439453671,0.7263980350467425,0.7378237869726005
0.1825825825825826,0.6915065788966854,0.70308275423628,0.7152277383198157,0.7271370820461399,0.7385464787414616
0.18296296296296297,0.6922663593190002,0.703843784498151,0.7159646669586276,0.7278516466302314,0.7393021915304263
0.18334334334334335,0.6930427209967205,0.7046030428557566,0.7166933918868273,0.7285673383772681,0.7400047405802046
0.18372372372372373,0.6937946815916809,0.7053553024895381,0.7174132796142689,0.7292849854347032,0.7407060131017131
0.1841041041041041,0.6945454898742732,0.7061002186264083,0.718135140327712,0.7299804214530123,0.7413958652936291
0.18448448448448448,0.6952760203811841,0.7068421509284298,0.718857849489033,0.7306681796215964,0.742088004519693
0.18486486486486486,0.696014385141405,0.7075553615886816,0.7195718659222717,0.7313572757830207,0.7427591545620024
0.18524524524524524,0.69677154646607,0.7082627590844593,0.7202786815372705,0.73205238541275,0.7434331238026534
0.18562562562562562,0.6975187411717227,0.7089888088820092,0.7209665330833759,0.7327383043685941,0.7441090191588915
0.186006006006006,0.6982566083094616,0.7097050119787467,0.7216480388217305,0.7334147558288949,0.7447768325661281
0.18638638638638638,0.6989606181893895,0.7103944102262812,0.7223334309069221,0.7340858757210296,0.74542543334658
0.18676676676676676,0.699678856975472,0.7111005238790571,0.7230093232068635,0.7347485217980416,0.7460996342278866
0.18714714714714714,0.7003838015907717,0.7117912338597875,0.7236771151341013,0.7354095288816767,0.7467716779637329
0.18752752752752752,0.7011085738605022,0.7124641971832699,0.7243423759680289,0.7360652098694935,0.7474180383956149
0.1879079079079079,0.7018239377597603,0.7131433133242313,0.7250016808487054,0.7367110152739239,0.7480487573003068
0.1882882882882883,0.7025048590071277,0.7138106104830064,0.7256543868009124,0.7373510495401246,0.7486672088408894
0.1886686686686687,0.7031776584731638,0.7144702169038534,0.7263010894393349,0.7379781071767159,0.7492756660585301
0.18904904904904907,0.7038469984810244,0.7151192763186235,0.7269452637959298,0.7386048366551912,0.7498973679078533
0.18942942942942945,0.7045205920458664,0.7157567379694898,0.7275755756442833,0.7392194034192999,0.7505031012810512
0.18980980980980983,0.7051953667671327,0.7163929380731546,0.7282069853234094,0.739846196379126,0.7511181091722591
0.1901901901901902,0.7058571833703278,0.7170292684732525,0.7288356277206951,0.7404646772441776,0.7517036451171737
0.19057057057057059,0.7064938553358764,0.7176657983456474,0.7294507188019903,0.7410786497312528,0.7523196297365868
0.19095095095095097,0.7071555020290292,0.7182976063389098,0.7300575201273256,0.7416784239286642,0.7529074518493545
0.19133133133133134,0.7077798519951253,0.718905199262739,0.7306620911144306,0.7422570736627585,0.7535092595416778
0.19171171171171172,0.70842174296033,0.7195176891432271,0.7312673504374712,0.742848433590002,0.7540971149335671
0.1920920920920921,0.7090384688097382,0.7201247503762664,0.7318583634370297,0.7434321119856749,0.7546710701063316
0.19247247247247248,0.7096535404350611,0.7207262093166388,0.7324495483268588,0.7440130545693996,0.7552269350399798
0.19285285285285286,0.7102710455356624,0.7213283556508658,0.733029105351247,0.7445879640790479,0.7557699736816583
0.19323323323323324,0.7108703039350804,0.721934116347498,0.7336016796170548,0.7451542233308912,0.756336217799075
0.19361361361361362,0.7114768035256004,0.7225146905355532,0.734174655841788,0.7457173767625246,0.7568817398484065
0.193993993993994,0.7120845775566903,0.7230881410852155,0.734730028124876,0.7462726072886332,0.7574080979817139
0.19437437437437438,0.7126582520520641,0.7236618252269303,0.735307696516167,0.7468197723105805,0.7579507668448952
0.19475475475475476,0.7132200384714158,0.7242207816619692,0.7358559883721677,0.7473733350107975,0.7585019077692301
0.19513513513513514,0.7137791217660926,0.7247871473982264,0.7364121649198319,0.7479075231185675,0.7590404363196397
0.19551551551551552,0.7143648851858873,0.7253441074661564,0.7369720156631014,0.7484469673389379,0.7595609528416877
0.1958958958958959,0.7149252244227604,0.7259135333621152,0.7375087867709981,0.7489745012487414,0.76009831086908
0.19627627627627628,0.7154963531639402,0.7264486151649696,0.7380515263681706,0.7495168538586595,0.7606510390149863
0.19665665665665666,0.7160423638037527,0.7269982689816847,0.7385794887002197,0.7500331921573444,0.7611737488452762
0.19703703703703704,0.7165921451841081,0.7275373222762623,0.7391021747989963,0.7505602048825213,0.7616922502286824
0.19741741741741742,0.7171429185770584,0.7280660834834036,0.7396236199562143,0.7510772506483108,0.7622027671973818
0.1977977977977978,0.7176430577045696,0.7285921404251315,0.7401359553871932,0.7515822228003493,0.7627215719537818
0.19817817817817818,0.7181885179790131,0.7291222699037821,0.7406414476948027,0.7520856808339389,0.7632407720814413
0.19855855855855856,0.7187272874855568,0.7296421270422926,0.7411430127259779,0.7525940694661681,0.7637614526880937
0.19893893893893894,0.7192391263113744,0.730154226256309,0.741638579588715,0.7530856069634865,0.7642338427775067
0.19931931931931932,0.7197711865407567,0.7306494239111265,0.7421368747508053,0.753574976035901,0.7647329912898901
0.1996996996996997,0.7202629163101009,0.7311472957707713,0.7426383167859607,0.7540633181912845,0.765221002812684
0.20008008008008007,0.7207605620622476,0.7316350856910242,0.7431289272572051,0.7545423025260174,0.7657168769021974
0.20046046046046045,0.7212484699536146,0.7321199133747754,0.7436112899769688,0.7550208121998994,0.7662040062762263
0.20084084084084083,0.7217358035467464,0.732612956080552,0.7440897566050507,0.7554922138401371,0.7666829424270224
0.2012212212212212,0.7222139926993493,0.7330969293529391,0.7445647273985077,0.755966251581774,0.7671407937298078
0.20160160160160162,0.7227099617582754,0.7335747524193439,0.7450464292967016,0.756428954712662,0.7676110164063046
0.201981981981982,0.7231587160408119,0.7340343631647135,0.7455054085842002,0.756897079083092,0.768067874701383
0.20236236236236238,0.7236246106042884,0.7345079375531071,0.7459668114067244,0.7573531982945154,0.7685366831691084
0.20274274274274276,0.7240996495916568,0.7349740892521768,0.7464209656730161,0.7578116862366078,0.7689781679809808
0.20312312312312314,0.7245645775085223,0.7354427423682114,0.7468803164493113,0.7582688054997726,0.769418924471722
0.20350350350350352,0.7250289368089886,0.7358983286452999,0.7473356503130381,0.7587164877767526,0.7698716615306611
0.2038838838838839,0.7254813653585335,0.7363541071729867,0.7477755722215368,0.7591712652109147,0.7703042225341215
0.20426426426426428,0.7259055646878824,0.7367882829895939,0.7482170253120968,0.7596089367835379,0.770730983948164
0.20464464464464466,0.7263536407076736,0.7372298789771291,0.7486594843758483,0.7600496300234915,0.7711750252875315
0.20502502502502504,0.7267768736521002,0.7376664884561517,0.7490857799231625,0.7604713492979286,0.7716051610445652
0.20540540540540542,0.727212079892358,0.7380891305714262,0.7495073120836672,0.7609042531639288,0.7720411678329948
0.2057857857857858,0.7276580617843612,0.7385122024149787,0.7499398014322166,0.7613314793921614,0.7724777759073539
0.20616616616616618,0.7280883013875017,0.7389344576175729,0.7503550653871052,0.7617422203217404,0.7728959064096241
0.20654654654654656,0.7285107378345423,0.7393574304636833,0.7507783333737914,0.7621552567665312,0.7733238813790688
0.20692692692692694,0.7289295648210484,0.7397795260396511,0.7511904615302762,0.7625850004442329,0.7737364676049444
0.20730730730730731,0.7293343667336072,0.740194286179687,0.7515956651225086,0.7629890122728529,0.7741456376235678
0.2076876876876877,0.7297358742790636,0.7406065362407042,0.7520097700966166,0.7634013543107632,0.7745554800200221
0.20806806806806807,0.7301431176038983,0.7410075355836097,0.7524015093132276,0.7638178754135763,0.774981531625224
0.20844844844844845,0.7305511755594244,0.7413919806833945,0.7527949562445109,0.7642197376445587,0.7753688163445277
0.20882882882882883,0.7309340787429937,0.7418024731474836,0.7531827694158155,0.7646112625972377,0.7757550567883678
0.2092092092092092,0.7313186866623314,0.7421984360643382,0.7535666493860257,0.7649961040297467,0.7761277986274601
0.2095895895895896,0.7317082790931962,0.7425796640276783,0.7539557215146336,0.7653852066656649,0.7765235410957211
0.20996996996996997,0.7320718101231463,0.7429628530263829,0.7543424008264396,0.7657712864888178,0.7769151863470725
0.21035035035035035,0.7324340367716845,0.7433438249661105,0.7547165088116473,0.766146689602839,0.7773133581479285
0.21073073073073073,0.7327903947835779,0.7437168132685181,0.7550893232465512,0.7665152465897092,0.7776994353322431
0.2111111111111111,0.7331702974733634,0.7440791631418707,0.7554618096475814,0.7668854044895632,0.7780827359152237
0.2114914914914915,0.7335304914154451,0.7444573958866881,0.7558279938222678,0.7672625398599273,0.7784494384596501
0.21187187187187187,0.7338750721866488,0.7448127213421029,0.7561969911337397,0.7676188026104287,0.7788310747267493
0.21225225225225225,0.7342159264883552,0.7451696412103012,0.7565622598744323,0.7679939747454512,0.7791816455149944
0.21263263263263263,0.7345605621226617,0.745521632101597,0.7569245242211037,0.7683553074052374,0.7795597934611026
0.213013013013013,0.7349194475981008,0.7458814444098041,0.7572767550871475,0.7687143636125277,0.7799255525993471
0.2133933933933934,0.7352532722090153,0.7462270932972107,0.7576287611741789,0.7690662394508517,0.7802656920300199
0.21377377377377377,0.7355984085781822,0.7465575917829805,0.7579805666634766,0.7694159384365472,0.7806136236843051
0.21415415415415415,0.7359185307950601,0.7468865028730595,0.758322135413394,0.769767993581893,0.7809574712159104
0.21453453453453455,0.736249390654212,0.7472298663183203,0.7586636795070445,0.7701127875518488,0.7812605480884308
0.21491491491491493,0.7365887634025767,0.7475607246140216,0.7590031710323859,0.7704561218448611,0.7816137118602443
0.2152952952952953,0.7369356702162784,0.7478817010109092,0.7593375828698579,0.7708018689348614,0.7819420167536051
0.2156756756756757,0.7372562036687329,0.7482181176057882,0.7596712570299338,0.7711479907196264,0.7822560542799845
0.21605605605605607,0.7375679179271584,0.7485309982099805,0.7600027542984694,0.7714836337766607,0.7825820348459919
0.21643643643643645,0.7378821770504711,0.7488507475371677,0.7603272437364463,0.7718149605061907,0.7829132538041873
0.21681681681681683,0.7381945387792653,0.7491776459850663,0.7606480155185553,0.7721509644937948,0.783269851391167
0.2171971971971972,0.7385039073974411,0.7494764635077151,0.7609670780594511,0.7724727188294758,0.7836125938649267
0.2175775775775776,0.7388140296727501,0.7497981583979519,0.7612791608533543,0.7727927009430631,0.7839403651335062
0.21795795795795797,0.7391174346536268,0.7500954885786618,0.7615915795383931,0.7731118648345425,0.7842615879533092
0.21833833833833835,0.739414671046321,0.7503978872223626,0.7619055601008766,0.7734339600309416,0.7845590849813087
0.21871871871871873,0.7397001105042362,0.7507064605404323,0.7622165540641452,0.7737474030827034,0.7848940935232862
0.2190990990990991,0.739981459420059,0.7509967251528021,0.7625235068998666,0.7740559728062718,0.7851937630463535
0.2194794794794795,0.7402773744472182,0.7513020143340058,0.7628246124978693,0.7743670510852532,0.7854748688166844
0.21985985985985987,0.7405429133438405,0.7515953523619626,0.7631215417238496,0.7746730903848433,0.785791667163684
0.22024024024024025,0.740814894434873,0.7518792539196972,0.7634128635282335,0.7749731267108791,0.7861095682322385
0.22062062062062063,0.7410920331339723,0.752163965491565,0.7636992132373388,0.7752689522558249,0.7864042220889105
0.221001001001001,0.7413520723136723,0.752443606287412,0.7639941469750998,0.7755770458128882,0.7867154038160643
0.2213813813813814,0.7416347934397189,0.7527246372364348,0.7642875078211017,0.7758742395754484,0.7870041969919526
0.22176176176176177,0.7419038798367006,0.753010532729865,0.764575779328198,0.7761593911035225,0.7873061682571934
0.22214214214214215,0.7421694882070758,0.7532882262108243,0.764859949460009,0.7764500106263793,0.7875969665816528
0.22252252252252253,0.7424317102391014,0.7535756251771994,0.765141882103828,0.7767376084515422,0.7878795182399941
0.2229029029029029,0.7426845515262044,0.7538493465609822,0.7654196657932586,0.7770291026933034,0.7881671947686055
0.22328328328328328,0.7429469834828546,0.7541164942992189,0.7656938736851102,0.7773080998182234,0.7884695584957397
0.22366366366366366,0.7431838062892941,0.7543852290168068,0.7659706762806283,0.7775958419966984,0.7887572498498213
0.22404404404404404,0.7434190690743627,0.7546466517727085,0.7662422555059274,0.7778706538074778,0.7890483376163829
0.22442442442442442,0.743661210030724,0.754898480729798,0.7665129805615262,0.7781444706162234,0.7893391283361857
0.2248048048048048,0.7439010534385386,0.7551477963596644,0.7667806501247848,0.7784047192180814,0.7896271594815333
0.22518518518518518,0.7441442236687845,0.7554040440392799,0.7670437969048289,0.778677624132353,0.7899120939986819
0.22556556556556556,0.744393234105036,0.7556442348656566,0.7672982554907303,0.7789428382819038,0.7901909371857463
0.22594594594594594,0.7446216468510095,0.7558957138199003,0.7675518665114452,0.7792033018740949,0.7904685040222219
0.22632632632632632,0.7448673406864085,0.7561429313211292,0.7678122915360068,0.779460159891624,0.7907312145383996
0.2267067067067067,0.7450951532781219,0.7563957840143329,0.7680592920541607,0.7797207734891974,0.7910072454505208
0.22708708708708708,0.7453350035172305,0.756630829612565,0.7683112056198895,0.7799748993282142,0.7912550269696316
0.2274674674674675,0.7455786579544589,0.7568687887457637,0.7685612344334467,0.7802300203216148,0.791529957063783
0.22784784784784787,0.7458010926250245,0.7570888715616897,0.7688126594897527,0.7804799062666177,0.7917952183292825
0.22822822822822825,0.7460207761226749,0.7573124115340024,0.7690535614020597,0.7807241357292956,0.792057527024534
0.22860860860860863,0.7462469391438439,0.7575448125097334,0.7692965674618281,0.7809757033826322,0.7923124432048335
0.228988988988989,0.7464597165313862,0.7577859544277725,0.7695332283524694,0.7812292649504516,0.7925724775115762
0.22936936936936939,0.7466587987439798,0.7580109527963986,0.7697736454522413,0.7814730828094634,0.7928260494760464
0.22974974974974977,0.7468585823120586,0.7582288666100455,0.7700058725471065,0.7817172949222698,0.7930647243918828
0.23013013013013014,0.7470566604171349,0.7584559507575355,0.7702374202566191,0.7819538623544463,0.7933111377350986
0.23051051051051052,0.7472771144295977,0.7586736531075279,0.7704593553855809,0.7821844520652254,0.7935513313142215
0.2308908908908909,0.7474670181943961,0.7588918333968916,0.7706819002644931,0.7824176272284742,0.793786305609308
0.23127127127127128,0.7476864280784311,0.7591247288049063,0.7709065154698034,0.7826450800936972,0.7940252091189843
0.23165165165165166,0.7478798793572828,0.7593452843647359,0.7711291289214203,0.7828747213301118,0.794256209795804
0.23203203203203204,0.7480777070278428,0.7595555912207894,0.7713510568984359,0.7831106337624384,0.7944882204925745
0.23241241241241242,0.7482849168412344,0.7597596875729833,0.7715698890235068,0.7833385038149736,0.7947238612859232
0.2327927927927928,0.7484953726828856,0.7599637257412611,0.7717881271665726,0.7835658249655583,0.794957171427689
0.23317317317317318,0.7486866649623589,0.7601623300644977,0.771996688613892,0.7837961741586945,0.7952043398908519
0.23355355355355356,0.7488633839550679,0.7603640054923975,0.7722077350741131,0.7840221132380375,0.7954307336576822
0.23393393393393394,0.7490479315442223,0.7605623468721668,0.7724157249808352,0.7842393047053879,0.7956783734430156
0.23431431431431432,0.7492426278137314,0.7607545550719658,0.7726194088039571,0.7844672620316996,0.7959087622257559
0.2346946946946947,0.749422602989182,0.7609539006680472,0.7728150948071766,0.784678993859611,0.7961291739754924
0.23507507507507508,0.7495890876253019,0.7611522551623527,0.7730173730537847,0.7848926226251217,0.796362849863386
0.23545545545545546,0.7497536808586349,0.7613389175889478,0.7732180653991477,0.7851005924937048,0.7965713477868471
0.23583583583583584,0.7499413855456447,0.7615335781954734,0.7734123937635873,0.7853149596925134,0.796787465315923
0.23621621621621622,0.7501198196501336,0.7617177707179418,0.7736170821752467,0.785516525582996,0.7970086679185391
0.2365965965965966,0.7503114559700164,0.7619054651611044,0.7738029582540754,0.7857279847342967,0.7972179440449504
0.23697697697697698,0.7504862690178866,0.7620867463193284,0.7739987101712871,0.785940737631871,0.7974366267415746
0.23735735735735736,0.750659349391845,0.7622723813517467,0.7741962581037283,0.786141644324984,0.797637094339839
0.23773773773773774,0.7508160551783123,0.7624540191792729,0.7743858813363202,0.7863423850476027,0.7978643821860887
0.23811811811811812,0.7509745525130219,0.7626180194237389,0.7745769702301027,0.7865444744158455,0.7980711683365896
0.2384984984984985,0.7511347721352369,0.7627955221466765,0.7747578173247258,0.7867377181475704,0.7982920774069384
0.23887887887887888,0.7513049574598228,0.762972322561461,0.7749354123339597,0.7869389158328548,0.7984992020315697
0.23925925925925925,0.7514653643655208,0.763148598753506,0.7751148883740077,0.7871252629643138,0.7986977800701812
0.23963963963963963,0.7516143721229845,0.7633237715106597,0.7752964218786252,0.7873177964636124,0.7988898046757905
0.24002002002002001,0.751762495755895,0.7634863696892296,0.7754761197526866,0.7875003174439583,0.7990889944188406
0.24040040040040042,0.7519309082977185,0.7636549663420623,0.7756542930043793,0.787683997964976,0.7992979680743855
0.2407807807807808,0.7520928720296888,0.7638210566294361,0.7758295141803101,0.7878698708243841,0.7994968509856165
0.24116116116116118,0.7522508229178035,0.7639837777639835,0.7759990019210296,0.7880621976509037,0.7996896544260499
0.24154154154154156,0.7524142647204284,0.7641536996471494,0.776170603333443,0.7882359744767157,0.7998752738177554
0.24192192192192194,0.7525526491612831,0.7643083395875866,0.7763365408203813,0.7884185116185528,0.8000467080702368
0.24230230230230232,0.7526972018258634,0.7644737192600811,0.7765071055843931,0.788594630424599,0.8002464206587435
0.2426826826826827,0.7528502623857851,0.7646338899099292,0.7766728382922795,0.7887692079219074,0.8004494708966952
0.24306306306306308,0.7530082253703358,0.7647927346192573,0.7768423419484727,0.7889544307180348,0.8006184261798879
0.24344344344344346,0.7531375073408987,0.7649510481096461,0.7770079850367877,0.7891337747190865,0.8007973495473404
0.24382382382382384,0.7532814656649017,0.7651045315330953,0.7771695006685968,0.7893121680930548,0.8009689483494489
0.24420420420420422,0.753416954391649,0.7652497130685427,0.777328937106689,0.7894836799563263,0.8011504724060265
0.2445845845845846,0.7535423135154539,0.7653976188525915,0.777487764103942,0.7896572373206722,0.8013413343233323
0.24496496496496498,0.7536844637443855,0.7655430541674044,0.777642451171521,0.7898168747966032,0.8015292578267603
0.24534534534534536,0.7538329229834465,0.7656874845329205,0.7778040145463966,0.7899805745581404,0.8017056098889236
0.24572572572572574,0.7539672482704786,0.7658295299051316,0.777956971138668,0.790146413083794,0.8018737634341602
0.24610610610610612,0.7541075075905455,0.7659748251776891,0.7781100663877435,0.7903084736301028,0.8020443139538024
0.2464864864864865,0.7542388387763874,0.7661181972249007,0.7782621864395834,0.7904646185095979,0.8022166462798426
0.24686686686686687,0.7543600403027467,0.7662494483933702,0.7784157175408948,0.7906322524049195,0.8024127146652359
0.24724724724724725,0.7544843587811199,0.7663861331792164,0.7785640383501561,0.7907881471256961,0.8025900545383056
0.24762762762762763,0.7546189482272515,0.7665229843621724,0.7787066631945878,0.7909522416073398,0.8027560623823108
0.248008008008008,0.7547452148748806,0.7666487266729282,0.7788499036634227,0.7911169986927709,0.8029253945020957
0.2483883883883884,0.7548668420274146,0.7667831084199629,0.77899358086472,0.7912713150981969,0.803092371295069
0.24876876876876877,0.7549976632493132,0.766917009709184,0.7791391371459646,0.7914293738949633,0.8032554598817412
0.24914914914914915,0.755126041473665,0.7670500038508381,0.7792783083708392,0.7915817321164278,0.8034111322429749
0.24952952952952953,0.7552420947062213,0.7671772193014624,0.7794134456016139,0.7917313790026581,0.8035676272134319
0.2499099099099099,0.7553660612536193,0.76730045228211,0.7795553771175213,0.7918856731393838,0.8037285280719961
0.2502902902902903,0.7554912961277019,0.7674305260057677,0.7796975343221862,0.7920310933842584,0.8038925928124435
0.25067067067067067,0.7555939328500217,0.7675522466737793,0.7798420397466854,0.7921817481866965,0.8040434030141184
0.2510510510510511,0.7557068633504724,0.7676778548530229,0.779978695837401,0.7923241106801793,0.8041983189782878
0.25143143143143143,0.7558191480171489,0.7678043083700098,0.7801139484716657,0.7924775080920908,0.8043659223884714
0.25181181181181184,0.7559364681222606,0.7679188711432392,0.7802421677203828,0.7926214389541092,0.8045198770301937
0.2521921921921922,0.7560456335710135,0.7680451198284289,0.7803751662249405,0.7927650499179862,0.8046742749376696
0.2525725725725726,0.7561581789436352,0.7681651431352752,0.7804978816549588,0.7929097136623231,0.8048301106956897
0.25295295295295295,0.7562620800282581,0.7682837339525727,0.7806252127735867,0.7930507646949951,0.8049745709472418
0.25333333333333335,0.7563653093786783,0.7683989370727556,0.7807588334809356,0.7931854684599048,0.8051228648668983
0.2537137137137137,0.7564615021188765,0.7685171325466599,0.7808872516446785,0.7933142482980098,0.8052673018201292
0.2540940940940941,0.7565664614202738,0.7686223577426221,0.7810136498267234,0.7934565325497623,0.8053949040626784
0.25447447447447447,0.756660903999531,0.7687375940962702,0.7811357450650993,0.7935958023965681,0.8055451153073611
0.2548548548548549,0.7567652181492327,0.7688453162957629,0.7812595503572695,0.7937311729073422,0.8056970744183289
0.2552352352352352,0.7568693219443546,0.768956562591241,0.7813799585755823,0.7938667956512663,0.8058546637336093
0.25561561561561563,0.7569608900097531,0.7690619065424045,0.7814922359262131,0.7940002024066187,0.8059987571421121
0.255995995995996,0.7570430002720547,0.7691703900444737,0.7816112184945203,0.7941328322234467,0.8061376352669173
0.2563763763763764,0.7571455843396165,0.7692720167616892,0.7817245717841284,0.7942633859935612,0.8062868832517635
0.25675675675675674,0.7572591481229511,0.7693861843486604,0.7818426606606104,0.7943979898686339,0.8064399914975522
0.25713713713713715,0.7573714431223998,0.7694905653997045,0.781962098339222,0.7945329942756667,0.8065837118233202
0.2575175175175175,0.7574555096945863,0.7695946821285882,0.7820775786204918,0.7946535473917351,0.8067156079771166
0.2578978978978979,0.7575612349505766,0.7697017836325527,0.782190720860928,0.794779187759291,0.8068411888718537
0.25827827827827826,0.7576627571827842,0.7698070597872534,0.7823019736198226,0.7949001571025142,0.8069670432080488
0.25865865865865867,0.7577629003300823,0.7699105134188676,0.7824081730308362,0.7950232795840279,0.8070957808500131
0.259039039039039,0.7578540500596249,0.7700101045944836,0.7825196453803507,0.7951425171966513,0.807208616132146
0.25941941941941943,0.7579457893981354,0.7701095484543383,0.7826241314874627,0.7952513184765089,0.8073687693827307
0.25979979979979984,0.7580431437236418,0.7702078171625647,0.7827357890450937,0.7953675706709313,0.8074886975787074
0.2601801801801802,0.7581241867429159,0.7702978439028699,0.782844002676256,0.795491137892533,0.8076256084830815
0.2605605605605606,0.7582200395979491,0.7703842652892671,0.7829520628353795,0.7956119682292825,0.8077572934709297
0.26094094094094095,0.7583122630249582,0.7704755158594168,0.7830604397542841,0.7957195723597819,0.8078908555185814
0.26132132132132135,0.7583966734884852,0.7705727379810212,0.783168426010654,0.7958274147455737,0.8080135897932446
0.2617017017017017,0.7584823428862367,0.7706579341945616,0.7832775738642427,0.7959435782798354,0.8081373740771173
0.2620820820820821,0.7585650224382874,0.7707516498404721,0.7833801456554295,0.7960570487152664,0.8082683124547898
0.26246246246246246,0.7586379897860852,0.7708330652837886,0.7834826000725902,0.7961690269547751,0.8083988147236616
0.26284284284284287,0.7587141362533892,0.7709239740362395,0.7835875452805143,0.7962773970113003,0.8085273582941082
0.2632232232232232,0.7588002559331275,0.771011174918918,0.7836822807288083,0.796382386132257,0.8086490436005074
0.26360360360360363,0.7588690654701814,0.7711006655297419,0.783776169318087,0.7964836143269605,0.8087651064623343
0.263983983983984,0.7589636452218558,0.7711877373876139,0.7838686976457045,0.7965897843591745,0.8088641895194599
0.2643643643643644,0.7590329136042263,0.7712729329484233,0.7839613310117114,0.796697981691994,0.8089833740294989
0.26474474474474474,0.7591058771927733,0.7713561345816061,0.7840554285713752,0.7968081633393767,0.80910250646654
0.26512512512512515,0.7591833341163348,0.771444443816107,0.7841418259116573,0.796909502578717,0.809210274591178
0.2655055055055055,0.7592658934910016,0.7715233374607215,0.784231389799444,0.7970176125583427,0.8093235268685925
0.2658858858858859,0.7593404325945705,0.7716129785049095,0.7843238385624468,0.7971205159004788,0.809434513350388
0.26626626626626626,0.7594113822658726,0.7716918847208272,0.7844183074540395,0.7972220058490058,0.8095367451283951
0.26664664664664667,0.7594904223147677,0.7717680939651594,0.784510312348099,0.7973209922512459,0.8096367143807915
0.267027027027027,0.7595617328972935,0.7718450396114035,0.7845976260235202,0.7974220344882286,0.8097448653237628
0.2674074074074074,0.7596466020945047,0.7719234405977796,0.7846870718106338,0.7975252238345572,0.8098564487468283
0.2677877877877878,0.7597194705238546,0.7719983083512786,0.7847751571782914,0.7976342345495728,0.8099691023118132
0.2681681681681682,0.7597908463136418,0.7720759007139554,0.7848661790473098,0.7977200315330844,0.8100793912454222
0.26854854854854854,0.7598510859259123,0.7721528801646448,0.7849541388940396,0.797822982561107,0.810178002844378
0.26892892892892895,0.7599144092419803,0.7722315163118898,0.7850395317851611,0.7979243364504345,0.8102705083808589
0.2693093093093093,0.7599798524968316,0.7723057369113473,0.7851279474116124,0.7980123887315275,0.8103806704144431
0.2696896896896897,0.7600530567821931,0.7723799076697416,0.7852119954524672,0.798100456832385,0.8104734206176452
0.27007007007007006,0.7601177576691812,0.7724465793296389,0.7852920939820365,0.7981927983755389,0.8105702144997687
0.27045045045045046,0.7601769439364775,0.7725239387388048,0.7853763409886343,0.7982895240994101,0.8106585390446422
0.2708308308308308,0.7602424111947982,0.7726016833628947,0.7854526894690418,0.7983795575479995,0.810741508453426
0.2712112112112112,0.7602910284885911,0.7726689006728895,0.785531569237735,0.7984715715074359,0.8108369394508216
0.2715915915915916,0.76036528848658,0.7727351860114484,0.7856100143538804,0.7985527791902997,0.810948913034394
0.271971971971972,0.760426470043842,0.772805556722002,0.7856896338219578,0.7986346664759779,0.8110584554173195
0.27235235235235233,0.7604830540813665,0.7728773310923647,0.7857676220593145,0.7987281025438133,0.8111447355648268
0.27273273273273274,0.7605459024559774,0.7729433336607786,0.7858446829475675,0.7988177437089489,0.8112274002039245
0.27311311311311315,0.760614737734323,0.7730168453971978,0.7859266458420319,0.7989022035827106,0.8113218513936827
0.2734934934934935,0.760668997410485,0.7730874154034464,0.7859998231369423,0.798989297156627,0.8114295835896986
0.2738738738738739,0.7607212117729822,0.7731518396300101,0.7860787229108369,0.7990706421918663,0.8115232980602668
0.27425425425425426,0.760778865812297,0.7732166653133187,0.7861527632600465,0.7991493196478145,0.811610956607484
0.27463463463463467,0.7608391629637519,0.7732776517469422,0.7862242904354132,0.7992354160381648,0.8116955643922978
0.275015015015015,0.7608971696777302,0.7733406855909976,0.7862972631692549,0.7993163743656508,0.8117808644586824
0.2753953953953954,0.7609539511833759,0.7734086941218795,0.7863647360526512,0.7994093884141817,0.8118699591161178
0.2757757757757758,0.7610220880071478,0.7734751699558269,0.7864361305571564,0.7994894843895767,0.8119657130794687
0.2761561561561562,0.7610682563597604,0.7735348766378713,0.7865050568326692,0.7995667738825869,0.8120645298250464
0.27653653653653654,0.7611305027180176,0.773595562013256,0.786572165024326,0.7996519085892004,0.8121515717389844
0.27691691691691694,0.7611786907161834,0.7736621969411482,0.786642269217157,0.7997294788827102,0.8122448762391795
0.2772972972972973,0.7612317645987827,0.7737280963942839,0.7867160336142449,0.7998008232688552,0.8123169499604984
0.2776776776776777,0.7612840327496623,0.7737807813963503,0.7867830267342726,0.79987464020591,0.812398583600834
0.27805805805805806,0.7613351747949488,0.7738324725602385,0.7868501568923774,0.799948178359047,0.8124878834711445
0.27843843843843846,0.7613836475463446,0.77389206460949,0.7869200720337193,0.8000249380927824,0.8125756397447673
0.2788188188188188,0.7614445918915005,0.7739505067373492,0.7869839119958904,0.8000969421495393,0.812650520082504
0.2791991991991992,0.7614956381856666,0.7740109662311062,0.7870471973912094,0.8001726791644888,0.8127396064777298
0.2795795795795796,0.7615437245669918,0.7740674372999357,0.787116599048714,0.8002462493493478,0.812818859098154
0.27995995995996,0.7615966145445827,0.7741227844895924,0.7871812948026051,0.800316020201543,0.8129079220181888
0.28034034034034033,0.76164901881001,0.7741825373643524,0.7872423482254198,0.8003873923446637,0.8129870261650904
0.28072072072072074,0.7616971179792452,0.7742374177574518,0.7873086895142061,0.8004570700791451,0.8130779836560469
0.2811011011011011,0.7617442241117166,0.7742990779596813,0.7873699091838787,0.800526658371832,0.8131607809949234
0.2814814814814815,0.761779680175314,0.7743540309032408,0.7874304564190835,0.8005908635986108,0.8132376778606889
0.28186186186186185,0.7618243884919842,0.7744062277405916,0.7874853141766469,0.8006604770083631,0.8133071420487226
0.28224224224224226,0.7618671253983168,0.7744565021851537,0.7875472073902634,0.8007336160293831,0.8133754129526403
0.2826226226226226,0.7619093724489646,0.7745130261987639,0.7876068473659174,0.8007997047521701,0.8134450257921543
0.283003003003003,0.7619582059327075,0.7745646482742751,0.7876647030993552,0.800864730067771,0.8135191267217224
0.28338338338338337,0.762007177156438,0.7746134444513993,0.7877213359158048,0.8009299672436146,0.8135971486324128
0.2837637637637638,0.762049623633434,0.7746639982896776,0.7877740005657154,0.8009921214171605,0.8136891466769336
0.28414414414414413,0.7620886796091754,0.7747127630234968,0.7878356433544593,0.8010566576471179,0.8137629769610235
0.28452452452452454,0.7621310276189442,0.7747661544873988,0.7878899896941493,0.8011168109777972,0.8138462816791335
0.2849049049049049,0.7621792935414665,0.7748111812755685,0.787945688311456,0.8011807086998965,0.8139281723148768
0.2852852852852853,0.762215184222832,0.7748648340211454,0.7880001334661728,0.8012422042646077,0.8139952815434851
0.2856656656656657,0.7622554842601618,0.7749108179501928,0.7880534477051928,0.8013034133149007,0.8140869082717451
0.28604604604604605,0.7622964626331898,0.774958128848248,0.788105110898599,0.801373073513031,0.814154697873822
0.28642642642642646,0.762341405089607,0.775003193194544,0.7881602108812613,0.8014345362494613,0.8142213435161735
0.2868068068068068,0.7623954199056175,0.775045635749631,0.7882140167175042,0.8014928852058819,0.814301982539911
0.2871871871871872,0.7624373969309607,0.7750948684886728,0.7882634714218648,0.8015569405015128,0.8143629376482622
0.2875675675675676,0.7624816787935205,0.7751429569088175,0.7883207625069713,0.8016148207251429,0.8144329641193687
0.287947947947948,0.76252308953109,0.7751883445785658,0.7883698815471912,0.8016756080324479,0.8144962972922214
0.28832832832832833,0.7625602301546992,0.7752333909405451,0.7884265351141803,0.8017304473301673,0.8145701559880301
0.28870870870870874,0.7625936969910925,0.7752796109528335,0.7884780801953267,0.8017815864029512,0.8146245294160914
0.2890890890890891,0.7626367830140715,0.7753219243808236,0.7885262456391267,0.8018438978508284,0.8146995735046905
0.2894694694694695,0.762679853117634,0.7753666464195951,0.7885786979658568,0.8019037527224318,0.8147598589098222
0.28984984984984985,0.7627181556828503,0.7754090398442575,0.7886263366751114,0.8019558283821452,0.8148251703099955
0.29023023023023026,0.7627496897023669,0.7754544740917678,0.7886715409448485,0.8020174782267468,0.8148876941324331
0.2906106106106106,0.7627818651919341,0.7754940278224445,0.7887189122286498,0.8020727109210202,0.8149580639165137
0.290990990990991,0.7628123413196293,0.7755308114050167,0.7887613417327207,0.8021202626883432,0.8150154276933635
0.29137137137137137,0.7628402685333713,0.7755725270228938,0.7888089351844619,0.8021772825237633,0.8150812995654838
0.2917517517517518,0.7628741097034564,0.7756123719708636,0.7888537132676465,0.802238583398303,0.8151467313432139
0.2921321321321321,0.7629041124838566,0.7756475883728813,0.7888991150231348,0.8022899205808122,0.8152068774991171
0.29251251251251253,0.7629324162458753,0.775691890752657,0.7889424613225163,0.8023440405789596,0.815273046452254
0.2928928928928929,0.762969587525107,0.7757312549821674,0.788986992337586,0.8023925112711424,0.8153330444371615
0.2932732732732733,0.763006568926965,0.775771825407585,0.7890302576298035,0.8024445362567406,0.8153854331109326
0.29365365365365365,0.7630422641505007,0.7758188026070876,0.7890748211275466,0.8024965064518179,0.8154401380915499
0.29403403403403405,0.763074878539988,0.7758548291241637,0.7891151040423925,0.802548916939655,0.8155023600525109
0.2944144144144144,0.7631076053203074,0.7758873618454081,0.7891606650573203,0.8025990568977073,0.8155714294769334
0.2947947947947948,0.7631419010553224,0.7759245449763177,0.7892063010890533,0.8026532942020679,0.8156246810587701
0.29517517517517516,0.7631749374458834,0.7759647132428197,0.7892476852458943,0.8027026026329277,0.8156856149141254
0.29555555555555557,0.7632066999574801,0.7760009089259812,0.7892897054019555,0.8027444605095485,0.8157566781126134
0.2959359359359359,0.7632356522638879,0.776032646278707,0.7893332696819766,0.8027987743231825,0.8158085510845181
0.29631631631631633,0.7632601346842226,0.7760643165635491,0.7893732243757015,0.8028438932871875,0.8158642156745664
0.2966966966966967,0.7632841241931152,0.7761039099116764,0.7894172197460801,0.8028920411054657,0.8159202315399656
0.2970770770770771,0.7633099968036516,0.7761344300619353,0.7894617718522373,0.8029385325579602,0.8159725714166688
0.29745745745745744,0.7633349859266139,0.7761666467923435,0.7895017164725637,0.8029802821545173,0.8160213590446446
0.29783783783783785,0.7633611783667743,0.7762004970595218,0.7895402112505451,0.8030305438430072,0.8160648966857037
0.2982182182182182,0.7633927268481511,0.7762366885929856,0.7895831025134484,0.8030793325219311,0.8161184583338128
0.2985985985985986,0.7634182837448766,0.776271642270983,0.7896218550933658,0.8031235504682749,0.8161770514000498
0.298978978978979,0.7634445537315487,0.7763032150430943,0.7896638550228637,0.8031650413549981,0.816235231258387
0.29935935935935937,0.7634712171610067,0.7763375634784899,0.7897051650341425,0.8032098275505652,0.8162747230584723
0.2997397397397398,0.7635001971554513,0.7763704664622089,0.7897429373062868,0.8032601309585397,0.8163344379386408
0.3001201201201201,0.7635261432702606,0.7763985428932004,0.7897769901002742,0.8033151246030705,0.8163873621258825
0.30050050050050053,0.7635526600538174,0.776427314166803,0.7898113407102682,0.8033526360979069,0.8164262879249102
0.3008808808808809,0.7635813392575453,0.7764581575384569,0.7898485077454171,0.8033920518752814,0.8164763664907362
0.3012612612612613,0.7636098163084776,0.7764901669662914,0.7898861973808136,0.8034389877822666,0.816527563076249
0.30164164164164164,0.7636373557813978,0.7765222137070029,0.7899227419896985,0.8034852307065247,0.8165659249700117
0.30202202202202205,0.763662243381664,0.7765513634936853,0.7899585162066092,0.8035286651630551,0.8166114433047027
0.3024024024024024,0.7636886779674196,0.7765832054717707,0.7899934705219448,0.8035739121461238,0.8166717388640475
0.3027827827827828,0.7637140519212822,0.7766139294832507,0.7900278004507129,0.8036147710721223,0.8167267840273953
0.30316316316316316,0.7637398854677756,0.7766440660049467,0.7900644338321222,0.8036606463911482,0.8167765851080814
0.30354354354354357,0.7637637658644194,0.7766719433105114,0.7900981331459753,0.8037006517649253,0.8168268908994446
0.3039239239239239,0.7637872733936083,0.7766997641319452,0.7901303867021536,0.8037416347674865,0.8168733162305547
0.30430430430430433,0.7638113017518987,0.7767264841654992,0.7901657983407281,0.8037834312708787,0.8169244774102409
0.3046846846846847,0.7638362829390526,0.7767558583909692,0.7901998437049114,0.8038224593205378,0.8169635471082635
0.3050650650650651,0.7638605824434407,0.7767884707807282,0.7902371818704005,0.8038662484262744,0.8170095438603447
0.30544544544544544,0.7638895140084535,0.7768193125998103,0.7902686723942918,0.8039059287859378,0.8170561882653704
0.30582582582582585,0.7639181123749786,0.7768445651715695,0.7903004808710263,0.8039455425904258,0.8171068278349897
0.3062062062062062,0.7639413648245005,0.7768708012124071,0.7903325295118165,0.8039815189653926,0.8171555356852853
0.3065865865865866,0.7639689056035744,0.7768988345434501,0.7903621506557474,0.8040200675652606,0.8171972523635415
0.30696696696696696,0.7639843673860722,0.7769222814954897,0.7903940090365917,0.8040565083372299,0.817235736551561
0.30734734734734737,0.7640113465519153,0.7769519191342394,0.7904246771403735,0.8040953696975084,0.8172862236637553
0.3077277277277277,0.7640314791923575,0.7769798444211993,0.7904529648988592,0.8041357689888045,0.8173385681007175
0.3081081081081081,0.7640528170453533,0.7770083316837476,0.7904878006346515,0.8041732639672474,0.8173751808286437
0.3084884884884885,0.764075817157739,0.7770324500427105,0.7905172935981738,0.804205332560743,0.8174218813803704
0.3088688688688689,0.764100557866825,0.7770597341848217,0.7905492754300153,0.8042428830142769,0.817459893179456
0.30924924924924924,0.7641247749095192,0.7770837234353256,0.7905768365765112,0.8042804659507312,0.8174942462210879
0.30962962962962964,0.7641472739086065,0.7771077694736482,0.7906105100220027,0.8043145628284848,0.8175413580044943
0.31001001001001,0.7641663770287336,0.7771317396772347,0.7906402701607423,0.8043547096782243,0.8175808571442914
0.3103903903903904,0.7641900832860904,0.7771538632701797,0.7906698768685521,0.8043856791463121,0.8176171945784605
0.31077077077077075,0.7642149684747265,0.7771800514334547,0.7906990209796884,0.8044202428067403,0.8176666506802779
0.31115115115115116,0.7642398872034938,0.7772030397054427,0.7907277223998869,0.8044538514469906,0.8177103567340197
0.3115315315315315,0.76425205706579,0.7772296855248789,0.7907538285285189,0.8044912754976608,0.8177572120841778
0.3119119119119119,0.7642736026455054,0.7772571401956256,0.790783008980155,0.804522294666215,0.8177898573272661
0.31229229229229233,0.7643007017910454,0.7772777343909795,0.7908146568738218,0.8045565242069991,0.8178266501587622
0.3126726726726727,0.7643256433891505,0.7772982490101683,0.790841288826409,0.8045858833646049,0.8178738369464632
0.3130530530530531,0.7643474158517832,0.7773194088637185,0.7908670193520572,0.8046236933067907,0.8179050366363246
0.31343343343343344,0.7643603772903207,0.7773425476130429,0.7908890008234536,0.8046501285044527,0.8179334508946781
0.31381381381381385,0.7643774497129138,0.7773620152475963,0.7909150689076154,0.804680182848074,0.8179613669133464
0.3141941941941942,0.7643957235717034,0.7773849946193515,0.790938457477088,0.8047106989880043,0.8179906483640254
0.3145745745745746,0.7644185137307771,0.7774034101325696,0.7909664280763549,0.8047472842704418,0.8180376343791801
0.31495495495495496,0.7644385305255738,0.7774212053374965,0.7909929439830985,0.8047877483108552,0.8180785802747538
0.31533533533533536,0.7644563848863014,0.7774395731926346,0.7910173936940225,0.8048259402695379,0.8181114582593632
0.3157157157157157,0.7644817395707811,0.7774660385974642,0.7910439701829091,0.8048558748571359,0.8181439980346898
0.3160960960960961,0.7645010703716699,0.7774832409521659,0.7910680964230238,0.8048877295629342,0.8181838832571123
0.3164764764764765,0.7645222987789144,0.7775016211447667,0.7910911748539626,0.804920508747984,0.8182197377293138
0.3168568568568569,0.7645440959927812,0.7775212375801887,0.7911171355418947,0.8049506876800687,0.8182528641684343
0.31723723723723724,0.7645621744919824,0.7775467867460297,0.79114178788409,0.8049796565557301,0.8182861529908764
0.31761761761761764,0.7645757908423212,0.7775638598920255,0.791167178515623,0.8050094413940406,0.818316241124725
0.317997997997998,0.7645904141681545,0.7775848298883649,0.7911924501832155,0.8050373899626051,0.818365767828855
0.3183783783783784,0.7646093564670934,0.7776063627865208,0.7912122527384172,0.8050640591577637,0.8184007868484865
0.31875875875875875,0.7646228883237898,0.7776253495973978,0.7912391166016,0.8050892096382024,0.8184393536177215
0.31913913913913916,0.7646384067262573,0.7776473969165757,0.7912619598506662,0.8051175980372306,0.818476012469872
0.3195195195195195,0.7646518943979443,0.7776607360981329,0.7912858722777153,0.8051366783262975,0.8185084482188143
0.3198998998998999,0.7646709384328245,0.7776775785477388,0.7913054043513966,0.805165844798739,0.818539367353981
0.32028028028028027,0.764692573309708,0.7776968223944256,0.7913287943279291,0.8051930633210592,0.8185695915327383
0.3206606606606607,0.7647052080647626,0.7777172092335424,0.7913484433858121,0.8052190208208121,0.8185990591697818
0.32104104104104103,0.7647246830211367,0.7777357388190604,0.7913687277902632,0.8052437649918481,0.8186300627149266
0.32142142142142144,0.7647393340458692,0.7777545647783581,0.7913878065312157,0.8052685373677166,0.8186676212643521
0.3218018018018018,0.7647567649237864,0.77777244033784,0.7914108274740077,0.8052917647874763,0.8186946454120638
0.3221821821821822,0.7647771061319557,0.7777873206151201,0.7914320301294921,0.8053186717423144,0.8187182518809366
0.32256256256256255,0.7647898090693688,0.7778056774842372,0.7914582268179734,0.8053440194914205,0.8187418901742868
0.32294294294294296,0.7647989933248768,0.7778221210793919,0.7914803818523851,0.8053726877565245,0.8187727283181372
0.3233233233233233,0.7648074100558784,0.7778415265644014,0.7915001982185165,0.8053926418375141,0.8188077570564614
0.3237037037037037,0.7648273605347071,0.7778603073002478,0.7915200551393936,0.8054176918872681,0.8188345927928877
0.32408408408408407,0.7648337636704703,0.7778790298786169,0.7915404296184789,0.8054389181201552,0.8188748699283118
0.3244644644644645,0.76484199489982,0.7778959697129836,0.7915599373958564,0.8054673550188652,0.8189069942412474
0.3248448448448449,0.7648488807690934,0.7779134965792687,0.7915824187028848,0.8054952709316617,0.8189459610669771
0.32522522522522523,0.76486935741492,0.7779310588037921,0.7916032149448788,0.8055171027437545,0.8189746742768864
0.32560560560560564,0.7648906453671952,0.7779448123159738,0.7916208358125373,0.8055412318404702,0.8189988682409666
0.325985985985986,0.7648986445571003,0.7779597319990985,0.7916431093380887,0.8055595720692889,0.8190237790078077
0.3263663663663664,0.7649069155890728,0.7779767980048734,0.7916624201850604,0.8055805394823067,0.8190543300112484
0.32674674674674675,0.7649214535520573,0.7779920012884998,0.7916792484499433,0.8056035700639915,0.8190761710678981
0.32712712712712716,0.7649357544883852,0.7780107133041541,0.7916986725557341,0.8056253527659721,0.8190960966417892
0.3275075075075075,0.7649496380050862,0.7780244069439707,0.7917177464834083,0.8056474938747054,0.8191221996716246
0.3278878878878879,0.7649636978018657,0.7780399474655816,0.7917361200750072,0.8056675075733352,0.8191523865785849
0.32826826826826827,0.7649782491228624,0.7780543083983842,0.7917552475261058,0.8056867852228097,0.8191786239781541
0.3286486486486487,0.7649925488419923,0.7780706255645324,0.7917716989471131,0.8057067605763985,0.8192028004419073
0.32902902902902903,0.7650095421548644,0.7780828638300853,0.7917905847075725,0.8057293817525099,0.8192254559944858
0.32940940940940944,0.76501887148573,0.7780961164897224,0.7918095226561038,0.8057515468034859,0.8192514492437046
0.3297897897897898,0.7650291235096071,0.7781075304435804,0.7918256338487261,0.8057745201434049,0.8192794509144541
0.3301701701701702,0.7650431100036099,0.7781197771623647,0.7918475775428202,0.8058028026137743,0.8192999084857995
0.33055055055055055,0.7650550340420107,0.7781331065132765,0.7918665127224984,0.8058223952114566,0.8193292756532427
0.33093093093093096,0.7650673758903023,0.778146874276973,0.791883967271943,0.8058420129915413,0.8193531350081741
0.3313113113113113,0.7650788621362519,0.7781625389122095,0.7919013835607664,0.8058617588384169,0.8193841046900128
0.3316916916916917,0.7650919815191876,0.7781770496671216,0.7919216130511613,0.8058830695358161,0.8194042012104044
0.33207207207207207,0.7651038712323495,0.7781924428503009,0.7919347137145764,0.8059004816461346,0.8194294711508061
0.3324524524524525,0.7651138509562017,0.7782077543027397,0.7919508715736989,0.8059190811813836,0.8194576359717758
0.3328328328328328,0.7651241007228743,0.7782221347710724,0.7919653890547856,0.8059374399090747,0.8194868057050396
0.33321321321321323,0.7651389220244893,0.7782364031894525,0.7919770862013344,0.805959068116166,0.819517371248695
0.3335935935935936,0.7651504655537197,0.7782504624793828,0.7919954165442346,0.8059815071964066,0.819544774425662
0.333973973973974,0.7651635180464427,0.7782624166615637,0.7920130085481192,0.8059991438512076,0.8195717784252253
0.33435435435435434,0.7651731742972858,0.7782753631549916,0.7920330615081727,0.8060185362375599,0.8195963498797258
0.33473473473473475,0.7651801829380925,0.7782864785362004,0.792051780473056,0.8060332836884433,0.8196173112945798
0.3351151151151151,0.7651878264836774,0.7782990775288123,0.7920671761080125,0.8060507104782405,0.8196375564456075
0.3354954954954955,0.765195790400076,0.7783146822094249,0.7920810704269987,0.8060676810586382,0.8196571339805087
0.33587587587587586,0.7652036899602315,0.7783263713159146,0.79209712163668,0.8060892952766705,0.8196767585850112
0.33625625625625627,0.7652133549041114,0.778340333490965,0.7921119271037408,0.8061073679004095,0.81969441748485
0.3366366366366366,0.7652217895212309,0.778352057441902,0.7921273701840031,0.806125352744758,0.8197154797425107
0.33701701701701703,0.7652292498617794,0.778363428045573,0.7921436818964107,0.8061474904695504,0.8197351943230619
0.3373973973973974,0.7652375998358725,0.7783754407571879,0.7921558850513705,0.8061623596475769,0.8197534572937775
0.3377777777777778,0.765247316608091,0.7783857795232563,0.7921740161024013,0.8061789313053794,0.8197720081448278
0.3381581581581582,0.7652567194531417,0.7783984648308283,0.7921874306761872,0.8061988923359761,0.8197905853606757
0.33853853853853855,0.7652652710387975,0.7784081047104465,0.7922018334990771,0.8062138771836426,0.8198090746683048
0.33891891891891895,0.7652710989816356,0.7784190164434238,0.7922162135448281,0.8062260746374158,0.8198272633359387
0.3392992992992993,0.7652770502768362,0.7784293740487785,0.7922292947624835,0.806247534733538,0.8198458747147075
0.3396796796796797,0.7652838469195578,0.7784386943377641,0.7922447766024987,0.8062640268984949,0.8198646589463107
0.34006006006006007,0.7652955894430415,0.7784497753047429,0.7922618076516549,0.8062779135023533,0.8198915929522343
0.3404404404404405,0.7653060767719795,0.7784595472523191,0.7922746267226267,0.8062951820430774,0.8199066985699304
0.3408208208208208,0.7653150328951621,0.7784693390503243,0.7922911655019139,0.8063145876468517,0.8199193369248665
0.34120120120120123,0.7653248763544974,0.7784787304044205,0.7923054735874967,0.8063302999665726,0.8199445017870922
0.3415815815815816,0.7653344382873601,0.7784869675716298,0.7923163534529226,0.8063442274540026,0.8199658650568449
0.341961961961962,0.7653425759561846,0.7784959219183544,0.7923296671129952,0.8063579836602032,0.8199796942237254
0.34234234234234234,0.7653510270939612,0.778504717947912,0.7923413741270808,0.8063701844660052,0.8200069115581531
0.34272272272272275,0.7653595278961257,0.7785182298967661,0.7923522616236367,0.8063842878237925,0.8200222235705819
0.3431031031031031,0.7653684494080463,0.7785304293566261,0.7923649885996812,0.8064029524311999,0.8200396064423466
0.3434834834834835,0.7653804105527672,0.7785418486708833,0.7923750334058715,0.8064151564263278,0.82005343336689
0.34386386386386386,0.765388807133281,0.7785519307973059,0.7923882508187917,0.8064299466826634,0.8200758046249069
0.34424424424424427,0.7653947108740095,0.7785627988059194,0.7923996488000811,0.8064432291106568,0.8200875992956723
0.3446246246246246,0.7654030548595885,0.7785743525754777,0.7924132739504434,0.8064564303340372,0.8201005558146458
0.345005005005005,0.7654095890199293,0.7785812530735057,0.7924266215918261,0.8064720899362839,0.820125880103603
0.3453853853853854,0.7654165371258604,0.7785894405771056,0.7924380871632722,0.8064850625481189,0.8201373294083026
0.3457657657657658,0.765424032255716,0.778601586765834,0.7924497556113052,0.8064974414167658,0.8201579482857801
0.34614614614614614,0.7654319758863246,0.7786125623383747,0.7924603862011269,0.8065108971352682,0.8201759092043797
0.34652652652652655,0.765438873417763,0.7786237276298721,0.792471964798961,0.8065258351749656,0.8201899111005013
0.3469069069069069,0.7654479168021282,0.7786339889475387,0.7924824820193893,0.8065400777125425,0.8201998590774237
0.3472872872872873,0.765452145391752,0.7786422355270965,0.792492441469314,0.8065512502020881,0.8202187611075885
0.34766766766766766,0.7654585678675239,0.7786494402953716,0.7925029217052526,0.8065638170311675,0.8202370029218544
0.34804804804804806,0.7654677690937884,0.7786597427406373,0.7925126007329569,0.8065772216927675,0.8202556712412072
0.3484284284284284,0.7654776128101969,0.778670567741766,0.7925224239125417,0.8065887423563562,0.8202702426853499
0.3488088088088088,0.7654850780239341,0.7786795432917664,0.7925328470917345,0.8065998630693713,0.8202892305950853
0.3491891891891892,0.7654934587771057,0.7786925006613972,0.792542171071888,0.806613431741181,0.8203015607965177
0.3495695695695696,0.7654999866177767,0.7786990430767806,0.7925522969900468,0.8066286813450392,0.8203186665185515
0.34994994994994993,0.7655059996575414,0.778704117303685,0.7925633423424998,0.8066433304752609,0.820335888235016
0.35033033033033034,0.7655121729038072,0.7787095282211766,0.7925742625090453,0.8066547727395863,0.8203522729014747
0.35071071071071075,0.7655201224883159,0.7787174708016161,0.7925834927099771,0.8066675028841732,0.820369367679188
0.3510910910910911,0.7655284513204011,0.7787297945171435,0.7925931536765873,0.8066778118342278,0.8203857635020945
0.3514714714714715,0.7655337905354969,0.7787370788619029,0.7926025787288282,0.806690065647172,0.8203990126605007
0.35185185185185186,0.7655408696758274,0.7787458549386677,0.7926141726738485,0.8067036473347546,0.8204114562290665
0.35223223223223227,0.7655479513204698,0.7787514833207962,0.7926244110569023,0.8067161999394761,0.820423074965804
0.3526126126126126,0.7655563642632086,0.7787564663202103,0.7926338529252003,0.8067272092189189,0.8204361789037588
0.352992992992993,0.7655630605751512,0.7787687828603915,0.7926434721310288,0.80673674466906,0.8204495504258456
0.3533733733733734,0.7655695948114267,0.7787756636702233,0.7926542573993255,0.8067482773456466,0.8204626594656234
0.3537537537537538,0.7655728801384211,0.7787829077104567,0.7926618863272186,0.8067592144641451,0.8204825498654336
0.35413413413413414,0.7655786268554355,0.7787927625719201,0.7926717267312815,0.806771387540508,0.8204999365464125
0.35451451451451454,0.7655831793488935,0.7788018221331335,0.7926827339381138,0.8067833026089952,0.8205139135804773
0.3548948948948949,0.7655900108633577,0.7788096921296692,0.7926913388259651,0.8067935098217819,0.8205280699369091
0.3552752752752753,0.7655942208470828,0.7788168014478092,0.7927033298733753,0.8068043879575281,0.8205368682170068
0.35565565565565566,0.7656018415981647,0.7788206966660157,0.79271271467468,0.806812848115556,0.8205461990804611
0.35603603603603606,0.7656086260333214,0.7788249952320263,0.7927210693445392,0.8068221456182066,0.8205574130988192
0.3564164164164164,0.7656132177265274,0.7788308123660258,0.7927279728897747,0.8068317711913863,0.8205634796385555
0.3567967967967968,0.7656171292179645,0.7788378204651066,0.7927376051754749,0.8068413949747704,0.8205765555405632
0.3571771771771772,0.7656190534637942,0.778847073720615,0.7927446733848269,0.8068505244246041,0.820587062652667
0.3575575575575576,0.7656262651180902,0.778852801537907,0.7927518630879884,0.8068601223048503,0.8205977879889064
0.35793793793793793,0.765633670940734,0.7788584265879158,0.7927599289245308,0.8068722963989681,0.8206096207775312
0.35831831831831834,0.7656371320195506,0.7788654413686845,0.7927695710367019,0.806887774040795,0.8206224787389576
0.3586986986986987,0.765642650700225,0.7788744006309857,0.7927774100066128,0.8068957452344222,0.8206357005080605
0.3590790790790791,0.7656480319668922,0.7788833868163672,0.7927835536390342,0.8069050574351994,0.8206504302323218
0.35945945945945945,0.7656517831216529,0.7788928422678592,0.7927905430982292,0.8069161899146086,0.8206674642868488
0.35983983983983986,0.7656546933474201,0.7789023463982414,0.7927998386347054,0.8069240700205769,0.8206794212929458
0.3602202202202202,0.7656569710783984,0.7789102927419366,0.7928066820749733,0.8069337424358394,0.8206974728724847
0.3606006006006006,0.7656611535770609,0.7789180627537342,0.7928136364723486,0.8069410337102667,0.8207067022400125
0.36098098098098097,0.7656640471005907,0.7789249010580329,0.7928204615258133,0.8069540550193027,0.8207160171574486
0.3613613613613614,0.7656657641938027,0.778930249241848,0.7928282768229626,0.8069634516161575,0.8207242673371715
0.36174174174174173,0.7656705400924927,0.7789348082445098,0.7928354079633005,0.8069712831376622,0.8207356075452573
0.36212212212212214,0.7656751813771207,0.778941672824615,0.792843448687814,0.8069815926075244,0.8207384057397255
0.3625025025025025,0.7656807357581719,0.7789490951102594,0.7928514873066356,0.8069928065887515,0.8207479778228524
0.3628828828828829,0.7656874571610491,0.7789536821078499,0.792858907948446,0.8070008237400647,0.820762632132135
0.36326326326326325,0.7656913059670771,0.7789600061012886,0.7928641108614984,0.8070111693941718,0.820771334333821
0.36364364364364365,0.7656951960826182,0.7789648596681674,0.7928705666347324,0.8070223073262868,0.8207827785177321
0.36402402402402406,0.7656987627186195,0.7789726372422315,0.7928787999838494,0.8070327797404909,0.8207956673810671
0.3644044044044044,0.7657026829643775,0.7789791261719279,0.7928866358350865,0.8070399370591328,0.8208083825102002
0.3647847847847848,0.7657063316908007,0.7789853314343133,0.792894280375888,0.8070485275428749,0.8208223785062707
0.3651651651651652,0.7657104089583258,0.778990218488819,0.7929027980367719,0.807056688638112,0.8208332418531881
0.3655455455455456,0.7657141431126212,0.7789975383278136,0.7929098712404979,0.8070643790199635,0.8208453190109939
0.36592592592592593,0.7657209087991915,0.7790037227340959,0.7929179260098315,0.8070726342091457,0.8208578418635414
0.36630630630630634,0.765724000921786,0.7790086202548826,0.7929258792986126,0.8070824988620434,0.8208704648771035
0.3666866866866867,0.765726240350797,0.7790129135328174,0.7929333897832908,0.8070913462752578,0.8208841129632042
0.3670670670670671,0.7657284177837347,0.7790170142927181,0.7929400938995763,0.8070990382601698,0.820897628936677
0.36744744744744745,0.7657312872992884,0.7790210463711075,0.7929462396752437,0.8071055829793984,0.8209107097776972
0.36782782782782786,0.7657348170657406,0.779026595291385,0.7929520704239608,0.8071139458274612,0.8209244459228978
0.3682082082082082,0.7657381869243386,0.7790336412335996,0.7929587002327892,0.8071204304261405,0.8209372865475589
0.3685885885885886,0.7657426540303193,0.7790385635320711,0.7929631218939515,0.8071282366579547,0.8209471941250243
0.36896896896896897,0.7657462548520746,0.7790442237209223,0.7929702398405045,0.807135286398521,0.8209598863167761
0.3693493493493494,0.7657509889635485,0.7790505565308408,0.7929763054615971,0.8071447328249,0.8209693988482895
0.36972972972972973,0.7657593901962478,0.7790557908579976,0.7929821984529635,0.8071542930651388,0.8209764809786935
0.37011011011011014,0.7657607840685479,0.779060509375867,0.792990761859044,0.8071645011884798,0.8209917788354454
0.3704904904904905,0.7657641422964948,0.7790656777817124,0.7929989048649649,0.8071745821633951,0.8209974330650179
0.3708708708708709,0.7657664393944918,0.7790700357983378,0.7930037054028758,0.8071822278175208,0.8210079083840971
0.37125125125125125,0.7657697610141786,0.7790749807376075,0.7930090110610065,0.8071911541031618,0.8210186029663278
0.37163163163163165,0.765773559190713,0.779080327853925,0.7930137286975684,0.8071994948891149,0.8210294340428725
0.372012012012012,0.7657772884512315,0.7790861175841655,0.7930209364968277,0.8072086398344058,0.8210420589690517
0.3723923923923924,0.7657809926534244,0.7790892015462344,0.7930270476686266,0.8072150156624496,0.8210505761052317
0.37277277277277276,0.7657846292792596,0.7790930854539991,0.793030580485678,0.8072219628720824,0.8210601580490826
0.37315315315315317,0.7657893140535567,0.7790982018771926,0.7930351429973139,0.8072295652545595,0.8210714148132017
0.3735335335335335,0.7657955018233853,0.7791023057849814,0.7930425727149838,0.8072379998450713,0.8210792007111501
0.37391391391391393,0.7658015750910687,0.7791065840144127,0.7930494694795199,0.8072430524743953,0.8210904754155216
0.3742942942942943,0.7658080198458308,0.7791109413413482,0.7930549276554385,0.8072494237354768,0.821100314066462
0.3746746746746747,0.7658136085050778,0.779115286990968,0.7930609535920446,0.8072587276062339,0.8211105246195297
0.37505505505505504,0.7658161697938648,0.7791192986486825,0.7930673970137937,0.8072655282456694,0.8211211688511991
0.37543543543543545,0.7658222439606572,0.7791216903728186,0.7930749808586377,0.8072722698865171,0.8211300973173513
0.3758158158158158,0.7658281567429507,0.779126281508215,0.7930816431708873,0.8072794881538033,0.8211407815217142
0.3761961961961962,0.7658301479326568,0.7791309604697003,0.7930887791432114,0.8072851891037534,0.8211522280876141
0.3765765765765766,0.7658308325827274,0.7791353041325195,0.7930940115733858,0.8072951648577513,0.8211635939549629
0.37695695695695697,0.7658325172610717,0.779139045899991,0.7930983454307938,0.807302232388005,0.8211739497221013
0.3773373373373374,0.765833688064975,0.7791412584338041,0.7931025108344493,0.8073075563150921,0.8211827494528368
0.3777177177177177,0.7658375320634313,0.7791467892266274,0.793106168498629,0.8073143728774005,0.8211899379209449
0.37809809809809813,0.7658421211878004,0.779148939790139,0.7931113607587267,0.8073197228309731,0.8211991857833874
0.3784784784784785,0.7658469012205148,0.7791525719487403,0.7931173660260711,0.8073262703961628,0.8212101474264358
0.3788588588588589,0.7658516342977878,0.7791573019239931,0.793124251852349,0.8073315115475875,0.8212184749937415
0.37923923923923925,0.7658558137334802,0.7791634973104098,0.7931278080144851,0.8073382367537576,0.8212255495347888
0.37961961961961965,0.7658604187832527,0.7791647015261902,0.793132756249785,0.8073428714266704,0.82123338216468
0.38,0.7658648581336905,0.7791696299672778,0.79313859823629,0.8073466138640604,0.82124213953247
