phi,q025,q16,q50,q84,q975
0.0,0.01311264369614765,0.014653325982845746,0.016452560031545257,0.01839317954069201,0.020343172774293546
0.0003803803803803804,0.01327402527395993,0.014828554262281586,0.016643802817645492,0.018599276160207578,0.020570686968488468
0.0007607607607607608,0.013437306534635263,0.015005508306274824,0.016835920466416545,0.018807254349807918,0.020788305271685157
0.0011411411411411411,0.013604816990258312,0.015184656370114907,0.017028268993200025,0.019016825818560623,0.021016902096546573
0.0015215215215215216,0.013769200084724606,0.015366660405457463,0.017222329683154233,0.01922953945786817,0.02124348468855817
0.001901901901901902,0.01393784443365899,0.015548210357112064,0.017418398510586647,0.01944496766990693,0.021471844164625588
0.0022822822822822822,0.014108459593509289,0.015730886401716593,0.01761879515841716,0.019661902498179937,0.021698026997472527
0.0026626626626626627,0.014279907137847707,0.01591624322077853,0.017821703362001576,0.01988087019848959,0.021934905789420103
0.003043043043043043,0.014453086859925725,0.01610398963323778,0.018026748709564368,0.020102085178620523,0.022167511147854608
0.0034234234234234236,0.014628236216551576,0.01629309769070064,0.018233771965501383,0.020325311874053648,0.02240583197687431
0.003803803803803804,0.014805059461692936,0.016485333174110738,0.018443969709786616,0.020550692988803514,0.022650630848634667
0.004184184184184184,0.01498398737171071,0.01668130755830729,0.018657564090467784,0.020778339766589448,0.022899085435715942
0.0045645645645645645,0.015164816024187282,0.016875484485002187,0.01887359010736159,0.021006685938576655,0.023149897293625512
0.004944944944944945,0.015348295204556495,0.017078726531287457,0.019091103291777496,0.021239105233099884,0.023404843914644896
0.005325325325325325,0.015534630480296883,0.01727537182095929,0.01930886779426646,0.021474275132866236,0.023658663888587568
0.005705705705705706,0.015723635421866947,0.017478139426031384,0.01953006544421966,0.02171209495634125,0.02391829216664444
0.006086086086086086,0.01591295629645028,0.017680281304534563,0.019754727073328458,0.021952171381351367,0.02417834161930923
0.006466466466466467,0.01610402645776912,0.01788382982609454,0.01998149472732569,0.022193459363705034,0.02443555789093301
0.006846846846846847,0.01629907129826317,0.018093672162152644,0.02020735886384686,0.02243369413343513,0.024692204349008887
0.007227227227227228,0.016494009395485665,0.018304938919316553,0.020434157971475575,0.022677273039625797,0.024949320385906873
0.007607607607607608,0.016693204718608624,0.018516056769143818,0.020664509706527705,0.022927128892196794,0.025209472311357298
0.007987987987987989,0.016894031201360134,0.018730540585674697,0.02089722039185299,0.02317815456705953,0.025473445296254817
0.008368368368368368,0.01709656848563769,0.018945970322116732,0.021130736056005867,0.023429413616070198,0.025740635989753326
0.00874874874874875,0.01730139942892289,0.01916478275793463,0.02136620199530299,0.023686810275662853,0.026017307275549233
0.009129129129129129,0.017508081406884528,0.019384101888254006,0.021608105442178165,0.023943495287442836,0.02629767577548224
0.00950950950950951,0.017717178564179675,0.019607397551570864,0.02185127256013002,0.02420247248999473,0.02657554013197744
0.00988988988988989,0.017928468029766373,0.019832135209076524,0.022095573821804517,0.024470319757988357,0.026855928406301657
0.010270270270270271,0.018140501513222232,0.02005749544775226,0.022344797523794997,0.024729233308869236,0.02715303677637026
0.01065065065065065,0.01835661503610191,0.020287203434487363,0.02259389544666732,0.024996186599230093,0.027431200383166716
0.011031031031031032,0.018573763282784334,0.02051840570463297,0.022841376152531657,0.025264609074995788,0.027718615456928802
0.011411411411411412,0.01879397065046713,0.020752316489801158,0.02309490369968532,0.025534302203966994,0.027996675049448708
0.011791791791791793,0.019016454631443348,0.020990904236718663,0.02334871090484344,0.025811310747855525,0.028293644515728387
0.012172172172172173,0.01924119591702314,0.021234361076351557,0.02360758834681537,0.026087224532638963,0.02857498198984592
0.012552552552552552,0.019468014250456925,0.02147927191391759,0.02386511787164339,0.02636612683514389,0.028869601268446
0.012932932932932933,0.019697490580498002,0.02172252610104077,0.024125671387287783,0.026647591979462665,0.029163068942080102
0.013313313313313313,0.01992932154066883,0.02196818926157662,0.02439017218103761,0.026931136131207754,0.02946262540114486
0.013693693693693694,0.02016352664649929,0.022218565697642256,0.024658475829756415,0.027215780397021105,0.02976479198201026
0.014074074074074074,0.020400320560646164,0.022471033527261035,0.024927104815235912,0.027503040235504,0.030068272760936002
0.014454454454454455,0.020639137343285627,0.02272838883379719,0.025201046467967527,0.027792898350464865,0.030377101956072086
0.014834834834834835,0.020880583440200214,0.022987960036194265,0.02547912308535731,0.028087731967549476,0.03069530126463794
0.015215215215215216,0.021125046422496442,0.02324737843527407,0.025760252215915692,0.02838551733566087,0.031014105508053696
0.015595595595595596,0.021370417208832485,0.023508597984957816,0.0260426818108277,0.0286833448825517,0.03133997545054513
0.015975975975975977,0.02161736552335914,0.023770226549166894,0.026327871150425,0.02898440743392012,0.03165771650485677
0.016356356356356357,0.021866666146461336,0.024037585703121256,0.026616767346633055,0.029290575982242974,0.03198734350345021
0.016736736736736736,0.022120033488519944,0.02430587130224661,0.02690786162962369,0.029601827385370268,0.03232072178619045
0.01711711711711712,0.02237990559699105,0.024575428011625162,0.027202713664477313,0.02990573676945539,0.032658514034178604
0.0174974974974975,0.022634480003638813,0.024848014091805138,0.027497408096392034,0.030218724678119247,0.03299930940838521
0.01787787787787788,0.02289492668896569,0.025123178169255387,0.027796036563834003,0.030535311745449607,0.033343128299912955
0.018258258258258258,0.023164025451229336,0.02540108924760417,0.028099079117957983,0.030853319708152683,0.03368999116815864
0.018638638638638638,0.023425207049359378,0.02568163032636072,0.028401852067475114,0.03117094332830424,0.03403885198800012
0.01901901901901902,0.023688668693324404,0.025971011508862395,0.028706991602208555,0.03149219678222011,0.03438523767979434
0.0193993993993994,0.02395778153797147,0.026257508390302105,0.029017192555328974,0.03181839632039643,0.0347298304202608
0.01977977977977978,0.024229974699054933,0.026548493887344506,0.029327625449919056,0.032155567184344994,0.03508975183209835
0.02016016016016016,0.024503946552022288,0.026840388580728132,0.029641264245633906,0.03248763201030648,0.035450612911854196
0.020540540540540542,0.02478094419984376,0.027136808003377436,0.029958067029022702,0.03282378158890526,0.03582127540375708
0.020920920920920922,0.025060577411961077,0.02743182873924597,0.030281484888855983,0.03316655617943862,0.036179645984469155
0.0213013013013013,0.025344269615578965,0.027728987007762287,0.030610340133527505,0.033518880278074245,0.03654517692828279
0.02168168168168168,0.025627989999843587,0.02802945971375976,0.03093480578006621,0.033871852654486806,0.036890762926319716
0.022062062062062064,0.025919304138472876,0.028333892261947054,0.03126105920236205,0.03421761026085786,0.0372732550435727
0.022442442442442444,0.026209927594203368,0.028649976633578454,0.03159559469344228,0.03458052876487679,0.03763754054733439
0.022822822822822823,0.02649918366047944,0.02896700442482537,0.03193478982680215,0.034928204797936575,0.03801157588131315
0.023203203203203203,0.02679280922681685,0.02927826391967675,0.032272124091431494,0.03528187855527185,0.03838429459626679
0.023583583583583586,0.0270891545606011,0.029600998769938103,0.03261518829305171,0.03564620395768215,0.03876279535834733
0.023963963963963966,0.027387813393569573,0.029924403471083487,0.032961224768193374,0.03601528597866382,0.039147671550948705
0.024344344344344345,0.027689901108288426,0.030253530595254575,0.03330698477985805,0.0363882519310563,0.0395315991548937
0.024724724724724725,0.027995175137303496,0.03059273880198515,0.03366278519227929,0.036763794219689123,0.03992471691890257
0.025105105105105104,0.028303592865061265,0.030934457122063504,0.03401768834788825,0.03713791404299234,0.04032248014519049
0.025485485485485487,0.028615007097703635,0.031265985382162756,0.03437295101637123,0.037517383967977054,0.04071783055658689
0.025865865865865867,0.028929389091305727,0.03160062943032855,0.034733592275532514,0.03790448406756973,0.04112075867634167
0.026246246246246246,0.029248765078318403,0.03193998574213705,0.035101550231003135,0.03829128662335075,0.04151759401760266
0.026626626626626626,0.029568103705854294,0.03228467998347142,0.03547079076532356,0.038683040764395084,0.04192021874871232
0.02700700700700701,0.0298945830105759,0.03264384948813919,0.035844027261557755,0.039073992840547064,0.04233520659983164
0.02738738738738739,0.030227230555445118,0.0329922364506799,0.03621668738910242,0.03946891534530662,0.042746494499322184
0.027767767767767768,0.03056512519818676,0.03334923980703654,0.0365882760367728,0.039870139414223515,0.0431566824240894
0.028148148148148148,0.030905605123690866,0.03371182194487871,0.036966453167765895,0.04027374252373482,0.043584690693233584
0.02852852852852853,0.03125028504099316,0.034071260843012735,0.03735228835790333,0.040678699721046485,0.044009192760086156
0.02890890890890891,0.03159847678500173,0.034437870480580904,0.03773826732948057,0.04108398788808223,0.04442833386636207
0.02928928928928929,0.031949963007525436,0.03479733248779123,0.038122826403604364,0.04149243521975961,0.04486262228512868
0.02966966966966967,0.03230448265073156,0.035159480594649205,0.038513057212427586,0.0419059400457108,0.045296827378771054
0.030050050050050053,0.032662073852769945,0.0355525349507374,0.03891432328531763,0.04232568727638503,0.04571424189134146
0.030430430430430432,0.03302335139337856,0.03592583654624891,0.03931575725930164,0.042746519203218765,0.04615926358230091
0.030810810810810812,0.033387795473593815,0.03630152263347806,0.03972904247527076,0.04317088182308792,0.04661601241965354
0.03119119119119119,0.03375490919149825,0.03668196155858117,0.04013771717282254,0.04360038463435647,0.04705132803070931
0.031571571571571574,0.034118133536945795,0.03706645162860478,0.040549944360172396,0.04403346414656139,0.04749806112739657
0.031951951951951954,0.0344891516613047,0.037458654627593964,0.04096419835464119,0.044470142120633625,0.04795555069239992
0.032332332332332334,0.03486219882745596,0.03785799520236416,0.04138196466593122,0.04491055762739573,0.04841331755905836
0.03271271271271271,0.03523936985246856,0.038252660847178495,0.041803292335933814,0.045355211572097445,0.04888872044120067
0.03309309309309309,0.035617297314532954,0.03864320878939288,0.04223194124828687,0.04580353972293907,0.04935293421283593
0.03347347347347347,0.036001845562327786,0.039047671115470244,0.042661291592586165,0.04625674166542816,0.04981192706778813
0.03385385385385385,0.03639128134563371,0.039456868333320905,0.04309592549488092,0.04671277469066259,0.050287573664852966
0.03423423423423424,0.036784782902716674,0.03987219298159903,0.04352918719108169,0.04717194292386881,0.05077000627300336
0.03461461461461462,0.037183009144267316,0.040286452194153215,0.04396328340947814,0.04763073795434364,0.05124540441930012
0.034994994994995,0.037580355714609756,0.040705386235100185,0.0444020015711792,0.04809060199378994,0.051733214700892344
0.03537537537537538,0.03797638131092717,0.041131308781133774,0.044848245299034355,0.04856168134782303,0.05222109289263445
0.03575575575575576,0.03837674388084194,0.04155442485420978,0.04530077588096896,0.049046257256647484,0.052711753657081105
0.036136136136136136,0.03878288147527534,0.04198291174474134,0.04575645495850739,0.04952067709487214,0.0532028318922482
0.036516516516516516,0.03919311751866857,0.04241477240832669,0.04621351252799225,0.04999309531630826,0.05370434049204791
0.036896896896896896,0.03960871492866646,0.04284988572778117,0.0466709442973798,0.050478493778201336,0.05420142652152785
0.037277277277277275,0.04002362631281602,0.04328835074221007,0.04713614452932343,0.05096417798838071,0.05470538496786853
0.03765765765765766,0.04044776397854843,0.04373111605743625,0.047603278228127086,0.05145845368001296,0.05521319617318251
0.03803803803803804,0.040877473404655876,0.044177500088077165,0.04808171234346754,0.051956049254661595,0.05573758301567663
0.03841841841841842,0.04130251730046337,0.04462778543676841,0.04856639538087925,0.052457203059867154,0.056240458352735494
0.0387987987987988,0.04173971536710713,0.04508218757631084,0.04904265575899259,0.05296939151457597,0.05677547785841921
0.03917917917917918,0.0421753696418437,0.04554512902621392,0.0495261596818966,0.05347932188107445,0.057292823376024045
0.03955955955955956,0.04261791395709144,0.046005385214373626,0.05002569145564769,0.053994270924462275,0.05781928128244665
0.03993993993993994,0.043056971989958,0.04647750744742268,0.05051730306748781,0.05450574935083294,0.05835274611898739
0.04032032032032032,0.04351024094669846,0.04694933563359222,0.05101373739928828,0.05502688648630104,0.05889060618154381
0.040700700700700705,0.04396944769861265,0.0474142273862191,0.05151384144866502,0.055566637800821946,0.059446927031980054
0.041081081081081085,0.04442777032162599,0.04789175548158477,0.05201695718742359,0.05609737747313654,0.0600034071983454
0.041461461461461464,0.044890540835162154,0.04837665588951157,0.05253687910784368,0.056624306179173904,0.0605729881988451
0.041841841841841844,0.0453557344581206,0.0488714366245685,0.05305207056864701,0.05716524968585119,0.061120539163424734
0.042222222222222223,0.04582393706191312,0.049358314478515894,0.053575756961044586,0.05770756151901186,0.0616826184509702
0.0426026026026026,0.04629993441530143,0.049847182351665756,0.05409740540798552,0.05825495693252176,0.062271339584263334
0.04298298298298298,0.046776459084920646,0.05034884422923117,0.054619121243119684,0.05880749058113828,0.06288241436769736
0.04336336336336336,0.04725814057934955,0.050853835524835855,0.05514649694959309,0.059361086937420586,0.06346452399641542
0.04374374374374374,0.047735322354428136,0.05136601656480118,0.055684492921512736,0.059918509918611536,0.06406113274351921
0.04412412412412413,0.04822087665963995,0.051872045954012916,0.05622682891806283,0.06048660767827324,0.06463809197792982
0.04450450450450451,0.048718962469397935,0.05238584573478039,0.056771784372024736,0.06105536978434242,0.0652540520862777
0.04488488488488489,0.049222737303905695,0.05290948077041638,0.05732882248881955,0.061634196338474875,0.06586442970995442
0.04526526526526527,0.049725443037703924,0.05343433631351203,0.057883326350321763,0.062204509613117055,0.06647328591885009
0.04564564564564565,0.050236243510123,0.05396325175299885,0.058430972707638515,0.0627855165055024,0.06708995947284384
0.046026026026026026,0.05074941149766067,0.05449593185066749,0.05899179536700253,0.06338524118086866,0.06769559776240185
0.046406406406406406,0.051264780490553885,0.05503774951722513,0.05954995484409173,0.06397890039893159,0.06829609390057967
0.046786786786786785,0.05178448708384715,0.055585170100419405,0.060128168130443395,0.06456574696591999,0.06891026631809616
0.04716716716716717,0.052308558868380386,0.05614314555962589,0.060702526460494385,0.06516907389294625,0.06952876625770256
0.04754754754754755,0.052837018918848816,0.056681552594873674,0.061270369491573565,0.06576934412574754,0.07014341406503583
0.04792792792792793,0.05337020930950192,0.057239129114368154,0.06185513721220855,0.066377596890289,0.07075324617609702
0.04830830830830831,0.05390825276527907,0.057799993962311044,0.062443033706419716,0.06700223261177539,0.07139027243135426
0.04868868868868869,0.054450779042526876,0.05836370722204996,0.06303357778064536,0.06762448795847004,0.07202114319356911
0.04906906906906907,0.054995271084487325,0.05893389572962293,0.06363144518149126,0.06824656343701688,0.07266708354596059
0.04944944944944945,0.05554705774871401,0.059509876572330096,0.0642414267864347,0.06887514648465351,0.07330152211801519
0.04982982982982983,0.056102260891779075,0.06009046438916719,0.06485214334492602,0.06950399343418268,0.07395736568199072
0.05021021021021021,0.05665912614194376,0.060675236703851845,0.06546094448702999,0.07015329438451928,0.07461065230972808
0.050590590590590595,0.05721549635642108,0.061263725976343573,0.06607310261689409,0.07079533980292094,0.0752817993763616
0.050970970970970975,0.05779066436272893,0.061856514511711064,0.06669355311461928,0.07143967962335424,0.07596708978263263
0.051351351351351354,0.05834484258722807,0.062460868745853146,0.06732571294925523,0.07209580706399048,0.07661550297115295
0.051731731731731734,0.05890560489759551,0.063068613654103,0.06796416034967968,0.07275136241562866,0.07729968640146923
0.05211211211211211,0.059476524253331574,0.06368400247081829,0.06859766370257096,0.07341974558413404,0.07797982530324
0.05249249249249249,0.06005341270793323,0.06429268491703323,0.06923470317910685,0.07408725117832674,0.07865694303597849
0.05287287287287287,0.060636335994150393,0.06489478443403922,0.06987641281456977,0.0747547386858845,0.07932756543903217
0.05325325325325325,0.06122352226501909,0.06551461481747621,0.07052287854328201,0.0754248743315529,0.08003592582566735
0.05363363363363364,0.06183213768716071,0.06613795060844879,0.07117378906699075,0.07610609729255308,0.08072707420400739
0.05401401401401402,0.0624547783239149,0.06675264317823251,0.0718291289321087,0.07679201010762433,0.08141843649081063
0.0543943943943944,0.06305236223680005,0.06740962572678415,0.07249251356868137,0.0774787313196389,0.08212452164481363
0.05477477477477478,0.06366558562925957,0.06804621226488439,0.07317234660760621,0.07816820512140794,0.08283747426422076
0.05515515515515516,0.06428613668283666,0.06869362961166975,0.07385432333476984,0.07885601316100169,0.08354957183739964
0.055535535535535537,0.06491696318415012,0.06934743105291251,0.07453316298544231,0.0795462236405659,0.08426741791728402
0.055915915915915916,0.06554842204464027,0.06998613646293433,0.0752130062134698,0.08024921932610272,0.08500551744250692
0.056296296296296296,0.0661857775511603,0.07063740174406928,0.0759007229223404,0.08096219460193456,0.08576640154585834
0.056676676676676675,0.0668315142525707,0.07128976519896654,0.07659659693677849,0.08167198472712421,0.086515878115469
0.05705705705705706,0.0674823605024847,0.07196512055058427,0.07729101245172698,0.08238612883939436,0.08724638351331493
0.05743743743743744,0.06813629170760495,0.07264553472754946,0.0779929668271163,0.08310671751606065,0.087988837641714
0.05781781781781782,0.06879525187201188,0.07333808489868635,0.07870342541259316,0.08383418805823495,0.08876171373079703
0.0581981981981982,0.069453351782125,0.07402918451136296,0.07941706801709565,0.08457432938235401,0.08951562958456964
0.05857857857857858,0.0701145322219373,0.07471859941989378,0.08013025971631091,0.08532633511186254,0.09030449438299999
0.05895895895895896,0.07078063939511603,0.07540681979007469,0.08085545109795662,0.08607626516284302,0.09109444146482847
0.05933933933933934,0.07145348918326794,0.07610915394484173,0.08158595153809699,0.08681557012457182,0.09189916083610863
0.05971971971971972,0.07212571355462115,0.07681052425337412,0.08233268297639192,0.08756739606390088,0.09270041276499592
0.060100100100100105,0.0728059341384279,0.07752318447389425,0.08307008510305368,0.08833181615853847,0.09351484525804488
0.060480480480480485,0.0734926526587912,0.07824433677738368,0.08381192740649557,0.0890999920058571,0.09433475721091332
0.060860860860860864,0.0741920925176756,0.07897031156497586,0.08456108437063842,0.08986850027533339,0.09515533050012982
0.061241241241241244,0.07488925390696133,0.07969862072625658,0.0853237733531324,0.09064249190817138,0.09596885788577648
0.061621621621621624,0.07559332092134753,0.0804426741401309,0.08608125496121789,0.09142634608523821,0.09679041766120564
0.062002002002002,0.07629709748249348,0.08118989061030127,0.08684148121295886,0.09221541730796995,0.09761422694172801
0.06238238238238238,0.07700810015552831,0.0819277034766396,0.08760631203867368,0.09302157628720084,0.09844674594626138
0.06276276276276277,0.0777366951111526,0.08267434816017724,0.08838518264375125,0.09381786974471638,0.0992831711798352
0.06314314314314315,0.07844764337595239,0.08342210801452253,0.08917075546939168,0.094605974355654,0.10012172533271627
0.06352352352352353,0.07918844244771303,0.08419179655344311,0.08996407317675638,0.09541968107643645,0.10097040078427129
0.06390390390390391,0.07992557579121862,0.08496376576042912,0.09074549928291892,0.09622979125640956,0.10182614646273014
0.06428428428428429,0.0806817890851481,0.08572917557048496,0.0915447126119801,0.09705335706800002,0.10270269437302837
0.06466466466466467,0.08141911488426568,0.08651826303173704,0.09236832720267997,0.09789004939343252,0.10355355967607512
0.06504504504504505,0.08216848922449047,0.08730398765269548,0.09318065392229226,0.09871880935056135,0.10442032773219831
0.06542542542542543,0.08292782153319515,0.08809205103037429,0.093998556468379,0.09955890117988635,0.10529499731937218
0.0658058058058058,0.08368558511526802,0.08888875777747086,0.094821094700333,0.10039324681325057,0.10617385378482104
0.06618618618618619,0.08445727979321976,0.08969317324927628,0.09564913720699773,0.10123347698159003,0.1070476232489099
0.06656656656656657,0.08523540485707227,0.0905012193517137,0.09648551746774327,0.10208600756119733,0.10792194184828005
0.06694694694694694,0.08601029702372429,0.09131098782200696,0.09733780525744581,0.10295913923637097,0.10880061467732235
0.06732732732732732,0.08680047304160056,0.09211232783147248,0.09818757842484215,0.10381949085982597,0.10969514380251874
0.0677077077077077,0.08758979259500911,0.09293163261019002,0.09904361325681771,0.10468884325479164,0.11060492104535671
0.06808808808808808,0.08838838309725963,0.09377690595992426,0.09989913182449806,0.10557849879127613,0.11152004693054199
0.06846846846846848,0.08920275922300354,0.09460434348463964,0.10076418628073101,0.10648503520576046,0.11244112090625256
0.06884884884884886,0.09001250073414689,0.09546282662689662,0.10164016926366752,0.10738336013567074,0.11335815580644872
0.06922922922922924,0.09082775683676657,0.09627212960635484,0.1025164416136353,0.10827256384139153,0.11428129930123918
0.06960960960960962,0.09165354777080739,0.09711925804589891,0.10338963618548337,0.10916071908658674,0.11520050571214954
0.06998998998999,0.09248617330129345,0.09797027846056225,0.10427959893172381,0.11007513183354765,0.1161264165237809
0.07037037037037037,0.09331906251125867,0.09883411883890071,0.10517496527840768,0.11099865700582598,0.11708647711886724
0.07075075075075075,0.09415233211828059,0.09970447089968296,0.10606411503959368,0.11192092809870864,0.1180575536522479
0.07113113113113113,0.09498228376271071,0.10057208271299624,0.10697029982793241,0.11283919039833268,0.11901685145998754
0.07151151151151151,0.09583113968203986,0.10145295920006338,0.10786701848672337,0.11378125808315066,0.11995716873362693
0.0718918918918919,0.09668319437614496,0.10233924938029336,0.10877867998122034,0.1147153293625234,0.12091841444159468
0.07227227227227227,0.09754481027497097,0.10320765767757839,0.10969439657949039,0.11566688948618209,0.12190527833442112
0.07265265265265265,0.09841261828171705,0.10412748891803497,0.11061311374798027,0.11661514114212508,0.12289381010936991
0.07303303303303303,0.09928890876773526,0.10499615582060925,0.11154491047789149,0.11756178420303406,0.12389471238884009
0.07341341341341341,0.10018561827884989,0.1059050567439042,0.11249427761469817,0.11851985184426059,0.12490420572846077
0.07379379379379379,0.10108879650416333,0.10683619676617627,0.11343050183014565,0.11947117279184914,0.12591864557756238
0.07417417417417417,0.1020044047249023,0.10774859263580683,0.11437621636634696,0.12043728335320611,0.12692983524526397
0.07455455455455455,0.1029371041216729,0.10868232402641205,0.11533479022974974,0.12141974006627786,0.12793985557655096
0.07493493493493494,0.10384812767077076,0.10961742216528887,0.11629777663046287,0.12240974608212242,0.12899323388169545
0.07531531531531532,0.10476368362978707,0.1105462645287515,0.11726418513699272,0.12340068999584718,0.130012092572719
0.0756956956956957,0.10568589724914555,0.11149515630735533,0.11823441010436021,0.12439106189807947,0.13101068455099796
0.07607607607607608,0.10660687298839958,0.11245914849105366,0.1192141419653473,0.12538778365418005,0.1320361410778773
0.07645645645645646,0.1075109693837103,0.11343296905816709,0.12020938185421566,0.1263931953317384,0.13305693292916376
0.07683683683683684,0.10843016091284488,0.11439801376819907,0.12120209756630496,0.1274078185269743,0.13407740729657272
0.07721721721721722,0.10934695694991142,0.11536324901578637,0.122192755631901,0.12842736333095056,0.1351186741446823
0.0775975975975976,0.11026553127923522,0.11634230284051894,0.12318896190465335,0.1294760939419493,0.13618755111676178
0.07797797797797798,0.11120303067225765,0.11732078061186782,0.12420062105265532,0.13053207244540446,0.1372824077176288
0.07835835835835836,0.11216401849882354,0.11829786621967871,0.12521507388188777,0.13158655632003935,0.1383706286544793
0.07873873873873874,0.11311814682521552,0.11928300310755947,0.12622162274102655,0.13265003440092127,0.13945838949990116
0.07911911911911912,0.11410404455320786,0.12026064708231717,0.1272527077625486,0.13370992278390395,0.14051982213635708
0.0794994994994995,0.11506401687576374,0.12124758822662235,0.1282832354924948,0.1347634540526494,0.1416024001158008
0.07987987987987988,0.1160603757384817,0.12227009265565288,0.12932934490584921,0.13581741675210127,0.14274066932281695
0.08026026026026026,0.1170486963080339,0.123293527994096,0.13037889516497958,0.13688248646033788,0.1438838729291036
0.08064064064064064,0.11804326041566658,0.12433143052417076,0.13142156971794786,0.13794638100241824,0.14501973453015934
0.08102102102102102,0.11905072724196943,0.12536856547746006,0.13247652334981658,0.13902208854149226,0.146100640357152
0.08140140140140141,0.12007782574481465,0.12639243904740788,0.13353395070049878,0.14011772950264234,0.1472523808470078
0.08178178178178179,0.12107363528652795,0.1274313827441604,0.1346194876177556,0.14123138819383202,0.14836951985119706
0.08216216216216217,0.12211965121493952,0.128496034650005,0.13569621213004707,0.142336103314049,0.14952452756032492
0.08254254254254255,0.12315233834895842,0.12955536824356947,0.13678348160377826,0.14344557817166573,0.15064791261860055
0.08292292292292293,0.12419412691264786,0.13061877045533596,0.137879030128075,0.14459275674784763,0.1518083114451471
0.08330330330330331,0.12522324661983936,0.13169345055831005,0.13897848776074426,0.1457222362950049,0.15294651356916322
0.08368368368368369,0.12627224254331168,0.13276786632422127,0.14007618170885344,0.1468650608098554,0.1541106288595743
0.08406406406406407,0.1273474129327084,0.1338466527702095,0.14119668739003954,0.14800831531871367,0.15530252102098588
0.08444444444444445,0.12841190700989394,0.1349351711868385,0.142331252080301,0.14914610279210008,0.15649442720240034
0.08482482482482483,0.12948260224244798,0.13602480046966614,0.14344462365692393,0.15028784747377052,0.15770893226993302
0.0852052052052052,0.130558763553574,0.1371686805221442,0.14455816918028358,0.15144916631725558,0.15890957615319848
0.08558558558558559,0.1316295653934376,0.13830573941768934,0.14568701703180736,0.15262740136313305,0.1600933882894478
0.08596596596596597,0.13271973783406027,0.13940461108488456,0.14681279573346626,0.15380960291832194,0.16129904128540573
0.08634634634634634,0.13382215149598478,0.14050821198331084,0.14795251621086888,0.1549901509193285,0.16249378145677726
0.08672672672672672,0.1349336265190192,0.14162600407598672,0.14910516884694183,0.15618581765143588,0.16369886181327373
0.0871071071071071,0.13605171871996175,0.14276699437808035,0.15026339115808274,0.15736760488740018,0.16487646291286462
0.08748748748748748,0.13717310342442124,0.14391570401971382,0.15145048984943835,0.1585791563733752,0.16605455265159635
0.08786786786786788,0.13828472097867778,0.14505860849894603,0.15262620880123445,0.15977912232309024,0.16724166383181197
0.08824824824824826,0.13940859725714305,0.14621023956972756,0.15382006512178426,0.16098453934145934,0.16847745051733934
0.08862862862862864,0.14054176382713357,0.14739165902259807,0.1550043468847768,0.1622080551813011,0.16973792129294538
0.08900900900900902,0.14167356260174369,0.14855379805812063,0.15620753264379791,0.1634254663294952,0.17100761923057992
0.0893893893893894,0.1428136119729006,0.14972559470644609,0.15741483408633086,0.1646595333164582,0.17227463780873534
0.08976976976976977,0.143958296843389,0.15089057888462226,0.1586163348651432,0.16589199245492217,0.17354083674564794
0.09015015015015015,0.14510890793900522,0.15209687907587005,0.15983360272651836,0.16714445689306784,0.1748253126181841
0.09053053053053053,0.14626616627921094,0.1533131158157021,0.16103133610646825,0.16840117201663013,0.17611983843000065
0.09091091091091091,0.14743126474238175,0.15452861047020316,0.16226939041156896,0.16966338514927906,0.17740050810993088
0.0912912912912913,0.14860300687039707,0.15573750141776563,0.16350440583058826,0.17093357682218877,0.17872680469919808
0.09167167167167167,0.14977884927529256,0.15695226455606562,0.16477797530973445,0.1722345500094819,0.1800174959202873
0.09205205205205205,0.15096508732968647,0.15818074248235509,0.16603098669478408,0.17354228917055772,0.18135462685204662
0.09243243243243243,0.1521575023721582,0.15942551288467316,0.16729362814111756,0.1748540553861234,0.18268398214601825
0.09281281281281281,0.15336991562244276,0.16064486896161392,0.1685795805521101,0.1761807537409902,0.18401964195270587
0.09319319319319319,0.15457855010907343,0.16189960550545965,0.16983908895244848,0.17750469043258912,0.18534852004727037
0.09357357357357357,0.1558012261878733,0.1631597479954344,0.17111966052261046,0.17882561983765213,0.18667592151575632
0.09395395395395395,0.15702005011010636,0.16442071900681102,0.1724222449534571,0.18012370550597243,0.18800713408656727
0.09433433433433434,0.15825434283460404,0.16568607557641166,0.17373445542603633,0.18143480740131115,0.18934427594059916
0.09471471471471472,0.15948702072255802,0.16696900574455772,0.17504854380268076,0.1827468958133207,0.19068786313645436
0.0950950950950951,0.16073269672273774,0.1682548757207624,0.17634617297439922,0.18408262412029364,0.19203784542444363
0.09547547547547548,0.16200820676214223,0.16952396116795987,0.17764576190981046,0.18541646544184984,0.19339487033620711
0.09585585585585586,0.1632479331377491,0.17081515065250139,0.17895521781781634,0.18676221554175862,0.19475859406408325
0.09623623623623624,0.16450843201184015,0.17209548995047022,0.18027014079471188,0.18808916313084614,0.196128414591874
0.09661661661661662,0.16576409255702143,0.17340062106033902,0.18162752279900007,0.18945931182446973,0.19750494232420732
0.096996996996997,0.16704957880190185,0.17474147620186958,0.18296879338240088,0.1908290384927221,0.1988879130141695
0.09737737737737738,0.16831652910857442,0.17606294370666128,0.18432301399969736,0.1921988732421818,0.20027665715833434
0.09775775775775776,0.16961707972191964,0.17737207984427955,0.18567375674359088,0.19357879229514452,0.2016736299245772
0.09813813813813814,0.17087032556999676,0.17874521319020134,0.187015242449752,0.19496942587163343,0.2030759402469898
0.09851851851851852,0.17221342849537674,0.18015295673009696,0.1884010669721087,0.1963473964047527,0.20448489818429338
0.0988988988988989,0.17349777609784317,0.18150184218548276,0.18979808220105998,0.19773850212547678,0.205900917729652
0.09927927927927928,0.17484306788261908,0.18286349684033776,0.1911938953340847,0.1991780914377018,0.207330697055168
0.09965965965965966,0.17620314111325708,0.18422030861794422,0.19257391486606446,0.20061349751161298,0.20878757987026147
0.10004004004004004,0.1775335261786983,0.18557148813022117,0.19397254512013185,0.20204631468349868,0.21025655176933847
0.10042042042042042,0.17887800259181388,0.1869375089184544,0.19536361374155056,0.20346360250713585,0.21170088459259098
0.10080080080080081,0.18022326184922607,0.18833959945759124,0.1967871211457552,0.20490193320772274,0.21316183405288588
0.10118118118118119,0.18157858565589172,0.18971553394277682,0.19819898966359678,0.20633602206937285,0.2146038118829444
0.10156156156156157,0.18295561839378918,0.19106887568268757,0.1996305145811963,0.20778783363812675,0.21604286021555125
0.10194194194194195,0.18435121815522004,0.19249561612678392,0.20106158495009668,0.20926039875450497,0.21751151173038277
0.10232232232232233,0.1857191370384612,0.19391750285697276,0.20249424194126128,0.2107572696075091,0.21903954320047445
0.10270270270270271,0.1870940619912352,0.19533567872202148,0.20390754902377267,0.21222451925425811,0.22056668042738364
0.10308308308308309,0.18848128416633264,0.19677297890792117,0.2053711621666713,0.21368618839833337,0.22211575102129053
0.10346346346346347,0.18987584552130887,0.19821066266457876,0.2068393157020019,0.21515598387802579,0.22366361559981468
0.10384384384384385,0.1912815646173948,0.1996821602875185,0.20830194286997428,0.21662807675519838,0.22521600509030645
0.10422422422422423,0.19268984240728118,0.20111254864683434,0.20977387782312382,0.2181289398670883,0.22676967277743434
0.1046046046046046,0.1940896899713779,0.20258654951011087,0.21123650553106044,0.21961621762927347,0.22832353987493173
0.10498498498498499,0.19553454924095218,0.20403905095929037,0.21275992939918956,0.22114607898309283,0.22989445195310332
0.10536536536536537,0.19695145306131576,0.20550898959323705,0.21425954362473623,0.2227087427825757,0.23143739222669985
0.10574574574574575,0.19839848040162306,0.206987657246939,0.21575673239123802,0.22420616677203678,0.23301296660419474
0.10612612612612612,0.19985412738394134,0.208464591266163,0.2172684215224558,0.22573605279891126,0.2345379664549046
0.1065065065065065,0.20131133133358886,0.20995727049285434,0.21878012431536017,0.22729610000724187,0.23607090700888775
0.10688688688688688,0.2027858309054727,0.21147175910580313,0.22029656544530518,0.22884307119874236,0.23762076940112611
0.10726726726726728,0.20424283866624973,0.21297430717911417,0.22183976291681728,0.23037570668692037,0.2392045036005328
0.10764764764764766,0.20573053976722466,0.21448984799647408,0.22337861113626,0.23193476785297726,0.24086711824365453
0.10802802802802804,0.20721921551916833,0.21600891140323777,0.22492799103337965,0.23351125777693355,0.2424987280887659
0.10840840840840842,0.2087250683220109,0.21754637744280314,0.22650419916336306,0.23506634324994222,0.2441724489620105
0.1087887887887888,0.21022384424026958,0.21907969306932137,0.22806862580209783,0.23668361750315497,0.24572582573951893
0.10916916916916918,0.21173245910315205,0.22062003363187585,0.2296352962337706,0.23830674165098584,0.2473591122327044
0.10954954954954955,0.21324790398112958,0.22217423697505223,0.23119322595504305,0.23993306759038194,0.24894632393048316
0.10992992992992993,0.214756454457791,0.2237505176662723,0.23281560934073536,0.24153894848413418,0.2505883004469456
0.11031031031031031,0.21629842299004357,0.2253352914296642,0.23441293112593845,0.2431647507477038,0.25226996313780536
0.1106906906906907,0.217839173639994,0.22689650048257354,0.23599466724212037,0.24482763944246175,0.2539587403940039
0.11107107107107107,0.21940386027296285,0.22848540443825846,0.23758863439479927,0.2464420550641931,0.255664006229101
0.11145145145145145,0.2209774140260816,0.23008244049330284,0.23918633109289456,0.24808502509612662,0.2573344608684688
0.11183183183183183,0.22255490686130078,0.2316852867257894,0.2408205312050753,0.2497196697777976,0.2590827527858156
0.11221221221221221,0.2241245930372659,0.23329150550212688,0.24246667590247248,0.25136214678010205,0.26068244364426973
0.11259259259259259,0.22563376582591974,0.2349126347128646,0.2440881231328359,0.2530112560152779,0.26236700931816076
0.11297297297297297,0.22721071730720016,0.23650250906499176,0.24573634091870422,0.25467793056019167,0.264086659474418
0.11335335335335335,0.22877590035575562,0.23809818592021972,0.2474003940021382,0.25636252779468227,0.26582475526202387
0.11373373373373374,0.23035250091337411,0.23970713644838007,0.24906483429151938,0.2580386639378166,0.2675694219967401
0.11411411411411412,0.23198519191958142,0.24131770728259389,0.25069675161141347,0.25971858661513836,0.2692448181464437
0.1144944944944945,0.23352824626750956,0.24294521657621276,0.25234805600296445,0.26140051425122457,0.2709253047893608
0.11487487487487488,0.23521755757554627,0.24457094155117948,0.254024398208214,0.26308786510427673,0.27261065140021357
0.11525525525525526,0.23682399222431375,0.24623330449308994,0.255706065394637,0.2647847374915271,0.274296740012879
0.11563563563563564,0.23843618654220594,0.24787973391765278,0.2574149014432514,0.26648670061405716,0.27597633755574913
0.11601601601601602,0.24010414650113807,0.24958191424196338,0.2591085389600825,0.26819918134011766,0.27766043503803284
0.1163963963963964,0.24172927091457963,0.25123900878510846,0.2608381432361133,0.2699484942839631,0.2793864787987339
0.11677677677677678,0.24341416686705472,0.2529322245732586,0.2625352487096789,0.2716775790810536,0.28116205630708746
0.11715715715715716,0.24507706050881997,0.25462597470608733,0.26425410361978036,0.27347587302488974,0.28296454337028015
0.11753753753753754,0.24674085905152204,0.2563298569704019,0.2659712758112082,0.27521120819421757,0.28477276106622745
0.11791791791791792,0.2484283029473288,0.2580204529748624,0.2677013381035073,0.27697686145639744,0.2865181998539939
0.1182982982982983,0.2501295976286024,0.2597359045154554,0.2694026744748288,0.2787727769232262,0.2882590864317969
0.11867867867867868,0.25181500776749843,0.2614511620354753,0.27114008144953844,0.2805661818901486,0.290010695408836
0.11905905905905906,0.2535221694950335,0.2631673631933269,0.2728929472504935,0.2823168805076686,0.29176804913680665
0.11943943943943944,0.25519678693732933,0.2649061820526609,0.2746547305077839,0.28406386582124094,0.2935778645462305
0.11981981981981982,0.2569026614366111,0.2666293451604908,0.2764178218539012,0.2858849749622734,0.2953684416260525
0.12020020020020021,0.25861440100780664,0.26836732769577004,0.27818049717300003,0.28767667285887794,0.2971622988084847
0.12058058058058059,0.2603090948173813,0.27012220341349624,0.27993934383512736,0.28947595619445676,0.2989991931783731
0.12096096096096097,0.2619874052537562,0.2718741166716848,0.2817073949500761,0.29122263821786587,0.3008493480475153
0.12134134134134135,0.263710140760584,0.2736362609491745,0.28346562699572364,0.2930204693624839,0.3026967852662897
0.12172172172172173,0.2654481044245193,0.2753823900410002,0.28524157010351825,0.2948548211338802,0.3045555817948794
0.12210210210210211,0.26719060182661963,0.2771480650886066,0.28701038726145517,0.29663171666189475,0.3064281946782986
0.12248248248248249,0.2689787487301232,0.27891904241148674,0.2888136484430574,0.29846406466702213,0.3082978102858009
0.12286286286286287,0.2707456477554222,0.28071477046552085,0.2906202446417622,0.3003510333366435,0.3101767048837961
0.12324324324324325,0.27252599232480423,0.28251437050719796,0.292427133885204,0.30222745818354635,0.31204341973196403
0.12362362362362363,0.27432099526435194,0.28432553217166173,0.2942432876935069,0.3041160397474809,0.31392113871078914
0.124004004004004,0.2760918655492982,0.2861141156315045,0.29611207694115876,0.3059542520255997,0.31585911309795484
0.12438438438438439,0.2778712747713936,0.28795613324875186,0.2979723137197282,0.30777961137801657,0.31775648308462245
0.12476476476476477,0.2797050460770587,0.2897565980153043,0.29980387067303166,0.3096381463583404,0.3196701266451557
0.12514514514514516,0.2815564669418326,0.29157113046775246,0.30165036206281703,0.31151832140010816,0.3215893279878189
0.12552552552552554,0.2833811012833936,0.2934231216215901,0.303547327500278,0.3133887411300162,0.3234817337332064
0.12590590590590592,0.28521030102901657,0.2952387522364954,0.3053826914114432,0.3152873706427858,0.32536705326354126
0.1262862862862863,0.287026184743644,0.297112187826856,0.3072795190022326,0.3171912058100343,0.3272171628859394
0.12666666666666668,0.28876815932868627,0.298930052763996,0.30913833968653553,0.3190864413914178,0.3291739702835219
0.12704704704704706,0.29054882277324157,0.3008198427502484,0.3110318869706263,0.32100098078584455,0.3312086191612712
0.12742742742742744,0.29244460564073604,0.3027273187660154,0.3129301695657731,0.3229560229233685,0.3330738667051829
0.12780780780780782,0.2942909356848207,0.3046198731742807,0.31482139928330866,0.3249080199795758,0.335000289678233
0.1281881881881882,0.2962156751417458,0.3064981511943669,0.3167220160466409,0.3268584562661125,0.3369711663588848
0.12856856856856858,0.2980291821815643,0.30837202462027086,0.3186388384687597,0.32881479293504584,0.3389606687880101
0.12894894894894895,0.2999088931103315,0.31030348011495107,0.3205476798987204,0.3307545287161604,0.3409151922363663
0.12932932932932933,0.3017845635574883,0.3121537513730656,0.3224779406260248,0.3327302657111624,0.3429274442603107
0.12970970970970971,0.3036278240902025,0.31400169243989773,0.324409830569259,0.33469679275990183,0.3449228087796601
0.1300900900900901,0.30549524238790116,0.3158566375064156,0.3263329644355058,0.33667898195656043,0.34690936156323476
0.13047047047047047,0.30735877888100593,0.31777075495504004,0.3282249675643227,0.33861993440039506,0.34891468036125045
0.13085085085085085,0.3092930509238687,0.31969138557810733,0.33016936935071894,0.3406221909959559,0.3509434454707371
0.13123123123123123,0.31110800189555776,0.3216078305354957,0.3321423003751494,0.3426206218995354,0.35296560978232017
0.1316116116116116,0.3130191782887974,0.32352821752078925,0.33408202456369257,0.3446167893353357,0.354987851220805
0.131991991991992,0.31486248744992995,0.32541830904480434,0.3360299394308816,0.34657193255229984,0.3570149614643973
0.13237237237237237,0.31678465758328084,0.32733553200966253,0.33799298301122194,0.3485611783149382,0.3590547539258209
0.13275275275275275,0.31872690604676324,0.32936219990838883,0.3399456814368854,0.3505433194983414,0.361100473199969
0.13313313313313313,0.3206823606695287,0.33128506795126167,0.34193158472286184,0.35255855685836246,0.3631694878950802
0.1335135135135135,0.3226548754059711,0.33324240922212717,0.34392325930135986,0.35458702987748897,0.36522693929650224
0.1338938938938939,0.3245956874841307,0.33522319555979957,0.3459327157295487,0.3566122912775495,0.36733524585571253
0.13427427427427427,0.3265326324200523,0.3371899662541361,0.3479144012633173,0.35865166880266164,0.3694030409226129
0.13465465465465465,0.32846189839176987,0.3391657299711974,0.34988011077774783,0.360684269931293,0.37152405370220565
0.13503503503503503,0.33041063987519054,0.34113508666665965,0.3519007520102955,0.3627308190000356,0.37359776314734583
0.1354154154154154,0.33240226337177675,0.34313083943158124,0.3538979605700016,0.3647500746132481,0.3756729252764809
0.1357957957957958,0.3343730104934714,0.34514898968943536,0.35592731452766674,0.36677242163133,0.377757389958841
0.13617617617617617,0.3363446062616502,0.34714752112396785,0.3579630122008418,0.3688273016962973,0.3798479678503769
0.13655655655655657,0.33829935000468725,0.3491763853724332,0.3599996883940909,0.3709359407717728,0.38194453055092215
0.13693693693693695,0.34028194085552105,0.3511953507372383,0.3620459084734915,0.37301685190995953,0.3840405463909078
0.13731731731731733,0.34219662176955123,0.3532197010251729,0.36412879483522054,0.3750403008559037,0.3861411697982741
0.1376976976976977,0.34420174078059085,0.3552650120237511,0.36617340126808484,0.37706856414877316,0.38825788923563115
0.1380780780780781,0.346221033872641,0.357273011100711,0.3682715929687965,0.3791356203211172,0.3903795150226582
0.13845845845845847,0.34818595981432515,0.3593034567623491,0.3703780269459791,0.38126542156178367,0.3925054712605861
0.13883883883883885,0.3502086192748497,0.3612966470492442,0.37246952407741,0.38340375526465864,0.394639117387404
0.13921921921921923,0.35223790335759375,0.3633014526427295,0.3745594560074189,0.3855380039029116,0.39678723590369075
0.1395995995995996,0.35424802253684845,0.3654033990786674,0.3766199871996454,0.387681707388621,0.39894231547449804
0.13997997997998,0.356210793747424,0.3674408811526864,0.3786916693281903,0.38981194422773735,0.40109589421722225
0.14036036036036037,0.3582794695858964,0.3695264593060921,0.3807717419133389,0.3919595124373147,0.4032303281795514
0.14074074074074075,0.36032025434735143,0.3715775865409039,0.3828878753743557,0.39413131304909044,0.40540266396067315
0.14112112112112113,0.36236756856578134,0.3736491889630382,0.38499159138223005,0.3962152509116401,0.4075911237241107
0.1415015015015015,0.3644248251786225,0.37575454177420414,0.38705207912042444,0.39836874901093955,0.40976542833062884
0.1418818818818819,0.366483954141484,0.3778414598713127,0.38916606589946845,0.4004845004380243,0.4119446239507132
0.14226226226226227,0.3685821414492825,0.379929068558169,0.39128399618138676,0.4025865924382533,0.41412473584476767
0.14264264264264265,0.37068341507099395,0.3820603557163692,0.39340228314587505,0.40473722113750604,0.416316244665544
0.14302302302302303,0.3727347718067862,0.3841387506209167,0.39553600999529925,0.4069164395412174,0.4184937299169245
0.1434034034034034,0.37473944567617634,0.38619176816838613,0.3976403333651313,0.409104864015647,0.4206777027324635
0.1437837837837838,0.3768383964922025,0.3882346000205146,0.399781965958086,0.41131128511012494,0.4228962169427298
0.14416416416416417,0.3789232776453863,0.39032854077889473,0.40186695578052284,0.4135055751362668,0.42501468056497693
0.14454454454454455,0.3810717936485612,0.3924141592428067,0.4040317818303911,0.41572103416825584,0.4272058017369269
0.14492492492492492,0.38321028868897833,0.3944854633559316,0.4061721320340859,0.4178941531353134,0.4294443742400268
0.1453053053053053,0.38530909219820875,0.3965479563766289,0.4083121003589922,0.4200963784153956,0.43169278761842556
0.14568568568568568,0.387405232876995,0.398642054036576,0.41050336210176236,0.4223126586226691,0.43395797672343805
0.14606606606606606,0.3894645688070935,0.4007842273192941,0.41267755532567324,0.4244972534669159,0.43620169810719733
0.14644644644644644,0.39158720272062264,0.40293754210824806,0.41481519013492774,0.426726763480096,0.4384477746543104
0.14682682682682682,0.3937077286170107,0.4050878226289613,0.41700412108006013,0.42892755295526225,0.440696291248158
0.1472072072072072,0.39577128335533385,0.407227387071316,0.4191682109442094,0.43115018900372665,0.44296912786492965
0.14758758758758758,0.39783520304268666,0.4094254423089837,0.42138695630823303,0.4333845658209676,0.4452255697292847
0.14796796796796796,0.3999032737551672,0.41154613564442794,0.4235720758915685,0.4356124793481897,0.4475175787930235
0.14834834834834834,0.4020186923183987,0.4137154396630778,0.42578909775174023,0.43782452726013243,0.44978322428314443
0.14872872872872872,0.40418594876601455,0.415875766397937,0.4280169905976191,0.4400811998827251,0.45206737758722126
0.1491091091091091,0.40638214129379663,0.41802297947030526,0.43021700355438547,0.44232902700699117,0.4543329544487165
0.1494894894894895,0.4085687093923871,0.42017313133929385,0.4324746665657621,0.44453550565538763,0.456658662785647
0.1498698698698699,0.41074257257160474,0.422309686665661,0.4346405790515504,0.4467585452738956,0.4589992209728103
0.15025025025025027,0.41295908557880384,0.42447540394903954,0.4368941703286524,0.4490030714340102,0.4612480827291147
0.15063063063063065,0.4151959794350025,0.42662212820312684,0.43913230512426416,0.451233871864132,0.46350452620590676
0.15101101101101103,0.41734202079572197,0.42883891412623665,0.4413549218403495,0.45346931053138495,0.46577660528360787
0.1513913913913914,0.4194099709521524,0.4310494650729231,0.44354989937136124,0.455752804443243,0.4680357834171893
0.15177177177177179,0.4215959917993685,0.4332706261457415,0.44577964227955535,0.45799555553377513,0.47030038908775446
0.15215215215215216,0.4237254896022304,0.43544555916281635,0.4480642144086394,0.46027491474717785,0.4726448327976854
0.15253253253253254,0.425822314087175,0.43763247035339325,0.4503177427919499,0.4625007451757997,0.4749349870448058
0.15291291291291292,0.4279893951363251,0.439820131286079,0.4525378718484716,0.46479937246521635,0.47720524971758305
0.1532932932932933,0.4301424299753106,0.442067056314986,0.45483019843184974,0.467072186487825,0.47947839406877907
0.15367367367367368,0.43234850805471786,0.44419988174466374,0.4570642357315235,0.4693565382071062,0.48178273937589977
0.15405405405405406,0.4345614707601428,0.44646200032389693,0.45934602070045694,0.47160107845990984,0.4841091033151242
0.15443443443443444,0.43678451513231553,0.448656660462487,0.461595402761406,0.473848242973104,0.4864520844208965
0.15481481481481482,0.43897947120840486,0.45085345213788447,0.4638647250155332,0.4761553539736956,0.4888043660524155
0.1551951951951952,0.44116316780649695,0.45305468315165437,0.4661337051964177,0.4784148880286769,0.49116622173070335
0.15557557557557558,0.4433633808876977,0.455246569878735,0.46842514120348555,0.4807206505937948,0.49353871119889536
0.15595595595595596,0.44554576089890957,0.45747882709075116,0.4706603908426573,0.48303411360251935,0.4958673755689397
0.15633633633633634,0.44773534946827176,0.4597332332826451,0.4729430182416843,0.4852964860286176,0.49821703696447345
0.15671671671671672,0.44993176639880433,0.46196808438573506,0.47523990625755014,0.48764999440498374,0.5005842782846464
0.1570970970970971,0.45213076453901574,0.4642619604828878,0.47751281508555016,0.48996409926005624,0.5029461607475467
0.15747747747747748,0.45434278241255155,0.46654509896654706,0.47979849992613743,0.49228638222773125,0.5053249687470563
0.15785785785785786,0.45659161145742144,0.46874118817538096,0.4821139678880249,0.49459115083906147,0.5077333204525903
0.15823823823823824,0.4588459514204623,0.4710386304350347,0.48441338805727835,0.49691863770225525,0.5101967226975194
0.15861861861861862,0.46113905281018036,0.47334006630529224,0.4867745860144214,0.4992340412910871,0.5125311032699148
0.158998998998999,0.4633993761029912,0.47558572756347073,0.4890337309760936,0.5015755415069102,0.5149626804015682
0.15937937937937938,0.4655548266167658,0.4778548891467449,0.49132922363271464,0.5039996122833474,0.5173301224707154
0.15975975975975976,0.46773778393777954,0.4801040831801185,0.4936053739109354,0.506305216454671,0.5196873821676118
0.16014014014014014,0.4700221432989465,0.48235409829183507,0.4959252476093676,0.5085918986076335,0.5220331489621739
0.16052052052052052,0.47229119833864275,0.48461252993500115,0.49822446760621447,0.5109587031739745,0.5244066280442704
0.1609009009009009,0.47457279907903965,0.48693722546783297,0.50054392294907,0.513259897027255,0.5268305118946612
0.16128128128128127,0.47677052020903526,0.4892980856408624,0.5028564887443812,0.5156678658238866,0.5291774032101128
0.16166166166166165,0.47893643135991026,0.4916580938423689,0.5052046130492867,0.5180014059810844,0.5315677384518804
0.16204204204204203,0.4811732236150281,0.49393663111425684,0.5074794731245645,0.5203772156729921,0.5339565551959919
0.16242242242242244,0.4833820196318544,0.4961991235816384,0.5097361842875016,0.5227580411129691,0.5363469178009266
0.16280280280280282,0.4856631211769144,0.4984759259141363,0.512121572620687,0.5250868962400465,0.5387306075021547
0.1631831831831832,0.487938420116588,0.5008132578381492,0.5144889096006181,0.527393091814273,0.5411306522584401
0.16356356356356358,0.49019491659083103,0.5030762470362079,0.5168110505467509,0.5297212439877326,0.5435420720372363
0.16394394394394396,0.4924991365484543,0.5053780447452909,0.5190937940089057,0.5321198105972313,0.5459376610755162
0.16432432432432434,0.49481014542052426,0.5076872339476101,0.521425456630605,0.5345092954906002,0.5483563085916591
0.16470470470470472,0.4971061715067664,0.5099963396193379,0.5237645044121988,0.5368825463832463,0.5507743761762491
0.1650850850850851,0.4993906055366519,0.51230936688102,0.5260813671339214,0.5392423931072956,0.5531854692967624
0.16546546546546548,0.5017027099452929,0.5145897635426948,0.5283947386806364,0.5416642451315786,0.5555961977885391
0.16584584584584586,0.5039157414994989,0.5168638648373814,0.5307085695285554,0.5440350585701581,0.557961489005351
0.16622622622622624,0.5062139159481798,0.5191729242682473,0.5330845482435278,0.5464760664251272,0.5604219085022258
0.16660660660660662,0.5084966479924361,0.5214693378571194,0.5354770623731445,0.5489020456901496,0.5628406443032324
0.166986986986987,0.5108519194579565,0.5237712000060597,0.5378197055902262,0.5513065224534974,0.5652596134614312
0.16736736736736738,0.5131431554997713,0.5260480342811013,0.5401721964047693,0.5537053233219865,0.5675927407961345
0.16774774774774776,0.5154859018182797,0.5283592046636506,0.542520350243643,0.5560316748337039,0.569892757213458
0.16812812812812813,0.5178104771818312,0.5306370733028206,0.5448608149490708,0.5584044584634467,0.5723746935613481
0.16850850850850851,0.5200622026021525,0.5329219276142435,0.5471932937429999,0.5607456680463986,0.5748062163492021
0.1688888888888889,0.5223359722284124,0.5351763079474151,0.5495254589447901,0.5630899659731043,0.5771322495488523
0.16926926926926927,0.5245701726501073,0.5374743091169145,0.551827332479499,0.5654563489115016,0.5796547168062254
0.16964964964964965,0.5268405567907903,0.5398444209903208,0.5541729278594895,0.5678516621757274,0.5820340150235634
0.17003003003003003,0.5291373164605662,0.5421965269678163,0.5565029093243258,0.5702525653962893,0.5843977499491395
0.1704104104104104,0.5314017253746162,0.5445230794663614,0.558855273598256,0.5726667922030314,0.5867995268897984
0.1707907907907908,0.5336739164527181,0.5468990564697176,0.5612411499296251,0.5750821658743608,0.5893131301186473
0.17117117117117117,0.5359406343853806,0.5492187578052485,0.5635835021376844,0.5774881421582593,0.591844350953748
0.17155155155155155,0.5382248910083595,0.5515864456473341,0.5659311135653341,0.579913284806025,0.5942944853526326
0.17193193193193193,0.5405005358147544,0.5538955759846347,0.5682724132889053,0.5822317741856043,0.5967109864653793
0.1723123123123123,0.5427942901558022,0.5561954041707652,0.5705843290226317,0.5845907409279493,0.5989840066989497
0.1726926926926927,0.5451242737632003,0.5585616739930154,0.5729019712165586,0.5869324052241445,0.601349532596599
0.17307307307307307,0.5474545271552637,0.5609142977453278,0.5752335012175198,0.5893022052774942,0.6037552620465283
0.17345345345345345,0.549777416316282,0.5632092332491125,0.577598233152409,0.591727950846193,0.606231587787428
0.17383383383383383,0.5520817738849734,0.5655115456739784,0.5799458145670253,0.5941152720940723,0.60868140375187
0.1742142142142142,0.5542293577252034,0.5678780145339661,0.5822715506187784,0.5964944457288457,0.6112163811125938
0.1745945945945946,0.5564685689199969,0.5701727559846964,0.5846559851352546,0.5988156801243989,0.6135328902841497
0.17497497497497497,0.5587290190426776,0.5725169819724697,0.5870290160941335,0.6012474349699816,0.6159511459339027
0.17535535535535537,0.5610368951318262,0.5748391489272624,0.5893477218443788,0.6036784455298508,0.6184760166646388
0.17573573573573575,0.563342167313606,0.5771541342446355,0.5916750733135762,0.6061158393510271,0.6209284318587345
0.17611611611611613,0.5656530751294578,0.5794326773619893,0.5940502747564,0.6085929932760281,0.623340272328279
0.1764964964964965,0.5679938233154987,0.5816938599695977,0.5963626614756294,0.6110073562653875,0.6257562771891609
0.1768768768768769,0.5702378832950772,0.5840230575157204,0.598712058347612,0.6134561435559005,0.6282336270158303
0.17725725725725727,0.5724881601415253,0.586300959567381,0.6010694828437805,0.6158625112850397,0.6306895006170156
0.17763763763763765,0.5747438770586372,0.5886484145697299,0.6034475246388341,0.6182765481983934,0.6330121086415657
0.17801801801801803,0.5770049537950801,0.590983530361602,0.6058030894050627,0.6206633957045515,0.635312100806523
0.1783983983983984,0.5792912916809526,0.5932816230791004,0.6081377877827807,0.623074379515598,0.6377075597486533
0.1787787787787788,0.5815819683081578,0.5955141478116732,0.6104448400576864,0.6254591369500339,0.6401626209696397
0.17915915915915917,0.583832928805961,0.5978618958726767,0.612737372669446,0.6278516580901279,0.6426532413190484
0.17953953953953955,0.5861562722061587,0.6002368691340275,0.6151248813302798,0.6302435029269404,0.6451252218664189
0.17991991991991993,0.5885048774690873,0.6026006425022482,0.6174188176634224,0.6326743386692046,0.6475926383342924
0.1803003003003003,0.5908552107012722,0.6049235790976962,0.6197690401017026,0.6350848245131778,0.6499536558721348
0.1806806806806807,0.5931801576152466,0.6071840920376192,0.622126868588229,0.6374529502643708,0.6523891217836018
0.18106106106106107,0.5954995258004959,0.6095078875644411,0.6244929601130004,0.639817758640199,0.6548036388527436
0.18144144144144145,0.5977517276448449,0.6118021168719845,0.6268375598545908,0.6422010717582799,0.6571827146306561
0.18182182182182183,0.6000069857445419,0.6140648615463239,0.6291209899687032,0.6445641725738629,0.6595824008539084
0.1822022022022022,0.602253846852075,0.6164088456822653,0.631451106868692,0.6469335440468422,0.6619687536815556
0.1825825825825826,0.604550469064201,0.6187107737343681,0.6338218239187834,0.649318744644976,0.6643485207259445
0.18296296296296297,0.6067596103251115,0.6210006239290311,0.6361335053268939,0.6517168496731215,0.6667915047926929
0.18334334334334335,0.6090192823460913,0.6233361042200766,0.638427959508723,0.6540755320279777,0.6692278130728764
0.18372372372372373,0.6112574806878658,0.6256553487964098,0.6407218531917743,0.6564325902676674,0.6716136274783817
0.1841041041041041,0.6135159010519888,0.6278970446172523,0.6430160462075518,0.6588058928830229,0.6740379435137704
0.18448448448448448,0.6157565648162967,0.6301879662842315,0.6454223225886371,0.661123856701819,0.6764165947308624
0.18486486486486486,0.6180133524069352,0.6325074329673476,0.6476711675750013,0.6634787534919883,0.678805147078586
0.18524524524524524,0.6203502666395199,0.634824079653044,0.64999858902026,0.6658248435633398,0.6811808069502028
0.18562562562562562,0.6225659852471039,0.6370771210437363,0.6522603972960073,0.6682287313117213,0.6835684727442066
0.186006006006006,0.6248575721675612,0.6394046123649747,0.6545605966258824,0.6706017680385619,0.6859506527158218
0.18638638638638638,0.6270528961494091,0.6417127020904642,0.6567992697350995,0.6728941259674859,0.6885185626322928
0.18676676676676676,0.629253963718377,0.6439592408358799,0.6591541655277178,0.6753028680838561,0.6908534291652618
0.18714714714714714,0.6314539482920903,0.646204708395747,0.6614728004507924,0.6776849735545941,0.6932368877420538
0.18752752752752752,0.633664315887291,0.648457726366898,0.663800680435807,0.6800662664956539,0.6957097632249473
0.1879079079079079,0.6357930206202924,0.65069468148529,0.6661235479083045,0.6824528556933186,0.6981189493862384
0.1882882882882883,0.6379983094561379,0.6530075184775573,0.6684149678512458,0.6848140721914335,0.7004375445954224
0.1886686686686687,0.6402531164375075,0.6552314150518099,0.6707492382725008,0.6872022144376417,0.7027701427491514
0.18904904904904907,0.6423842938134298,0.6575255734226402,0.6730618284922538,0.6895520086705674,0.7050803082202236
0.18942942942942945,0.6446068522202677,0.6597792042812205,0.6753460019429037,0.6918877005129894,0.7074263896160151
0.18980980980980983,0.6467493894644213,0.6620026849458571,0.6776155798115553,0.6942294577995113,0.7096918350755199
0.1901901901901902,0.6490308615892065,0.6641986523619744,0.6799164867525002,0.6965620635738352,0.7120148825566593
0.19057057057057059,0.6512139377900069,0.6664385697233757,0.6822030597349932,0.6988897417861335,0.7144099155938785
0.19095095095095097,0.6534048966332097,0.668666267368286,0.684498586083975,0.7012163674107151,0.7166962459375412
0.19133133133133134,0.6555863965242117,0.6708812576731344,0.6868254729835127,0.7034973816872341,0.7189780578720757
0.19171171171171172,0.6577576288143027,0.6731036426207878,0.6890635311680875,0.705828168528872,0.7212796952519175
0.1920920920920921,0.6599236812636047,0.6753548446686616,0.6913570518866664,0.7081382798354319,0.7236200239077316
0.19247247247247248,0.6620946391327843,0.6775852098467844,0.6935938249775866,0.7104187415830578,0.7259202190749926
0.19285285285285286,0.6643051469332085,0.6797984930400421,0.6958716199738164,0.7127078726836021,0.7282137223836842
0.19323323323323324,0.6665623649917084,0.6819684216152001,0.698120927903787,0.7149749972351075,0.7304838275194862
0.19361361361361362,0.6688128556239742,0.684167299755417,0.7003089155602361,0.717212838731428,0.7327439081067514
0.193993993993994,0.6710339726673282,0.6863610689155109,0.7025525647390484,0.7194382819013808,0.7350107231718473
0.19437437437437438,0.6733005706477293,0.6885307650500591,0.7048089250102757,0.7216843119382282,0.7372924395641507
0.19475475475475476,0.6755442373542793,0.6907774798240256,0.7070223004624752,0.7239534080377767,0.7395653485835499
0.19513513513513514,0.6777710529001336,0.6929758223763288,0.7092625772324556,0.7261899948610907,0.7418298020385945
0.19551551551551552,0.6800044024559052,0.6952038601763298,0.7114816011438936,0.7284421432316067,0.7441187436924493
0.1958958958958959,0.6822425341170945,0.6974345635643587,0.7137141290147107,0.7307289226784625,0.7463077878545433
0.19627627627627628,0.6844745536718352,0.6996425607720699,0.7159093433740176,0.7329847541276944,0.7486214411575635
0.19665665665665666,0.6866469448640501,0.7018585912063822,0.7181422417994139,0.7352263140210875,0.7509143901261399
0.19703703703703704,0.6888573897494734,0.7040585130721227,0.7203444012848075,0.7374355444314123,0.7531328940746892
0.19741741741741742,0.6910567270118916,0.7062006658531055,0.7225927452907309,0.7396508935836764,0.7553880163258047
0.1977977977977978,0.6932163381323394,0.7083424911513383,0.72473959745198,0.7418878570895242,0.757586323646685
0.19817817817817818,0.6953570117670289,0.710445520125595,0.7269377636932844,0.7441096064767473,0.7598702374236838
0.19855855855855856,0.6974326979672776,0.7126261458487353,0.7290984837286731,0.7463515595833758,0.7621232073727731
0.19893893893893894,0.6995053198026674,0.7147874985674543,0.7312342878969922,0.7485427704585896,0.7643308528359277
0.19931931931931932,0.7015649103434263,0.7168795717728261,0.7333666183858275,0.7507347438895696,0.766527204959416
0.1996996996996997,0.703582978550974,0.7190394839477043,0.735486758620032,0.7528527479763079,0.7687551083601861
0.20008008008008007,0.7056955041764036,0.7211702634289184,0.7376314959656806,0.7551176006541868,0.7709166911887035
0.20046046046046045,0.707838556781229,0.7232657142879526,0.7397556101827155,0.7573516340972491,0.7731503009344759
0.20084084084084083,0.709940771237821,0.7253842091182486,0.741854445371177,0.7595131933089538,0.7753806733220855
0.2012212212212212,0.7121032039401272,0.7274911782327351,0.7440168581657515,0.7616785127849411,0.7775858161625521
0.20160160160160162,0.7142071579964802,0.7295907720982359,0.746197442598172,0.7638975994113086,0.7797392485429967
0.201981981981982,0.7162331102357345,0.7316692171514397,0.748323798788637,0.7661450986973914,0.7818943601072282
0.20236236236236238,0.7182473970110871,0.7337379241287681,0.7504500339304275,0.7683234882570166,0.7840489021579178
0.20274274274274276,0.7203445337097316,0.7358447233360945,0.7525774044464263,0.7704370339520377,0.7862080185302758
0.20312312312312314,0.7223262154752844,0.7379482907972331,0.7546744378139918,0.7725245557177566,0.7883542464819326
0.20350350350350352,0.724357808238113,0.7400421034351317,0.75678781306819,0.7746533009111012,0.7905036112343762
0.2038838838838839,0.7264409869035149,0.7421725268899922,0.7588813098904742,0.7768147150813506,0.7926127950222389
0.20426426426426428,0.7285435601524277,0.7442496302166203,0.7609640981662754,0.7789591497581231,0.7947865850484126
0.20464464464464466,0.7306342211563112,0.7463589474485629,0.7630606815740764,0.7810515516834321,0.7968714902358112
0.20502502502502504,0.7327212270078686,0.7484721804838355,0.7651721046270418,0.7831467086937538,0.7990124560174018
0.20540540540540542,0.7347902511877561,0.7505301566141739,0.7672593264104786,0.7852173873309174,0.8011318260708208
0.2057857857857858,0.7366915156100862,0.7525026991795107,0.7693102607076208,0.7873199787565929,0.8032271604237466
0.20616616616616618,0.7386449493821894,0.7544995720600535,0.7713534567233687,0.7894074825717124,0.8053150291248564
0.20654654654654656,0.7406332972497596,0.7564730449722508,0.7733530507941725,0.7914933495091542,0.8074028812226866
0.20692692692692694,0.7426435967638594,0.7584942778495997,0.7753947415533726,0.7936057069951062,0.8094771934378066
0.20730730730730731,0.7445845151915903,0.7604803322582385,0.7774680744518898,0.7957186186156839,0.8115485002356319
0.2076876876876877,0.7465233285125745,0.7624744108176564,0.7795243257111596,0.7977805519786786,0.8136608664592351
0.20806806806806807,0.7485144822319444,0.7644555170279611,0.7815352447076143,0.7998234503901975,0.8158214599000457
0.20844844844844845,0.7503727221316543,0.7664324113094545,0.783541492093839,0.8018274513745038,0.8179239255043397
0.20882882882882883,0.7522886515646939,0.7684170716090163,0.7855317705825965,0.8038153062462702,0.8200130007159832
0.2092092092092092,0.7542839385421434,0.7704156123419943,0.7874804565897096,0.8058390079010439,0.822005105361038
0.2095895895895896,0.7562254462872474,0.7723733867673491,0.7895112079718268,0.8078574506256389,0.8240369096370846
0.20996996996996997,0.7581215827287848,0.7743255732572247,0.7915072397288309,0.8098639109526953,0.8260375499486496
0.21035035035035035,0.7601431046588365,0.7763168498429852,0.7934756546593713,0.8118519912851032,0.8280383457526294
0.21073073073073073,0.7620824698867713,0.7782260459399877,0.7954548144499194,0.8138524933533006,0.8299359706749698
0.2111111111111111,0.763968924086957,0.780196319064348,0.7974187464666463,0.8158305171369946,0.8319633744903419
0.2114914914914915,0.7657839090336875,0.782097413000212,0.7994334775980684,0.8178776127409989,0.8339776303877423
0.21187187187187187,0.7676517092779214,0.7840068284873948,0.8013992239467393,0.8198281378544662,0.8359079684521669
0.21225225225225225,0.7695630996166926,0.7859218973398566,0.803401235758532,0.8217740543644071,0.8377367871008062
0.21263263263263263,0.771437680979052,0.7878275995046687,0.8053112620476836,0.8237483196033021,0.8396336484351394
0.213013013013013,0.7733151115316513,0.7897201998058071,0.8071725073762028,0.8256215919906398,0.8415823146814018
0.2133933933933934,0.7752196901931626,0.7916383970064511,0.8090704127405731,0.8275628205295772,0.8434980062021972
0.21377377377377377,0.7770830513006628,0.7935354056504214,0.8109320972304468,0.8295402812225953,0.8454292423461528
0.21415415415415415,0.7789466541112898,0.7953513347038634,0.8128294619553358,0.8314405568477568,0.8473754621585473
0.21453453453453455,0.7807440580287144,0.7972137767205222,0.8147255996998987,0.8333655908799416,0.8493337212127557
0.21491491491491493,0.7824866363832788,0.7991746043566038,0.816587822133989,0.8352435908482974,0.8512728959001927
0.2152952952952953,0.7842791550845594,0.8009242516516162,0.8184151744692316,0.837173110956095,0.85323398309224
0.2156756756756757,0.7861799113699007,0.8028029545134993,0.8203384295640068,0.8390910172974495,0.8551555471709954
0.21605605605605607,0.7880621948490671,0.8046753082092358,0.8221758449510987,0.8409204703678538,0.8570321514151059
0.21643643643643645,0.7899616575521722,0.8065269269872806,0.8240445455662629,0.8427236643307603,0.8588717565009429
0.21681681681681683,0.791832184577409,0.8083279947069743,0.8258850107870174,0.8445713946275797,0.8606820407837625
0.2171971971971972,0.7937074850636419,0.8101302527186058,0.8277058245070309,0.8463546857644251,0.8625595585079299
0.2175775775775776,0.7955828365176968,0.8119646324980592,0.8295319934524448,0.8481720757244546,0.8643903177404959
0.21795795795795797,0.7974361235602816,0.8137833282044172,0.8313342624635192,0.8499721054059709,0.8661889448874339
0.21833833833833835,0.7992455761136368,0.8155688251573094,0.8331428525305411,0.8517779600431336,0.8679940368349
0.21871871871871873,0.8010430478210263,0.8173708300283139,0.8349181948500761,0.8535670988025595,0.869885207056859
0.2190990990990991,0.8028078199092625,0.8191525996745158,0.836628511449517,0.8553047527708412,0.8718145359919113
0.2194794794794795,0.8044701287880359,0.8208926915095701,0.8383491982055945,0.8570343837543762,0.8736683673103885
0.21985985985985987,0.806198471813404,0.8226651427628141,0.840125209082325,0.8587718363653619,0.8753451909474987
0.22024024024024025,0.808076980030474,0.8244295263780723,0.8418819906478927,0.8605263558231135,0.8770475464190158
0.22062062062062063,0.8098443619183774,0.8261897864119149,0.8436634684711584,0.8623412702253956,0.8787289976575947
0.221001001001001,0.81158408268877,0.8279211470666427,0.8454237436865929,0.8640561686474137,0.880503389679736
0.2213813813813814,0.8132250164108208,0.8296604748600215,0.8470993763317318,0.8657298766253567,0.8821806613011824
0.22176176176176177,0.8149954756857452,0.8313088845813702,0.8487887034520893,0.8674585811076975,0.8839457767525056
0.22214214214214215,0.8167091719206664,0.8329206110345952,0.8504624835827904,0.8691607517870183,0.8856897194412167
0.22252252252252253,0.8183487017372233,0.8345615946062079,0.8521796853881072,0.8709142038974235,0.8874693302137244
0.2229029029029029,0.8200028122513189,0.8362417223337044,0.8538887297876424,0.8726253558426992,0.8890041752460821
0.22328328328328328,0.8216884071770778,0.8379388788210211,0.8555521736914867,0.8742411476099378,0.8907783699486346
0.22366366366366366,0.8233243816091638,0.8395991611945091,0.8571990828582681,0.8757899732824245,0.8925292815663313
0.22404404404404404,0.8249582716734801,0.8412445155165889,0.8588394224491361,0.8774835793859337,0.8942453177846051
0.22442442442442442,0.826604535465647,0.8428892682028237,0.8604954573327125,0.8791403132166384,0.8959211239702423
0.2248048048048048,0.8282164205097622,0.8446219301735425,0.8620800407586409,0.8807608505770742,0.8974335392167027
0.22518518518518518,0.829776287238693,0.8461544688094681,0.863707203164489,0.8823460295127256,0.8991595747644058
0.22556556556556556,0.8314250091916479,0.8477428562354637,0.8652896609059595,0.883930804601046,0.9007934800137115
0.22594594594594594,0.8329404448375745,0.849316735215935,0.8669277677013029,0.8854711277131805,0.9023056872212979
0.22632632632632632,0.8344411584904132,0.8509208535352013,0.8685045626973513,0.8870107268034103,0.9037572584634925
0.2267067067067067,0.8359178198682901,0.8525073224511637,0.8700374731329854,0.888575270260804,0.9055046099632587
0.22708708708708708,0.8373587423549508,0.8540407277348754,0.8716243551501281,0.8901067618393852,0.9069998882494097
0.2274674674674675,0.8388172059825177,0.8555478959917885,0.8731936791831876,0.8916652030265969,0.9086050276840713
0.22784784784784787,0.8402947155805466,0.8569783611405013,0.8747202385581644,0.893189290800232,0.9102033270623194
0.22822822822822825,0.8417200550370517,0.8584294543140047,0.8762057204567473,0.8946867364800668,0.9117489454959485
0.22860860860860863,0.8432787813900368,0.8598933076254095,0.8777008870965184,0.8961907324062461,0.9133329473415421
0.228988988988989,0.8447729585411741,0.8614029708560758,0.879189291670628,0.8976621749569867,0.9148349107971048
0.22936936936936939,0.846264293816921,0.8629269585163438,0.8806806531146237,0.8991294878248853,0.9163697517493075
0.22974974974974977,0.847747927966037,0.8643795895424445,0.8821117845458188,0.9005853448226487,0.9178202576401102
0.23013013013013014,0.849170433634605,0.865767073686987,0.8835351473094174,0.9020873102054766,0.9192708132341866
0.23051051051051052,0.8507089959226475,0.8671548486660323,0.8849957312651919,0.9035764939339466,0.9207566320931728
0.2308908908908909,0.8521437688432058,0.8685988545749809,0.8864149257282036,0.9050546185579584,0.922259285352383
0.23127127127127128,0.8535776176711822,0.86994456434923,0.8878179138348573,0.9065226247745606,0.9237759584483191
0.23165165165165166,0.8549867409525205,0.8712818858171901,0.8892443766798303,0.9078938149427228,0.9251333473247467
0.23203203203203204,0.8564651948809969,0.8726202829145474,0.8905998549608374,0.9092875296252348,0.9265673180445854
0.23241241241241242,0.8579094194322554,0.8740590481190651,0.8919807614310359,0.9106779916253164,0.9279871012839023
0.2327927927927928,0.8592570955562484,0.8754753353761792,0.8934009743367572,0.9120579678083868,0.9293717717049076
0.23317317317317318,0.8606847509029045,0.876821669202962,0.8947941193897436,0.9134471881751969,0.9307123443151974
0.23355355355355356,0.862089470805495,0.8781798285976721,0.8961426200422724,0.9148276395680677,0.9321667417871489
0.23393393393393394,0.8633667344970222,0.8794651887291511,0.8974892637591775,0.916116763030468,0.9334147925734652
0.23431431431431432,0.8646764671791844,0.880716517137282,0.8987975359327072,0.9174762752973082,0.9348746142913187
0.2346946946946947,0.8659668606372191,0.8820574687946379,0.9001174564266435,0.9187556196791825,0.9360310429224828
0.23507507507507508,0.8672913898228986,0.8834799945568768,0.9014020789569436,0.9199676908669954,0.9375424855172584
0.23545545545545546,0.8686825068796556,0.8847303856448909,0.9026938187584553,0.9212403945195977,0.9386370282441834
0.23583583583583584,0.8700009437720838,0.8860118167331148,0.9039991759269068,0.9225375170811025,0.9398131821569142
0.23621621621621622,0.8713331545688306,0.8872672405552667,0.9053077286343684,0.9237970281081934,0.9411278334647202
0.2365965965965966,0.8726270482220665,0.8885265748741081,0.906504002837538,0.9249964372224163,0.9422698435492612
0.23697697697697698,0.8738488954956659,0.8897331747955777,0.9076791592875745,0.9261793535140671,0.9434159820807915
0.23735735735735736,0.8750147622976233,0.8909182348074136,0.9089054346378675,0.9273633968502922,0.9446140268503441
0.23773773773773774,0.8763290440530854,0.8921268000052539,0.9100940771150535,0.928553863190565,0.9457625611617752
0.23811811811811812,0.8776255139773899,0.8933374272504854,0.9112978889283238,0.9297266752062545,0.9470096875543286
0.2384984984984985,0.8788193138195035,0.8945106853032742,0.9124628883499514,0.9309720045429313,0.9482260535221807
0.23887887887887888,0.8800506251803146,0.895634834085764,0.9135998003961857,0.9320959803536522,0.9494340892505649
0.23925925925925925,0.8813156819263249,0.8967408705064308,0.9148110473175363,0.9332166959244468,0.950618055588237
0.23963963963963963,0.8825056743025524,0.8979345290579948,0.9159581086667615,0.9343338341195423,0.9518086751515783
0.24002002002002001,0.8835534267895213,0.8990287059083701,0.9170784046056435,0.9354491896364053,0.9529481533784357
0.24040040040040042,0.8847463694071198,0.9002125565155644,0.9181877142321819,0.9365646267264648,0.954038041944586
0.2407807807807808,0.8858654230754197,0.9013104574173096,0.9192922854334198,0.9376851747149909,0.9551647289101984
0.24116116116116118,0.8869279908432719,0.9024882610283805,0.9203813721695447,0.938735901276283,0.9562639718211436
0.24154154154154156,0.8880356315276225,0.9035469283836918,0.9214805386498811,0.9398159932985745,0.9573387405685814
0.24192192192192194,0.8891870688714066,0.9046157973808818,0.9225697231701163,0.9408270115683708,0.9583850249975252
0.24230230230230232,0.8902159467979469,0.905712031210915,0.9235524070499803,0.9419056381301396,0.9593093731273893
0.2426826826826827,0.8913382067135034,0.906709602775084,0.9245920739872155,0.9428865623689898,0.9602890902675763
0.24306306306306308,0.8923488089045893,0.9077356701472543,0.9255726468879583,0.9438632316025508,0.9611341238662391
0.24344344344344346,0.8933179641416797,0.9087485997801766,0.9265410825467496,0.944868583471082,0.9621084918433139
0.24382382382382384,0.8942779221503652,0.9097467258151716,0.9275187477444705,0.945858740752737,0.9630880843173326
0.24420420420420422,0.8952186381127348,0.9106757490880087,0.9284875330697812,0.9468370082683313,0.9640438449235749
0.2445845845845846,0.8961524822087522,0.9116398430786187,0.9293778731700248,0.9477885011949793,0.964940607814855
0.24496496496496498,0.897058422700306,0.9125820183833178,0.9303536246766865,0.9486601882190137,0.9659046657047033
0.24534534534534536,0.8979517583851285,0.9135188635155975,0.9312780308991777,0.9495648557820116,0.9668203856642371
0.24572572572572574,0.898838491052082,0.9144761606205223,0.9321930974984463,0.9504971636552262,0.9677097876601622
0.24610610610610612,0.8997183179279893,0.9154004665257967,0.9331448101372042,0.9513425567249184,0.9685756649034889
0.2464864864864865,0.9006513130845374,0.9163002482356103,0.9339976856213891,0.9521645978504008,0.9694114948182854
0.24686686686686687,0.9015079569554567,0.9171899248177761,0.9348638757185801,0.9529798177837104,0.97018250570059
0.24724724724724725,0.9023513234391262,0.9181109998770776,0.9357258903054706,0.9538047360904648,0.9708964958847308
0.24762762762762763,0.9032188987612155,0.9190215065715868,0.9365761948589687,0.9546299990997377,0.9716859797910484
0.248008008008008,0.9041465370889301,0.9198600371829154,0.937386226138143,0.9554049721676222,0.9725145680760088
0.2483883883883884,0.9049684508484354,0.9206841108916948,0.9381739220212822,0.9562961317066517,0.9733430034240689
0.24876876876876877,0.9058427447580258,0.9215589528692528,0.938935257916946,0.9570342857014132,0.9741388496405284
0.24914914914914915,0.9065882388344488,0.9223923396027486,0.9397044167217631,0.9577412161499745,0.9749118727778116
0.24952952952952953,0.9073858471012625,0.9232448205717336,0.9404720519353329,0.9584319159862761,0.9756592720375681
0.2499099099099099,0.9080475247247657,0.9240226356090759,0.9412367536367473,0.9591330879856166,0.9764023344299271
0.2502902902902903,0.9087112784646451,0.9248480879766378,0.9419843511291087,0.9597675843380972,0.9770094524935968
0.25067067067067067,0.9093625111615429,0.9255772965338539,0.942647947802108,0.9605258083256144,0.9776820270329429
0.2510510510510511,0.9100741466641957,0.9263568675983984,0.943327083590081,0.9612253666905637,0.9783671778995302
0.25143143143143143,0.9107379239534198,0.9270898315903158,0.944033197168845,0.961931475232203,0.9790193657651954
0.25181181181181184,0.9114565090715392,0.9278182425160777,0.9447355794075765,0.9625926038408684,0.9796860771308337
0.2521921921921922,0.9121686673508249,0.9284841791658809,0.9453618099421293,0.9632029988326727,0.9803488961413425
0.2525725725725726,0.9129091461287966,0.9291391591629626,0.9459602578761065,0.9637377889803606,0.9810052201170572
0.25295295295295295,0.9135648471676631,0.9297616611756954,0.9465635577397424,0.9645092470195945,0.9816793052047316
0.25333333333333335,0.9142525476491079,0.9304619230794581,0.9471485549892787,0.9651449652335458,0.982304504475956
0.2537137137137137,0.9149464733941713,0.9310550942284248,0.9477251366731115,0.9656622550725301,0.9829066687625838
0.2540940940940941,0.9156720076677598,0.9317054010442409,0.9483214985287297,0.9663241746242054,0.983478486558123
0.25447447447447447,0.9164488786333256,0.9323607736419052,0.9488787843626458,0.9668899695843327,0.9839106453303146
0.2548548548548549,0.9169369674126944,0.9329711765786334,0.9494676981706175,0.9674229920155106,0.9842947242504814
0.2552352352352352,0.9174429985135736,0.9335011782207696,0.9499840342854519,0.9680039624779436,0.984751739858188
0.25561561561561563,0.9179905284200264,0.9340429853429624,0.9505893815973255,0.9684328556508061,0.98519152201351
0.255995995995996,0.9184583837552878,0.9346018802592096,0.9511689489048751,0.9688594092344435,0.985761482897402
0.2563763763763764,0.9189064073593688,0.9350562591237316,0.9516854063189766,0.9693550768249097,0.9862631211218674
0.25675675675675674,0.9193183892980398,0.9355004846567118,0.9520961284063074,0.969799564976236,0.9867324482838632
0.25713713713713715,0.9197461311514789,0.9359680474106447,0.9525445736415487,0.9702828857382987,0.9871325073974243
0.2575175175175175,0.9202291623778586,0.936445350929252,0.953001136100702,0.9707607857240552,0.9875036682622294
0.2578978978978979,0.9207248105665773,0.9369235922346367,0.9534329175821117,0.9710693079050026,0.987868943670343
0.25827827827827826,0.9212203660888961,0.9373208949789794,0.9538992833245951,0.9713642012975129,0.9883237897149252
0.25865865865865867,0.9217177148581438,0.9377572072655128,0.9542466304773742,0.9717256957420122,0.9886868365185953
0.259039039039039,0.9222287222217275,0.938175935902677,0.9546040547783047,0.9721227582930025,0.9889032249103127
0.25941941941941943,0.9226910098898119,0.9385647126816992,0.955008520386662,0.9725123965202968,0.9892281171916828
0.25979979979979984,0.9229409670037756,0.9390051304187453,0.9553617668172536,0.9728621788982327,0.9895918620003518
0.2601801801801802,0.923319931307389,0.9393523146958423,0.9556392051491447,0.9731093467954012,0.9897356676076113
0.2605605605605606,0.9237378928855876,0.9396750710612133,0.9560108814976598,0.9734394240835774,0.9899390856164701
0.26094094094094095,0.9240958805396385,0.9399775734743523,0.9563134163261262,0.9737970143832089,0.9900969941101675
0.26132132132132135,0.9243898878944762,0.9403155908896184,0.9566387505697129,0.9740274456486824,0.9902986189970114
0.2617017017017017,0.9247078716920973,0.9406539964078959,0.9568761837755343,0.9742278628108487,0.9904835873794429
0.2620820820820821,0.9249773585600412,0.9409408520429838,0.9570719300831602,0.9744166198949092,0.9906465299290351
0.26246246246246246,0.9252598738848105,0.9411195243948718,0.9573429113558439,0.9747141186353735,0.9907842280923799
0.26284284284284287,0.9255120361006511,0.9413749073194031,0.9575938415670188,0.9749089219786782,0.9910570999446606
0.2632232232232232,0.9257483512881401,0.9416873740977697,0.9577800741134942,0.9751358727230444,0.991292272145611
0.26360360360360363,0.9259838401152927,0.9419021856156224,0.9579893228826484,0.9753174277013346,0.991457147142528
0.263983983983984,0.9261019794850398,0.94206647471298,0.9582194155694453,0.9754573550650778,0.9916778489170706
0.2643643643643644,0.9262847389234719,0.94223779743003,0.9583408600838609,0.975599297160024,0.9916941340362504
0.26474474474474474,0.9264573162569099,0.9424108255067287,0.9584679445343111,0.9758030745392472,0.9918166918609388
0.26512512512512515,0.9266607732022174,0.9425627771878026,0.958554751616962,0.9759608789718278,0.9919637421223564
0.2655055055055055,0.9266681075458988,0.9426397163930792,0.9587059790306206,0.9759600971155294,0.9921192759894772
0.2658858858858859,0.9268224149447163,0.942762446764943,0.9588654932531662,0.9759595616807498,0.9921353698228068
0.26626626626626626,0.9269746147238135,0.9429351021510147,0.9589578345843164,0.9759604773529497,0.9922155222780628
0.26664664664664667,0.9271115509751796,0.9429726825013321,0.9591290651409385,0.9759840104992644,0.9922246359508374
0.267027027027027,0.9272172689783943,0.9430398135564124,0.9591503895472965,0.9760198866394522,0.9923009877326103
0.2674074074074074,0.9272352588825206,0.9431581654044866,0.959165085488008,0.9760266548892412,0.9923062846875985
0.2677877877877878,0.9274170445035977,0.9431817763704661,0.9592330858422384,0.975996420249668,0.9923443578545625
0.2681681681681682,0.9274862430927655,0.9432575400920569,0.9592400469003168,0.9760214405431821,0.9923595388806462
0.26854854854854854,0.9273888653985368,0.9432806886427467,0.9592969343742421,0.9759622892496815,0.9923071779926685
0.26892892892892895,0.9274492953892742,0.9433186188253886,0.9593088520971519,0.9758839715350702,0.9922522237659994
0.2693093093093093,0.9273926475544418,0.9433098044425497,0.9593125215923104,0.9758800261381582,0.9922080885472748
0.2696896896896897,0.9273445159052737,0.9432740718544099,0.9592697721149872,0.975787105925047,0.9921666850435326
0.27007007007007006,0.9273367880229261,0.9432446529359944,0.9591416248650622,0.9756816391234816,0.9920447603326124
0.27045045045045046,0.9273575612286175,0.9431941522500595,0.9590135318058105,0.9756024267265958,0.99203102273254
0.2708308308308308,0.927281563567812,0.9431144770556007,0.9589543770072393,0.9755160540374959,0.9919109727014989
0.2712112112112112,0.9271693311249313,0.9431143899152926,0.9588659648479666,0.9753847344739021,0.9917570576899626
0.2715915915915916,0.9271074973523058,0.9430680280321849,0.9586797770771922,0.9751875521151852,0.9915777711390863
0.271971971971972,0.9270520672353341,0.9429474428908707,0.9584685113432586,0.9750356979464153,0.9912687437760828
0.27235235235235233,0.9268544883827075,0.9427859845410207,0.958298299596448,0.9748214958775738,0.9910565356084141
0.27273273273273274,0.9266639673082155,0.9426041939705436,0.9581548676081085,0.9746694377794785,0.9908498314637391
0.27311311311311315,0.9264687950802898,0.9423894852853609,0.9580005543047815,0.9744845353725288,0.9906399996568803
0.2734934934934935,0.9262723736347898,0.942212053061468,0.9577867885732537,0.9743140995237893,0.9903709146251685
0.2738738738738739,0.9260717481107554,0.9419561365162796,0.9575772632062675,0.9741240926489028,0.9901061501150538
0.27425425425425426,0.9259311305498644,0.9417427922234654,0.9573139881615716,0.9739074046732806,0.9898155007585561
0.27463463463463467,0.9257017688596089,0.9414773661550588,0.9569699935829753,0.9736292911334415,0.9895002486388516
0.275015015015015,0.9254991181571506,0.941166163562173,0.956719372491603,0.97340218620176,0.9891984420975074
0.2753953953953954,0.9251404721851617,0.9408363149651305,0.9564934944615786,0.9730554427726904,0.9888671200420961
0.2757757757757758,0.9248483169646469,0.9405456512037842,0.9561772705826349,0.9727200872105196,0.9885046532267345
0.2761561561561562,0.9245552250034003,0.9403417822847583,0.9558243967532855,0.9722888734495421,0.9881488172402143
0.27653653653653654,0.924185920200948,0.9400414992336247,0.9555097552697517,0.9719175439452599,0.9877121530335831
0.27691691691691694,0.9237648000827728,0.9397183916119503,0.9550958095316543,0.9715224450536664,0.9873354144636822
0.2772972972972973,0.9233695924902364,0.9393245129319622,0.9547452728574183,0.9711679373889318,0.9869453131294297
0.2776776776776777,0.9230049932322482,0.9390156106365778,0.9543837871969861,0.9707943929895457,0.9865191522264364
0.27805805805805806,0.922593173211154,0.938650624040071,0.9540086175810057,0.9703535821935677,0.9860416317107967
0.27843843843843846,0.9221626654265869,0.9383447698503738,0.9536224253973686,0.969905345188344,0.9855901894780331
0.2788188188188188,0.9217399196224046,0.9379171261796018,0.9531258747684564,0.9695284609109583,0.985199264834389
0.2791991991991992,0.9213793405022246,0.9375535203331349,0.9526831118172923,0.9690569300265671,0.9847813307582419
0.2795795795795796,0.9209346994343495,0.9371167160144209,0.9521796791287135,0.9685677102358812,0.9843440819474983
0.27995995995996,0.9205515260144252,0.9366623895991779,0.9517349725696556,0.968058240591065,0.9838001968911043
0.28034034034034033,0.9201469622505214,0.9362577059915868,0.9512434003270163,0.9675586154187806,0.9832559260276154
0.28072072072072074,0.9196255052364323,0.9358181121025442,0.9507487339575513,0.9670164511480088,0.9826670103119581
0.2811011011011011,0.9190539725201468,0.9354113395741251,0.9503112571495336,0.9664940549780823,0.9821999476892992
0.2814814814814815,0.918501938487806,0.9350156448041279,0.9498416296704145,0.9659941499018994,0.9816159568399221
0.28186186186186185,0.9179790916074451,0.9344059053377609,0.9492330388224247,0.9653842702204901,0.9810070275746295
0.28224224224224226,0.9174348997922633,0.9338396116817445,0.9487526467792665,0.9648202296018613,0.9803081154323534
0.2826226226226226,0.9168624106653491,0.9332428218276086,0.9481484421621655,0.9642478928664877,0.9796605329878069
0.283003003003003,0.9162209097426965,0.9326218676713791,0.9475635146288006,0.963566587686379,0.9791480944417005
0.28338338338338337,0.9156813459148129,0.9320165073992922,0.9469937440495796,0.9629358463456327,0.9785979242166842
0.2837637637637638,0.9151022582193458,0.9314114314730281,0.9463690301581702,0.9622791875076785,0.977854550487359
0.28414414414414413,0.9142925219690247,0.9306768669950214,0.94566464815467,0.9616260454075963,0.9769931294910592
0.28452452452452454,0.9137713750059309,0.9300070793291867,0.9449857600457288,0.9609329893139513,0.9761442464395428
0.2849049049049049,0.913218906878437,0.9292307081795017,0.9443778673083534,0.9602729741741948,0.9754301051432435
0.2852852852852853,0.9125474530772758,0.9286307362119385,0.9437480906428387,0.9595643730445568,0.9746821492427064
0.2856656656656657,0.911829548311949,0.9279510423256448,0.942995834938658,0.9589910454585118,0.9739525817405363
0.28604604604604605,0.9111013278699852,0.927268382029958,0.9423309232054872,0.9581834761605129,0.9731955346428393
0.28642642642642646,0.9104301576034648,0.9265676024920831,0.9416191422554462,0.9575016076872949,0.9725668071731554
0.2868068068068068,0.9096428059978071,0.9258500619625072,0.940898490015425,0.9566552091594467,0.9719188161258033
0.2871871871871872,0.9088173552002798,0.9251710739982351,0.9401129752968344,0.9558196796390438,0.9712605230745683
0.2875675675675676,0.9080161925025576,0.9244345239254532,0.9393505250237557,0.9550139597752821,0.9704112701853944
0.287947947947948,0.9071613572379263,0.9235276020842703,0.9385387957164542,0.9542374111748794,0.9695168430382832
0.28832832832832833,0.9064078796541953,0.9227128458416624,0.9376833612532713,0.9534317056033444,0.968622097115389
0.28870870870870874,0.9056597635155884,0.9218696170715324,0.936896979604276,0.9525644309016702,0.9677154568468233
0.2890890890890891,0.904821819917186,0.9211203242500312,0.9361105207537046,0.9517197850475059,0.9670589752241809
0.2894694694694695,0.9039206617168942,0.9203221933366618,0.9353351787666759,0.9508869103802144,0.965963134339
0.28984984984984985,0.9030263566919435,0.9194280354399509,0.9344135674257121,0.9501346825920722,0.9651981635141247
0.29023023023023026,0.9021994435598436,0.9186039815043703,0.9335156368925188,0.9492400913453093,0.9643412066538035
0.2906106106106106,0.9013685171631617,0.9176559775709371,0.932652027273686,0.9483579562144331,0.9634120080815485
0.290990990990991,0.9005146211219667,0.9167444908030972,0.9317993143979012,0.9475197759274417,0.962484154583768
0.29137137137137137,0.8996447845290475,0.9158054671938255,0.9309008470825084,0.9466652628452608,0.9615473003158916
0.2917517517517518,0.8987612744585617,0.9149137272657806,0.9299661419926013,0.9456875280551027,0.9606529302088015
0.2921321321321321,0.8978721073546413,0.9139417304842851,0.9289898565835822,0.9447184803810663,0.9596356053237615
0.29251251251251253,0.8969657765644705,0.9129526146272277,0.9280878078102014,0.9437461476426096,0.9585635512645644
0.2928928928928929,0.8960503360409087,0.9119988948907869,0.9271200389679194,0.9428040956452189,0.9575957514243397
0.2932732732732733,0.8951187171827941,0.9110541358101459,0.9260608447807542,0.9417723034271686,0.9566159399448101
0.29365365365365365,0.8940931390326612,0.9100812503689053,0.9250974409613408,0.9407801201092076,0.9556308655144689
0.29403403403403405,0.8930656572916313,0.9090671391611903,0.9240461088956511,0.9397956940555258,0.9545216945337448
0.2944144144144144,0.8921525133278649,0.9080338349931651,0.9230011314826305,0.9387739879820968,0.9535978589761747
0.2947947947947948,0.8912050451351022,0.90696975681097,0.9219624345660883,0.9377475050702163,0.9525036627619904
0.29517517517517516,0.8901977012918793,0.9059265459795715,0.9209114581109997,0.9366817977411255,0.9514829335691021
0.29555555555555557,0.8889882622970031,0.9048514630172807,0.919853346200373,0.935625877383143,0.9504186672091389
0.2959359359359359,0.8877073095034291,0.9037215402880251,0.918820521153099,0.9345429810808404,0.9493976944632939
0.29631631631631633,0.8864552388282314,0.9025658834507878,0.9177188362370974,0.9334859464948112,0.94832777732034
0.2966966966966967,0.8853123224481132,0.9015146119503694,0.9166307118062985,0.932338038172294,0.9472189044768873
0.2970770770770771,0.8841503629053273,0.9003120046184842,0.9154874689458642,0.9312578337624671,0.9461167372434767
0.29745745745745744,0.8829714056976227,0.8991796693743084,0.914371639785731,0.9301298817134275,0.9449959334466413
0.29783783783783785,0.8817913123904257,0.8978799935813667,0.9131833310695165,0.9289912183809176,0.9438515481705628
0.2982182182182182,0.880685683814667,0.8967668832095299,0.9119746537418353,0.9278199728307327,0.9426813083299362
0.2985985985985986,0.8794390349786014,0.8955373388659189,0.9107932697949351,0.9265941791869037,0.941508452855881
0.298978978978979,0.8783089863809326,0.8942847242619822,0.9095752482239414,0.9253765869246058,0.9403399445867537
0.29935935935935937,0.8770955397989271,0.8931025051756697,0.9083724291550923,0.9241918287603608,0.9391387354257839
0.2997397397397398,0.8759329476986929,0.8918852321341947,0.9070989010841263,0.922946292393823,0.9379071546223738
0.3001201201201201,0.8743420363587188,0.8906960665232778,0.9058353085956917,0.9216933380686989,0.9366674410548723
0.30050050050050053,0.8727616414411883,0.8894007934777074,0.9045884177834205,0.920498170434974,0.9354377277681257
0.3008808808808809,0.8715439411544644,0.8882167145789425,0.9033487758232542,0.9192352639803039,0.9341956471942235
0.3012612612612613,0.8704707922379308,0.8869787767448137,0.9021144233625995,0.9179651248628756,0.9329634072987997
0.30164164164164164,0.8693657523235279,0.8856472470466712,0.9008798851404365,0.9166830045911509,0.931650703952943
0.30202202202202205,0.8683134872695865,0.8844335818673663,0.8995920766549834,0.9155008848131374,0.9303495865609205
0.3024024024024024,0.8666805085812154,0.8832048002763974,0.8982659547149846,0.9141296682236674,0.9290984516794948
0.3027827827827828,0.8653992151965688,0.8818331935949418,0.8968844418575138,0.9128449829641234,0.9278505750943398
0.30316316316316316,0.8641308243659388,0.8804431993124587,0.8955151216030073,0.9115685873808349,0.9265854848006446
0.30354354354354357,0.8628093985464917,0.8790368758641384,0.8941185463178304,0.910233959737312,0.9252758329038488
0.3039239239239239,0.8613317324742649,0.8776925478702499,0.8926387197491403,0.9089277859947325,0.9239551938197675
0.30430430430430433,0.8597228729558749,0.8762812281297945,0.8912526379695134,0.907548704384422,0.9225375965881478
0.3046846846846847,0.8584027214694472,0.8748349065419144,0.8898559242481744,0.9061238925292244,0.9211371472112797
0.3050650650650651,0.8568108979344002,0.873370054832123,0.8884536075952689,0.9047351618108557,0.9197449467917898
0.30544544544544544,0.8552695359739853,0.8719494401075578,0.8870879849260658,0.9034500416411183,0.9182937872420983
0.30582582582582585,0.8537084843520752,0.870430566499823,0.8856697807990637,0.9020052472598385,0.9169046098279559
0.3062062062062062,0.8522074509324674,0.8690182074028784,0.8842525790476162,0.9005656840697587,0.9155436611183935
0.3065865865865866,0.8506905699572922,0.8674609531599696,0.8827787486248269,0.8991412412984494,0.9141703671971346
0.30696696696696696,0.8490005463826471,0.8659963696245725,0.8814113752166167,0.8977318185669247,0.9127813926694502
0.30734734734734737,0.8473444621587392,0.8643574404824458,0.8799815736728552,0.8962803578939142,0.9112571579351135
0.3077277277277277,0.8458670116563699,0.8628864007835727,0.8784456387794541,0.8948200147703024,0.9099240541250035
0.3081081081081081,0.8443202702760464,0.8612859394544441,0.8768781428893516,0.893387565909016,0.9085258440087558
0.3084884884884885,0.8427694251401919,0.8598158948835857,0.8753484327922113,0.8919508610741922,0.9070094582250711
0.3088688688688689,0.8412398261101982,0.8582868456075604,0.8738251949363667,0.8905551928929243,0.9054308007592338
0.30924924924924924,0.8397583544216013,0.8567167469868806,0.8722915762868596,0.8890556220643798,0.9038741301040024
0.30962962962962964,0.8380262011520259,0.8551159957171665,0.8707287224021324,0.8876599396259583,0.9023111625048239
0.31001001001001,0.8365035646918171,0.8534886331881596,0.8691918455748802,0.8861624168410265,0.9008430716327622
0.3103903903903904,0.835010300137022,0.8519709409754063,0.8676012344427407,0.884699318385346,0.8992142752531371
0.31077077077077075,0.833488708622817,0.8504021983151464,0.8660511498491181,0.8830782369790536,0.8978273383095655
0.31115115115115116,0.8319621288520798,0.8487866443488616,0.8644311579732645,0.8814793708119737,0.8962173339425594
0.3115315315315315,0.8302889766520375,0.8471184370875862,0.8628481555954001,0.8798566812807975,0.8947773533284061
0.3119119119119119,0.828605299451117,0.8454897767335554,0.8612518420996367,0.878218398284636,0.8932014183711422
0.31229229229229233,0.8268575111236727,0.8438058643815071,0.8596324328859941,0.8765696911693692,0.8916670900006257
0.3126726726726727,0.8249935153860635,0.8421704805567094,0.8580393424332787,0.874993302219338,0.8901326188554893
0.3130530530530531,0.8231164757855609,0.8404325825422974,0.8563827190681835,0.8734620440045324,0.8884588048424987
0.31343343343343344,0.8212684359830701,0.8387963149044709,0.854724962867083,0.8719333977373624,0.8868965968851059
0.31381381381381385,0.8194093820423269,0.8371471109985208,0.853037372186552,0.8702677362605282,0.8853230326319099
0.3141941941941942,0.8176692568973077,0.8354612446459874,0.8514114304649048,0.8686725001926414,0.88371297767381
0.3145745745745746,0.8159381028913684,0.833799539812492,0.8497571707626563,0.8669599927534293,0.8821045472145198
0.31495495495495496,0.8141829057110961,0.8321048344918769,0.8480673800586743,0.8653012292768713,0.8804405421355851
0.31533533533533536,0.812435985977562,0.8303300618510316,0.8463716013878849,0.8636746682676015,0.8788261695877277
0.3157157157157157,0.8106955758402521,0.8285445823587222,0.8446701050051937,0.8619088476576414,0.8771259041787816
0.3160960960960961,0.8089468376314712,0.8268717719463546,0.8429633714136986,0.860140113005362,0.8754647473579781
0.3164764764764765,0.8071887518205224,0.8250844319740318,0.841280738949148,0.8584397343335277,0.8737974223255083
0.3168568568568569,0.8054046553547716,0.8232743608587966,0.8395465948205831,0.856719062847783,0.8720853445220189
0.31723723723723724,0.803570055370779,0.8213913656199473,0.837773896574204,0.8548810880113399,0.8704756666545277
0.31761761761761764,0.8016923065725617,0.8195656600836679,0.8360699153946085,0.853235833823991,0.8688127668427356
0.317997997997998,0.7997159599181263,0.8177144457787555,0.8342549968005406,0.851556055420778,0.8672037598990482
0.3183783783783784,0.7978056068354733,0.8159069669878625,0.8324595155555691,0.8498747366019698,0.8655125997559697
0.31875875875875875,0.795966676731784,0.8140642172096355,0.8306934291036479,0.8481717113967953,0.8638011836538556
0.31913913913913916,0.7941574455041822,0.8122035094412053,0.8289285921743121,0.8463753826200432,0.8620747401362309
0.3195195195195195,0.7921535639954514,0.8103743423273053,0.8271471029713784,0.8446028425052959,0.8603347671042568
0.3198998998998999,0.7903078704098201,0.8085583178031515,0.8253205481429521,0.8427286556056304,0.8586801243965846
0.32028028028028027,0.7884052100987426,0.8066533007753557,0.823492661899208,0.8409380773455504,0.8570657893934425
0.3206606606606607,0.7865462910911042,0.8047645472122664,0.8216776054877507,0.8391047393933045,0.8553607467651542
0.32104104104104103,0.7845896157499846,0.802879979697339,0.8198402980084386,0.8373200849396235,0.8536756894564596
0.32142142142142144,0.7827545930362733,0.8009177726349203,0.818012685970266,0.8355173183959381,0.8519727575249061
0.3218018018018018,0.7807456260842387,0.7989996463987022,0.8161327324639069,0.8336936487475893,0.8502903509127996
0.3221821821821822,0.7787459295043533,0.7970714270912718,0.8143004462351898,0.8318568716758142,0.8485309170967946
0.32256256256256255,0.7765884600752223,0.795163623478886,0.8124690902006065,0.8299650072534196,0.8467488238303332
0.32294294294294296,0.7745497959753181,0.7931724086447065,0.8105942461492556,0.8281194381434641,0.8449277426473657
0.3233233233233233,0.7725218920953361,0.7911534172158515,0.8086821559510843,0.8262275295763337,0.8430945720842243
0.3237037037037037,0.7703566973868613,0.7891211400845014,0.806778081168548,0.8242918587699989,0.8413034039600852
0.32408408408408407,0.7682124543693332,0.7871714813431814,0.8048121697173473,0.8225571219603266,0.8395721427379549
0.3244644644644645,0.7661954942625506,0.7852238228960312,0.8028914105309596,0.8206676509158611,0.8377939073194856
0.3248448448448449,0.7641487783908713,0.7832487755071637,0.8009135017746963,0.8187299946796914,0.8359972529809762
0.32522522522522523,0.7621384250356146,0.7812616039799302,0.7989275960649389,0.8168471130046018,0.8340608292117205
0.32560560560560564,0.7600205330043897,0.7792007024749068,0.797005534823422,0.8150267286622055,0.8321394262186607
0.325985985985986,0.757923668172555,0.7771341602809478,0.7950605955016604,0.8131795274601924,0.8302573110437261
0.3263663663663664,0.7558053260649737,0.7750741374227944,0.7930879176128673,0.8111579001398951,0.8283261512669412
0.32674674674674675,0.7536942578603948,0.773038672885487,0.791080286791159,0.8093063963169833,0.8263868382533693
0.32712712712712716,0.7515713397526655,0.7709452880600128,0.7890752660643509,0.8074127266027163,0.8244440441209762
0.3275075075075075,0.7494210258603329,0.7688263150969603,0.7870319496556876,0.8055243809867481,0.8225199524828193
0.3278878878878879,0.747275674126438,0.7667548612019298,0.7850374214287597,0.8035923201094863,0.8206128306096983
0.32826826826826827,0.7452330448229423,0.7647037202501915,0.783022456775845,0.8016276693281479,0.8187665113539929
0.3286486486486487,0.7431492553859321,0.7626245478110664,0.7809757080114831,0.7995443362888293,0.8168639253352286
0.32902902902902903,0.7410844468697746,0.7605495748548275,0.7789706874588096,0.7976068874437923,0.8148726617317386
0.32940940940940944,0.7389042131437968,0.7584765795049991,0.7768767541293394,0.7955760880773664,0.8129726212591786
0.3297897897897898,0.7369758097122326,0.7564678390281349,0.774727854289132,0.7936818415652385,0.8110094524711737
0.3301701701701702,0.7345175726220995,0.754312853175048,0.7727071898185787,0.7916702883839571,0.8090091742881801
0.33055055055055055,0.7323003165161558,0.7521655563740219,0.7707365400396318,0.7896378212424571,0.8069561762806957
0.33093093093093096,0.7301441965336944,0.7499648294005573,0.7686039199085384,0.7875896414408822,0.8049678133521834
0.3313113113113113,0.7278543341121827,0.7477873539084987,0.7665719733413813,0.7856103738435912,0.8029488994964865
0.3316916916916917,0.7255855777566976,0.745680328412678,0.7645348803364295,0.7836636338565112,0.8010193667262896
0.33207207207207207,0.7232867172471386,0.7436049602849968,0.7624589275435747,0.7816809993917377,0.799192728742672
0.3324524524524525,0.7211321539224482,0.7414441394187012,0.7603733079914134,0.7795705392357711,0.7973099085387382
0.3328328328328328,0.7190160802729645,0.7393096911352205,0.7582942369348402,0.7774834449799539,0.7953656948791279
0.33321321321321323,0.7169046044266594,0.7371138451019466,0.7562343060751724,0.7754337130246683,0.7932977094390278
0.3335935935935936,0.7147878557935007,0.7349010735163424,0.754079345809173,0.7733588396291647,0.7913039949585814
0.333973973973974,0.7126554951352833,0.7326900248071693,0.7519339492989583,0.7712712034640984,0.7892205165231089
0.33435435435435434,0.7103410037867519,0.7304629897774089,0.7498437517716717,0.7692263551331994,0.7870708558765747
0.33473473473473475,0.708033945443269,0.7283618925217742,0.7476576126565907,0.7670946860618485,0.7849449053350366
0.3351151151151151,0.7058899056056451,0.7261278577044822,0.7455671378252268,0.7649053348420798,0.7827822523327804
0.3354954954954955,0.7036561441149378,0.7239234935938331,0.7434514772121338,0.7628527754286337,0.7806858185915174
0.33587587587587586,0.7013890786059426,0.721747651196643,0.7413516069795466,0.7607497733829365,0.778706029347085
0.33625625625625627,0.699112019202812,0.7194806634352644,0.739255994399967,0.7586651418658906,0.7766640377921309
0.3366366366366366,0.6968348982012599,0.7172777887937257,0.7371130877148432,0.7565022665034995,0.7746597257888375
0.33701701701701703,0.6945524938210595,0.715026855720018,0.7350175333591474,0.7543361411414993,0.7726117079228674
0.3373973973973974,0.6922613442978918,0.7127529593840373,0.7328068877632308,0.7522573425204481,0.7705819090621931
0.3377777777777778,0.6900258513592127,0.710597929870273,0.7306416931152336,0.7501332706877687,0.7685957654365769
0.3381581581581582,0.6877236948803311,0.708380829409562,0.7284947457324107,0.7480780776435257,0.7665775972844417
0.33853853853853855,0.6854498457765782,0.7060164912285887,0.7262923513396722,0.7459918635570533,0.7645971268179341
0.33891891891891895,0.6831513727591391,0.7037199549364208,0.7240437147867719,0.7437671509026687,0.7623600086940966
0.3392992992992993,0.6808281036707806,0.701471552103958,0.7217715057701064,0.741518311933125,0.7602577872952008
0.3396796796796797,0.6785254396512961,0.6992323006935003,0.7195937950930511,0.7392952765365359,0.7581872723186568
0.34006006006006007,0.676209209949073,0.6968986021562292,0.7174451553950337,0.7371427374555188,0.7562074048588989
0.3404404404404405,0.6739394209298802,0.6946216559803994,0.7152289969963331,0.7350336496315992,0.7541542962878307
0.3408208208208208,0.6715990161424731,0.6923436001605237,0.7130246263414286,0.7328074339153884,0.7519999778267481
0.34120120120120123,0.6692735216534061,0.6900943711650135,0.7107281511724419,0.7306031780412151,0.7499178456277547
0.3415815815815816,0.6669504094762168,0.687740971032944,0.7085327512183646,0.7284803254572808,0.7477456994688588
0.341961961961962,0.664699800091585,0.6854356890401304,0.7062602356253762,0.726350819020077,0.7455425401152165
0.34234234234234234,0.6623348433505298,0.6831556040160868,0.7040372096818123,0.7241464474320798,0.743417670178241
0.34272272272272275,0.6599774445134912,0.6808627504062057,0.7017207942981624,0.7219918636882231,0.7413620988453522
0.3431031031031031,0.6576846885612196,0.678596153539394,0.6994398211069586,0.7197818399996302,0.7393243940181762
0.3434834834834835,0.655285301405667,0.6763154235385157,0.6971616195237763,0.7175985016802384,0.7372629194908884
0.34386386386386386,0.652936185823362,0.6740087672781132,0.6948983061851957,0.7153316619208585,0.7350976124635408
0.34424424424424427,0.6505778209761978,0.6716923625561351,0.6926268863550745,0.7131072011860454,0.7330309189422312
0.3446246246246246,0.6482255673510193,0.6693520620645244,0.6903787779755619,0.7109349842248814,0.7308619578174669
0.345005005005005,0.6459440099015149,0.667024564889841,0.6881377139284449,0.7086589385796458,0.7286888522942173
0.3453853853853854,0.6435170153656428,0.6646732411660425,0.685886843002369,0.7063731929378178,0.7265104673973265
0.3457657657657658,0.6411838503977471,0.6623264256132323,0.6836341984874735,0.7040896683646743,0.7243447525988033
0.34614614614614614,0.6388584902150911,0.6599745260525374,0.6813247266040847,0.7018330469965891,0.7221429375740996
0.34652652652652655,0.6364547799156457,0.6575953449747672,0.6790603213485149,0.6996052518882682,0.7199483794297014
0.3469069069069069,0.6340100668416089,0.6552702610201985,0.6767351564045994,0.6974092410694632,0.7176740940465135
0.3472872872872873,0.6316352841333427,0.6529650388667413,0.6744316038247377,0.6951065403051988,0.715495302525108
0.34766766766766766,0.6292617757896228,0.6505524608332627,0.6721665852384782,0.6928628898688258,0.7132011112555661
0.34804804804804806,0.6268924080665612,0.6481902110734105,0.6699381559443811,0.6905932422438731,0.7109500429593656
0.3484284284284284,0.6245153855523189,0.6458308803881891,0.6676280387043012,0.6884204498385773,0.7088009468336354
0.3488088088088088,0.6221388954557701,0.6434467592291093,0.6652838884902517,0.6861056529452,0.7066421359812909
0.3491891891891892,0.6197735302175912,0.6410761674411395,0.6629491358697545,0.6838353626960799,0.704485113686591
0.3495695695695696,0.6174140380161152,0.6387089064841097,0.6606600240011187,0.6815239537076361,0.702298021777467
0.34994994994994993,0.6150221880197853,0.636357685858179,0.6583512184340014,0.679200496390203,0.7001495996051122
0.35033033033033034,0.6126263396672187,0.6340941000565153,0.6560500901617144,0.6770020358441539,0.6979973442680752
0.35071071071071075,0.6102538856542563,0.6317775741508307,0.6537600755928802,0.6747661472540809,0.6958032023783535
0.3510910910910911,0.6078759016141425,0.6292732161351685,0.6514780251999652,0.672404995015129,0.6935967665054572
0.3514714714714715,0.6054775152232096,0.6268578884900816,0.6491563115329839,0.6701217881951911,0.6912948724431984
0.35185185185185186,0.6030774160606511,0.6244679624237923,0.6468443902029699,0.6679160647621621,0.6890065564611606
0.35223223223223227,0.600690255609282,0.6221104719432303,0.644509291288382,0.66570506414633,0.6866993112566695
0.3526126126126126,0.5983010728451458,0.6197908064064294,0.6421972792131887,0.6633858737108387,0.6844583561975838
0.352992992992993,0.5958809645191798,0.6174403506234917,0.6398503308398852,0.6610554290035685,0.682257331173289
0.3533733733733734,0.5934495139538389,0.6150521644335563,0.6374580557603731,0.6586705888214122,0.6799786169649671
0.3537537537537538,0.5911262419486714,0.6126806998879435,0.6351606483454998,0.6563147611388198,0.67775297115017
0.35413413413413414,0.5887262129586371,0.6103442586862985,0.6328004791756741,0.6539499829963524,0.6754722708732184
0.35451451451451454,0.5863531214891892,0.608008322409371,0.6304593521673361,0.6516054506344415,0.6731656610540199
0.3548948948948949,0.5838944544793719,0.6055822352541337,0.6281123416325188,0.6492438359112152,0.6709410928600151
0.3552752752752753,0.5815086428990489,0.6031995607199775,0.625847479558472,0.6469536695262208,0.668769780632338
0.35565565565565566,0.5791046394439586,0.600832476905922,0.6234941569357352,0.644618376394836,0.6666285640138082
0.35603603603603606,0.5767753958743063,0.5984057986734655,0.6211488389624478,0.642278060722441,0.6643333862669424
0.3564164164164164,0.574349656809749,0.596082644424345,0.6188518721121927,0.6399952846103323,0.662028618180257
0.3567967967967968,0.5719837201531148,0.5937414444613961,0.6165418799058738,0.6377161164428501,0.6597181003572937
0.3571771771771772,0.569569193334502,0.591235331208682,0.6141803144671079,0.6354223793591097,0.6574181272153304
0.3575575575575576,0.5671961844652756,0.5889130496499714,0.6118285133985204,0.6331294229868341,0.6551070408095079
0.35793793793793793,0.5647923189559337,0.5866201366986323,0.609520232199189,0.6308097436978473,0.6528009490650246
0.35831831831831834,0.5622579238975887,0.5842445734323432,0.607165320814087,0.6285074243385037,0.6505771783201818
0.3586986986986987,0.5598648303369951,0.5818238026882673,0.6048149481014468,0.6262034044448122,0.6483535616121716
0.3590790790790791,0.5575098584907952,0.5794427756996482,0.602547297047855,0.6239428697047411,0.6460807522677174
0.35945945945945945,0.5550496153719111,0.5770824476978099,0.6002079324330553,0.6215996009149222,0.643779980708251
0.35983983983983986,0.5526619372528966,0.5747224343657011,0.5978401415825721,0.6192862406383163,0.6415660843274875
0.3602202202202202,0.5501903298349917,0.572362526451323,0.5954716263401797,0.6169765321967496,0.6393298303012382
0.3606006006006006,0.547830557315967,0.5700042361147536,0.5931187871718862,0.614669109406489,0.6372122446173204
0.36098098098098097,0.5454723029346052,0.5676458915791882,0.5907504559289364,0.6123562920318362,0.6348876757633622
0.3613613613613614,0.5431217560818551,0.5653576725866458,0.5883584497259136,0.6101110246730097,0.6324945775923417
0.36174174174174173,0.5407531290879976,0.5630524942705413,0.5860010503392294,0.6077707993967968,0.6302768342078451
0.36212212212212214,0.5383408203947879,0.560781261002263,0.5836023451012898,0.6054489622546722,0.6278692328855674
0.3625025025025025,0.5359342889932167,0.5583319536650534,0.5812033165067716,0.6031172977011688,0.6257049836795096
0.3628828828828829,0.5335138335337939,0.5559046458576343,0.5788275290547547,0.6007742125333021,0.6233715326110317
0.36326326326326325,0.53110530388306,0.5535059697708878,0.5764156205272929,0.5984799345475899,0.6211992323972464
0.36364364364364365,0.5286738186911193,0.5511648662231102,0.5740447668821628,0.5962206834224191,0.6189498912957379
0.36402402402402406,0.5262448735571675,0.5488059673179216,0.5716892768953608,0.5939038440875029,0.6167058082302632
0.3644044044044044,0.523817854475213,0.5463773850647935,0.5693441237166437,0.5915674989416129,0.6144016101698968
0.3647847847847848,0.521426986082999,0.5439518414238732,0.5670187192230262,0.5892639037559764,0.6121906939106592
0.3651651651651652,0.519012489584885,0.5415917065457133,0.5646718071847009,0.5869939852354453,0.6099283899993105
0.3655455455455456,0.5166124638095758,0.5392502861249859,0.5623298730788036,0.5847115632323369,0.6077414249888567
0.36592592592592593,0.5142092996691956,0.5369099650132076,0.560030882896306,0.5822579003217525,0.6055499524364351
0.36630630630630634,0.5117840701243125,0.5344963680106917,0.5576699986067057,0.5799338163235757,0.6033640916976244
0.3666866866866867,0.5094010260383071,0.5321272587585719,0.5553609395782263,0.5775835206419565,0.6009116356067159
0.3670670670670671,0.507007549524372,0.5297691628378619,0.5529965987150979,0.5752083676550225,0.5986795178566708
0.36744744744744745,0.5045876975368658,0.5273458581599366,0.5506404146411091,0.5728169958452755,0.5963482387642394
0.36782782782782786,0.5022120062036798,0.5250336929301428,0.5482905840100167,0.5704433198361086,0.5940475772379232
0.3682082082082082,0.49983192046325675,0.5227280032051711,0.5459125142243666,0.5681378764702584,0.5916698479013729
0.3685885885885886,0.49738060582333415,0.5203162129679184,0.543513974777429,0.5659222706395858,0.5893810179117451
0.36896896896896897,0.4950525520214019,0.5180087235803759,0.5411815571744208,0.5635792008566496,0.5870571459471348
0.3693493493493494,0.4926579084010522,0.5156394699880048,0.5388469914968986,0.5613008129726041,0.5848633138465554
0.36972972972972973,0.49027011842603957,0.5132846885147083,0.5364953654148865,0.5589473400903365,0.5827089668788438
0.37011011011011014,0.4879208763955875,0.5109020311757897,0.5341738890051602,0.5566788836715971,0.5803896068833878
0.3704904904904905,0.4855392393868721,0.508552968298849,0.531897508726659,0.5543249065065784,0.577893389896679
0.3708708708708709,0.48315981816600106,0.5061441597379758,0.5296232585500282,0.552089842032165,0.5755716501637531
0.37125125125125125,0.48079878426557077,0.5037569699886726,0.5272595900642769,0.5498632156183767,0.5730522794847568
0.37163163163163165,0.478435024504613,0.5014181274374602,0.524878050318481,0.5476018277882814,0.5708162209385189
0.372012012012012,0.4760839851794398,0.499081385042556,0.5225161487747668,0.5452457245031567,0.5685912743500491
0.3723923923923924,0.4737345730489871,0.4967323356692573,0.5202559286034221,0.5428965380885887,0.5663681521264808
0.37277277277277276,0.4713840177582783,0.49439169808542305,0.517858242933613,0.5405653245483493,0.564067555470386
0.37315315315315317,0.46903694277576174,0.4920198249126999,0.5155075463064831,0.5382962216846415,0.5617908947535392
0.3735335335335335,0.46675103000329055,0.48967145612390245,0.5132391685616051,0.5359489450608473,0.5595268702659963
0.37391391391391393,0.46439332948831047,0.48736762372895337,0.5109453156294793,0.5336563767112564,0.5572624043513719
0.3742942942942943,0.46200429749064786,0.48500771883628363,0.5086282353952599,0.5313773589168946,0.5550855758579843
0.3746746746746747,0.45966554412553773,0.4826416788046245,0.5063277607389339,0.5291365855684679,0.5528505438510379
0.37505505505505504,0.45732170670133143,0.4803419950471361,0.5040101155074841,0.5268721859916258,0.5505622429053562
0.37543543543543545,0.4549999807446062,0.47804026339427286,0.5016757509101168,0.5246103714402208,0.5483871527878882
0.3758158158158158,0.4526793833175398,0.4757073558240008,0.4993785705141564,0.5222865545038077,0.5461595811122485
0.3761961961961962,0.45034731704782943,0.47345006365242037,0.4970699132974517,0.5199787984700226,0.5439578374663558
0.3765765765765766,0.4480360107435932,0.4711870782287831,0.49476129040213224,0.517674420582683,0.5415853554653155
0.37695695695695697,0.445731534962098,0.46891690287983506,0.49243628054180016,0.5153562839410853,0.5392093995962763
0.3773373373373374,0.4434234113897042,0.4666125832428018,0.49008518310694527,0.5130576054525515,0.5369369944810807
0.3777177177177177,0.44112087521979604,0.4643089949894554,0.48775047972790553,0.5107746889311292,0.5347421169008275
0.37809809809809813,0.4388510272388639,0.46203734979631206,0.4854374837523452,0.5084824048218285,0.5325432891625568
0.3784784784784785,0.436591593608074,0.4597545050598002,0.4831976313498877,0.5062113347776205,0.5303233875691499
0.3788588588588589,0.4343394166392691,0.45748341721556096,0.4809312276651772,0.503987639056811,0.5281406077877236
0.37923923923923925,0.43207625745931727,0.45512409037767626,0.4786621499500721,0.5017043966411852,0.5258409627004843
0.37961961961961965,0.4298404450108225,0.4529390482253387,0.4764149581708172,0.499419999767562,0.5236713267275276
0.38,0.42760099994165945,0.45061022914825494,0.4741431840837391,0.4971283645780311,0.521450608059196
