A,phi_c,w,weight
-8.668112300610382,-0.04346204897044581,3.7495979792530454,0.0
-8.449750028437933,0.0893121250715797,2.020574087582703,0.0
-8.357805016296359,0.04979315003647433,3.327011807617034,0.0
-8.49198979277304,-0.2774609066287845,2.348619028452539,0.0
-8.211711820447968,0.21025201596015308,1.8878034149828469,0.0
-8.365848656837754,-0.5130056760708827,2.36354820568115,0.0
-8.006303764692507,-0.09365331765597296,2.2727392269274573,0.0
-8.249553018866719,0.5128843689941405,1.2044062214010092,0.0
-8.1006898672619,-0.3461957220101893,2.113472985515273,0.0
8.567818023175317,0.30283383221463156,1.1732969864274718,0.0
-7.85221805540985,0.2098553862446778,1.0732032986822835,0.0
-8.036497165121387,-0.37146086741135953,2.045861380137896,0.0
-7.847068801411977,0.09602253566193186,0.790357961443769,0.0
8.360742662221071,0.08478477353666236,1.0811541444728738,0.0
8.516929459689937,-0.6491948434043253,3.1980212370768646,0.0
8.256591602972346,0.13006242215810992,1.4930745298695387,0.0
8.30974039549126,-0.1756073888932228,2.293934231376089,0.0
8.463287176287885,-0.11601357487112629,1.1530658369339315,0.0
-7.739552397476593,-0.4440053934925295,3.13824013194139,0.0
-7.823547849658707,-0.20993613068439632,1.4986865961057647,0.0
-7.580427301021199,0.19579231609038328,1.8194956042227444,0.0
8.42200889241926,0.10671583447038602,0.4188253585713679,0.0
-7.654785242812477,-0.3841451080008013,2.6515809399209207,0.0
-7.579052489143759,-0.29335723383805945,2.7974668547326687,0.0
8.273006210137808,0.2645264939480796,0.6408092760439766,0.0
8.359339444883716,0.12662734060887415,0.36071051290131634,0.0
-7.9353681882185505,-0.6484790002740042,2.1803152326513433,0.0
8.001207579533787,0.318034324007163,2.923248666117465,0.0
-7.4833743228022,-0.36869696778608246,3.087376294362083,0.0
8.543526210394852,-0.368779597223107,1.380542714789363,0.0
8.090319540836045,-0.28641584270507087,2.336193790929012,0.0
-7.3656960845508355,0.3792547335708234,1.7176529334230637,0.0
-7.400676938855504,0.35603629471405895,1.2644814409329788,0.0
8.35360454362839,-0.0954141861376584,0.7646643109342861,0.0
-7.4113517623112735,0.1839665346261692,0.5593219987739512,0.0
-7.28543953107788,0.6551319654939571,3.7423597792029124,0.0
8.038519144065557,0.04437055746335694,0.611240710306984,0.0
7.978364452503616,-0.32908013482556864,2.2423910934220284,0.0
8.0718027297474,0.38917661459362707,0.9915569107939015,0.0
-7.289213134681627,0.12578549670678574,0.6389005550999605,0.0
-7.168967329822442,0.15451055577375417,2.51749552076254,0.0
8.09492084621484,-0.27269583691183036,1.3575712877775408,0.0
-7.706252833370486,-0.3555740354117917,1.265893242867377,0.0
-7.213120902717893,-0.4282927827702099,3.0510479912135877,0.0
-7.4036795463575675,0.1083484660133921,0.37551534657026847,0.0
7.745206232505449,0.5714420160586726,3.1568827052411264,0.0
-7.217757662532373,0.2593242995534295,0.6438028620863183,0.0
7.63826858737103,0.3448611278705793,3.593196115622685,0.0
-7.0400166869335115,-0.10344434381630885,2.4482887708431305,0.0
7.911131580243584,-0.29213788391504636,1.5862252425453378,0.0
7.644405630418479,0.19387974023031707,1.0550405615355818,0.0
-7.013299933776166,0.29222180061132375,1.8370232304639338,0.0
-8.203948495031893,-0.2013381644102087,0.6378019691757189,0.0
-7.368670268350927,-0.6789876789420302,2.496269261245752,0.0
8.061696102151423,0.4932609326963102,0.9735202953518236,0.0
7.670788372192842,-0.40541943094946953,2.886691591613892,0.0
-6.950995721160666,-0.2555674158928679,3.655097340484607,0.0
8.007754552367146,0.7168927610354177,1.6123887538841386,0.0
7.86548824546616,-0.694361264740973,2.7597499933780023,0.0
-8.436508228675315,0.4607334331405524,0.48249388431529044,0.0
-7.378204525829831,-0.050148715576913694,0.587419973600165,0.0
-7.14188310083387,0.48007077126416564,1.1425570664618232,0.0
-6.946829359763412,-0.21952875443727093,1.893076842404405,0.0
8.142877757489074,0.46207569757700684,0.7413895461783976,0.0
7.7958438625834745,-0.3736849003174713,1.5814666945383258,0.0
-7.720035207720226,0.6099131079768285,0.8803983029345913,0.0
-8.359808016665289,0.4432625564147732,0.4414660551130138,0.0
7.625959214613609,-0.42232467900067716,2.016572717130082,0.0
-7.7096931158380935,-0.3492333672669274,0.9648420923634353,0.0
8.369910352306793,-0.0764334882528801,0.43807796022572304,0.0
-6.7802538233189,0.19755764932684516,0.6458192152755529,0.0
-6.736172532254303,-0.0908933267818387,1.8085827570542454,0.0
-6.8898748988130984,0.45124838039802095,1.189691068367662,0.0
-6.988575513942668,0.2947875669475879,0.5449406146717004,0.0
7.618588008858495,-0.4888269760882994,2.0306445246533213,0.0
7.41240956421975,-0.18532390606346472,1.6327809310316874,0.0
-8.08219517546302,-0.07996075775005018,0.3837476140405935,0.0
7.379166374043155,-0.3441181177511638,2.46477590210918,0.0
-6.727513843547152,-0.2503814697002793,2.31202643163819,0.0
-8.438774070053721,0.5642273377199754,0.5848432995142129,0.0
7.252688215181063,0.2542506744158488,1.374252483449301,0.0
-6.899014046132946,-0.28625800418527747,1.5190031660149539,0.0
8.038166335014132,0.3601249937411768,0.4968767822401865,0.0
-6.868042511566152,0.5352369241543313,1.3529271856285925,0.0
-7.197820174959682,-0.418973409057863,1.3823384587103247,0.0
-7.1390420121493,-0.7260086792451169,2.1913103776718046,0.0
7.549671435694606,-0.7156841413093147,2.7409690464553753,0.0
-8.538811451661136,0.3846081268840913,0.3171249220282647,0.0
-7.916846610641809,-0.4217491656963358,0.9365681349575657,0.0
-7.248764423436151,0.22553834239829662,0.26687716105867604,0.0
-7.160044997208654,-0.3608417274269577,1.2096645410046412,0.0
8.006038103584665,0.1651637361514292,0.21294406591611725,0.0
-6.558596784953263,-0.352505292425714,3.6086163578513233,0.0
-6.677634587945445,0.4877982962978169,1.3936386009637773,0.0
-6.469647993866577,0.20567271766409245,1.2933727589688486,0.0
7.221604394290111,0.525681786289282,1.8032360505104925,0.0
7.615276079118317,0.5008355346740365,0.9346914944291919,0.0
-6.6817061638764725,-0.19572971626951152,1.3400353462372685,0.0
-6.410907842379395,0.032906127859056,2.894307869695339,0.0
8.313976744650347,-0.4114966367199142,0.9526005053667508,0.0
-6.676065613151801,0.6370298655416469,1.6417336750059528,0.0
7.086477910180319,-0.06137248582565469,1.3759120740472066,0.0
7.169601695805568,-0.5159047327822455,2.8244843886039415,0.0
7.451657358334607,0.6253241769054303,1.3315199420411545,0.0
-6.739145942857833,0.14143828857804686,0.30713357485551673,0.0
-6.380229432730514,0.07017873845854261,1.5546507000187997,0.0
-8.365754028641119,0.6543762791109418,0.667171183427352,0.0
6.997181312060242,-0.126653250352465,2.4673893285495536,0.0
8.104390894348668,-0.3247020385666029,0.848746004808397,0.0
7.120774493200731,-0.6174045279143728,3.1856042414845147,0.0
-6.991577790725161,-0.05333443662682025,0.49221596156139225,0.0
-6.905845612979512,0.1432614741293976,0.23168174801787658,0.0
-6.275300176123705,0.18171646169288547,1.8032916529402534,0.0
-7.243657371035757,-0.08997543167817446,0.4671225372756075,0.0
-7.719183156108628,0.008619095490977724,0.23213036508870225,0.0
8.033689408325188,-0.5554398886111246,1.224225243269405,0.0
-6.302610988361365,-0.1550931344577675,1.5818943439186592,0.0
-8.200038738230061,-0.15095258807746192,0.40342618945615955,0.0
-7.359428661380301,-0.06897589224358669,0.3885783914239465,0.0
-6.363531829601799,-0.13668125959241406,1.142307705667912,0.0
-6.1873912587860325,-0.04543279117373966,1.5168147432864858,0.0
6.744056182552315,-0.051475634215888966,2.825795090727679,0.0
-6.366619509115915,-0.1580020112110535,1.1185225285603466,0.0
-6.097349779197448,0.2283031235155697,3.2564359154288733,0.0
6.984206101162767,0.6672098718921058,1.8410477470361302,0.0
-6.339907127277255,0.1050238782025007,0.38674945951651296,0.0
6.8451790863964455,0.014867398407894528,0.7031564503057651,0.0
7.964266920270294,0.4550175038814632,0.5301030474360526,0.0
6.85661833474534,0.3425920131241602,0.8785256459698882,0.0
-6.069467565102972,-0.10907394794215697,2.275817170824534,0.0
7.366391917894621,0.2924081360715878,0.38302349572443994,0.0
8.16587683228968,-0.07194968283671965,0.33180634746149823,0.0
-6.004777727197967,0.17973934067355501,3.575218109241988,0.0
7.040632306248291,0.7364312125685584,1.6203455704898926,0.0
8.555148062140773,-0.19647088819108893,0.4606289878264865,0.0
-7.374371256130135,0.07823844466286911,0.14637299005133234,0.0
-6.572580666465543,0.6961669973570936,1.1880655821519543,0.0
-5.975092950488879,-0.4801592825184092,3.6424951132380188,0.0
7.597108487275992,0.2510633178385113,0.2548944613581204,0.0
-6.011455051208134,-0.4764598092507443,2.886435831645532,0.0
6.505537640547081,0.5266980068956904,3.7825576643094045,0.0
6.592696929334393,-0.6025083980564491,2.998639381766351,0.0
6.40125234404182,-0.19021090183322653,3.6096730590653596,0.0
-5.892730377850473,0.3439053121294209,0.9868927712002656,0.0
-6.095676922834416,-0.11381440351925265,0.8272225344152089,0.0
6.984144582534412,0.166096730642192,0.2391737390592138,0.0
-6.230197303521071,0.04048117350137881,0.3631249467629953,0.0
-5.682523426235784,0.03137560467777534,3.084106570458666,0.0
6.300489679848642,-0.2510876348360067,3.5145813185788324,0.0
8.644198948137856,0.1403111410753527,0.09836930166826113,0.0
-5.993308557717678,-0.4564964603661888,1.713772859209919,0.0
6.303977895880408,-0.44688206731615737,3.638960611482738,0.0
-5.656172520165173,-0.1278992386396559,2.173922108522746,0.0
6.975729954061041,-0.14039588089591515,0.6042793901697967,0.0
-5.625166825306373,-0.21337294626181036,3.2052958255067465,0.0
-6.50077418699442,-0.09885271425988651,0.4742708791045548,0.0
8.067672978735331,-0.05813401130771367,0.25407682128931824,0.0
-5.978624854182603,-0.16590923816571035,0.8015376248229958,0.0
-7.094533224639296,-0.08714607739292524,0.33700833749067055,0.0
-5.932357089489518,-0.7221807484840536,2.1756492612326537,0.0
-8.341354492724381,0.5901712302677249,0.4597252880848158,0.0
-7.543384220874139,0.57164504034495,0.507894393926674,0.0
6.219467022067338,-0.2697372214241198,1.8028942732864326,0.0
-5.6795351293117164,0.5237007253340977,1.2563718408901943,0.0
6.306725886986095,-0.12182485344433025,0.9268529066896708,0.0
-5.672751704191763,-0.021978706930424474,0.6562885006760816,0.0
6.5392156539708175,-0.52550793375312,1.5866243716024924,0.0
6.2425504663585,-0.12866970607908268,0.9695802940333216,0.0
6.092929538293861,-0.4045583079343575,2.7071178294384737,0.0
6.096261003643054,0.33678807450536286,1.0456509865452117,0.0
5.986578346750992,0.4724165009934713,2.8869689045888136,0.0
-7.148994971749609,0.040510056541213424,0.1416714308458204,0.0
6.073615202880006,-0.18672764396894337,1.551658783048918,0.0
-7.446222540341646,0.24378821644931747,0.143809663821956,0.0
6.2169364827763705,0.16654127298543675,0.3270136718476676,0.0
-5.5942276994783455,-0.6575396302483321,2.3879939094887477,0.0
7.3577009300460965,-0.034283477315174005,0.2591446667549599,0.0
6.608877073619299,-0.6570202716281008,1.660147707290671,0.0
-5.990572319995023,0.3073182085482813,0.3442137461055395,0.0
-5.3197165370384365,-0.1081125207499406,1.8568010512438395,0.0
6.013173735334407,-0.6580329923794477,3.4712068205300612,0.0
7.752075198604921,-0.335166557058935,0.6328123254424572,0.0
-5.671242810685721,0.7512850638681481,1.4920530787040251,0.0
-5.402753008264374,-0.10628280220147701,1.0546711652966143,0.0
6.0672587135583385,-0.752579788523665,3.106887875351868,0.0
-5.674290958055045,-0.5741095081311417,1.7314365982988993,0.0
-5.163923288501787,0.1930620000279829,1.5179591706830016,0.0
7.767746628224916,0.3873938100094607,0.3175825258686805,0.0
6.781955949025933,0.09824705254442301,0.14519772843822615,0.0
6.924136285331958,0.565971882606823,0.6897975044525528,0.0
5.701573319037163,0.2180531392484062,1.4318890993984033,0.0
6.702146376547937,-0.31634852670937835,0.8010129067560637,0.0
7.0287336116198205,0.441245189673223,0.4627039393557872,0.0
8.444380669809146,-0.5522434143296252,0.7669105155773512,0.0
-5.183688984229173,0.29392293494031296,0.6913920663811374,0.0
5.690064237941829,0.45479694186681496,2.201111871924681,0.0
7.438210278501931,0.5707943580799362,0.5709202707338239,0.0
-6.65924028443944,-0.6947235210540735,1.1257524742252605,0.0
-6.823330546984229,0.4296152541620468,0.3397310002051674,0.0
8.488730450084553,0.6550428300303432,0.5477749054649865,0.0
8.23526909632788,0.3430501371129886,0.22077637522114227,0.0
6.935272757048207,0.7543358958528796,0.9052448162787872,0.0
-7.987724394245479,0.03550770440666651,0.07996931794849822,0.0
-5.413537713862874,-0.48052156814305796,1.4500670290353552,0.0
-6.382967268973955,0.15859756686150028,0.12682814887510444,0.0
-4.915007285402607,0.11183071787070042,0.8660949906501273,0.0
7.504263552150569,-0.7466097140798623,1.114525790018428,0.0
-5.918553560333908,0.4124374537480344,0.41517454638653345,0.0
-4.985080776369566,0.7280965975780642,2.476138354646071,0.0
-5.139013315851399,-0.4783489604734956,1.869250607645197,0.0
5.80450523259595,-0.6222696205545377,2.123049197734813,0.0
-5.2108459556584705,0.6114707739816394,1.1548856228900728,0.0
-5.483916372224366,-0.07784405371035275,0.4865317746863448,0.0
5.5636175122068,0.4258300157329904,1.305098140493812,0.0
5.605077433031834,-0.367941197987539,1.9545633045847375,0.0
-5.294501241860006,0.19093473256837112,0.24412702332307354,0.0
-6.125602244127375,-0.263440011788924,0.6033784864157843,0.0
5.956480038929001,-0.13896040024248313,0.656132380689192,0.0
6.805227279392964,0.4741753233505299,0.49002795242667385,0.0
7.457587811496516,0.34876623565366094,0.2587328771214829,0.0
-7.884463204743893,0.6795990727846799,0.5081326489643164,0.0
5.974571310365221,0.47241395208508696,0.7380541730120106,0.0
5.381605595578966,0.3188360292151151,2.9508553609911554,0.0
-6.562066895451105,0.3434301035210392,0.23357708975284516,0.0
6.66788122697238,0.1483196207270875,0.13860946919910602,0.0
-4.758875523333954,0.24480344955839084,1.7328360562223786,0.0
-4.918343344394019,-0.06679612395252654,0.8761954886214662,0.0
-4.733802385525172,0.29925464094700516,1.7706670568461398,0.0
-4.75032672672079,-0.09697381676095629,2.1194938179930096,0.0
-7.911438548738504,-0.03578576379292575,0.15796310774793074,0.0
7.462153796485232,0.02642546551852154,0.09700323876166998,0.0
-4.7308120441886885,0.2154121037795742,0.8231549481862445,0.0
5.4989399686967015,0.011683549004252503,0.5662191589280411,0.0
5.255576665321417,0.1473795833918663,2.181164135346565,0.0
-8.56691909847115,-0.26019339305487077,0.36086353308601066,0.0
-5.491276728759955,0.7264058444834587,0.9690836541812246,0.0
-6.850555513962302,-0.07262178949876097,0.24189871334477714,0.0
7.961942105394819,0.13453424302430073,0.07480060063669267,0.0
-6.607585105755607,-0.0664815328923245,0.24894108329518827,0.0
5.288582906152682,-0.6112916396760439,3.366811551715767,0.0
-4.725978302844508,0.2092729823560705,0.4165700376929121,0.0
-5.881969058243891,-0.16605931971171073,0.45149863961345144,0.0
-5.1698119025017855,0.3465967336064808,0.40265884288727644,0.0
5.459679277813116,-0.4062479153197378,1.607039648703436,0.0
-5.086863161114893,-0.190136083432625,0.7453213020191898,0.0
-4.531368165314155,0.3976514416489487,2.2009898564990453,0.0
6.4113072200449075,0.5526650363741967,0.6112615654457315,0.0
6.627877579219087,-0.641916661356903,1.0816966063628668,0.0
-6.620757102518859,-0.0633296412643024,0.23517777852438185,0.0
-4.492314640379502,0.32318052098417205,2.376150067764211,0.0
-4.451207088772021,0.28371750650566563,3.398486069009117,0.0
-5.450888725609123,0.10140538838305146,0.1454835343055298,0.0
-5.013441705894463,-0.10361984282164205,0.5507153028580937,0.0
-8.106013385462761,-0.707549203696941,0.77989626756672,0.0
-4.986770214864381,-0.17143277891777153,0.6917369629973664,0.0
-6.726543345923724,0.5339478262524546,0.3951614532592741,0.0
-7.234524932699667,-0.21326097152480272,0.3581140027419587,0.0
5.028446657015628,0.17172306487690703,0.8905113930653366,0.0
-5.676809574913637,0.5013915006208467,0.4731329942285185,0.0
-4.728735469249021,-0.29322831191043236,1.1567349373910427,0.0
-5.008168775672589,-0.29905499249241857,0.8834306298431523,0.0
5.25470787605507,0.37587373953918135,0.7529848714562599,0.0
8.585517757954289,0.11327547743996769,0.04626197270407066,0.0
5.294418702926279,0.6577409917434494,1.409270102280644,0.0
-5.382254494645522,-0.7512638369706632,1.3736205759695725,0.0
5.124044117114915,0.6470539852071204,1.7595990326786792,0.0
6.340095547068982,0.7048741524016942,0.7850584939901223,0.0
4.985361957574394,-0.04199210760064709,1.1306488838431032,0.0
5.07316647961936,0.39422931962042607,1.011023185764805,0.0
-4.426339389604636,-0.7239004043749233,3.4436834638228038,0.0
5.473933784336852,0.3453101957514817,0.4660471246879391,0.0
4.920589837314534,0.6478449663347401,3.78599190632097,0.0
-4.4300088637610475,0.38649844299562575,0.9013192944644834,0.0
-6.925919875693306,0.0666986740385005,0.057023676611182086,0.0
-4.57154647485936,0.17962936698195742,0.2701126666669312,0.0
-4.834107144186728,0.4135999268738615,0.5095970168316498,0.0
4.858166441319835,0.43622857827046624,2.3603465560413093,0.0
5.021891563893549,-0.4909243079847579,2.192988677102347,0.0
5.004266688411056,0.7431282480202119,2.151715774169936,0.0
-4.217585410155345,0.09664151162545376,1.2707547679858442,0.0
4.971819402727613,0.5730248043345381,1.6839055787933563,0.0
-4.225268222627898,-0.054801425185268426,1.7280152830249622,0.0
4.955619360325503,-0.14667615829462533,1.1426581640607216,0.0
-4.2334146939466555,-0.2118785005632311,1.8030397938641334,0.0
-4.584330160938297,0.4432225538772592,0.6514516433163675,0.0
-4.1789074463801,0.6429824640334887,3.324368767499379,0.0
-5.549521748049565,-0.0755094159326567,0.30021505980794,0.0
-4.470443591646462,-0.6896169474659137,2.082312295509207,0.0
7.771542991853522,0.17946112794768176,0.09077054899698404,0.0
-4.736266103989058,0.14969213950464555,0.18595878704157945,0.0
-4.286842397765385,-0.4374342651003335,2.0242211261580354,0.0
-4.305620736983091,0.022355524407334126,0.5399432329204824,0.0
-6.113178761339276,0.30550172839882483,0.16228961624816482,0.0
5.3117547924658215,-0.05911350492397338,0.41897330852189235,0.0
-4.207360912001535,-0.6132173978262582,2.9915142908579364,0.0
6.694371476578345,-0.585398427613294,0.8493596966039595,0.0
6.213625373296248,-0.4001029484035871,0.709104597213961,0.0
-6.97954437145002,0.04940448992688917,0.057762336233977245,0.0
-4.123575107390845,-0.3726456538457438,2.7325504468013473,0.0
-4.182564591808831,0.35297685035767423,0.8310254070916907,0.0
-6.6892003677807175,0.022288065051000228,0.0943542863602492,0.0
-4.8386579926008,-0.22260690110139647,0.6378078975792408,0.0
-4.112704811752259,-0.5017838990092455,2.872281801986999,0.0
-4.066714397979554,-0.27764585325825347,2.291434042103186,0.0
-3.99149189687871,0.1355519675452812,1.6124721862939309,0.0
4.874374842652442,0.2674647674919457,0.46662481564033015,0.0
-4.005806863885188,0.363845509100148,1.7878360363950818,0.0
-4.21182107600446,0.7128136633869755,1.622779130144571,0.0
-4.162386696794017,0.1667324010433393,0.3437598164314558,0.0
4.760717279343854,0.5931855661058043,1.5901734791504571,0.0
4.63196383021201,0.48536044121844535,1.80575197535596,0.0
-4.071934460655261,0.6355177807123007,1.8100739476441652,0.0
4.579489721792212,0.6291450826036307,3.2875708242504875,0.0
-5.813049619732401,0.19681705547737782,0.10964795217559364,0.0
-5.686286036255183,0.15305434617481584,0.0972766264644511,0.0
6.601093697336594,-0.41785629829796356,0.63410891037202,0.0
4.782255907489027,-0.6523573932477562,2.3473069658775323,0.0
-7.171753367776848,0.09647086762711332,0.04119317994323838,0.0
-5.445669338180618,-0.09113127493078343,0.2985544938712389,0.0
5.727174957659599,0.5191550330112287,0.5432397603329863,0.0
-3.8830746670331493,0.21511758674354842,1.0954703737839975,0.0
-4.211138750179253,-0.13005859175190626,0.7277651770018768,0.0
4.7033457756975015,0.13223896203202312,0.30497885282469056,0.0
5.063200197009568,0.6878424415708524,1.0769862302562845,0.0
-4.723278090845542,0.1981408172062652,0.16408811794195885,0.0
5.074405081953433,0.0465942831557713,0.21228912844537298,0.0
-4.294055512500711,0.26638382398531846,0.29164058627333994,0.0
-3.806095156378354,0.2578081715940699,1.3146551339335701,0.0
-3.8672171423610253,-0.5901936445606538,3.6186545344584538,0.0
4.430507019606967,0.6282311543165584,3.5755506758375843,0.0
-3.7786353383332507,-0.044884080451538355,2.808796308281153,0.0
-8.097060288507606,0.32500213045911397,0.0773911587824831,0.0
8.278745449739805,0.2009922267266132,0.08273576316088613,0.0
-3.7795635489467845,0.18881109869684376,0.7555419055112325,0.0
8.587414619251913,0.3116240025309207,0.11210941017309155,0.0
-3.802038465577107,-0.5148894841364738,3.644859898573404,0.0
-3.923282310329201,0.14300421274348818,0.33795909230864807,0.0
-3.9944396868229566,0.42857081360440175,0.7567470834242287,0.0
4.859458299126606,-0.06689794173213404,0.4541258585004388,0.0
-7.264348606390698,-0.5665719500250699,0.6181874028519824,0.0
5.230285681505178,-0.1318107831894254,0.4401911077867622,0.0
4.3293899438106,0.05879621229052723,1.0708750351766696,0.0
-4.055541039321238,0.25733578479600605,0.31780924802327215,0.0
-4.3024443243104065,0.7071712870097422,0.9820951158847345,0.0
4.2732751427855415,0.07788354470761749,1.90606074096463,0.0
-6.142310614352262,-0.2029077024002045,0.3394892343103017,0.0
-3.79813310439751,0.7364579118359851,1.858477879323474,0.0
4.755745564938799,0.16823086669104703,0.21416812145166964,0.0
-4.020093872639646,-0.4266017897190227,1.2799600812821557,0.0
-3.6863701579572012,0.5348774619430396,1.8330929653605228,0.0
-5.269227419119684,0.1552418117874501,0.09614314366678867,0.0
5.467259219144539,-0.5754216728999867,0.9715874209452093,0.0
-3.8939881302250647,-0.017113236672169685,0.47481569855110606,0.0
-7.699129472036006,0.23351843922869553,0.06663354965126075,0.0
6.8602611998213945,0.511304237869278,0.35741129960790297,0.0
5.61880451477146,0.2743066661308229,0.19725079869264403,0.0
4.275566657293158,-0.4297544325268763,2.2466563144605263,0.0
4.835497153171984,0.15150802366741378,0.17208438659573205,0.0
4.153450222104967,0.23863179203621643,1.303848133855987,0.0
4.103987723131615,0.009133072316943824,2.44390519219685,0.0
-5.667864764244547,0.651610341462151,0.4846382038646642,0.0
5.376789598694899,-0.4155540882577489,0.7455004687720923,0.0
5.247327768839112,-0.26153339895703515,0.5622632257893844,0.0
4.126300635798069,0.03382014258670196,0.856383856286014,0.0
4.2318052490968885,0.027135255254578605,0.5122176735143791,0.0
4.817981151934845,-0.11392326400385933,0.4381064684891631,0.0
4.970698349255684,-0.675744081242609,1.2817754228121796,0.0
4.1523644937773145,0.6135808859065577,2.2116534484243857,0.0
-4.495977932785818,-0.3058494431813796,0.6299406560542422,0.0
5.977825271561029,-0.09002655742435373,0.2306094601700751,0.0
-4.75791836903403,0.02468490208004137,0.15156580388677268,0.0
4.925659033065198,-0.5263572340597813,1.040753979926613,0.0
-3.7906135735040403,0.16869056614763045,0.2215004582765996,0.0
5.487966488960664,0.4799492803389185,0.4264823082094077,0.0
4.011730480557235,0.493674238404078,3.3221735339177183,0.0
-3.395730844786164,-0.1533201226901183,3.125932035873548,0.0
4.551403061123489,0.3955682659019164,0.5226503310177656,0.0
7.116857291094579,0.7531282636537413,0.5567447608122666,0.0
-3.509605793623427,0.6180334297932879,1.6210290339279485,0.0
-3.3803732104591893,0.5803614259939629,3.2670665255452036,0.0
-3.9951767086574144,0.7107716587013364,0.9280843944801107,0.0
-4.477509761753974,0.2536063837981928,0.16051450187788913,0.0
-5.773677174996125,-0.7104945292621809,0.8244434554774583,0.0
4.793418611747082,0.0649805770943348,0.11734334767786055,0.0
-8.180472557546484,-0.0017998862622535805,0.0650917920911529,0.0
-7.019159354830047,-0.010120586013913524,0.09005870668396579,0.0
8.290517086392285,0.2240643142667813,0.07739214841269781,0.0
4.4612743982584036,0.1215722925116911,0.1722372483984845,0.0
4.279303634371011,-0.41883040640316416,1.2960087862231937,0.0
-6.355885877361193,-0.2637209391800458,0.3522429220845961,0.0
4.711338949566571,0.6886001820948289,0.883722178002752,0.0
-5.7280608070781565,0.33506857369483134,0.13438210317893418,0.0
4.8432178401725885,-0.4213177905843145,0.8341410569797663,0.0
-8.408803472243415,-0.4903320877933477,0.4582795144962078,0.0
-8.117930124467748,0.03559163181144964,0.031089368878401493,0.0
4.108855148765292,0.701709401768591,1.524755171166214,0.0
-3.4761259103873883,0.13685297761025617,0.26945477268086565,0.0
3.9365309731911147,0.19427440150932795,0.4762662280982898,0.0
-3.192920190332715,0.24305364029047283,2.5766072726661657,0.0
4.209547322254858,-0.44271949819626755,1.2803305039414774,0.0
3.7832255925294636,0.08880775417894915,3.218265768694862,0.0
-6.302503743710748,0.057852628130906525,0.03725403507730578,0.0
-3.2125009668010396,0.021275458147389736,0.8639476206170974,0.0
4.006427130596922,0.543611974345831,1.1405546986505006,0.0
6.525988843361187,-0.6802088610364069,0.7682670593896087,0.0
7.394543851024093,-0.1673310597854366,0.230945107715159,0.0
-3.1697710466315483,0.4279495763627803,1.9064301382358666,0.0
-4.790816514616427,-0.3570198683563739,0.5559608904006627,0.0
3.7456362421012894,0.30966169278260325,2.6683224933319734,0.0
3.8881570276512356,0.5438752190463167,1.4537271989949734,0.0
4.852614231007873,0.5464716915735379,0.5632849187532731,0.0
-3.1467771071618387,0.24936206441281827,0.9600438175695326,0.0
-5.83894957709947,0.3371857221257226,0.1169559934205424,0.0
4.336433997842866,-0.45033852636909116,1.0549676595542756,0.0
3.752625020677586,0.7208845625183129,3.2588063479030005,0.0
-3.258551171274953,0.46007249228683755,0.9073721620979865,0.0
-3.8839068189455386,0.5106618800735643,0.5043592661835867,0.0
3.8014697868176643,-0.715214414292665,3.1522067784037273,0.0
3.7162194995115563,-0.10927958807477622,1.506913107299513,0.0
3.670102818603217,0.36993689935924623,1.7636733710227397,0.0
3.6435945264963276,0.5446183858205254,3.4783029449604066,0.0
7.75178195468261,0.12006209342381002,0.03241228037278341,0.0
-4.566266910512691,0.4520171570523108,0.30266634431909817,0.0
-5.932794114779254,-0.695862848219515,0.7258820689883563,0.0
-2.986239834688676,0.23859951734708884,2.3282270169381443,0.0
-8.458373267814178,0.23277246995813017,0.04249549854364608,0.0
6.573011098447942,0.5003695272908979,0.30791103229958106,0.0
-3.051659973492673,0.4311675825152368,1.1763920174092835,0.0
6.73282418115433,-0.11519058511665481,0.18828274347173612,0.0
4.3911306262713605,-0.3538209947382032,0.7591927777407459,0.0
6.075524047594001,0.2719065076141256,0.1285592535956717,0.0
3.616981676751964,0.47720400071509794,1.7377344084203104,0.0
3.815098107805799,-0.36924900154666873,1.3240471265405174,0.0
3.739928793375663,-0.0022704693800157383,0.49613744833662743,0.0
3.9196854765917255,0.2514014944175893,0.33142215398458214,0.0
-5.930107843741195,-0.06930066050669914,0.16017075267699407,0.0
3.5225850103200393,-0.01998401274279371,3.51710652241467,0.0
3.5849341359192977,-0.3302822704871521,2.308999568630319,0.0
7.63787444931155,0.3843282217144479,0.1485873279075006,0.0
-4.515442538688344,0.576346874077063,0.4203822407011424,0.0
6.038133081203137,-0.1298867457767553,0.22231012464822253,0.0
5.467110560856311,0.3673875298070193,0.22786011077969182,0.0
-7.617094778767147,0.131764557250292,0.026564125897754014,0.0
3.487037023437038,0.23480987468873227,0.6745689548584521,0.0
3.412302014972429,0.12818295679005964,1.9692803233059821,0.0
5.193508634391369,0.5106703482703481,0.39622524342510773,0.0
-5.502179644222274,-0.7205033387477142,0.7504106662670824,0.0
-6.681377189863245,0.4371821930678277,0.15801391030744386,0.0
-3.9864404444953614,0.2667767635670213,0.14407423976533404,0.0
-3.2683902030095267,0.1416476554975995,0.17182038816059056,0.0
-2.9694636581439076,-0.687764633019373,2.335186868714231,0.0
3.3886399552867825,0.14033158704412418,1.9401202974138407,0.0
-7.69151632694635,-0.3972692770909143,0.37273054082434376,0.0
5.265865868015066,0.3765959348196337,0.24100908793407244,0.0
3.963134639629205,-0.7349911757637193,1.5023743552549857,0.0
3.360182300490493,0.471139619780782,3.0396734187588614,0.0
3.3223330410045016,0.26424656893222753,2.903426249841968,0.0
6.732111481040548,-0.10707369654012266,0.16520254482307728,0.0
3.307469667555562,0.056837923103746135,3.661273189694017,0.0
-7.030163786578277,0.647942912558209,0.32201605463185023,0.0
3.564589605947983,0.09303710941493937,0.2506007504752105,0.0
5.180218727749269,-0.13199591197685723,0.25561682023240007,0.0
5.192162816473671,0.010041054267080352,0.07741763970222013,0.0
7.385544882804595,-0.1299791902524241,0.1715755329074095,0.0
3.2890219516364514,0.16971560072570357,2.7353022106928346,0.0
3.3767036640216688,0.19151472810378878,0.4974414712395328,0.0
5.276768640145731,0.20208620436507452,0.10777967614684537,0.0
4.43437429218433,-0.044240009859850216,0.20598781767534968,0.0
3.265427253534167,0.07856470918139946,2.4517346989529734,0.0
3.412167199489728,0.12330017269207283,0.312445703868237,0.0
7.243290362879533,0.16886993241202153,0.05250160857222592,0.0
-6.673964676601074,-0.008028331581652837,0.07149065594081917,0.0
-2.7760033414411724,0.3288412104765972,0.5776923067064341,0.0
-7.546924026615539,0.06458711752372326,0.01550998856463767,0.0
6.423160373388312,0.6646198276436313,0.4322349699436318,0.0
5.709795002075232,-0.3083572177825947,0.39585819180805437,0.0
-3.269765281901666,0.021170629095714988,0.2217876108180923,0.0
3.225759635642122,-0.22382896104448313,3.080354807611917,0.0
4.676000860111804,-0.41341811141508555,0.6215762547312935,0.0
-7.527970066485326,0.33826909437204034,0.03758594359828757,0.0
4.047477357769701,0.030057632704437176,0.12045666630566061,0.0
3.3222906048871295,-0.45357763899304604,2.0395066593106503,0.0
-4.793699545442262,-0.4346555631187019,0.5270367569293234,0.0
-2.638115867506288,-0.5903676422892593,3.2898358387802586,0.0
3.175737860041256,0.2300709650514593,3.2256197671900453,0.0
-6.505632673075504,0.533387564636828,0.23406532098189384,0.0
4.371758346177007,0.66977431113732,0.6622695966683579,0.0
4.176682732272932,-0.2288775808188862,0.4837168112275763,0.0
-8.69209359578778,0.36695967296549425,0.0347861479381899,0.0
5.137565623117478,-0.2473162302267421,0.36735298664958,0.0
7.848607658149856,0.14317481501023965,0.03313242756436926,0.0
-2.5191575156346593,0.2900547405121723,2.430692916264799,0.0
-3.9146463415271615,-0.17964038671395288,0.35269022531531957,0.0
-6.745580232930306,-0.6668746075611468,0.578128117100517,0.0
-7.484938833923456,0.08365665728980476,0.01378122017322354,0.0
-4.697057128923067,0.2766100150846331,0.08639434961566039,0.0
-2.7783230253700406,-0.15956875562335637,0.7235126125704868,0.0
-6.904808501813294,-0.6458227953861975,0.5555048726257041,0.0
-2.8180314353761364,-0.003507673197887806,0.3728526874629422,0.0
4.719414171188573,0.6802842406717349,0.5842173666413317,0.0
3.893997768539551,0.06580279540259137,0.08365864219286918,0.0
-6.790665838094655,0.12889951219510432,0.02506994829473198,0.0
3.299541630000139,-0.5392823188188723,1.7733381316482206,0.0
4.017564274210445,-0.24658747667071923,0.5125680432305494,0.0
-3.000160563363216,0.21606782483870135,0.1732987218099019,0.0
3.0830363450886313,-0.04819120498395413,1.4269111900060503,0.0
3.061777158487427,-0.2487571585447096,3.1939661185303128,0.0
-4.913014881806567,0.7137177368632677,0.44408462072183363,0.0
-5.096924252038244,-0.5103112274496573,0.5433956229250123,0.0
-3.4858717549841938,0.40265497255169547,0.2706094829620981,0.0
3.0328676922022844,0.05186215946647588,2.113468637500084,0.0
3.4784899161708687,0.62820360478657,0.9388176976706378,0.0
-3.438509855354405,0.6857634659368053,0.6104200588404878,0.0
4.641057425560529,-0.6482866191952216,0.8371386483825667,0.0
-7.688183697067012,0.15860324723116836,0.02538517370790431,0.0
-8.273090620370516,0.10965214326203532,0.013455446287178164,0.0
-2.413651878005979,0.23623591317242287,1.1183898506003578,0.0
-3.8405622412933154,0.25447729938522134,0.10788706508579202,0.0
4.671473691150485,-0.7130637475120271,0.8803828449614691,0.0
-4.565251384832724,0.27674904606551176,0.08074360918782779,0.0
-2.5204481364432274,-0.13209534927772637,0.8050130729386478,0.0
-3.490659308826392,0.6764765261020893,0.5584985212652983,0.0
6.828557902589745,0.3631674903948874,0.11146924800152505,0.0
-4.779105200214401,0.3330484914921463,0.0872414314081611,0.0
2.947949727194157,-0.15264534308841626,2.4996373573495325,0.0
-7.597048878111585,0.3398004503190879,0.028937991237269665,0.0
-4.609284537892566,0.05445547914355342,0.0423976394631976,0.0
7.2718996679865295,0.20246909876329067,0.05583048088785409,0.0
-2.5067932714599106,-0.3532245274306214,1.2711711898691755,0.0
7.574194923370069,-0.03975329017160234,0.07450461551384616,0.0
-2.535168215939506,-0.6222253456370315,1.790309732725613,0.0
7.749698211824988,-0.4536136906428908,0.39849948637085175,0.0
-7.261621510393588,0.040325019657304506,0.019176971798730225,0.0
6.015994880494443,-0.03922674102432955,0.09276267968897102,0.0
-2.4861858119603983,0.7435327053835368,1.4107617909732342,0.0
-5.454290961098484,0.0026250024258833715,0.06847971170546618,0.0
-4.906682576117296,0.0046129251627142764,0.07839378919122297,0.0
-6.083794936847497,0.3489146814213704,0.05022912884691029,0.0
-2.299820752707067,0.49243962946806996,2.2117023186939275,0.0
3.1295394423537655,-0.008680662084158741,0.3861884423384988,0.0
-8.096801451433498,-0.15679845339434118,0.1662997735611096,0.0
5.165689115576791,0.03328463703597806,0.03299734748310134,0.0
-6.864930723874782,0.5632202479419643,0.2252996411894953,0.0
-2.3166106886262634,-0.4312981531531652,2.1713249045329577,0.0
6.24429654864808,-0.3341689750886921,0.3494521574225883,0.0
3.3954620739130696,-0.534480701133879,1.113499157174345,0.0
-2.5822614227455114,0.19140170826587666,0.1916635239985008,0.0
4.280326732261143,0.5515005741252728,0.44877795450828706,0.0
-2.327226211646944,-0.4057741765689275,1.8232210471981007,0.0
-7.302344288860198,0.3115968878507649,0.029964865378412395,0.0
3.8265348856723893,0.655281027940865,0.6631254847137712,0.0
3.0214127337130954,-0.6730871584655346,2.1656628559628346,0.0
3.382847486219511,-0.6045854589189041,1.2155990349057328,0.0
2.8490307612583248,0.25220787417752955,0.9317892517368918,0.0
-6.531838973883248,0.36941309296001745,0.05223417945720327,0.0
-5.8943042509815395,0.7041962426822854,0.3567794494347555,0.0
-6.28971804088544,0.4029294771904055,0.0917235953270333,0.0
-7.1487035867863025,0.7043884830825757,0.31840287012618224,0.0
4.469652942458831,-0.41498344227818146,0.5489509081137134,0.0
-3.309505432104289,0.5573450383929486,0.4090848914222769,0.0
-2.338636385382725,0.5623102741305193,0.9846622282418772,0.0
-6.254232756199983,0.5756621844763821,0.2426167714488278,0.0
-3.0240874798112882,0.27844594931114486,0.1508874376936659,0.0
4.170926385565194,-0.19436219214912898,0.33274637148251063,0.0
-2.23697577798991,-0.1040495346011232,0.8080709597694324,0.0
-2.1089699454531994,-0.01111060257708174,1.8724922518355984,0.0
2.9573290462910684,-0.01794416318344616,0.38530777124050203,0.0
2.894582530354585,-0.024284695181754246,0.451897332541445,0.0
2.6993836082366425,-0.08329248272016909,2.055896805694377,0.0
7.550293903770012,-0.5844254856572996,0.48030670565506717,0.0
-2.072897632867554,0.2108580305150548,2.4208668197263035,0.0
-6.2083640532872035,0.7168400361005145,0.3427501984905445,0.0
2.8663607800506252,-0.2815788271334225,1.1176885773900855,0.0
8.326796316744339,-0.3612248795599829,0.3001578436353553,0.0
6.831059419284916,0.378718237944194,0.10078508207234842,0.0
2.68243552649273,-0.17324269001729276,1.836454242322579,0.0
2.858519670149594,-0.03281935432393113,0.45817287031614834,0.0
4.766870364974327,0.13953600567646418,0.05589068829903047,0.0
6.12419724705927,0.47682801091281246,0.22819718762184182,0.0
-7.4509544846093965,-0.49126631235997803,0.3892660432021742,0.0
4.036799158305376,-0.04052400512147658,0.14212030622647376,0.0
2.734165426803397,0.2205317670528073,0.4746390623958075,0.0
-3.5084674523042487,-0.4388898098355872,0.5687284550842969,0.0
8.60939832570169,0.11322144634411513,0.012033558271509273,0.0
-8.60330837084828,-0.0004761439237864762,0.03311224368175698,0.0
8.120700653763986,-0.6365102596849027,0.4924415727713118,0.0
2.8366491436305328,0.2412704265244121,0.3598222743823748,0.0
2.6209784141699846,-0.26321887933438304,3.4061915510500733,0.0
-2.0017184672203197,0.28922961190400676,1.7260013125977034,0.0
-4.576964795845654,0.0442826370431304,0.036897434505873065,0.0
-2.3002536984232727,0.5039301729776202,0.6361940360267467,0.0
3.960025216975721,-0.06259081163772529,0.17298316765076893,0.0
-2.2026652506485895,0.599164536475816,0.9487734682355936,0.0
-4.727871355221113,-0.15586108409427324,0.216800336090831,0.0
2.794655366750197,-0.10297309988636016,0.5994866068159885,0.0
-5.493728292281169,0.09199732867676558,0.017335891716664553,0.0
8.087563009688328,0.2952616858280479,0.036860284260757145,0.0
-4.419490112087395,0.364840619158322,0.09217581081205983,0.0
2.6285481650723064,0.5950418325720384,1.9634585922410328,0.0
-4.029466039160465,-0.1279258622913827,0.21885731457917149,0.0
5.515178940579693,-0.11117089160827953,0.1544672843140405,0.0
-4.763955602914151,0.04499547102552792,0.03174657546792771,0.0
-8.18863766575247,-0.04269993176689746,0.07113921273192757,0.0
-7.237024319715742,0.053946996906153566,0.011032232609819254,0.0
-2.133071389893594,0.6053049615598969,0.942465496646021,0.0
-2.119349197833203,-0.6528957242608668,1.8039011476259883,0.0
-6.388852321218633,0.3910913966825602,0.0611258882249801,0.0
-2.1227581713826247,-0.5200629148679459,1.4162566573113078,0.0
2.582920204429433,0.0956935860170326,0.35981480487543455,0.0
-2.0867253379232356,0.16765545189540232,0.21852431398218902,0.0
2.525014616523979,0.2177325208461911,0.6897994833754862,0.0
8.161854535493053,-0.312171282826169,0.2577953839185066,0.0
2.5866372215021727,-0.29868600016235874,1.4596875201876114,0.0
-5.911998475786753,-0.42865375881827383,0.37476862589651627,0.0
-2.7151027775737884,-0.6903014050589359,0.9887110599045148,0.0
2.4759261269477566,0.30070188736365533,2.124540810386636,0.0
-2.0104205852414907,0.7270141087531363,1.3922113767943702,0.0
-1.9519873879552652,-0.7598963416871675,2.8437593030973787,0.0
3.077117376363004,-0.24617132658101282,0.5586956775147085,0.0
5.456104717503322,0.15970607403036807,0.048934114931210054,0.0
-2.641171126384682,-0.20578616716357578,0.430715494566305,0.0
2.639173537131674,-0.6702048734022001,1.9828650919506687,0.0
-1.904345415959737,0.39649308425094243,0.7948353307307324,0.0
-8.284256043500596,0.13031690590997524,0.010344500336691532,0.0
-4.955791863914378,-0.28647767886574305,0.2983371518621367,0.0
2.552094078520712,0.4260574601201679,0.8866138277536707,0.0
-3.5070209940507757,-0.5063531674219,0.5738085027444988,0.0
5.38041448192058,0.10857804188352538,0.023713157777124436,0.0
-7.697103578495766,0.30536812130119273,0.018998545033482615,0.0
-6.261997262681282,0.04132957575197127,0.01656918490784422,0.0
-2.8264617010764503,0.11156970600215832,0.07070406105876283,0.0
8.50373160377466,-0.5387311612530552,0.3981913495394697,0.0
-6.119175042939498,0.6838120154994325,0.2948181721060903,0.0
2.4170055551841756,-0.5168249925010839,3.3809125601114656,0.0
2.855270657307182,0.5584789696905537,0.7068941605042319,0.0
6.397372147017636,0.04543380932637686,0.011159364768847949,0.0
-3.4949160877912657,-0.20427236986463237,0.29995564160196164,0.0
2.3648761372176406,0.40940786323941825,3.5614962150319243,0.0
-3.510711543089922,-0.3114841245825427,0.39328672091093736,0.0
2.44862465713053,-0.5176931579293473,2.3210303559453695,0.0
-1.9478689376102487,0.057409822145474965,0.3075586922882358,0.0
-3.7843561924124227,0.10829196497869542,0.03338436867649032,0.0
7.427627686323881,-0.1374472018646462,0.1358966000087723,0.0
2.353879841718509,-0.13829793984965155,2.432449030419431,0.0
6.631883097520481,0.6285436867721765,0.3131832365403949,0.0
-1.7538537748054486,-0.3532205817340035,2.6309049731316905,0.0
-3.031177209118546,0.7154559316693401,0.49652417392087717,0.0
-6.046974888983973,-0.5465636138106594,0.43422292975224563,0.0
7.88705850314798,0.3312800726042495,0.026970419138107174,0.0
-3.1033285229826646,-0.0789248956066495,0.20178130898168659,0.0
3.725731909941276,-0.012694459852804818,0.08996850319934392,0.0
-3.224835311680308,0.012969053734719127,0.09298365580393604,0.0
-4.564989170822497,-0.6386222191275184,0.5593806750523289,0.0
-1.6798729924129612,-0.08467379241778661,2.5436984694297893,0.0
-1.6554298180465583,0.37009522176235676,2.7728393371541586,0.0
-1.7062987064357307,-0.5241497179900735,2.6052539518122533,0.0
-7.099533054380522,0.20471483271944257,0.01960934311369016,0.0
-2.094248499636585,0.28213232478332606,0.19096674360258029,0.0
-5.298299796836197,-0.4468752160889709,0.3849712683357021,0.0
-1.6354628690000643,0.5027982651676823,3.1335262578363636,0.0
6.917039526894678,-0.36467032760538626,0.3013135597682104,0.0
-1.9312367555048517,-0.27653061303773435,0.7617045650875495,0.0
-4.114256665130604,0.7553726584127611,0.4046822740069516,0.0
2.2356772866770207,0.020904464449104654,1.0212475209781975,0.0
2.224147508622254,0.08894051588095475,0.810709325085787,0.0
6.644071505788649,-0.20466732979571423,0.18855247722515153,0.0
2.507217470058958,-0.6910269639457136,1.589415018271792,0.0
2.6921875727085247,-0.33845672160415,0.7233304398873142,0.0
-7.3104699253841146,0.32210131402657805,0.015996022476523285,0.0
-6.079557831085382,0.4574214785571573,0.1112063438112608,0.0
-3.8076925819143366,-0.34302226948429104,0.36901523400441577,0.0
-3.654893035757258,-0.7120138186253434,0.668733642988753,0.0
8.425967920523142,0.21031759275632478,0.02302469736250808,0.0
-4.238616183001872,0.3602406410412624,0.05432738984336784,0.0
-2.6913218961123606,-0.11988141534617558,0.2572030639741986,0.0
-1.588178631765076,-0.045540877043094286,0.887718214965332,0.0
2.1749670496351623,0.18739962197681703,0.5704709837185953,0.0
7.230920455048398,-0.31969111456819993,0.2565339785514213,0.0
4.5704238497513145,0.0612256315182087,0.014744005222262496,0.0
7.203616605862157,0.6164654629935087,0.27324023170905476,0.0
-3.5773074940741463,0.6561874224090527,0.3429863890798937,0.0
-6.247859290856038,0.16751433472064525,0.017463407118880142,0.0
-8.227883303983893,-0.511491224494329,0.35076161139459483,0.0
6.213293239470424,0.16308901143725463,0.030465925144230636,0.0
2.1860144965366803,0.41142231639698834,1.0630660982524356,0.0
2.122259031810554,-0.2667718897344032,2.1007681970004404,0.0
2.098533489436983,-0.03057836482110321,1.275440027563807,0.0
3.438108004358627,0.09821677338999557,0.03661440454021204,0.0
-4.059824742440724,-0.3714614345447182,0.3628989330886787,0.0
-1.5892083449352628,0.41146432577782943,0.5936719789533399,0.0
-6.812706001304706,0.2836934819750918,0.017271336243167332,0.0
3.782000150966761,0.43354320128760815,0.2537651736253171,0.0
-1.7245278256147865,-0.4799937481821629,1.0975315600494482,0.0
-7.517611202758287,-0.07375392835162109,0.08706258352738734,0.0
7.839536326763611,0.3565398122484882,0.0187641868097368,0.0
2.886606267383934,0.75478275249821,0.748602519768889,0.0
-2.8816622221428343,0.42646902940280107,0.17462970627039015,0.0
3.647799823873868,0.06624199990579871,0.02128004028423906,0.0
5.91790261497014,-0.2983916997219134,0.26003699507095585,0.0
-2.1864939884570394,-0.7477786603474668,0.9814737984396444,0.0
-5.888069645775824,-0.23652079137687176,0.2124520825822912,0.0
2.1922294017150055,-0.10315792834558324,0.577446999068299,0.0
2.219751153739173,0.09140305439991325,0.18181343402033492,0.0
-1.439880065606995,-0.6316817892950148,3.4523209201741407,0.0
-1.825483190028085,0.5620738128988427,0.5286332421507526,0.0
-1.4015629710240525,0.1815944148981773,1.400112265762469,0.0
4.659035556036171,-0.14315683786236844,0.166827022940949,0.0
2.446162048391816,0.731243156447265,0.9472500580820781,0.0
2.2234118490811188,0.7385681226421561,1.3140282259765022,0.0
-1.594429047548835,-0.635341809244181,1.4988972339307396,0.0
-5.494416862931068,0.25395104324734175,0.023862398134109723,0.0
-5.4649436398425895,0.28201212633048556,0.02311046960507923,0.0
-6.516930913786812,0.6027373179109645,0.1988607321364618,0.0
-1.370633014446109,0.4600393550553168,3.3242777652743256,0.0
6.440960918353662,0.7247451127290931,0.35966961420063903,0.0
-1.9672051087736238,0.2889860071239376,0.1418798566183911,0.0
3.23172712590501,0.6650166472191608,0.5302901509848243,0.0
-2.0858808025977744,0.3175747116005514,0.14112936260129996,0.0
1.9902562844973755,0.09145451992838982,0.5876103842525816,0.0
5.957730982073738,0.6013868365483646,0.2822022458856423,0.0
2.2968735411027748,-0.441533931301564,1.0042578288636583,0.0
2.043315731709205,-0.45854339171584374,2.0124189233937284,0.0
-1.3514128919053263,-0.006070493899127727,2.527688852967214,0.0
-1.3701309327156572,-0.2692873053472878,2.2711090955687196,0.0
-4.320588027643145,-0.3824984496446962,0.34509079758974687,0.0
-1.9302086390468345,0.4053911461439814,0.25868579904593875,0.0
-1.6275502001342055,-0.5363307404186961,1.139685715603973,0.0
-5.504354860405366,0.3313029470162292,0.019277406365947245,0.0
3.3982626489852397,0.7028353182430445,0.5328387015531235,0.0
-2.674366662043659,0.33286917812078465,0.08519825937339628,0.0
7.3619730719329795,0.38185303326116427,0.03760981139631182,0.0
-4.363361873365127,0.2196798550724295,0.0317638462817558,0.0
-1.3540673925162912,-0.6799267034132288,3.6601214102983306,0.0
-5.5994879198627485,0.3418362787999367,0.01761546110326973,0.0
-6.544585144810217,-0.6912361653667402,0.4672140740615523,0.0
-5.39828355096369,0.4473970413595245,0.0965578112925674,0.0
4.2144137223400335,0.3466964029748918,0.12404053062777522,0.0
-3.648043574480589,-0.5642558861371542,0.5013112178971952,0.0
1.9046050211339498,0.10961427748891261,1.7753179837736444,0.0
2.282462021482683,-0.2742264139656846,0.6518041511570171,0.0
5.725508835553862,-0.2801596983255583,0.24009377126119832,0.0
-4.658408535556762,-0.07808150419267734,0.11314565214573387,0.0
-8.582381182498189,0.40248148216420776,0.0344177543229063,0.0
-2.550210869651539,0.3197601150581484,0.07837474602562329,0.0
6.387699264382276,0.17630987948077426,0.025365683238611516,0.0
8.41353752881679,0.1504663310892217,0.010201600283354728,0.0
3.0288425034765805,-0.5401793547736529,0.6608872155051799,0.0
1.936227116012704,-0.6118169456707327,2.6508537405976824,0.0
-7.94844873433313,0.10564633132353385,0.004372050438383925,0.0
-4.43761609566941,0.1981562886173881,0.026610463520578498,0.0
8.58628620816527,0.08256203321012823,0.0032189297147822375,0.0
-6.204303903160026,0.15510975502967406,0.011768124969722954,0.0
6.881624338518886,0.0013408925429750918,0.01553703679825129,0.0
6.523123424665975,0.16797256156592943,0.02174045535717244,0.0
-5.933871054882696,0.6664178592932566,0.23907740688435467,0.0
-1.576422405863683,0.2849097200596047,0.18463416626183818,0.0
5.565656042974142,-0.16540273050256382,0.1556106749991716,0.0
-1.9985355224868453,-0.3747260087089598,0.554788899013001,0.0
5.328834350460506,0.2690692893120219,0.050028860707191154,0.0
-1.2294265475230013,0.2133238902084651,0.6842543739703009,0.0
-5.625520365825723,0.6023135551875642,0.19995576277556346,0.0
-1.3420771677934802,-0.1257175888335389,0.6762324182677311,0.0
-1.2032355991225874,0.3397064229726523,1.5303867841291114,0.0
-1.2025301712972496,-0.008176736314059463,1.6787175682380606,0.0
-2.2181163711006873,0.5225965025028148,0.2834793310250941,0.0
-5.542795860012394,0.14238331639638702,0.01170116008603389,0.0
3.1495867922151906,0.7360967279998902,0.5615408168177773,0.0
1.8410157602099098,-0.06828757282064268,0.7832506092953017,0.0
5.405564971203727,0.14939743060028388,0.023978599995264922,0.0
3.721231830566678,0.38816654890488933,0.18032307142163634,0.0
-7.714901300048641,0.0998792023753381,0.0039019884763417567,0.0
8.574148412829253,0.30042770147583187,0.013122494377664643,0.0
4.813080671908651,-0.22764525061335106,0.21257183268927798,0.0
1.7793214791854997,0.578842460918912,3.7361008973185252,0.0
7.656430269710999,0.16166878698716247,0.012377102170548973,0.0
1.798476159553287,0.13798303593477712,0.4305107801537335,0.0
-3.8430117626850944,0.37204371571202244,0.041336258936353995,0.0
-1.1887011745497267,-0.6972424052656538,2.917400096307275,0.0
-5.710841191777172,0.2574548238648757,0.016239300077856626,0.0
-6.556025286153021,0.2867667271134371,0.012261376034434033,0.0
4.176877552653533,0.4932263733046285,0.24240939445215715,0.0
7.159582562083445,0.011747719339859075,0.007178517421288679,0.0
2.0315701457270627,-0.06884191229818426,0.3176828660421668,0.0
1.7660150183175691,0.44200366803574265,1.4382592807474244,0.0
6.549426895040996,0.03208536100936077,0.006021730001785599,0.0
-1.1691880783971609,-0.21618094439193525,1.159138420483986,0.0
-3.4047360716777897,0.3391688894500158,0.032184655057075,0.0
-2.236817916381993,0.33244742474797073,0.07906362282446562,0.0
3.0507397431184966,0.5601251143056425,0.38843667426415596,0.0
1.9073080845734385,0.29977650551938995,0.4120007039001228,0.0
8.554784917433992,0.1417585236047384,0.006903548019922551,0.0
-2.5001564584537466,0.7163926446371978,0.392209964640563,0.0
7.969648152676186,0.1407569949842129,0.007927946077403063,0.0
1.6941252545515013,-0.1232630458306212,2.3387231005165035,0.0
-1.0960195851405983,0.06365538267883841,0.7859867407560192,0.0
4.23708669317848,0.29666113467202315,0.06945314651317108,0.0
-3.8972081653431516,0.2850411170454339,0.026849170245617365,0.0
8.083368800363889,0.018847624568881116,0.004906998859683183,0.0
5.982009362057823,0.24084585101305933,0.030552348607934897,0.0
-7.32272269666869,0.39493247752817684,0.027419571355443484,0.0
-1.08127824066412,0.40054948341832874,1.3490358779305858,0.0
-4.6124133423459455,0.0898164543676464,0.008266061945668745,0.0
-1.0656567752519486,-0.04216291047134557,2.8446031000365033,0.0
1.704719804016408,-0.18338134048320398,1.4670916528896876,0.0
-6.1875666106048355,0.19584270850600416,0.011551064650917618,0.0
5.175058435098753,-0.7227544043200005,0.5402898275468723,0.0
-1.138029509070165,0.06242454464730407,0.36212477648401703,0.0
3.34117902777038,0.27804545720414064,0.11287531987953175,0.0
-1.1279305592820608,0.49712764038486523,0.8074376234681444,0.0
2.8092810870864255,-0.18094265176795854,0.256019826944181,0.0
5.299869016565598,0.4737630850200041,0.16891967384379583,0.0
1.6390478801797617,0.060086169588025484,3.657310087294933,0.0
-1.4743835983715892,0.4798842591016266,0.3413805569490532,0.0
-1.8156182050867251,0.6962768486470465,0.461908794048982,0.0
7.182929908268692,0.21439611664079994,0.016715552772959184,0.0
8.415922714413043,0.2877991347996971,0.011335337477817186,0.0
-6.935760794020942,0.36128531437027056,0.007485073491056054,0.0
-5.220432941836418,0.27248871789357154,0.015284415129650026,0.0
-3.8949362052571876,-0.735831331123447,0.5454384377886757,0.0
1.6175669718956431,0.07542131795732498,1.8929155179362152,0.0
8.199924833176652,0.37809134618912266,0.013159570979150065,0.0
-8.385051361212412,0.2416441016508606,0.0067905639972690255,0.0
-4.417026070135742,0.7324415052630995,0.2871830344319776,0.0
-1.175506396732989,0.6133758735303017,0.7356536900712919,0.0
-7.919912778396431,0.34089999122008985,0.006063214108089629,0.0
-6.993622388475022,-0.20350748039321875,0.15856640489100382,0.0
-0.9920659069477233,0.013517708528931749,2.098586198936537,0.0
-4.345808560531453,0.3854854546466828,0.035760769339696435,0.0
7.566433360042765,0.4778612152651047,0.11831136049441125,0.0
-6.588466397879438,0.005456720971306339,0.015132056792452078,0.0
-1.1796639218855312,0.17009302791301928,0.15541865285245057,0.0
2.428301174251903,0.25909206819821207,0.162436279859865,0.0
-3.7966756598485425,0.0725969327519056,0.010349304456301289,0.0
-0.9728653691597327,0.5611748147555886,3.3816596315312357,0.0
1.8733841041845185,0.09215923827932737,0.07834002385266717,0.0
-1.8375211165465632,-0.04604666411667846,0.17384310970410907,0.0
1.598384599538683,-0.48242989949712406,3.1659173702833465,0.0
8.019638874761505,0.3214142203442272,0.010386590075055277,0.0
-3.655226170525993,0.19222876645665665,0.023279502401695237,0.0
2.9049748357050884,-0.2206159096496073,0.27076221097751657,0.0
-3.4341876214145897,-0.6472411524785339,0.5050418975002204,0.0
6.537774143638883,0.02531870679693382,0.005334137304689476,0.0
-4.603813502544252,0.25954498734082754,0.01725920921560873,0.0
8.402966533984301,0.09817751876630931,0.002709211554465848,0.0
-4.3299005536126876,0.14914182910690865,0.013217981902927327,0.0
-7.854732895302406,0.17732248472345558,0.005714756320210836,0.0
2.19463740114759,-0.6511046143811385,0.9102893906000774,0.0
1.5804631824484776,0.13590769556433946,0.48033947396096044,0.0
6.2175649042593015,0.1826832098722292,0.01781673411920034,0.0
7.560193545492158,0.22573223562477573,0.013267684899191461,0.0
3.3922396526709058,0.34729756081583796,0.13443500847315284,0.0
3.909721501437714,0.7244565753985697,0.42036645922467797,0.0
-7.904440374628825,0.08051165996104737,0.0015401418622389335,0.0
-7.511071812888899,0.33004311398540276,0.006018678452759947,0.0
8.460462290319988,0.32076212800704385,0.008528125084284157,0.0
-6.948629975825586,0.3047224734409004,0.007453079921901745,0.0
1.8146133884591293,0.06097385755164775,0.052594270430322505,0.0
1.8177694656456875,0.32914089949692027,0.37254949978875407,0.0
-2.1569109821682444,0.6278971766911416,0.3105437265022421,0.0
-3.600225780081611,-0.15119962092000483,0.16489092714618817,0.0
-6.417690929323776,0.21738488398359335,0.008750397350629014,0.0
6.371815845263315,0.3765988303777519,0.020015717750263128,0.0
1.6074633049959317,0.5692627671728243,1.1503994073760329,0.0
-0.8684015891344172,-0.03870059961262973,1.8460687148541908,0.0
6.948663602397634,0.6975391014021284,0.2874775034054374,0.0
-3.482114056615682,-0.0796328336970007,0.1133260751496977,0.0
-6.616747594326258,0.13012551533095684,0.004457189941736476,0.0
-6.320849632742097,-0.5155262000014982,0.3290901710734097,0.0
6.449050904433776,0.4317681622320446,0.08172982935277215,0.0
-2.937879990219388,0.34014524929329415,0.026408712459848074,0.0
1.4663491672508364,-0.01278926649580081,1.6036698375666578,0.0
-1.6278915249368655,-0.3242445735496595,0.43513197751828125,0.0
8.289354973601554,-0.5423701914390819,0.32660500482346166,0.0
7.50618655375014,-0.24920114304219165,0.16708945079907592,0.0
-0.9839739142364055,-0.3043600177012621,0.8884525436453848,0.0
7.900835586679555,-0.19369728826768984,0.13212717299044982,0.0
-4.66663468542177,0.6839412507911984,0.23311765480119792,0.0
1.4738808412731803,0.07446830608684418,0.5176395250469222,0.0
1.571705876455491,0.04349007774663005,0.14980726118273008,0.0
7.147235858732106,0.3527673257528432,0.009679317019169588,0.0
-3.0308523768871547,0.6356247334706928,0.2454998021260996,0.0
-1.6421636879732207,0.30766076349543847,0.07100044197491284,0.0
1.9592446931727885,-0.2510868567868978,0.44153204697278586,0.0
-5.560276918510645,-0.0736641207450136,0.08238215030620515,0.0
-5.497803531094366,0.6085756796776998,0.17399711143418134,0.0
-1.134596951226598,0.13352688434032478,0.11341955872639498,0.0
4.338524407785155,0.11678800013711188,0.013120657242491281,0.0
1.4406027622919009,-0.1645822805864109,2.071549281851313,0.0
-1.0030855769724205,-0.3322407832929447,0.8178311280682685,0.0
-1.1607485699628484,-0.13973701908343317,0.38564523055831296,0.0
8.013734627416238,0.012829672098399691,0.003495572569300512,0.0
-2.473111385110802,-0.6215832199315148,0.5302234005352973,0.0
2.7366925267325986,0.5903058289806835,0.3963813264422041,0.0
-1.9619860662899855,0.6040623680419106,0.285174601913403,0.0
-1.0622302075386951,0.5345982165813647,0.4611006654653292,0.0
3.3780456756333948,-0.7344827463930131,0.6240180610528314,0.0
3.4538905627847694,-0.3358352299782161,0.3044205815270593,0.0
1.5089307228868005,-0.010840836443297697,0.35641606591254904,0.0
6.9471669073987865,0.07229995196675643,0.0021061037591595696,0.0
1.595669903383575,-0.5587139087218651,1.3093032934795776,0.0
1.4207759053971234,0.3385665889513514,1.3912708541134973,0.0
3.8893123990610867,0.3222672654369447,0.0503799362338404,0.0
8.324658417187262,0.364488396991105,0.00583654323590093,0.0
-3.446126841568307,0.07604414429170481,0.008733223010923385,0.0
2.135301237497396,-0.10159111061742931,0.18197660614839098,0.0
-0.7906025281461098,-0.12124580306107557,1.723227036185636,0.0
-0.772071557147755,0.3678134020663848,2.402070506002525,0.0
4.221649529402102,0.3261965085333509,0.03688730992275493,0.0
-5.803472838730519,0.2710832619084149,0.008187615853723969,0.0
6.063463164937209,0.06473166598787328,0.0025600192951574104,0.0
3.7165328694529407,0.19335424377825572,0.050038598756746815,0.0
5.52421177610127,0.5663646306490877,0.21706591247512588,0.0
-2.081808880206439,0.39003603711284396,0.07975616588713916,0.0
8.520422634220033,0.2022160638572622,0.006675943098373689,0.0
8.57753920638961,0.3839362794278671,0.012674019960874373,0.0
-6.155090817251619,0.05282901148981156,0.003257954627993605,0.0
-4.491480100680751,0.6777830308775825,0.22201455744842033,0.0
6.628596484349316,0.045907177613326744,0.0023905957597728416,0.0
2.9693833496933983,-0.0031248782400771224,0.03317219982832166,0.0
-3.941346682476551,0.3593445921945624,0.012289755521633548,0.0
5.877815986620982,0.05986802587743112,0.002729529688968987,0.0
1.3540315905388542,0.46849425827335445,3.017357705904384,0.0
-6.617260819928282,0.2708480111730114,0.0061320238904152705,0.0
-6.590795136966261,0.16203152412987742,0.004770680613253793,0.0
-6.351631368672327,0.34908435844343466,0.005424245951188416,0.0
1.413270356854662,-0.029899500799182466,0.47805193723029965,0.0
-1.4907247139581266,0.46105907211525365,0.193753403246732,0.0
-2.239262488565588,0.25145108176102005,0.03570278894256587,0.0
-0.7726345617851553,0.14325445167539097,0.3299665301900874,0.0
-4.1391089954115055,-0.563540707080119,0.38642772526086444,0.0
1.7188872529912302,-0.23831953710836296,0.4735678555118825,0.0
-8.05924444844452,0.34562940605960657,0.003525947648983147,0.0
-5.477036309956681,0.3290092645131195,0.007196934191898022,0.0
-0.796402967366503,0.7229470473166557,1.1850537330086792,0.0
-0.7787792407830834,0.5640002200243381,0.9520480336930603,0.0
3.6478565982964994,0.026961359794526407,0.009459026145366896,0.0
7.46173713328616,0.6598389100571795,0.24248445640779287,0.0
-6.01935072496871,0.3458569908388509,0.0056765994461581365,0.0
-2.199418347122597,0.7130159679675179,0.3196884450247894,0.0
-5.567492429545776,0.3548780501711386,0.006274402235373803,0.0
3.8812678533325915,0.26735277641098865,0.05239198511939539,0.0
1.3537489188188676,-0.03970954650101266,0.6161674036134664,0.0
5.125757274907334,-0.5179448425810411,0.35292585952952915,0.0
4.592957167507219,0.20114978202943212,0.0281502887761691,0.0
-1.5734438065234668,0.12202147181729595,0.03771237963685697,0.0
-1.8412823528473545,-0.16223277314064655,0.22752306624911664,0.0
7.321298159872782,0.1719895396561837,0.0069767105694612044,0.0
1.4042683268063723,0.023891158528382306,0.13935827864420108,0.0
-5.380026359190927,0.01111649401628434,0.010905411218601009,0.0
-6.556076398678471,0.44232666933526255,0.0556314071371578,0.0
-4.6094642482879875,0.39149110151095035,0.0255480711342938,0.0
-0.7472764274733121,0.1331488548620634,0.2646164085165246,0.0
-1.0019163262831752,-0.045230064576146534,0.2583950744186421,0.0
-7.293315852965668,0.20876264518901044,0.004458332240545426,0.0
7.481136271835965,0.08982312323144293,0.0019971177316015143,0.0
1.8786557350900335,0.5329707908663541,0.472855385064252,0.0
1.3345276233015078,0.07002208428702894,0.12558006319907294,0.0
-0.6960276424571123,-0.6969740422096099,2.7921759930336894,0.0
-1.9933158869119039,-0.062501935501171,0.131650311873074,0.0
8.229245489822723,0.21781602368265263,0.006186145150657865,0.0
-0.6558489108111125,0.13235423312100225,2.6290211400771177,0.0
-6.349127991049791,0.45624377873144994,0.06431597053944582,0.0
-7.529667426243559,0.3515720044611701,0.0033244992822576186,0.0
6.412805032284773,0.22959006161172202,0.011549276760065895,0.0
-1.0643436358194345,-0.15494261856962654,0.3413594953162199,0.0
4.510575955230564,-0.17910930097537503,0.14069438442380533,0.0
5.744847585240354,-0.38463017042009934,0.25133885257383004,0.0
-1.4700177567132382,-0.4752224250796753,0.5110565342817294,0.0
1.2968518540117007,0.3979427959634543,1.1188642719061015,0.0
-8.44115201695672,0.0785119926414537,0.0016139438708218882,0.0
-6.176602871537306,0.09683238506735259,0.0022577880661920195,0.0
-5.140514901480538,0.3463314310504195,0.006415256941464129,0.0
-0.8410434063364454,-0.2563912812310958,0.6082139200542785,0.0
5.467623961368378,0.6894891843784485,0.2964092141855809,0.0
-4.582652635274998,0.24218122824076138,0.009520857474886285,0.0
5.038021409805946,-0.6098015306328597,0.40323043345879034,0.0
-0.7018868952598956,-0.12155684732709815,0.7126721233793603,0.0
-2.5589709761753294,0.2196281178894811,0.023002633451771264,0.0
3.245301300569194,0.21961631280859273,0.06600376048169017,0.0
-8.632204041768226,0.2104464328314014,0.003029080858263936,0.0
3.526071916402813,0.6791454966417829,0.3659761386915786,0.0
-0.6629271326420945,-0.1858514116911285,1.1566182216680982,0.0
-0.7448331963316814,0.05708340430603975,0.26635808138760947,0.0
1.238830777941013,0.11106563979465567,0.9261408184872776,0.0
1.2730087191046575,-0.3768882463626787,1.9041839623775991,0.0
8.570270304604719,0.22437665849374833,0.005313037100399018,0.0
-1.1968967819463456,-0.0003307383885408077,0.14088991612924173,0.0
-0.7127039791996737,0.6993287006530877,0.9206249963041341,0.0
6.122162651886324,0.2535063393681698,0.012089355834796455,0.0
1.3211640235566176,-0.4018036296784767,1.2638402457402755,0.0
1.243310902867334,-0.16208822178921234,1.2218678842943704,0.0
6.566644683492314,0.08851706646657498,0.0006558856174509747,0.0
-6.329673749373273,0.6755223607012053,0.18412546250675146,0.0
3.7324226280220554,0.04462295991968057,0.005261113859177826,0.0
-1.6758637572192354,-0.6065676535691129,0.5491565008963069,0.0
-0.6601280127483768,-0.5989130861008605,1.7915283620857325,0.0
-0.6631094161993403,0.32956736078897353,0.3325016589521682,0.0
-0.6133382599045483,-0.6675071440072732,3.319261220513761,0.0
6.816593162139872,0.3205167681609018,0.007278332780454746,0.0
2.6742958116525806,-0.5333232662000653,0.47754016512452185,0.0
6.96109186605273,0.10381751878526635,0.0009474129301080917,0.0
1.6209255157707165,-0.06762257022586993,0.1524446073803284,0.0
-6.0441448232687645,0.05213410914885286,0.0024024813925706745,0.0
-0.5748101261784289,0.19530084808114245,2.741113560767344,0.0
8.383389785172088,0.12571239863306882,0.002080962552020748,0.0
3.4363134752690154,0.3442286168416919,0.043436160179720074,0.0
6.508178852190703,0.36206174111840395,0.00644105356625596,0.0
7.062216483440052,0.37336414525265615,0.005196295346406825,0.0
6.113790719619512,0.11646359979347398,0.0033432425487660913,0.0
5.759274394255256,0.09250781485971737,0.002292051938323184,0.0
-2.256539608781374,0.25693314411234014,0.023603465892918018,0.0
-5.587398285967795,0.3068376798886545,0.005027375241712875,0.0
1.1776388190128682,-0.35999847609691354,2.877761213524587,0.0
6.614878276899521,-0.3733597653437397,0.22425499708336816,0.0
5.353783195419073,0.329840050240082,0.01163876568576677,0.0
-4.031763626898664,0.3754379829620762,0.008567613100125044,0.0
2.2723135327171953,-0.24402104654370116,0.2575877191537192,0.0
-7.429829706888443,0.046634225589609724,0.0009556027263877729,0.0
1.5821320819131905,0.2678515904003418,0.21594924494554424,0.0
-7.236639757708494,0.37494038330228485,0.002458497477257441,0.0
-4.955247774113921,0.09840057947104497,0.00265863956942972,0.0
-0.5275466593949307,0.07978766310175467,3.625693932367968,0.0
-1.486955013972767,0.2581184009072435,0.0387063335672437,0.0
7.182609842818255,-0.2526305710119576,0.15133667256568784,0.0
-5.302206815260913,0.451369614260968,0.05999128682289587,0.0
-4.717955661475906,0.3146184602659221,0.005868327671371743,0.0
-6.049280760230707,-0.25146181058092365,0.168561715132582,0.0
-0.5158853319671941,0.5075499498859479,2.307635189624816,0.0
5.472119796414102,0.2507138094145005,0.012463873365915154,0.0
-1.1104212031407554,0.35750541103426103,0.07787093808930302,0.0
4.293970638479314,0.10649450674793992,0.005394025559184989,0.0
4.657286927931596,0.06810211428030921,0.0023285166649611826,0.0
5.049386825353137,0.01746675907906725,0.0035434004026220194,0.0
-0.49726680176306637,0.13958779864238247,1.0568875966947424,0.0
5.19326623318703,-0.6844514500913134,0.4202880536403561,0.0
8.464037454477207,-0.3959850990771821,0.21512576081571352,0.0
-3.6249312149241746,-0.09701044133958336,0.10186539308236357,0.0
-3.2697454326069835,0.19113886608014163,0.00986445367476132,0.0
1.121879682108073,0.05787963937975271,0.2893615853488095,0.0
-0.5912217645271767,0.22855141070443097,0.1388322755172484,0.0
4.763506063099422,0.06583081306987038,0.0018465609205403448,0.0
5.640859551041148,0.4274073132887657,0.06475062180978933,0.0
5.241762572632277,0.3729064410377758,0.00889020997414693,0.0
-4.755607202025529,0.03988400463684316,0.004012491543162822,0.0
-4.2341452287929995,0.24296315586490258,0.007112811477735485,0.0
3.425757106859267,0.380201369832885,0.06301675251109547,0.0
-4.934039291915672,-0.0945682493264084,0.08739189535648388,0.0
8.43824775135969,-0.48995459318932094,0.261906477257314,0.0
-0.4906906435916518,0.7368352152778861,1.7590397176703745,0.0
-1.7412186576383242,0.3578957393326416,0.025567295421172035,0.0
-2.2559149400226186,0.053269180413904826,0.014209535470785548,0.0
7.946396160243392,-0.3941758956926232,0.21546062353231474,0.0
-1.6059449727735666,0.1057116561874103,0.01702712432721105,0.0
7.566623215374975,0.318185300579493,0.003873159181382628,0.0
4.499765237750735,0.29470527120169,0.017014225450196537,0.0
1.0898902503505141,-0.31904027432782645,1.872602430531883,0.0
6.843606306928471,0.29213812764650227,0.005402207633514901,0.0
3.431204633522354,0.3722273069551574,0.04419478437352516,0.0
-8.181846532330447,0.3718588194474215,0.0008925680779219392,0.0
7.596232365231259,-0.347590344524156,0.19284794866085192,0.0
-3.759633717889767,0.25757690730095617,0.007735747919657208,0.0
-1.4034463965801054,0.13922511461524056,0.023613150562990386,0.0
-5.477930810921467,0.21256726137583626,0.004049008681329384,0.0
1.0704215194867945,0.3546901650734742,1.2881099987171787,0.0
-6.677466966340133,0.640710068515943,0.14999391799637155,0.0
4.776896585291114,0.31440043773548254,0.012302844545016586,0.0
-1.0693091712046856,-0.42078817102648547,0.45730956388392435,0.0
-7.774259506194151,0.223349574759661,0.0020598705223637648,0.0
-1.7620551814111005,-0.04923463726396449,0.1057920124465931,0.0
-7.148588482343149,0.26892443887861384,0.002322624737953075,0.0
-3.3452510666653996,0.2036150959215235,0.008337029661430378,0.0
-4.624994666410533,0.4734648591872308,0.07197939513060074,0.0
5.467757139213903,0.004886881352470063,0.0027945133745357962,0.0
-0.4801078735758466,0.4496622730473381,0.47249618380624625,0.0
-3.1219846902917023,0.5930453705128467,0.1560827696980413,0.0
-7.822040132900735,0.30875526445752044,0.002018107329926197,0.0
3.4899023927794683,0.02588667981143855,0.004716308294913742,0.0
-6.352732618509691,0.1471299954294536,0.0020326174966058858,0.0
4.759346930118452,0.05838159768022977,0.0015932572440832775,0.0
3.279591058258905,0.24969852210969123,0.04752206332852069,0.0
-5.510773980288136,0.5174088004569164,0.09118823944632962,0.0
-0.407805709568434,0.11939782812859456,1.8424089456972041,0.0
8.548481388839534,0.16173660790697786,0.0014714270476808226,0.0
8.583272639300564,0.3318119977644516,0.002433549965583354,0.0
1.9185624156529641,0.08605668253977738,0.013864790358392217,0.0
4.121119670218233,-0.657487047573011,0.42087041729892466,0.0
7.923218911081868,0.44481340679033,0.059890279560494815,0.0
-0.4929403576257396,0.5321756610288815,0.5006505710215399,0.0
-3.2229069208328633,0.458108006812729,0.07154638086483009,0.0
-0.41266730939392815,-0.4299990460861837,2.657994195446845,0.0
-3.010723684801172,-0.3115699375434367,0.23179912891702278,0.0
-5.21394284260237,0.43097940005970337,0.04204295906305814,0.0
7.1267389385920055,0.0645816602197542,0.0006285154982352338,0.0
4.422481932301951,0.6892701872808775,0.30288950642142104,0.0
-1.8480439773034147,-0.6043201096477604,0.4488581486485705,0.0
1.9259588467551652,0.014560149313252113,0.013683289544731957,0.0
-3.115199152711236,0.28339499827619163,0.008411789996062995,0.0
-7.625872326543941,0.299564531192686,0.00045530719701990236,0.0
-0.915017325313447,0.37845650667008157,0.08308405722613987,0.0
-0.41818248744341346,-0.6778977904861456,2.2391858115570393,0.0
3.0720046445575573,0.04061441739817284,0.004118408383959466,0.0
-0.39152852700456187,0.31141652076131465,0.5759839034211612,0.0
0.9603330497202212,0.016755275501675992,0.14159024469040024,0.0
-0.8453722936450143,0.24353846121587597,0.05104870305719335,0.0
-4.8318441642562675,0.3882450822723038,0.012175027330377028,0.0
-1.6105599358558553,0.13988803178111686,0.015345667001347284,0.0
-7.38964078115258,0.21746642845879594,0.0020283992887584843,0.0
-5.762246191921054,0.34362959044331287,0.002495645518653388,0.0
-6.486470820251544,0.1279081848271939,0.001551613262351444,0.0
5.343983403869617,0.4875245974759892,0.11855772625634069,0.0
-2.7153104506932184,0.013580690862773137,0.022817509894485007,0.0
4.986411348727547,0.13353087788321527,0.004259952780745277,0.0
-2.255992454498309,0.018262273114867833,0.028343637877917632,0.0
-4.7581563825097515,0.04006259342551377,0.002783180390508798,0.0
0.9840090965916293,0.6334254477339019,3.5113028981127026,0.0
-7.951670573642412,0.13376561359776307,0.0006167442944907717,0.0
-1.6046193962232262,-0.656491637622724,0.4910928748567587,0.0
-0.7357018273905105,0.14880255684351495,0.05024517181854477,0.0
-1.4804557011948765,0.4293211213901482,0.07987674313653717,0.0
-0.7727419035169403,-0.19570849908229482,0.31539156049917405,0.0
5.2525356533659995,0.4727537003143234,0.10511155363771243,0.0
2.8199780367260843,0.07163605367607118,0.004022491451575199,0.0
1.646265957583486,0.16491208126645718,0.08169054831893843,0.0
-4.397101360864222,0.20852625379515255,0.004125202010673142,0.0
-5.639723056187615,0.20099759470554057,0.002625489284296204,0.0
1.0154184084803966,-0.09451342307054933,0.4947595861442047,0.0
-0.3536257348427654,-0.08442766744032659,1.4017255137074511,0.0
4.827712344878899,0.20464251507580866,0.009177860347113948,0.0
1.453458378382015,0.055173191184268666,0.012302387541075564,0.0
6.404691092027251,0.003293048653371544,0.0010862643047319506,0.0
7.233350690742531,0.35313955794904084,0.0024103726885658233,0.0
-0.40532568188513807,-0.32906708033081106,0.9116968966078812,0.0
-8.553575281257384,0.29366644792542607,0.0016604113859851625,0.0
0.9588412013814533,0.09562161143173942,0.14734799061903311,0.0
1.3611744033218027,-0.17490621960337116,0.2401671922125094,0.0
-7.99850931689447,0.08530880081639469,0.0007018500779934472,0.0
3.8784458249673097,0.06993246680521181,0.0018743195543268073,0.0
-5.46995119663053,0.24389926758942004,0.002803819201373184,0.0
8.36379329355626,0.37191126800840646,0.0007140899715583749,0.0
3.3232889129193186,0.44332862895860825,0.13919727524948872,0.0
-5.857807914030074,0.34166198728525,0.000392653071314507,0.0
5.169352682507267,0.11155507944666165,0.0009141269802913263,0.0
-0.32367281336453324,0.14638233688979163,1.0759666973627522,0.0
-7.687898607357666,0.2414067265915374,0.0006476857860445332,0.0
-8.652326583609181,0.3100979837270772,0.0009290308523280791,0.0
-0.32976658835650063,0.27521165525432023,0.3039389714544106,0.0
2.468083650444786,-0.5446425329148391,0.4150686426802053,0.0
-0.31468502025024137,0.002862363721158001,1.799798552051511,0.0
3.7123337377058494,0.3857645835467678,0.03216713101746177,0.0
1.0040064019560724,-0.10160191325046064,0.3758732604518118,0.0
-3.6576089943194896,0.208174750110792,0.004752637037482925,0.0
-0.3165793946856521,0.14637482535938307,0.48138555503468505,0.0
4.502768967267395,0.12802131179080178,0.0037608109436837065,0.0
-5.237451836262961,0.10125051070212177,0.0015074892514290283,0.0
6.692373060027297,-0.0007975489660509982,0.0011105621318731065,0.0
-5.784125049381078,0.35616463438921997,0.0015904085912020435,0.0
8.040506028330942,0.1814217805862588,0.0017644601174632993,0.0
3.231164018887707,0.3340018707971133,0.02227750690074324,0.0
-2.7016416622833264,0.19196342575690106,0.006731952464509967,0.0
0.902655247960741,0.16303106671726564,2.244443530473513,0.0
-3.6680386096990274,0.36005817847345,0.0035999143726438555,0.0
-7.606108496140773,0.03124116124117937,0.0005691380565960534,0.0
-2.5078881186624766,0.3489442595651575,0.006705649817966627,0.0
2.264763786549411,0.10909112908858487,0.012110976757662813,0.0
4.853961756341956,0.06776223378436574,0.0014118683927828912,0.0
-4.831730655499912,0.3057568517237357,0.002552962740552116,0.0
-0.2884271642802414,0.19824398963402434,0.4542699236343508,0.0
-0.30125896316902256,-0.34126582188664034,1.601471051857443,0.0
-1.6036442378891804,0.3064959624608701,0.013779410707909336,0.0
1.4405503082766344,0.3155192901983557,0.22373761190597202,0.0
-3.561594223191917,0.7302402461791233,0.19952773069909882,0.0
0.8936023335975438,0.28663647050755126,1.604726892232377,0.0
-5.141610272772249,0.34911180706453604,0.0007861683320644766,0.0
4.7911264875659025,-0.7087163145763726,0.3972397290731581,0.0
1.9956388628992112,0.04887222167409411,0.0049487530351882865,0.0
5.873560283469308,0.24046919271717315,0.004248467247456704,0.0
-0.997809392880793,0.7523252982365001,0.30348421697064004,0.0
6.487946577450689,0.17366310379262173,0.00246570821620492,0.0
-1.865256005635441,0.20491864442552687,0.010511382735102534,0.0
0.9022031670595947,-0.06884820646253054,0.4575546548055705,0.0
-3.6618963145026013,0.10306997026112086,0.001226066550575898,0.0
-3.858221207350401,0.3511471680854763,0.002806973483854543,0.0
4.016271509648099,0.027219210293627616,0.001229159970038671,0.0
-0.35727464860088176,0.45350195479294286,0.25229736741169956,0.0
-0.24802459118659392,0.22524488280640065,0.6238486092598124,0.0
-3.042054675641232,0.1972049972279064,0.004490041910792582,0.0
7.349724009735567,0.3013885697189105,0.0021863242778368125,0.0
-8.350736053609097,0.004742855667919765,0.001085192861897876,0.0
-2.145432102304886,0.05381138611439018,0.006687315471816854,0.0
1.4836684870656374,-0.7251428312898658,0.7316530182732253,0.0
1.018028933527317,-0.4302653336214014,0.8117050422432542,0.0
-8.662472955849974,0.04429079896834853,0.0012527228467665765,0.0
-0.2404752815137119,0.2768238173900892,2.0004044942924093,0.0
-4.139620828834932,0.30872164798966506,0.0025911416257707875,0.0
-2.0539942889273215,0.3263728250339999,0.007264996030261896,0.0
-3.9529974680997206,0.3345548176652766,0.002629167162323648,0.0
1.3222313254308755,0.6041873800270103,0.5435407740892911,0.0
-7.878901755092808,0.43926880578596106,0.035309689456213794,0.0
-0.4070744620849833,0.2122106645830587,0.0625189164521218,0.0
5.929780127762205,0.16446003280268784,0.0022291456612155936,0.0
-0.33115059469962205,-0.4760755575568736,0.8051400568549714,0.0
5.743710816749145,0.20884253137333442,0.003291149947062564,0.0
0.9153573318022712,0.5615688227843381,1.1331226537070058,0.0
-3.0760490492854915,0.32750887101726556,0.003464184786786508,0.0
1.24683972330112,-0.39950303594805014,0.4785339945327863,0.0
5.286035412913311,0.12423419252379064,0.0018491619544366204,0.0
0.8295861263920923,0.22259597331409053,2.0869194384726684,0.0
-4.3187509827588775,0.15422819181098824,0.0015014782330903483,0.0
-0.32145753072639494,0.20239794113203968,0.07737911545733522,0.0
6.236415027919183,0.3034686750362825,0.001043929952815209,0.0
5.85792001243979,0.2647355000014866,0.0033012067517760287,0.0
3.039964835242465,0.00770673423698931,0.0028223057272010453,0.0
6.221413489466158,0.2456022227512158,0.001111039322587144,0.0
2.536185780611298,-0.37842580672978354,0.25183226238585943,0.0
-5.010499131191981,0.34244559632037896,0.0012696134832358367,0.0
-0.892338380883344,0.1640460034914818,0.018024056132861295,0.0
3.8048308251404794,-0.11650542597745928,0.07302090308585109,0.0
-0.28559791850713445,-0.500901653274723,0.8837512087296514,0.0
4.619537827307978,0.2930594231796275,0.005174079337182264,0.0
6.519857256159497,-0.15922205179325577,0.08351284033813809,0.0
3.43072489335219,0.3219769960333456,0.01223188932994266,0.0
-1.0156533383655946,-0.5335933474864976,0.4129007366609431,0.0
1.5180628539639933,0.07910625104248559,0.007424071965081288,0.0
-5.231514557986056,0.24990841101875172,0.0008565131883118717,0.0
-3.9349787648322767,0.1337079825669487,0.0010207500037388098,0.0
-4.686991661054136,0.19681942558803855,0.0016907275073720894,0.0
-6.857052006976723,-0.5780902177118685,0.2820711012780404,0.0
6.268125734146306,0.36519989967817956,0.0009035027832537286,0.0
1.7695102764516815,-0.02975035960382888,0.03450709735948127,0.0
0.7961608077910682,0.07909753156682531,0.8865903341912281,0.0
-0.19243246446329465,-0.539515200339576,2.935212089989741,0.0
2.9905541855434414,0.36011146362423996,0.013547205324301866,0.0
1.987033052109478,-0.3957795525203758,0.2881768782170766,0.0
1.249633777245064,0.60456686848341,0.5462828660636037,0.0
3.6388841690727034,0.05714837815031559,0.0004696328627867075,0.0
-0.7293441846574131,0.38146052972359823,0.04019669377479059,0.0
-0.4305286787421476,-0.5188067327836442,0.5672784670192782,0.0
0.8215440688143634,-0.7012596033129537,2.6588307299065055,0.0
-5.313108286319,0.31911702585793766,0.000677731896625021,0.0
-1.371347696595043,0.07584238311153746,0.006832617521730258,0.0
-6.683126593972444,0.32476615668145614,0.0012656732312518345,0.0
-3.0775924775736225,0.16752660265270403,0.002537875496901716,0.0
5.776975355623465,0.29344730021927035,0.0024811437577994056,0.0
1.306687343442027,-0.6919974365788981,0.7143563919324697,0.0
-4.609379221719191,-0.6566755544376022,0.33114694017604707,0.0
-3.3038863598776826,0.14971138075084345,0.0011943422168363832,0.0
-2.477898032981056,0.5536229243032955,0.10808132481757288,0.0
3.7199772123151504,0.5191580546680903,0.17443059512936285,0.0
3.2559915321907784,0.2848564790789687,0.01540937392749651,0.0
-3.364054899332846,0.2245652260316765,0.0026117642595502744,0.0
-1.7155603753998587,0.2628925506421125,0.0070112741671833085,0.0
-0.3227747227750086,0.07564007232141112,0.12017382026082064,0.0
-0.17732853457863307,-0.7583413709984937,3.0876209599891062,0.0
3.356442019988613,0.13852031691973488,0.004799659242967247,0.0
5.1063010716253885,0.1262967500587343,0.00046741837850790047,0.0
-2.80493539445587,0.2695294550065903,0.0030790200776755236,0.0
8.112470363184997,0.25866412570414976,0.0015773230534956023,0.0
-7.393194871187958,0.26300082684115544,0.001302859169819113,0.0
5.275944444783457,-0.006737266101191297,0.005911401670723479,0.0
4.752144920415221,0.36074444630664626,0.0006579342365379213,0.0
5.798111981759243,0.3165971104869616,0.0021540272746942515,0.0
-3.9763851144647493,-0.6195821173041878,0.3202258818336137,0.0
-0.1540820831749592,0.18830300680827594,2.361422305666198,0.0
6.501737714531533,0.00845758621310766,0.000638059845439505,0.0
4.512553083471001,0.17795761465333304,0.0032242075191461833,0.0
0.9917601553454141,-0.65362321471179,0.9385881579816455,0.0
-4.067393894096668,0.2405689383613412,0.0016886605765893713,0.0
-0.3343470950145715,0.35702635777236824,0.06221119127519694,0.0
4.7529600602483395,0.6195309460187957,0.21959638574761203,0.0
0.7610226153978967,0.44589326686300246,2.520368598200471,0.0
-1.6037932044873084,0.11014573236184888,0.0035413632292175304,0.0
-0.8864511915030873,0.08112213557139125,0.011376014565791457,0.0
1.7517552020601705,-0.21598759808036327,0.14937992141632797,0.0
7.696094971672352,0.30806345694882986,0.001059326591252267,0.0
-3.131695523811704,0.08005531191147919,0.0006266626165651399,0.0
-5.052952602229402,0.6275524783606863,0.11944412674974474,0.0
5.4650464329572515,0.2183989349354979,0.0010175909024270843,0.0
-0.13663824915541944,0.6378640198320407,2.4379265288054017,0.0
-1.8518910075109183,-0.11449113052399251,0.11430213224224932,0.0
-0.21939217257637722,-0.30179669481491755,0.5303711872290625,0.0
-0.14665144618689396,0.24342774608084783,0.122788322364734,0.0
4.707833247503155,0.3071149374199087,0.0008557517938843043,0.0
3.277328663904683,0.24879601217503944,0.010833627422189537,0.0
-1.8905744226627714,0.3108273874949905,0.0039458360616735745,0.0
0.7780698956949497,-0.053138287633434644,0.06727986206427285,0.0
-0.4448894205003153,-0.06963744775440905,0.17436889737363703,0.0
6.5677956020025885,0.15951734579379073,0.0015540488712070385,0.0
6.531008516204016,0.23836023104226844,0.000494861674292087,0.0
1.694588339811311,0.15558883312612792,0.046073925887143444,0.0
6.353355230266379,0.7595492603476279,0.2768039891384337,0.0
-0.1252999724369115,-0.6585469946594977,2.4962539501441916,0.0
-3.2321230573222994,0.05574428744957316,0.0016493988409787145,0.0
-4.427263913961605,-0.6806295036974584,0.32879301906522385,0.0
-3.7731214375654547,0.2746436903986109,0.001666629146840871,0.0
-1.3695928017762613,0.08515196495996069,0.003594533492140062,0.0
5.884554683777299,-0.6700869747994885,0.31248512443299403,0.0
2.5113489885956497,0.3955789000069512,0.07979434161450986,0.0
-0.11275060619330013,0.3335623783776538,0.7931497749332688,0.0
-0.44480331064184675,0.3803867555705873,0.0406208533093717,0.0
-0.16216179590502477,0.653685734917191,0.4537861689746905,0.0
5.4469046069374905,-0.2931453639674448,0.13663434823321216,0.0
-4.292455447152489,0.3384783194956176,0.000735340332279871,0.0
3.0535805130775238,-0.22916999947441097,0.12244692074064412,0.0
8.135437412188871,0.17973642086100483,0.000561017759763461,0.0
-2.1560025672830854,0.16107599510793158,0.0021431358613213615,0.0
-6.754052723844595,0.5993710490743418,0.09782515941923253,0.0
-7.221536131927886,0.46417800776456986,0.041644585440723414,0.0
-4.73029644181314,-0.0028317095166506823,0.004716085804366101,0.0
-0.10507011685370138,0.5109560897828842,1.3373975619498133,0.0
-0.14745353197204025,0.18151505702300696,0.08441207558427098,0.0
-0.11149638535322381,-0.3366529182945745,1.4742768411976468,0.0
6.715963524855187,0.23867874702529102,0.0007894350206175223,0.0
6.896925251791631,-0.2182735795066878,0.09777958062162626,0.0
-1.9606414293456265,0.1149019975973582,0.001013757022933588,0.0
8.38538357000072,-0.4652082785285719,0.19567602504880924,0.0
-0.10490389941801581,0.19281698814526405,0.2173722389314923,0.0
-4.175966893277027,0.22994172483145203,0.00040305720856133976,0.0
-4.16105440737766,-0.18940019720883372,0.12234546737360039,0.0
-0.21720917611529167,-0.4587626878461343,0.561881868356657,0.0
3.2649511556013824,0.1462275443394251,0.0032729811880563664,0.0
-7.733308448933182,0.41908887189192123,0.02062011945701031,0.0
-2.9178221669213578,-0.49980958238836176,0.27098471268486635,0.0
2.5880272558561384,0.12518753702987528,0.003633796539739423,0.0
3.164146292709031,0.4596696695464164,0.1262996549135131,0.0
-2.3286816746046295,-0.01606997894575779,0.037359987237003275,0.0
-2.6446396454517744,0.30148503879554633,0.0019477161110893443,0.0
-2.6326660771802723,-0.4844046547406152,0.2687039888342495,0.0
-1.1388814068479967,0.08233958022560595,0.004231067125644093,0.0
7.917547496145438,-0.021231480457368224,0.011817579333498585,0.0
-2.278434557119729,0.18201511938963422,0.0021507042106497475,0.0
-4.942704916349271,0.41088798698098183,0.01843519554104342,0.0
4.019894870053328,-0.45994609525700964,0.22108671531384974,0.0
-0.5505450658412645,0.2963614486180792,0.013639782467699438,0.0
3.5167279906759568,0.225183721666529,0.005197143520249533,0.0
-7.349340856579298,0.4649231498983679,0.04046902129454156,0.0
-0.08898924018621734,-0.026884967249723557,1.0188306552134865,0.0
3.4862448531242123,-0.4781539697624232,0.2372739064771652,0.0
-0.21271819501589384,0.23765868205737295,0.039759489272861534,0.0
2.9976780001457506,0.29455321474760754,0.008724463951598885,0.0
2.3961734211666688,-0.18603810588215275,0.10091139690883882,0.0
-2.2867709360109636,0.32568309756625724,0.0013186285575289053,0.0
-2.630465530567469,0.22586590024393616,0.001345002495765917,0.0
-4.406262449048049,-0.16582427150017365,0.10811273919268972,0.0
1.060505422439439,0.5499172232978118,0.5235328257337761,0.0
0.49808628771555696,-0.035464558067534235,0.1737705730016135,0.0
-2.396874048282025,0.0073403094672511715,0.009180097058345944,0.0
7.624398635743045,0.22983881826486363,0.00040328818375290327,0.0
-2.3555187996760862,0.17958176466039955,0.0015899836872361132,0.0
6.974068119417179,0.5577130788081461,0.1308553161543888,0.0
-1.646121712573109,0.3374107153849766,0.0027165671167547604,0.0
-3.6514658803812106,0.5332843054486152,0.0750995492420476,0.0
-4.152774300536021,-0.6266997441319793,0.29903794567236053,0.0
-2.8225458520459528,0.2412710289370863,0.0007597030280960031,0.0
1.152931584463671,0.11512004187676683,0.025496602846760925,0.0
-4.402026294022809,-0.7233666394847542,0.33165329668440185,0.0
6.677801761562204,-0.45954849453920105,0.1922303165492236,0.0
-5.9644282638769734,0.3812823774627898,0.0008334909584311739,0.0
4.191551507935376,-0.2720150542995571,0.1241207452745324,0.0
3.0343144612791715,0.364707554303104,0.0040023900877822075,0.0
-0.06888224453024883,0.5842161443674079,3.458351793831892,0.0
-1.495256193736063,0.2656624005723447,0.0028727956323650466,0.0
-1.3065794737737146,0.11070593194577827,0.0020219034813694385,0.0
0.5982003627762715,-0.0861991160019131,0.25279512110641206,0.0
5.080876036135589,-0.7060850506708652,0.3193121178134877,0.0
-6.249314253557167,-0.23362925459984618,0.12881056553235207,0.0
-1.9946830676385234,0.3187923795759917,0.0010074917431553024,0.0
-0.5267133210704955,0.11877131057929147,0.007873334304748805,0.0
-0.5565328601692929,0.12161048773242467,0.007275325396861504,0.0
7.2925394907404115,0.3077658722481871,0.0005703447407669084,0.0
4.408370685121255,-0.06357587330007008,0.03262547691881713,0.0
8.562981043938606,0.2197647726331765,0.0007370020921567439,0.0
-0.20006620083924354,0.258175482928219,0.029731387481984315,0.0
-3.391210668181846,0.1941584862920286,0.0012595167622186944,0.0
-3.5508467053102253,0.0028928016224224473,0.0020764698498276423,0.0
8.636223080603763,-0.14452264560580586,0.05996098592451516,0.0
1.936244155421491,-0.6119066003102451,0.373642364530338,0.0
3.46999486803084,0.19559638736111384,0.0031296536318911727,0.0
-2.1967364630279995,-0.37317342055845415,0.21928918086824173,0.0
-3.045033134444875,-0.6960653091257157,0.3321105441255085,0.0
3.800750599169147,0.12606674259579764,0.0006042959819152577,0.0
-0.0598543000616889,-0.629316439490264,2.8119271154756333,0.0
-0.5957480419468304,0.4709864949814153,0.07277716098871621,0.0
-1.0322441207955624,0.3659997139475035,0.003403839895790461,0.0
-1.9978218900567466,0.2494186204544011,0.00046145713783098737,0.0
-1.5952153100742157,0.36542411188217017,0.0017654363534208113,0.0
-7.811635137301175,0.693902412058542,0.12072477972224979,0.0
1.0570732181320537,-0.5705081006100139,0.5574122583655251,0.0
6.754684452158701,0.31759944630691384,0.0007977117566281311,0.0
-1.534374567445286,0.16891570048942306,0.0015639787156387878,0.0
-0.3603632704623134,0.6049459780543971,0.16177823467846378,0.0
5.48171021336683,0.18293816083765624,0.0013063841880028451,0.0
4.771445584781272,0.29804536321213115,0.0016077477676768623,0.0
6.043958894417624,0.15239128328917573,0.0008990255545390543,0.0
-1.8825589965929055,0.723828880315269,0.15827014224997224,0.0
5.566390404509091,0.27160142338324267,0.0009160061812391333,0.0
5.450020628374016,0.048698301151902434,0.0006752831281026335,0.0
1.7727808715284965,0.024574954245397462,0.0015311998237150513,0.0
-1.639554648584932,0.3600504130846889,0.0014587082432757663,0.0
-0.08472084082517917,0.5184494950449483,0.23751373024759445,0.0
4.133066191780081,0.21792393841644542,0.0013621260945462742,0.0
-6.652210601412795,0.3140804855891186,0.00039305963686271135,0.0
-8.224749255339843,0.3133059614835114,0.0007877052644411726,0.0
1.8256152054918715,0.16357582783107083,0.03897573231859613,0.0
-7.01868354942796,-0.44502395584279697,0.20635953953599762,0.0
-6.086349051951902,0.2578899828354355,0.0004419687211696383,0.0
-1.6382271159477577,0.3028769669787903,0.0011033698516931033,0.0
3.259579946673833,0.24901069495196348,0.0027401448601679515,0.0
1.8860562494800046,0.1113084193267957,0.0004958139609781132,0.0
-4.458981831417565,-0.5998219316020796,0.27636445547706096,0.0
-3.0578475609859543,0.3291524581112788,0.0007517321196995859,0.0
3.6637048741144262,0.2777459259345312,0.002486314952278056,0.0
-2.8413982677746583,0.20271739770353359,0.0006461431720745507,0.0
1.1402918299444362,-0.07905277306298764,0.0499784008099579,0.0
-4.3157051264017685,0.1524308032331284,0.000720159189753829,0.0
-5.902049120055414,0.5005263832876496,0.05153685805310291,0.0
-1.3307945028817532,0.1337977763216609,0.0008536876535062751,0.0
2.713659606086983,0.19258879748053703,0.006248862855082822,0.0
0.26712690668521155,0.06619325838573265,0.06754910650063686,0.0
8.194945189449296,-0.11521928123202674,0.0468455336259452,0.0
-4.485964622915849,-0.6263147677131667,0.2834400610958383,0.0
-7.025962824140107,0.45058671947193263,0.030803579692375845,0.0
-4.82013053281982,0.1326357341724329,0.0009249225435917569,0.0
-5.084885405724291,-0.25763115034246176,0.14090889473248355,0.0
7.937591181602691,-0.744716678711216,0.2862799917664315,0.0
1.020305851533351,-0.7230075961178292,0.7300492598058345,0.0
-0.05770814198944407,0.4519829600963736,0.18631252182014404,0.0
1.108805052436761,0.007576307993826248,0.000648100483547605,0.0
0.6607569061420904,0.44182976022359655,1.8488055059992354,0.0
0.6173492036734416,-0.10343362339239515,0.36809642336829185,0.0
-7.14781139987676,0.3946385840076032,0.0072389463050694615,0.0
-0.06106017283161336,-0.1869414761266206,0.44180236943112383,0.0
3.4272877134955504,-0.14690558685011756,0.06503294267444809,0.0
2.268699739846877,0.13108636076410562,0.0014007313977528035,0.0
1.5012624032576625,0.005512213586414849,0.0014585516855874412,0.0
0.5619736951673282,-0.057333906606409135,0.28740432733787447,0.0
-1.9853202039863964,0.39363424068904984,0.009555332843045286,0.0
4.638010237494116,-0.48125599519975987,0.1930528381368006,0.0
-1.8813176238570346,0.09014542278789517,0.0012325369084416474,0.0
-1.0820850176714494,0.3718961809478809,0.0013160884444640265,0.0
5.546333864110768,-0.12306882531580443,0.05085307541193169,0.0
-6.835521526170934,0.670222412999562,0.1072147873338657,0.0
7.250655367989317,-0.6052688874338841,0.2259868713691638,0.0
-1.4745599828310096,0.0545211468014819,0.0014356180177492958,0.0
4.0669093533625045,0.23118237425569244,0.001001294127692046,0.0
3.5389937851556414,-0.379001125473516,0.15460744054167744,0.0
4.359423350941622,0.1865101738050816,0.0015880879980484026,0.0
-0.8333174707575512,0.07264032464728787,0.002107347151400499,0.0
-1.7383834216697798,0.03508814019133666,0.002610524981640934,0.0
-2.215546236998806,0.4160472893011955,0.019963319013961412,0.0
8.183215678517954,-0.4045561505568314,0.14516528987826052,0.0
2.889782985525997,0.38800731556389656,0.015918412132769438,0.0
3.314701941336871,0.1107464717899217,0.00045918805734126007,0.0
3.304365032608983,0.20507579840969092,0.0022884203356748067,0.0
-6.431163884705441,0.07826065689128225,0.0007395770630029291,0.0
3.891812186620175,-0.6795049045967425,0.2816470180903275,0.0
4.060792879097519,0.36908823530369816,0.0005563045208795041,0.0
3.806535271233498,0.11843741465871627,0.00039169809821320087,0.0
4.050358740668225,0.1813214716174446,0.0008258442717820827,0.0
-3.985574761473896,0.42489748542801387,0.020543631802978937,0.0
8.650385780563521,-0.24053140026055198,0.08495562583308688,0.0
4.077418351408351,-0.04835988776615985,0.021655717743708516,0.0
-5.203407073485103,0.6379098200223152,0.09431308915253106,0.0
5.921265266382978,0.1433222273448148,0.0008653919948668614,0.0
-2.024335388108903,0.2562554513901285,0.0006827974490448256,0.0
-0.8776462430094067,0.23059702285209738,0.0010780032322896458,0.0
-0.06250823770087521,0.06769260172786884,0.10804377400188335,0.0
-0.28827773520191435,0.5444290221526067,0.10055208854840261,0.0
6.488618849422126,-0.32479662457790215,0.11441582045621293,0.0
8.682437054859047,-0.08050312353247346,0.030231673842923842,0.0
-1.3615883546835326,-0.4541661471214662,0.24832955931375642,0.0
0.646197818297674,0.3436858035610877,1.1938544130796047,0.0
-8.554571968003357,-0.016163478274674792,0.010342585810751408,0.0
-6.420699266171065,0.2904244117315111,0.000610341097437466,0.0
-0.4264238901195778,0.3834289754473188,0.005938821883152714,0.0
1.7645244457299185,-0.4083654947603459,0.16981511931446144,0.0
5.238613186431053,-0.6420708426951908,0.23054755032826496,0.0
-1.6986307407308372,0.22444895249692887,0.0011068998587626683,0.0
-1.3936045273083772,0.15823900003424596,0.000671837324702448,0.0
-0.014904929984227877,0.670863473241982,1.6748876106311688,0.0
0.7258906746277951,0.46557952423944293,0.7820285085193478,0.0
4.249662209651536,-0.6425202988797305,0.23736194330686025,0.0
-7.661425021280787,0.6427369393000748,0.0891089974758478,0.0
-4.47095031519261,-0.7104294688256453,0.2972231016802185,0.0
5.299202548277904,0.3019996974175958,0.0009360744286206998,0.0
-2.653811276154606,0.060099127756523596,0.0008168342861312581,0.0
-2.5237817683786217,0.38605669544385735,0.0033504289291208457,0.0
-1.9216820625706266,-0.0016805198624081363,0.019305333290802532,0.0
2.2688669954123863,0.20232595831900058,0.021219514443361412,0.0
4.6217464188553095,-0.5281653109555626,0.18686692911280178,0.0
-0.5003076322988722,0.5868164523223964,0.10119269280014566,0.0
0.6048317279769435,0.029796098926211934,0.0012158838182490003,0.0
5.00094538392263,-0.6093487695479625,0.21440430033725832,0.0
1.8005637481537082,-0.5913887179956765,0.2538289305807721,0.0
3.148504910697369,0.4356273152124408,0.07589362244713474,0.0
2.3086278378874017,-0.49281951281493797,0.19095899883891687,0.0
0.28363631009858103,-0.022060388471391468,0.020166177733168734,0.0
2.715035109414247,-0.5959206944401008,0.22912813501019585,0.0
8.605601501268996,-0.05891109798436123,0.021848145658815224,0.0
-5.805229778890409,0.3080862628118377,0.00046432800901477955,0.0
-2.019549563536006,-0.003267767352657547,0.018322877571450753,0.0
-5.5115621956029885,-0.28985222085539936,0.14804185962836347,0.0
8.5037691452183,0.017313036379820956,0.000718741885540958,0.0
-3.9973789811714058,-0.21056831937661136,0.12329836556214652,0.0
-1.4532502063964126,0.3541329754436602,0.0006252682818322763,0.0
-0.7385526188359206,0.11371554114438442,0.0011211656451269236,0.0
-7.330459696462892,0.6908171848334339,0.10065330588380345,0.0
2.3919207980093162,0.2998413950726697,0.0016291317248794009,0.0
2.2228621895070244,0.18451771977195452,0.011616387570034432,0.0
1.420077912325743,-0.5424727086634337,0.22544748947724338,0.0
-3.051006263223602,-0.010428491374316784,0.014000409930922959,0.0
-3.6298731353393165,0.7251887410302409,0.11778899506582718,0.0
0.23019757037791422,0.011642488978903298,0.002795048271127205,0.0
4.302040659019331,-0.3585286792336377,0.12172498392694898,0.0
-5.238220723324245,0.11757792416724178,0.0006181941527588539,0.0
4.059862817484113,0.1905074356785923,0.0011902753771289678,0.0
5.548053633877544,-0.4605325754270602,0.1509834633439534,0.0
-5.730992086927403,0.6322336638151267,0.08263964971058811,0.0
-1.4064329153559063,0.029113366491950177,0.0024428353381389756,0.0
1.9344794270456536,-0.7149926605745972,0.27881405410315424,0.0
0.36197153369588975,-0.1972457731726649,0.09387304451080243,0.0
6.827254139878418,-0.37644597731456825,0.11793945276201112,0.0
5.897468199819015,-0.010639300430317467,0.004206627026211851,0.0
8.286427183328428,-0.31042405884313534,0.09611854974073346,0.0
7.1189996543639324,-0.1977092066297873,0.0633880963609297,0.0
8.49494416204394,-0.036863768060273916,0.013022813564573216,0.0
5.254347616346074,-0.027602489471907243,0.010486896589976293,0.0
6.384101959277578,-0.23982597928829197,0.07622721553339086,0.0
3.5752428174908175,0.18721268609315356,0.0007443747541065342,0.0
-3.4642342062310236,0.4063378164411273,0.010528527785097407,0.0
-0.7262008047753215,0.16575117509379167,0.0004656940066411755,0.0
1.7492008684708757,-0.6168556405167103,0.22237426141281066,0.0
4.771737266131327,-0.5423000765521333,0.1709377795047273,0.0
8.603952264227889,-0.6701910983596349,0.2000826518501511,0.0
-0.35239652660707677,0.3541830062919398,0.0010096245039832416,0.0
-8.691127838070871,0.3582610900476906,0.0004759034002758473,0.0
-0.004853762267984507,-0.314079334947438,1.2245650430404524,0.0
-0.03547931103320856,0.3436396803146735,0.01017522200348167,0.0
3.2808402472330798,0.19483277691733858,0.0008989582119945354,0.0
-5.209310977670303,-0.07710544823121268,0.05400131076054991,0.0
1.4455656451526764,-0.756187673197413,0.30141609044482187,0.0
-4.679177184745943,0.5501289053525316,0.055103688125506124,0.0
8.605999922808216,-0.23982821837483415,0.07213666825379143,0.0
-0.06720112901035691,0.2185001684140232,0.0052762343582320355,0.0
-0.8898920042098348,0.6807920559591372,0.10844994593935851,0.0
7.203509224913182,-0.6123117288725887,0.17970584774686682,0.0
7.967413470815476,-0.19671037296773386,0.05967840973939409,0.0
3.4273399686857964,-0.646690721087931,0.20392105763115234,0.0
-0.6686342560296517,0.5644000102869156,0.0714744039331953,0.0
2.3493940338794523,-0.3311662421903917,0.10819216646479071,0.0
-6.333915324159303,0.34037555393440355,0.0004510268290862023,0.0
2.7589501707012385,-0.7397940141092127,0.23771128757991056,0.0
1.1978554592143187,-0.5534179164039463,0.19199616090646224,0.0
1.84810091878464,0.2993320292820183,0.0004408638590495431,0.0
8.192098899957895,-0.29147176912224976,0.0844934560095953,0.0
-8.339930654093386,0.6876678033773884,0.08837193797548816,0.0
-0.5357197750208247,0.4255446313432867,0.02023951088904296,0.0
-1.4393361334490304,0.209439782286457,0.000759854970835469,0.0
0.5267317152511346,0.029456560440050295,0.000706400990116842,0.0
-2.2659677593352896,0.747130003174866,0.11271105050738028,0.0
-0.005028295867477439,-0.5705292253233232,0.5987720185439412,0.0
-0.6541310858517715,0.05202832302414173,0.007948603300386301,0.0
0.4452929333583402,0.052633034815729784,0.0006123686810589343,0.0
-7.321316915481039,0.2900109474643082,0.0005732047243840581,0.0
4.330276726023168,-0.4291511433265809,0.12365941260840553,0.0
-5.129979132960102,0.60373505285486,0.06509726612011249,0.0
-4.5913445886026745,0.17152931158002938,0.00040709861635892017,0.0
3.4907739778052793,-0.08006389736408437,0.025430974776222467,0.0
-0.24770941198065088,0.12822415229538064,0.000886771046799926,0.0
1.973118248469886,0.21016307295043968,0.0013842527991389214,0.0
8.39766094873708,-0.34613218110784244,0.09418175498546291,0.0
2.85717645360924,-0.3942796076481789,0.11453661028661563,0.0
-0.3949993398879421,0.5565868270583114,0.06396081088930029,0.0
-0.004058472733232676,-0.7369091249450866,0.6103374218095086,0.0
8.297596998938502,-0.7127575552210975,0.1877203290878644,0.0
5.149920881120794,-0.7199666379632031,0.19318431147140847,0.0
8.668779686958878,-0.05943554530860362,0.017057335737854708,0.0
1.517635179065751,-0.7040396324823588,0.20483428194418707,0.0
-8.439868892530239,0.43845449188334196,0.016574736708938356,0.0
3.236446139395337,0.28953736351893666,0.0015072612991426134,0.0
-0.5391197117860873,0.5306482372260266,0.05051070087022316,0.0
4.657494777982443,-0.7175359148260572,0.18947825820869157,0.0
-0.028836750206126638,0.07665511736180497,0.011847793122782871,0.0
-0.745039116279405,0.677244173950234,0.09155919205549191,0.0
1.448928501023122,-0.45741831781433423,0.13191393646611543,0.0
-1.8909361868383368,0.25220986959663394,0.00039152847808582314,0.0
-5.668619337049217,0.7315854160873445,0.0920989277878494,0.0
-6.565585717270412,0.3881640808307578,0.002416159114364144,0.0
6.117417808255643,-0.48752166798128066,0.12515605441305072,0.0
3.7889298150810937,-0.37173492474267933,0.09930164939325875,0.0
-5.748468570066419,0.5012802728006418,0.033146035933235354,0.0
1.0688746791382773,-0.48736017302824597,0.13964726746613404,0.0
-0.11807063406810592,0.42159337728463897,0.0174974517213176,0.0
-7.265656479507921,0.06747851346246947,0.000566452611962784,0.0
6.171655615024475,-0.5745669212562358,0.14334833134704295,0.0
4.808937871813255,-0.00576190432475554,0.001660120975133108,0.0
0.001357565270339478,0.04035743528326041,0.05174979348903712,0.0
7.116283567150852,-0.7342977030071378,0.17880583434693026,0.0
0.13179655672850465,-0.24803695998079844,0.08461251995855425,0.0
8.288223353326941,-0.4512106548446695,0.10984191526580316,0.0
-5.347206701342721,0.32833820772316047,0.0004925425818682384,0.0
2.108346666751361,-0.4604128536429192,0.12034724374653744,0.0
0.2042671207643476,-0.5805041310711971,0.18181866430538776,0.0
3.3449457236059246,-0.6690132586578421,0.16838614541784963,0.0
-0.49885698135836876,0.4512778840237759,0.022894349621471983,0.0
8.638103099882109,-0.2285274400156685,0.05638956002997887,0.0
8.30290913757048,-0.6513610650630413,0.15471293937553365,0.0
-2.5668222366993367,0.4102574191319024,0.008699215492712376,0.0
1.944625166533731,-0.5433021263475718,0.14038766100416283,0.0
7.139323684045674,-0.07160750587887876,0.01857684379817135,0.0
-4.545852047723573,0.4643557775175988,0.022237351721311315,0.0
-3.250102039977474,0.5834489769537428,0.0524276858114466,0.0
-5.436006089341581,0.3591113600964442,0.00046248079338693756,0.0
-0.7198301478997777,0.6356305336482262,0.07103774344655318,0.0
-5.633452205170608,0.20486983700158146,0.00039190137304937844,0.0
1.7497286975350335,-0.25695809025956307,0.06680597097718488,0.0
4.266595735072762,-0.104764515192461,0.026847968627036208,0.0
2.3299091420106173,-0.38916875159511943,0.09672756710103157,0.0
-8.589965722480613,0.5506462029566448,0.0408362151896582,0.0
0.34553561250346654,-0.6383772623163173,0.17596098674719907,0.0
-6.4593966947178485,0.41198451356368815,0.008126462311727678,0.0
-6.386188654053802,0.5035292920684742,0.02998044643260675,0.0
8.097281695766632,-0.1888731885328434,0.04432172134139847,0.0
-6.227012024878073,0.652561220107782,0.06383952999891998,0.0
3.086084262932369,-0.24591668192385174,0.05977617878074914,0.0
-1.6737328740193451,0.5176978602708886,0.0352058464943765,0.0
5.133873261495477,-0.20691283286858297,0.048793793802016525,0.0
-2.33636134198467,0.6344898604375699,0.06198515671576024,0.0
-6.241528264213674,0.6002602592758322,0.05127335333731244,0.0
8.062969875028056,-0.29704471220838397,0.0674298091990889,0.0
1.9925749067857232,-0.2910248327469298,0.07072093948618345,0.0
3.013273825753437,-0.6897599462211763,0.15930654853507953,0.0
6.646255023297439,-0.7021460985321935,0.15511533702325941,0.0
-1.1436125247366178,0.5689689385544863,0.04777282822362021,0.0
8.174511915719531,-0.6288042539670765,0.1367142080178776,0.0
-3.125064863553213,0.39877822610293445,0.004726686980667267,0.0
-4.666032100895616,0.4763091475218375,0.022506854342334848,0.0
5.75710728116821,-0.12873762025037527,0.029461043279170103,0.0
3.2007786150305453,-0.26837861543460045,0.06129359471697983,0.0
2.287426237724352,-0.12896107592774086,0.03063078140707434,0.0
8.0997520746695,-0.5498660344255288,0.11660393983746956,0.0
-8.0050420547106,0.6614067215779478,0.060751245059325304,0.0
4.015936145926801,-0.46532121658156445,0.10185995653038697,0.0
-8.327726569967513,0.5710589387768983,0.04168613840692815,0.0
2.915369931533485,-0.007616760065400019,0.0018510775332384187,0.0
-3.266940494936965,0.5925892999471338,0.0480568147685108,0.0
-3.3492027595401215,0.4091516991709263,0.006893893231452007,0.0
7.228186038477848,-0.564740143557612,0.11806499874749343,0.0
-1.613643815939719,0.6419051944369336,0.05995229771075421,0.0
8.241189365015135,-0.634603551204986,0.13047281616725012,0.0
6.989967857361561,-0.130177131380115,0.028155742652040686,0.0
2.840108393908931,-0.5100331414457011,0.10973055985011183,0.0
-0.26813459563769015,0.7226241155306927,0.08215743688476612,0.0
-6.89634727037327,0.24390467602722432,0.00039240593460651964,0.0
-4.205014842740041,0.6527894645101846,0.0573080494311069,0.0
-8.276198010394294,0.465290461081604,0.017891673018631232,0.0
7.476574413047668,-0.5842857193136034,0.11633562095838848,0.0
7.575633516026635,-0.7171146624228405,0.1417405810737242,0.0
3.497670687148851,-0.4752025254523434,0.09710648883328193,0.0
0.4444377755066249,-0.15268807822841113,0.03546403711786541,0.0
4.367029115284099,-0.5471435836251393,0.1099913492992844,0.0
-2.6818051075638945,0.5340838081912689,0.03260050817798459,0.0
-7.026740351416311,0.6090185702960518,0.045959625777662376,0.0
-0.7679225567521302,0.22059403205492678,0.00042041040069671704,0.0
1.1324489979273658,-0.15248950949753448,0.03292927031604409,0.0
-0.4084848956811591,0.5950922570102706,0.047991555208192246,0.0
6.129340660062976,-0.5841344740855524,0.11216665210255905,0.0
7.412049052329486,-0.5107845205165773,0.09768384193875981,0.0
4.785115503353699,-0.3797098732885956,0.0736602665587289,0.0
6.844207906810734,-0.0641898923990587,0.012817632317056012,0.0
3.736473419749906,-0.11398007118103448,0.023006018667681986,0.0
5.650775131080634,-0.1993287670741427,0.038885252141625526,0.0
-7.147643601443012,0.5675646278964823,0.03607814763776768,0.0
6.75966345446388,-0.7247001406993645,0.13444706149480476,0.0
8.41187929689108,-0.6763769875941668,0.12236792286674919,0.0
-7.91852039399519,0.6613055902675438,0.051530633352709264,0.0
0.05085508780880765,-0.019500306378227417,0.004597353606145133,0.0
1.1739471367453547,-0.10892827916456116,0.021597512912787598,0.0
4.740704336008429,-0.5723411895172317,0.10382100647646963,0.0
6.400975753665785,-0.003755070755243173,0.0007056359526226219,0.0
7.7762317172526245,-0.642474010990646,0.11265044561197679,0.0
-0.6231517369683104,0.5860281361639224,0.039862193693606274,0.0
1.1133315046815184,-0.5471640055296908,0.10099477231630086,0.0
7.611873514525538,-0.6566216425797313,0.11360320805274653,0.0
2.5336676391020845,-0.045840214218402786,0.008559877027897357,0.0
2.2784787533798383,-0.6638818407720078,0.11801889138944727,0.0
-6.204870899191398,0.5625915726172714,0.032302376089239734,0.0
-1.4325608402074996,0.44243675752157485,0.011776442647332411,0.0
7.064449279133743,-0.5171048406898733,0.08807720939755063,0.0
2.6985966154045506,-0.22525765398959152,0.03944666413659317,0.0
5.327633739599401,-0.33443612790017296,0.056413595715792124,0.0
-7.067781716831494,0.39698030507288773,0.0029276017192690225,0.0
-4.803026800583027,0.4904640472743238,0.019008564787343973,0.0
6.318496711037785,-0.42099252027085154,0.07000664378506052,0.0
6.96797625802783,-0.48447367573405725,0.08007410538649913,0.0
-7.972667598736246,0.653102840160765,0.0453523623841195,0.0
-5.633207660859931,0.6243451872186223,0.040955174783728884,0.0
4.948243693448079,-0.3837138528627374,0.0637620050348621,0.0
-3.3926642768469417,0.4432007945033325,0.010915279405518865,0.0
0.4021456361395117,-0.5637232355822264,0.09853619024860301,0.0
7.436589111826613,-0.41532755339104144,0.06736305295115734,0.0
2.346778038410754,-0.21977197340172372,0.03715266320532799,0.0
-2.5354115802726795,0.4184391513916099,0.006472426314317542,0.0
-0.281527651829542,0.4691225427456476,0.015880980002537043,0.0
-0.5212185718810503,0.4054779084688265,0.00449078216815441,0.0
-1.2012695390118155,0.5978359184831443,0.03664645031817204,0.0
4.8328397050428045,-0.1428020490256211,0.023316267522195417,0.0
-0.022796546342332746,0.43648645386690443,0.010969960620056047,0.0
8.130468477801486,-0.18273197342294323,0.02903741419309178,0.0
4.264366918335433,-0.734589010541332,0.11499245385627875,0.0
-3.7930340334422343,0.5582643876655293,0.028592680600833992,0.0
-4.024740951740782,0.6799325989354663,0.04728871002176165,0.0
1.2316738705793906,-0.5184658026431028,0.08313119263080669,0.0
7.036960360873053,-0.34331285052387833,0.05313530513555016,0.0
-1.4797073169200967,0.6945676886936176,0.05038198837767011,0.0
8.08391316273769,-0.058843414238835434,0.009226216483062426,0.0
2.787380589885627,-0.3104364505150744,0.04851543488241356,0.0
1.695546527033887,-0.023955313857443317,0.00383513936684102,0.0
7.003785662983743,-0.029266530619548425,0.0045062116132847324,0.0
-6.591569836610473,0.6766430445101219,0.04413560550063425,0.0
0.901324033520817,-0.3447708934603203,0.05312390536603134,0.0
0.3258206584822183,-0.09434252082033334,0.015141967235817457,0.0
2.490495378016101,-0.721642030922773,0.10606626768015052,0.0
-6.6628384172268,0.7431919899265973,0.052746801382530864,0.0
0.36221901058423533,-0.0818277117777172,0.012888100475722126,0.0
-2.2006460514084356,0.4329314094665675,0.007960682879634402,0.0
4.98829647595071,-0.09274543192640539,0.013636090115209762,0.0
-8.390601633989345,0.5236356000248137,0.020638707365578688,0.0
-2.458382561313048,0.7071149171557765,0.047305229290288596,0.0
3.1748895987656933,-0.43377118778549845,0.061371216919814564,0.0
1.2150420400362076,-0.19624866747448855,0.028376917907092427,0.0
3.7483095385675185,-0.21984246838903132,0.031022038700364987,0.0
8.015035380054702,-0.49156066943234433,0.067038570271511,0.0
-7.361125147652613,0.7312440964605287,0.048159098574635156,0.0
-3.67984157585626,0.5820652044383354,0.028121866768842242,0.0
4.715328209900216,-0.4062854259524352,0.05554081888258999,0.0
5.554907808783685,-0.42442398246147683,0.05761978776515317,0.0
3.179884770990684,-0.706449950397951,0.09618541670248373,0.0
-2.513739247273433,0.3918636333738368,0.0016477413907204936,0.0
3.0239857160894754,-0.3379837830323255,0.04586276569534478,0.0
8.604431750088143,-0.1326117020521258,0.017822159668999644,0.0
-3.87080863080973,0.4673991573102745,0.011935106239487243,0.0
1.7126337002247887,-0.7464708688042663,0.09975899122589957,0.0
0.2437958932371629,-0.2841839728899464,0.03971971332519743,0.0
-1.2604052951692886,0.5824208227426395,0.027446665027614794,0.0
8.667119123702687,-0.06644198230768872,0.008709888207100907,0.0
0.2474383271130982,-0.19417862381326545,0.0268936356707234,0.0
2.1438919366516984,-0.5082835215386358,0.06675011430742767,0.0
8.40450400992722,-0.4962501214689974,0.0636788041672002,0.0
2.128295425010341,-0.47260901881897505,0.06163838785727448,0.0
-8.604271480844456,0.54468402564782,0.020839573940767037,0.0
0.961141373487612,-0.38518975579734366,0.049911355683955334,0.0
7.725670831337304,-0.060972644727631975,0.007696377962409481,0.0
5.8626345803486295,-0.6368794429293242,0.07863881519985325,0.0
3.5143778158290733,-0.2542273478147403,0.0319247371114477,0.0
6.529236066241451,-0.47854852200516884,0.05910832952884435,0.0
2.46018922105449,-0.4417986897517072,0.05492120633191116,0.0
-6.771892959849967,0.47820918453754824,0.012155523953481873,0.0
8.530207577883925,-0.4139362783913304,0.05030613026369252,0.0
5.69397680759819,-0.15338876539849744,0.018887623829828122,0.0
2.2999576848549292,-0.0909399784900985,0.011297841531974188,0.0
5.183043552575702,-0.06180500597943972,0.007521996664084518,0.0
4.386969316479812,-0.4391476927614702,0.05277541727088452,0.0
7.265335907806062,-0.4871032653334146,0.057216978309260515,0.0
5.305911990287191,-0.411792820097025,0.04940087240777976,0.0
2.899132606536975,-0.14727118049740373,0.01754416551912407,0.0
-1.8843359574901388,-0.19711937741649121,0.0005669974819833382,0.0
-7.09851271006556,0.5044462895185335,0.00043475117670432997,0.0
7.415860630511855,-0.143997867771969,0.007426269547144461,0.0
-2.3925193254010058,0.47850622894309014,0.0008107599902917917,0.0
-6.822007425305956,-0.42880549968071907,0.005771416373238285,0.0
-5.984470101499866,0.45147922359990567,0.0018330470833985476,0.0
-3.8880433308273528,-0.4080315988933083,0.009746401581332836,0.0
5.1546672902604165,0.5036514298147523,0.0011378063536413927,0.0
-0.4252506997401593,-0.48430478889175194,0.015898506430891683,0.0
8.009672180247634,-0.13954001142198158,0.0020163385422306483,0.0
3.9314386637891783,-0.3879952359561002,0.00889603072941729,0.0
5.414945068954271,-0.36190748393039557,0.014614745587982389,0.0
3.055683456972176,-0.4084111999517728,0.002215938867924612,0.0
-2.949503993305341,-0.477377362565311,0.053289088637293834,0.0
6.59135475741161,0.7328919762660238,0.001108829096577351,0.0
6.84137320193242,0.48572258612791663,0.0011348164518797717,0.0
7.7139388199437136,-0.4505741818551454,0.001185211447635623,0.0
3.6777151423739394,-0.5140487461238439,0.02163287182767988,0.0
-0.42222508222326205,0.7560576623672606,0.007983223290995066,0.0
-1.75095301143012,0.6359418975866447,0.000674922954024477,0.0
-3.691583920824627,-0.06086332316151155,0.0012458370805760067,0.0
5.1116501375971755,0.4449836623443142,0.0030034848999896183,0.0
-4.944499361680957,-0.5455306190232161,0.0045507143923263415,0.0
-6.583845707097682,0.7320035139503667,0.0008645016823508652,0.0
1.5513527331535428,-0.09065370323113275,0.003479477756635813,0.0
-5.334982785972673,0.7394691018397077,0.02578975683980766,0.0
4.056717210967603,-0.43796517699833354,0.0049588343930334865,0.0
-2.1392358732412466,-0.3835275195755103,0.0024519640876375735,0.0
-8.438173050857168,0.5325920377222941,0.0019186442802874124,0.0
-7.267153798144102,-0.5219222565827989,0.002733249073561172,0.0
4.522108110117314,0.3927923574701522,0.0003823292350072776,0.0
-3.41847658024785,0.7059511506966727,0.021988727095737844,0.0
-6.901026923475591,-0.5663953300249771,0.02333869159395901,0.0
7.999758055983619,-0.11274289023207107,0.001034751456276358,0.0
-8.231503362111845,-0.48205827018798336,0.028397911615286504,0.0
0.2786532901668206,-0.29644736380213466,0.016166295366970937,0.0
-4.6871095133088705,0.561351177460377,0.012831463921655873,0.0
4.396237700520105,-0.7571237909510719,0.08809542205655517,0.0
1.798276465154725,-0.4497000077268365,0.001603730809420289,0.0
-5.000027186207014,-0.3595966137493396,0.0011860595484284309,0.0
2.6489509584182453,0.7457539295587758,0.00943374498501336,0.0
7.768118095990648,0.5617078121861852,0.006213680932627946,0.0
-7.936144329036208,0.700668583465275,0.012652990643553763,0.0
-3.4479113851717473,-0.7151814446339597,0.0025531813604030584,0.0
-4.1478109567682795,0.6415093688663294,0.00043715534901210415,0.0
8.256618622086268,-0.6526974211641509,0.005683854389020157,0.0
8.585069177971533,0.7071416622219973,0.011305187273416057,0.0
-0.4550349441404471,0.4645738053876587,0.0023831055567042716,0.0
-7.617488118927927,-0.5975273015787899,0.051602713814044764,0.0
6.530621362343135,-0.36261858677089814,0.005846636080556186,0.0
5.063284784316693,-0.4557749783233777,0.0005370208325552913,0.0
7.043128933667047,-0.26050668210829186,0.006135514866777038,0.0
-7.825547093550154,-0.6434093697641132,0.00043923796555407315,0.0
-2.4473728174945544,-0.6910365028510195,0.004540214143639432,0.0
6.988981527551667,-0.38364794188666435,0.0008442270640676994,0.0
8.60696832996522,-0.7224124988689986,0.002254388147603913,0.0
-8.682146089853449,0.5995917725728184,0.006355429105143535,0.0
6.701835572631412,-0.48110652730185616,0.033860188287467174,0.0
-0.39887592028810026,0.4901625291959617,0.006609265556767905,0.0
3.2618350437769923,-0.07743498222578493,0.0006125231798919151,0.0
-2.1301972787197005,-0.7443460167504621,0.058803108987406844,0.0
4.227171915241444,-0.5892878006852116,0.0011353276656875604,0.0
7.457800238135956,0.39977416101946184,0.0006845871863704001,0.0
-8.119599115898694,-0.07833961713737958,0.002165554863731288,0.0
7.086896058294441,0.714037335301926,0.002066567041115203,0.0
-5.609022035947756,-0.5206563477247468,0.061255792689400825,0.0
-5.148914224090168,-0.5655208094493787,0.0026959376930409677,0.0
-6.1610541658114215,-0.5775195659521178,0.014217946013771719,0.0
-4.890363542225625,-0.6033857681491827,0.0008257387579999212,0.0
-6.341117880099903,0.4630169662783883,0.001058357664625761,0.0
0.9649981013306519,-0.6720606439777984,0.002070221463979253,0.0
6.4896940930152205,0.43750860975326766,0.0008609259300603287,0.0
6.144641368332421,-0.3635108627968887,0.00041776417247210826,0.0
-3.9525252559402455,0.4184483515742681,0.0006908877160822164,0.0
1.9162377979650742,0.5643324450789875,0.015583306857308528,0.0
-6.312685897072355,-0.7115936750681952,0.010712527349253353,0.0
-2.1087892367905896,-0.7018811228581657,0.0004060338066347758,0.0
6.632088985070263,-0.28125931250034164,0.001485469163432749,0.0
1.2277323484892868,-0.6782602364382331,0.07622342511526915,0.0
1.7214112741786654,-0.6273469663409704,0.0016444664638867082,0.0
-4.36471213435584,0.4661865234976763,0.0030732732566878915,0.0
7.231928174049363,0.4298732720811269,0.0022060376623282284,0.0
6.3054367085776,-0.639158883660453,0.0010983055047546109,0.0
7.71854772896269,-0.7031946504693147,0.0027670376010115348,0.0
4.684350889306044,-0.6875838114695185,0.008151015225590816,0.0
-2.531549531767186,0.7428198051037909,0.0012996448840383618,0.0
-7.86259735225294,-0.6020979419514932,0.007177374473668463,0.0
-6.218104765015359,-0.22281565476641907,0.0064208444411464295,0.0
7.885975330296205,-0.20842499647904544,0.009377849466159317,0.0
5.155828458413787,-0.47204522191173515,0.012880530260075443,0.0
-3.6125111570763417,-0.29000618792300786,0.0011004667233592343,0.0
0.7967696786913212,0.691445218216258,0.00040568472735211144,0.0
-5.041656254546343,-0.685168473029524,0.02433305676616389,0.0
2.6083642406148666,0.5237750696896935,0.006982895014030761,0.0
3.887202950203932,-0.18594034823480077,0.0023819423917450706,0.0
-2.116960503780307,-0.5282920292548966,0.027657227863188607,0.0
-6.632585493200358,-0.5080509797908475,0.01677182882456186,0.0
-1.2622554026158301,0.7474566942506515,0.0006164362204135498,0.0
4.545452780522563,-0.5131297444980021,0.005660369091517921,0.0
-6.540807447766699,0.7495144598501067,0.03637835321985186,0.0
-5.1359385627708605,-0.42345913991014345,0.001580980135283662,0.0
-0.48488784561274656,-0.3751142806694191,0.0004092678180309839,0.0
-0.8610193214768582,-0.7420026763294013,0.010706588698275591,0.0
3.6792393665820136,0.5061087816761891,0.00182954575847002,0.0
0.9277768327403884,-0.3272212461812312,0.0064209711086694815,0.0
-2.2998320106166252,0.6578639812716895,0.009428184977080617,0.0
-2.6553649483689323,-0.6325258158465128,0.05165963800474221,0.0
-4.77579728949814,-0.5099805754473168,0.009049827015858316,0.0
3.390476584254662,0.5857301244767039,0.02229342605594781,0.0
-1.4045086488728487,-0.05039483800192868,0.0010660836858715076,0.0
-0.21886729572540808,0.5487468349665838,0.002316401976480461,0.0
0.7784592494686322,-0.536405695909435,0.003982885834743807,0.0
-4.453204071156946,-0.6762812031617061,0.059180485073402005,0.0
-5.950577251186481,-0.4864904367422958,0.006107577854950645,0.0
2.760049990927884,-0.03934223700255579,0.0028427150853352363,0.0
-2.8535982724352804,-0.09839710712289895,0.01165980852580807,0.0
-5.85779810721324,0.48545697834392776,0.009734900429369397,0.0
-8.67780731520165,-0.17369578502092875,0.0010625501159585362,0.0
-5.107474864746621,-0.5152722302743394,0.012264067918541824,0.0
2.5178025307638077,-0.0446999206462626,0.001861232284199021,0.0
3.8081242666011956,0.7463186148075416,0.005896422667349177,0.0
4.9960001246520935,-0.2141594306896175,0.0005930142749610824,0.0
-6.000458666083972,-0.5791498942612143,0.05151354423651111,0.0
-3.643651809611918,-0.5981198510261336,0.06609768495357848,0.0
-0.7816538580772976,-0.7242181910971693,0.0032040937500010173,0.0
7.620085688692853,-0.7592121940810658,0.001488227551027554,0.0
4.058717755312822,0.43234808920986634,0.004207566194433659,0.0
-1.000184545991429,-0.5733312005242701,0.0015769989538952146,0.0
-8.291935468608981,-0.23228954996011464,0.0007031919025229501,0.0
-2.8243701464418995,-0.5436914421458661,0.0008956226380368562,0.0
0.365325140562879,0.6770192375804558,0.0020302948462595223,0.0
0.777059595142001,0.4390446675434465,0.005396695836138791,0.0
-1.8067948747262932,0.6811892331615812,0.00043447425072283113,0.0
-0.6077875391230929,-0.2841909831985501,0.0017501742566918765,0.0
2.160662683001096,-0.2727469019935286,0.003176099460147092,0.0
2.917173146925995,0.5646513132045319,0.00637641470220363,0.0
-6.127281382857201,-0.4323662970224991,0.044934320913233516,0.0
-2.6215851262430308,0.6201565774076541,0.0032365518473297414,0.0
6.026689217696607,-0.37707133843850993,0.018249027277262794,0.0
8.496987122201364,0.5110866999617016,0.002112480730976275,0.0
3.7499549856088823,-0.26561882479993787,0.007457172649785494,0.0
8.197257366353544,-0.18336988908330598,0.0039516464603320785,0.0
7.793990708311664,0.6396235084942627,0.0032713190331883284,0.0
-8.656949829606605,0.6507263545555539,0.0012442172207869414,0.0
-2.4199743982644657,-0.7171325220226532,0.0006619929409723059,0.0
5.330672317837227,-0.7424258883887829,0.07216065013787946,0.0
-8.281333308777038,-0.015317606301676223,0.0012168525573149854,0.0
-3.2881534465911075,-0.7504876483402217,0.0006048664659577752,0.0
5.611122209543378,0.4126915583672013,0.0016259533952851703,0.0
1.9444045137961794,0.4963239257056773,0.0022159572395779523,0.0
-4.764518842999534,-0.17615546367108104,0.003071057888117257,0.0
7.070061315048292,-0.602073394316869,0.010922402316601246,0.0
-3.4106306901364114,-0.4040206520231334,0.039908823960468076,0.0
-1.4163691135867653,-0.31585019565711275,0.0025045160634114658,0.0
6.634122940097978,-0.10753628868348408,0.0005043453859299823,0.0
1.1060138963438497,-0.600508395918707,0.01396644578389912,0.0
7.301189981473595,0.5915481493847121,0.0018706465738124128,0.0
-4.448729984505453,-0.17629460343142456,0.0015269073406976726,0.0
4.8985949192602245,-0.04791460873009479,0.004786100581662449,0.0
7.522665757103859,-0.609629191630542,0.004443973244319626,0.0
0.7597963916008883,0.4291940741793767,0.00043101769632800254,0.0
-3.3950564549488655,-0.2947836401080849,0.0026333787360723173,0.0
5.490925797998715,0.5608307131330375,0.0007912602228890155,0.0
-2.3107619667478687,0.4726729252195192,0.0021869910563430367,0.0
-4.120500838898751,0.482494494900793,0.0007348941181724851,0.0
4.572171627745307,-0.5870473761580531,0.0021511056374704674,0.0
-4.085051787880012,-0.35369995553143774,0.001459127213496089,0.0
1.293061066910285,-0.41087628803521187,0.00040187038928522946,0.0
2.41396058815781,-0.2477040217375278,0.005053659797338227,0.0
3.4845139267231477,-0.2995878382012644,0.01435251887721518,0.0
7.210246865075964,-0.42058576768077566,0.0053966564832528974,0.0
-1.5928672184445523,0.5715227417949627,0.0025849902878538533,0.0
4.08660083903931,-0.505238696660416,0.0059202528146828194,0.0
3.262146874928556,-0.5761870798490396,0.05188802434578101,0.0
-1.3748524330839844,0.759655094013485,0.0016850692766934199,0.0
-0.11923804218916167,-0.23399736210335287,0.0008698109044127282,0.0
-4.216570906676104,-0.2488622251361159,0.009034276477918157,0.0
2.665148720879179,0.4917218118799418,0.010469363640635044,0.0
0.13833467319377668,-0.25520822640036045,0.020008316488263348,0.0
-4.027360603081128,-0.38107028713607705,0.04247685200661752,0.0
-4.694994819334321,-0.6827224943802532,0.010157760846336567,0.0
-5.583848999367687,-0.11693633123304037,0.001559098069099083,0.0
7.788515756163104,0.7489433151220606,0.007118266983388543,0.0
3.321513834442536,-0.6607090403084552,0.05448178134741244,0.0
4.190747469236669,-0.334019259428999,0.000832450666073683,0.0
0.1382263039172642,-0.16350553388574707,0.007553876457570213,0.0
8.213464024353414,-0.14019413019219396,0.0023599689327192114,0.0
4.524850659276224,0.5315901922072805,0.0022051187371828693,0.0
-4.030496963434333,-0.6790652919576542,0.007691205095674067,0.0
-6.3225803997952745,0.6911145957366138,0.0005681710255015002,0.0
7.149169913912653,0.617812357929205,0.01448060554303164,0.0
-3.6779419150904076,-0.7392302591915889,0.03526974640014815,0.0
2.334403094885081,0.7566850279515867,0.04159474856437575,0.0
-2.91166915459707,-0.4427949012035164,0.014844215542008864,0.0
7.1291185767943634,-0.4999511066006638,0.004872400990318096,0.0
6.543057214732583,0.7586092687382087,0.0005069821203863694,0.0
-1.453374432745366,-0.4493383484663299,0.011095558840467763,0.0
-4.331472418173441,-0.15929659644207872,0.0042317819989257455,0.0
6.394562084279235,-0.3440330386631526,0.014030536645566083,0.0
5.720221423477934,0.7344964260472331,0.021743014595888427,0.0
-4.9774189680044625,-0.3853338613372803,0.006011151965091872,0.0
-4.070186166467623,0.6605802120106476,0.003498245253423207,0.0
-3.2204559971181412,0.647637375689649,0.011939462532017747,0.0
-5.193678527422451,0.6652786166596452,0.0005739693954977253,0.0
6.544199319679455,-0.3928311857746904,0.0006971782344187498,0.0
2.21619324265939,-0.4049565360537307,0.0007630535633075247,0.0
-8.136224971559049,0.6541011670676489,0.013669715194813413,0.0
-3.887310951477133,0.41596914403350205,0.002207449434835492,0.0
-0.7463443523871609,-0.6841653740161013,0.007690527764310282,0.0
-6.829582378381467,-0.3647168869852416,0.007238820570967472,0.0
2.980482835267985,-0.5533619429169082,0.0011727357457613952,0.0
8.43253697439636,0.45910919214199386,0.005338790440863815,0.0
-7.614197838820441,-0.4934191659027597,0.0011771963163769638,0.0
1.1712375812936617,-0.3674974515050761,0.02779140897027485,0.0
5.381039227965871,-0.7408372183202956,0.0007696162637468034,0.0
-7.209792646821291,-0.39055085307659326,0.0036732153919672474,0.0
-0.6769841412426647,-0.41860478267795875,0.001120327508433677,0.0
-0.40778424473611885,0.642013181728047,0.004328488470085176,0.0
3.433129706513764,-0.5760805653032635,0.0037161066762231125,0.0
-2.7339658172421037,0.46953823422317464,0.01025034587426828,0.0
-7.326139220813921,-0.09045054464708924,0.002517379760514162,0.0
-6.6538918597267696,0.4288702316872628,0.00210584049475389,0.0
1.7124197416584117,-0.7235800721400409,0.0013151391043258803,0.0
6.757217790309502,-0.6475058981784131,0.012261461466557077,0.0
6.294382915393484,0.4493701943893862,0.005880556888323834,0.0
-2.8421521279699693,-0.18961249945327052,0.00919892915623831,0.0
2.329125903359923,-0.586356508473364,0.01183861445546566,0.0
-0.4447716873416905,0.5788886148180503,0.012192513532267657,0.0
-4.558149987273418,-0.1661092184013585,0.001180405620071984,0.0
2.1721894907641666,-0.680936247573313,0.0024847951755493057,0.0
7.227120687051391,0.4627523256475492,0.002047582337385928,0.0
7.671954895187326,-0.6554446172563358,0.0007424375702276989,0.0
4.667831007480677,-0.5380711471958757,0.0018786297441890907,0.0
2.0243946193622158,0.707365452701519,0.024467449090836067,0.0
-4.010868456076302,-0.36734223513766695,0.0013288612470325185,0.0
-4.480300173799439,-0.274850140719532,0.001362591641562526,0.0
3.125015812670009,-0.41615444735202844,0.0038544416371961493,0.0
4.296227926514451,-0.6847200314738003,0.05217875230394378,0.0
1.12449218674535,-0.4934969422675092,0.017472154913116544,0.0
7.583865328606603,-0.1928989493287988,0.001290780752197233,0.0
-2.5475818583286873,0.5970375604613618,0.0004684218586860973,0.0
7.405759458165356,-0.6476208833343433,0.011224222522034179,0.0
5.376219852778172,-0.283408283268609,0.0020696664041433806,0.0
-1.874369301460499,-0.6762158122937316,0.057546419969227346,0.0
0.19599839040666822,0.6031766570235657,0.001323798876828913,0.0
7.9688142339993036,-0.45445129143323826,0.016836253200242273,0.0
-4.351088629470147,-0.2908627988824176,0.006824462949361545,0.0
6.553563319771868,0.5459241952886058,0.015607352348960383,0.0
-3.719547991624639,0.3979380960898453,0.0012094990291679245,0.0
-1.542904231688003,-0.11958074005591557,0.0017056724500353123,0.0
-2.571608098935628,0.6159730218935491,0.0021833790002135597,0.0
7.499564222900457,-0.7216496166977768,0.04443030313195142,0.0
-4.035065874884308,-0.569100560965618,0.014925630544563681,0.0
1.275512705349099,0.6980691157633099,0.006617549401924333,0.0
6.38087024686423,-0.40011534792429887,0.0006000637607228159,0.0
-3.3480326918620316,0.5688393936608915,0.001921783562194572,0.0
-4.270920306769878,-0.6635979329067013,0.0076701259247377255,0.0
4.640538028410219,-0.3213392531779627,0.000691993276367141,0.0
0.7032313509047174,-0.11489348029394164,0.006830690227670476,0.0
-8.12372805468599,-0.5300116777017896,0.014972715864853004,0.0
-6.367374670373595,-0.1951970837786835,0.0004769586043819286,0.0
8.087085142929993,-0.45589818970055473,0.01300372268264771,0.0
7.83869747066143,0.4886554518783539,0.00043167133633422524,0.0
1.0968801456049988,-0.46388827183670495,0.013886359324179639,0.0
0.137533528037455,-0.655976546223627,0.010840550911019256,0.0
6.0005642402145085,-0.7139623398241537,0.0026827241936798305,0.0
-2.667097015845898,0.5294117930249582,0.0013206014899914238,0.0
-8.511679237121424,0.6788201240556386,0.001167083041634952,0.0
3.6965839280546238,-0.6872472736195172,0.0030400415523772167,0.0
-2.424108003265453,-0.41855808439739356,0.00047369078904880966,0.0
-6.061332290632571,0.5574329335496953,0.0022172480834855924,0.0
2.729064365614164,0.584581813811609,0.021234189151552157,0.0
-0.6784846686528905,0.5914639954260388,0.02440125034600719,0.0
-7.677102108680037,0.5720623061555361,0.009801886846176259,0.0
-8.278067998262292,-0.5519756636885673,0.002553776527793972,0.0
7.239485742912086,0.6331781092087434,0.00215022676519907,0.0
6.833464904075459,-0.28888813530602747,0.005273731847145011,0.0
2.676160906242396,-0.5130226399557035,0.026647682607827614,0.0
-7.291464321558902,-0.0418943443123041,0.002735615415751586,0.0
4.042068378748041,-0.3239246168724683,0.0015381368485425286,0.0
7.199987888775032,-0.5419359505139726,0.0007145653962103471,0.0
2.789733620936728,0.4868836215228387,0.0009797535561661855,0.0
3.796598381355869,-0.09820901241649838,0.00705926116264767,0.0
-0.5623814443557382,0.5092189138605425,0.002921294320312255,0.0
1.5422720740794684,0.518653425040287,0.0006094658919329521,0.0
5.333332554243793,-0.07860832836689458,0.003391433061335408,0.0
5.853428825781332,0.548566102852025,0.0005116498254012216,0.0
-7.711090024943289,-0.32846028324485715,0.0006229214174826556,0.0
-4.712077867526128,-0.4930963256664106,0.023397200980981064,0.0
6.381320115188258,-0.39893481799111247,0.0007019777590364966,0.0
-2.7635530251992044,-0.44195569640981097,0.0009329084333642777,0.0
7.3013469933968285,-0.5608748595104505,0.00044658270862569263,0.0
7.097744338222498,-0.5867410749509894,0.00536282431046454,0.0
-7.3592170199451905,-0.1988457484199908,0.016539281554387397,0.0
2.683091933507649,-0.3472378501867357,0.0008431407908906715,0.0
3.385322507569411,0.6867071945083025,0.006640357854113981,0.0
-1.4001910272545741,-0.6121424845320762,0.0027623838105325766,0.0
-5.334215348640868,-0.26902237346824676,0.020903969617767124,0.0
-1.897422958374393,-0.542485504697589,0.0022025228789099268,0.0
1.6042954429316776,-0.32577629401333374,0.000809182599739543,0.0
-3.8574589803905814,-0.7343476182677455,0.005941744020202926,0.0
7.9010614109745205,-0.5511391354921713,0.015633201594091314,0.0
-0.5362847734183482,-0.3976793371535036,0.018265574665208728,0.0
2.5521721797288457,-0.4764406186605888,0.000955211228250162,0.0
0.9736256765808786,0.5478273439098362,0.000733538577136285,0.0
6.908679686430075,-0.7212579790840102,0.0010455818452334814,0.0
4.914932630365808,-0.3615565067407966,0.012911845398247962,0.0
6.248268064084835,0.7320935454240423,0.0008699653494420658,0.0
-3.0829822713912503,0.553281211491979,0.008906270250415566,0.0
4.093372372544566,-0.4009148435869625,0.014551680868047479,0.0
0.6081240978650744,-0.03006417112823545,0.0010854195121516252,0.0
3.956063647773677,-0.04433060778825082,0.0015489344086283276,0.0
4.294573166663948,-0.6699323514775276,0.008126684082123324,0.0
1.9734157009755044,0.6049182572563134,0.000939282188553111,0.0
0.30549911437885235,0.6857476306489318,0.0012382575917100251,0.0
0.0956798867042572,0.6868369774288123,0.003334949785267325,0.0
-3.733235541964018,0.6331918436380228,0.0013577123608370185,0.0
3.0714130861165145,0.547797663877895,0.0014319084391428746,0.0
4.015013846449872,0.712690625649891,0.007486815797513831,0.0
-6.377962216910638,0.7043666507329933,0.008925110246004956,0.0
-6.919655505266255,-0.6889672495808148,0.004124369125573325,0.0
1.4098196147127648,-0.23958868575856218,0.0037847015508739434,0.0
4.187217273904366,-0.17292998798716552,0.0005073007555165388,0.0
2.834926545731067,-0.3970908005369523,0.003489823996332191,0.0
6.914198962554051,-0.3531507698617465,0.000597536686170359,0.0
-6.881970251447496,-0.4669852102589654,0.003557293625698114,0.0
-7.37774274909165,0.5042917989025812,0.012803209693236076,0.0
-4.62150814999215,0.51940793165746,0.0030383511587025085,0.0
3.455621468116677,-0.23312749233378938,0.0004596915187379243,0.0
0.859973481380429,-0.33545214319139766,0.012904989115843637,0.0
0.9357509009094809,0.7137919296263715,0.0005083670210695477,0.0
5.635824435633284,0.699283220773556,0.006666106678217608,0.0
3.9975682865673345,0.524262086332481,0.0032026844055482967,0.0
0.9042347825152017,-0.31469993868233137,0.006547691564195964,0.0
-6.789374164864066,0.731453980783916,0.03597678262994077,0.0
3.7190497674764735,0.5176630718102453,0.013565984600474368,0.0
-2.0335549366688275,-0.25607702051503245,0.0011133089966186653,0.0
4.699011022220889,-0.4278263307580776,0.00961447461880742,0.0
-7.0326175959556325,-0.5056338113071454,0.02785413876749347,0.0
7.059469626010728,-0.7409265241887871,0.0003950363855981674,0.0
-3.47609442889548,-0.06537994275812165,0.0008771181367547548,0.0
-3.765310108273175,-0.508679076698062,0.006450676132195139,0.0
6.3595545148352635,-0.3872575602386515,0.002820445253144278,0.0
-1.3723260235362114,-0.386727118041329,0.002221215856628075,0.0
-1.8239628034854976,-0.3310839965234328,0.0003811470479639125,0.0
3.2122254483038617,-0.14891250462308503,0.004669323101037344,0.0
7.132847746081932,-0.5059162434232193,0.0011327140095755926,0.0
1.185544497033458,0.6315034394868018,0.027858353578206187,0.0
-7.898180806320821,-0.08823618546861367,0.0005582097295323818,0.0
-1.2834327069802516,-0.4532589758241299,0.00371220207223743,0.0
-1.8791793664867358,-0.6451794888235612,0.0031123686563639657,0.0
-2.7214334570712744,-0.5665173720551543,0.0014156305212924658,0.0
2.661970435535462,0.6801414073788481,0.0004169900674955627,0.0
-0.4055103086900669,0.5381225066730473,0.01858198133385406,0.0
3.1554830996939938,-0.7462787943635825,0.0004965284565577474,0.0
-3.2760608957878965,0.46323090681418333,0.00048684036373464645,0.0
6.224744732418731,-0.17552507309958942,0.0015643818434548042,0.0
8.292512467965274,-0.5969845982594238,0.0004977959026378585,0.0
-1.4603985629076277,-0.5384192767895534,0.0007535696560229962,0.0
3.0525092611435003,-0.05756814656128717,0.0014223143486572147,0.0
-1.441743149737544,-0.6842227538329506,0.015189673911852426,0.0
-1.3849188054443884,-0.49061174805597557,0.0005765470072466121,0.0
0.5509141112098686,-0.42725875794679885,0.02450163914355052,0.0
-7.877474080479984,-0.20887385969790562,0.0011561490444450102,0.0
-8.294729259230577,-0.3350531744757711,0.019976969141369972,0.0
4.512758454917943,-0.5408593244773172,0.0032388059458112917,0.0
-6.72163506407117,0.545810155321419,0.0017997666954980742,0.0
-8.44267530346089,-0.5969113105912173,0.0009221414929767853,0.0
5.006317549662956,-0.35540176512726024,0.0010144856885750098,0.0
8.169882762288527,0.5373749983695966,0.000665560740355667,0.0
-3.5863501165850877,-0.6318901608956397,0.023250149390611822,0.0
7.063691777329758,0.7003072472497704,0.0025077881651913315,0.0
-1.6078128263529692,-0.4407290101643163,0.00090469752727246,0.0
6.075556257806925,-0.07670242589117615,0.0045769425107918035,0.0
7.350479308790046,-0.23392008934507336,0.005397313713747917,0.0
4.20336688310379,-0.6444184313262143,0.03364735782482887,0.0
5.951552109949194,-0.2713206637413394,0.0005172253538314776,0.0
-2.9240743974918537,-0.02743131138580035,0.002528245086881173,0.0
5.437731249550124,-0.624804865843653,0.03294927223992319,0.0
7.734593290664936,-0.4127185095463829,0.004727887435850528,0.0
-0.9656931867706362,0.7000930425182816,0.011326707267625314,0.0
7.124421544814869,-0.6394819769226164,0.008789500760194453,0.0
7.169931817769873,-0.4273063445967052,0.002865878899403175,0.0
-6.238036388933548,-0.4346771633169832,0.025273729443252967,0.0
2.8669305671783256,-0.22709413214892615,0.0012788601336493931,0.0
-1.7877843678340977,-0.5944420235086907,0.0009724393876067987,0.0
-2.2725025230964526,-0.20380585292992626,0.0005236351515258264,0.0
1.9338335097145904,0.6513334073114392,0.009083284675859022,0.0
-1.8684856635329012,-0.4864913251585482,0.013810160825983228,0.0
-5.087069267767355,0.4757073828108571,0.0010085197558643265,0.0
2.7386214037194083,-0.2145018609543059,0.0003820783416828414,0.0
-4.278990299152821,-0.4883396681876451,0.04114827264411602,0.0
0.7550865503862507,0.7134477935643322,0.011387043226711191,0.0
4.496196211794716,0.7522244545785552,0.0123328573861772,0.0
0.35495999708409975,-0.046984962141506936,0.000731862648696908,0.0
-4.262417154730101,0.45545164203230626,0.0011753725734100129,0.0
-2.6734070825285325,-0.6700455897835885,0.0019088085673758535,0.0
-7.784151734275864,-0.623339793254172,0.00580673683286541,0.0
3.9885540913706805,-0.6741289767740358,0.004500435508990318,0.0
8.282602107931652,-0.1392074971486813,0.006455093002924979,0.0
-6.627579898537705,0.6068993472106166,0.004676061987756565,0.0
-3.1256905510254116,0.47395440340033534,0.0007647850457990662,0.0
6.163259859655723,-0.20390084293161692,0.004786367546346656,0.0
6.869470857063144,-0.40636486663875904,0.00941948405918061,0.0
3.871638581933375,-0.494339415637561,0.007250418109461924,0.0
-3.2757251338620996,-0.5506493390263456,0.06183587291552503,0.0
-4.797970877631544,-0.4820593146666944,0.0015205568191378764,0.0
-1.7509525427564263,-0.7564405248212684,0.07195319952388127,0.0
4.625432881822594,-0.7432076709675848,0.005489341556109912,0.0
4.462521759975369,-0.19718518920507744,0.004479520966744755,0.0
-7.479532781109029,-0.6957561107600895,0.002944157465337977,0.0
4.729218691452003,-0.49355941548699983,0.004292914053026867,0.0
-6.41944686978362,-0.39135988546759054,0.026294855428769692,0.0
1.9571979984194776,-0.6143797316670266,0.0004733676420137007,0.0
-2.2472413922979158,-0.627992968326721,0.0007610369428451836,0.0
-6.4616668612249075,-0.46979989278003975,0.000596768040317478,0.0
-6.9994419061827795,-0.44301444487818425,0.002162111579014015,0.0
0.6573197166725198,0.39179124884160976,0.0006959515481342515,0.0
1.4551145373694876,-0.6764383930730711,0.002745387823044294,0.0
-0.538573725711025,-0.2633298865567303,0.010185990466321028,0.0
5.364990707278984,-0.4266871276423374,0.0278663619479068,0.0
-1.3155778802819498,-0.5497555806142362,0.009347009168683718,0.0
4.375666141802846,-0.23774061976066196,0.002385146852695492,0.0
-5.023147906006894,-0.2453906889423383,0.0015491607444405016,0.0
-5.155055132436948,-0.3245880021098528,0.0004191069521666111,0.0
7.965159261048079,-0.504612773967037,0.00042058365364254876,0.0
8.190191079351106,-0.550728195752207,0.0016623326685714888,0.0
3.1699086551096656,-0.741017293099078,0.0004973472084563719,0.0
-1.2545751817498871,0.7162998947627337,0.006059267221062395,0.0
2.6476591815814867,0.5418583605462313,0.0011427783343742576,0.0
6.994048591967045,-0.07400999238249739,0.0006064626733523769,0.0
7.7859417720469715,0.5185509190986977,0.006914627530351378,0.0
3.026868783830235,-0.5791915523473735,0.03111435699366316,0.0
-5.837319811678635,-0.2147339179506531,0.007250914475543338,0.0
6.70795183933253,-0.7273840088972093,0.006751536183141549,0.0
7.376506782482913,-0.3885736515178362,0.004119051432750596,0.0
-6.33806472930558,-0.6309817720655714,0.0005722044009924494,0.0
-2.516571639198534,-0.04493322031529723,0.0007962709340500906,0.0
2.24541910291617,-0.2233710962344918,0.0019403558319930055,0.0
7.095785559722641,-0.5220461088270445,0.0035073786344062045,0.0
-7.88718920767718,-0.0403005752434793,0.0005523348124027455,0.0
-5.722927775011668,-0.3032951356703856,0.006468120758636298,0.0
-2.8412101598491315,0.49660615721946333,0.0018795021641979236,0.0
-6.772522145848084,-0.7244584235343127,0.014823538744165074,0.0
-7.945816216035169,-0.43219781469612406,0.03421196862371226,0.0
3.6321576020628097,0.49845394267955934,0.007925939223894077,0.0
-0.028001477583984524,0.4618280385156637,0.0006560688635124334,0.0
3.8412625384742753,-0.33331006730554774,0.010522427651336659,0.0
-7.104383358187251,0.579186863226578,0.01933524782342207,0.0
-3.3221265946442005,0.633908593780157,0.001957559407222813,0.0
6.90449340982893,-0.4773706557659989,0.0040920431731869735,0.0
-5.487039732100467,-0.3075030316854802,0.0020326622478369673,0.0
0.9298075600323994,-0.4807488649109304,0.003243725735543143,0.0
-7.014770900716775,0.46990469013232805,0.0006940541365036889,0.0
7.690745346803247,-0.1808132739244852,0.008579943256826457,0.0
-7.195740904377643,-0.6709978626562546,0.005880104478338552,0.0
-1.3504797254890004,-0.44666930192023746,0.027503788542475652,0.0
5.186694894918531,0.6420685728625657,0.017749306214133235,0.0
4.991662032482539,-0.6278495440327483,0.007040542421929297,0.0
7.160847238379679,0.4986300218556263,0.010178373054052288,0.0
-5.335034018087765,-0.736042851064713,0.0015068820060512374,0.0
-4.1713487951552155,-0.39926797477078374,0.002580511717953747,0.0
6.292549921048995,0.7103809357542108,0.0008897830719957013,0.0
3.5857274070332767,0.6230538067611826,0.00790448242841633,0.0
-1.732577934681811,-0.675770921896566,0.0070829167310742834,0.0
8.501028273641861,-0.29181782350313873,0.0025767883709755285,0.0
-7.074594685748989,-0.19101474303951116,0.010124853135391201,0.0
7.1156095948616525,-0.6613477487727094,0.0028541350817321122,0.0
3.9191233939456573,-0.5067445845347233,0.04893881051484753,0.0
-4.380712067577225,-0.08668406710278931,0.0028078162665256556,0.0
7.888349803412186,-0.6635291313074758,0.0004173813136552341,0.0
-2.1625421009431554,-0.15786231149502916,0.0008468379666524402,0.0
2.6960199697116938,-0.24859071676591205,0.008365179395544747,0.0
-1.7933314710497008,-0.10906263877686362,0.008333770992360367,0.0
1.092224341930601,0.6439294463830432,0.019000856696749616,0.0
2.5498044885248135,-0.5419106160112326,0.0009665062827961628,0.0
4.856767738334954,-0.29136651931339075,0.006789302742738713,0.0
1.814212048142597,-0.2104032508937307,0.0034249260800300898,0.0
5.237894801154777,0.5588822950728214,0.000628375873326718,0.0
3.9652435377023707,-0.6430905692160214,0.04984318317161988,0.0
7.2963103976651436,0.7562157457558334,0.0036753913282515263,0.0
-7.847061331865656,0.6599464424203283,0.011562544658963423,0.0
-7.356551898094064,0.7177031188796803,0.017870364600947056,0.0
2.5967219325372835,0.4080632936140145,0.0021249706445865216,0.0
0.7416022845771444,0.6389742868704404,0.005711569764196796,0.0
-8.407497531396542,0.49015769596958747,0.0015122316417131307,0.0
5.0931543778911195,-0.4007227463881714,0.026021271230184953,0.0
-0.32818843342822923,-0.18602114674101244,0.00907142958458646,0.0
8.207022743982371,-0.7579670358893715,0.06334536896699193,0.0
1.289810635945555,-0.4103746328033831,0.0006865905916873261,0.0
-8.589068551090802,-0.10938585870336992,0.0005251076662292981,0.0
-0.39742487255163006,-0.24875284308780654,0.003997556694642304,0.0
7.042700133935307,0.555094858489938,0.0009450285426495159,0.0
-1.150307401299707,0.4606222750006539,0.009732109406512507,0.0
6.764358991314609,-0.5472987191127143,0.010433778658079875,0.0
7.8537733779941945,0.5683535686875212,0.0010619888379932532,0.0
-1.3602978992726138,-0.4901258968074423,0.008407477507512251,0.0
-6.66597006255926,-0.5385991455740304,0.0035982282483083172,0.0
6.261230719730888,-0.38237723982701183,0.0024774508560409156,0.0
-0.37927476969406904,-0.22141761098070223,0.0080096090495503,0.0
1.4347597237529826,0.4557334717798831,0.002195841363167592,0.0
5.580687785867278,-0.21195144406351074,0.0005512582833229411,0.0
-3.3577567498614904,0.42674101805939424,0.0031740546613234204,0.0
-1.6019999278796382,-0.1782418199599899,0.01337634444358186,0.0
5.262875680947319,-0.24039344449405342,0.00042320781186628626,0.0
3.993535896050375,0.5367070444316826,0.0011500142133779956,0.0
2.8495850829504477,-0.40104465238041537,0.0008840205212034512,0.0
-6.19674780577269,-0.5408872080955494,0.00040432097404897424,0.0
-4.989391932299819,-0.48196486070261557,0.0004251497538794157,0.0
3.523669739892119,-0.19511967531897312,0.003675455386562959,0.0
2.4786983368855626,-0.2821142477412652,0.00041249419140254264,0.0
0.7125680145871023,-0.04997722031666951,0.0038996398799380754,0.0
3.1809149541225246,-0.5509946172439298,0.03502980560546092,0.0
0.2579617430019301,0.39418751807116514,0.000979973220017026,0.0
-7.406601965326884,-0.14951476003025366,0.017265361905598436,0.0
7.609357631016874,0.7428271726073727,0.030470409136593556,0.0
5.165236447721879,-0.5768818501958266,0.0014021423705301878,0.0
-1.5058619586926092,-0.136726342296982,0.0028646369733110392,0.0
-3.127361413057664,-0.4830273418407963,0.00039608101272995707,0.0
0.17337000505477995,-0.3649593580240252,0.00922363428206556,0.0
-1.9522578167888787,0.4649723274818187,0.0014437777213846086,0.0
-4.866088637861021,-0.31917975690938477,0.01753507126435444,0.0
-2.7879168301242014,-0.09846023647998325,0.0030114683070299156,0.0
-5.403165710504324,0.4651156532889811,0.0005038371528090664,0.0
0.9801040861744603,-0.7449721451792086,0.01346972702215212,0.0
-6.437373433718564,-0.2157276852757568,0.003267600154497843,0.0
-7.331974410838696,-0.6147383022960974,0.007608269829911399,0.0
8.240211263982886,0.6224949821088017,0.0007597075753983294,0.0
0.6525164627491673,0.6956702420856893,0.012931236446746274,0.0
-1.0843639094108806,-0.6366638100783313,0.0019774912612003045,0.0
6.352539955859385,0.46720140023906365,0.00403619577493186,0.0
5.172562438892593,-0.5790582345680446,0.0013150358438619458,0.0
7.124088210318465,-0.21053268744505882,0.022153211719326143,0.0
-8.361448931599067,-0.11097786562172318,0.0040808118106776935,0.0
-6.760978954951533,-0.39827927739721647,0.0062314848535677606,0.0
0.9544734947934419,0.4547249788803047,0.0017525246842855298,0.0
0.9812396561827406,-0.3379301993937526,0.013255947744423291,0.0
3.2888831507197978,-0.054592691513078995,0.0006213392921431267,0.0
7.750306603924692,-0.3161779144270438,0.008630346980665567,0.0
-6.698237360314559,-0.4206320517783686,0.023278446742701655,0.0
7.469023101773349,-0.17902236013007433,0.0005453374789354985,0.0
-7.684108269530883,-0.4849004512031437,0.001806029675001315,0.0
-8.3739839373301,0.42884306394695937,0.005121762217276249,0.0
-0.02301854706322537,-0.13117231785517425,0.005758147823444637,0.0
-3.6869805253183623,-0.48914944458689014,0.03400277575516754,0.0
6.738777936069887,-0.3312284511780392,0.0016874794472826313,0.0
8.14414514899801,-0.41533840253980564,0.0044054025992522105,0.0
6.458766000141155,0.7330301716097438,0.0006661386018161756,0.0
-3.0475058091924643,-0.399920200668027,0.03571711814521231,0.0
-0.5713472010406626,-0.01358415328456708,0.001362124768853349,0.0
0.24834556713254052,-0.7554057161474192,0.03489889615905462,0.0
0.9470515042786349,-0.4189219447675101,0.0015249049586317249,0.0
7.234273366752417,-0.3067300606673508,0.0016772516194786754,0.0
-0.6572846557812149,-0.48892026619618534,0.016625897724603107,0.0
-2.2398736341400856,-0.4015643167858609,0.0019125783794675531,0.0
4.37125938300092,0.5009351116497147,0.000729116770960758,0.0
-6.131739414465526,-0.5937693383001825,0.006783051651445913,0.0
-6.869536068543443,-0.7122246653467353,0.0012349353351098198,0.0
5.396519358021926,0.5651657879224867,0.0014951809446464071,0.0
0.359161033238971,-0.057887007460304396,0.0013838716572570318,0.0
-2.341252904704346,-0.3063937449181745,0.0010335998794113609,0.0
5.037722428047925,-0.39434465887017073,0.0016763413615421396,0.0
5.80293590850258,0.7300799337718342,0.0015698510480848416,0.0
2.7770705806843257,-0.6690583753830653,0.02653552503975614,0.0
-1.3454467616874943,-0.57432166303639,0.023427113460689927,0.0
7.525102442169349,-0.6803467662131683,0.000574696342421229,0.0
0.6031088988133906,-0.04977650157001601,0.002318118957115678,0.0
5.699155666853432,-0.6588796885427274,0.002074935028766068,0.0
4.209092826997168,-0.5078332075945461,0.0011043889491979464,0.0
-3.048693704036852,0.4859727612678859,0.00045960374525658165,0.0
5.948270452749309,-0.32363360135127206,0.002631984819012397,0.0
4.369893294451339,-0.5135089089656026,0.02364002436945388,0.0
-1.9481117503148129,-0.7095083491060926,0.00038747654036168627,0.0
-5.067442520388769,-0.16225300429903156,0.002683892204614782,0.0
-0.6251906198930062,0.7084559352846489,0.0012652124935021176,0.0
-5.911542717173518,-0.5935218761647147,0.0021211752661308312,0.0
-4.470085442649993,0.5742169826884247,0.0007038327283382049,0.0
3.477149800771496,0.575644952720783,0.010124777276845893,0.0
-0.2936494931609879,-0.08303059903894083,0.0035894059541599632,0.0
7.875084920190247,0.5755297784061573,0.00040574359521676907,0.0
-0.4796533802463774,-0.34494575014560114,0.0019088182281361047,0.0
-1.0514131651032672,-0.5709268152532483,0.0022233671209672626,0.0
4.32910249787383,-0.224217740794876,0.0025610268206166433,0.0
-3.358762389777498,0.5386459591006363,0.0003870545347321577,0.0
-1.1075739575767232,-0.7279024690462146,0.021911078068589513,0.0
-0.858269052039045,-0.4762484088270284,0.019664856394605766,0.0
-3.096604114926498,0.4045716026127797,0.0005201795725558813,0.0
-7.149382682705812,0.49021618148059787,0.011807815956083864,0.0
-6.088045177671566,-0.46581359541839906,0.020214206275415026,0.0
1.0226900441308118,-0.19822543254408875,0.0004902609725855711,0.0
4.562322507874651,-0.5027051472192545,0.005083465520271942,0.0
-3.7141801844518545,-0.5384659159770293,0.0028209655091802834,0.0
-4.650069237597392,-0.5545749154000443,0.0005903422618024047,0.0
-7.396946635907677,0.6154963316921438,0.0006528859833177731,0.0
-1.5755806950025075,-0.022403963564138207,0.0007118828277348745,0.0
-5.917702938733875,-0.4017540554900792,0.004725828967186104,0.0
5.73733187756287,-0.7518427350401986,0.0022312793932322025,0.0
4.283129522178799,0.46951319067830743,0.006343240713954411,0.0
6.783417642309832,-0.4528473675659683,0.04645882500393879,0.0
-6.770361608697826,-0.3395564190543453,0.0029872055921044654,0.0
-4.094598566732633,-0.5028561601987944,0.005684698244344984,0.0
1.4820657877594314,-0.29764403228981673,0.02198791852701476,0.0
7.845942508493778,-0.5763585767901763,0.0008178801407828148,0.0
5.147726836305571,-0.08246638401358253,0.0004547501957150713,0.0
-4.784794534628025,-0.6706967440646154,0.019960618481481566,0.0
4.085246785037702,-0.4714432920727857,0.014824112288001866,0.0
-7.054891318916303,-0.22423283479169054,0.002895916406651276,0.0
6.154859645625102,-0.16150979418469746,0.0005334756435667043,0.0
0.1619352314378073,0.6332336375249166,0.0038182688563426696,0.0
-4.256565239881777,-0.10856759587240761,0.0027727568110497702,0.0
-4.54623064112911,0.6015687228077882,0.01648333781849647,0.0
-8.3009026063171,-0.5695684636314154,0.004945978154670418,0.0
8.347235232765001,0.48417595836109495,0.0018663202440935846,0.0
2.653257276178465,0.7032780733355908,0.0012807618959494917,0.0
7.447780155320071,-0.22670655992774935,0.013785225939345315,0.0
0.3580001147122722,0.7328163924039677,0.00352374283695601,0.0
3.4910777861823643,-0.7034804004741311,0.019270023391128672,0.0
-2.595980476358532,0.5653997014277667,0.00039351351257974645,0.0
1.0910354433246834,0.7108763371479088,0.004589120002096904,0.0
1.0605906398385816,-0.5067756526282601,0.011827554755806022,0.0
5.0429862533542344,-0.1101392641053075,0.0016079576143799676,0.0
-1.1842056841067627,-0.3855093659422246,0.0086621740507524,0.0
5.957587766570805,-0.31407267773547487,0.0065697297836207974,0.0
2.4840524111108984,0.5735867388598619,0.002862715517489006,0.0
5.746528354099345,-0.6660304925094214,0.0004722080910439848,0.0
0.7340092307642543,0.4441027077267312,0.0004008622085077491,0.0
7.446871431620696,0.7320676900882912,0.004168149836862856,0.0
0.4269294813101663,-0.3837832884680372,0.011313038800755548,0.0
3.800055810813763,-0.7036770508707431,0.0031738894540858636,0.0
-4.624286226124705,0.5275089114464455,0.0027298921043371798,0.0
4.975839444743944,0.6053421931670306,0.005081088722186828,0.0
-4.3800930295572105,-0.621307496723187,0.0015152426761294254,0.0
-5.437394043882333,-0.3126117064583668,0.0036669791356798874,0.0
1.4549448908240983,-0.46458580178836967,0.008735668751533202,0.0
-7.324008342415214,-0.7071158651189178,0.015269500628424231,0.0
-0.24478698093063755,0.6100448577635658,0.016123850538500923,0.0
6.117830449163675,0.3929832113300282,0.0013970128850553682,0.0
4.68540073654637,-0.48049539612516345,0.04549403884871975,0.0
7.910104996185936,-0.584189850238329,0.00046988802262520944,0.0
4.415456200615608,-0.740432654034845,0.003312040269668376,0.0
-6.781522722392768,-0.4107075335893746,0.0031866086779962126,0.0
-2.8170391402331934,-0.19190692419029443,0.004340371820977681,0.0
-7.3532433160479265,-0.12757541220986013,0.0003924538545285138,0.0
6.133176707275759,-0.38546641457105807,0.021143476229205597,0.0
-2.6679798761485145,-0.10180250434597016,0.0006250550880643848,0.0
-7.394663546209454,0.6504571864928359,0.015712441193856803,0.0
-3.8918540376117203,0.6771198611275537,0.0007123026156357742,0.0
6.082338915541097,-0.5446565492575431,0.009514897518557797,0.0
2.388625037480649,-0.22623903990515948,0.0024498468826427565,0.0
-3.0608501572297575,0.6483936674348136,0.016190197006750447,0.0
-7.1342154115571255,-0.7452030175941199,0.0006903533655872686,0.0
-0.11519013208706497,-0.39918788679278017,0.0246240463073434,0.0
-6.321434521515345,-0.29387478865275074,0.0009894124777091767,0.0
-5.265740169098539,0.6852954109330123,0.005094197043498732,0.0
-7.419664124019514,-0.2622701018100364,0.01644416887875228,0.0
3.12782034089172,0.7333349600948555,0.027837703088606072,0.0
8.672333626760864,0.5895259513809645,0.007492160536510147,0.0
-1.2274822558031104,-0.3930421720285207,0.0020447010029869916,0.0
5.8628078646368085,-0.5071543858681705,0.0004966531815546919,0.0
1.1947384257170945,-0.03240636827248311,0.0008139270150746471,0.0
-1.9801853529225326,0.5595504133255602,0.016059099904027204,0.0
2.052659718114212,-0.7059628657302361,0.00046307802021004557,0.0
3.0754063682795216,-0.4804000075204875,0.0004203200801308595,0.0
-5.3777220979914295,-0.6965574119394379,0.0030143607693496016,0.0
-2.6100743109398845,-0.28805437119560906,0.0010113475745937284,0.0
-2.2080661659386838,-0.4963764961345304,0.000879620288362086,0.0
2.2216937735814977,-0.5504737702871724,0.0003970330304969958,0.0
8.466441711538227,-0.07683837081376965,0.007326165807823426,0.0
7.245745901210196,-0.15633053246448136,0.009048527893729605,0.0
-5.4634406527702,-0.6144031729507938,0.01377512807091474,0.0
4.95815411049343,0.6435192210909233,0.018754970975512625,0.0
8.652148057805693,0.6907479746930378,0.015609834409329724,0.0
0.02550772871005691,-0.5586982611256426,0.012025078767862,0.0
-0.15924330014935784,0.5139783001897738,0.0011247910545889852,0.0
-4.004751296454509,0.6891672571244614,0.0027287441929071147,0.0
-0.5028974150536136,-0.7416765216765955,0.0020147127697971987,0.0
-7.41130867140323,0.4374401041845324,0.0010276927164472294,0.0
-7.483911027648744,-0.4998696377804402,0.003198295658524552,0.0
6.226476513450555,0.5393420137487512,0.007106974501000458,0.0
7.6007343104291,-0.5627716482947345,0.002851320624759517,0.0
4.540343793368081,-0.522420847097359,0.003159585162232371,0.0
0.589712176425083,-0.31612196657416197,0.0005168104183050094,0.0
1.280257705873451,-0.6736261843960099,0.02622959822164711,0.0
-8.227401781620156,-0.037093315419254536,0.0006472694140521078,0.0
-1.577726628062682,-0.054222396468016076,0.001480682270146998,0.0
7.334284511487269,-0.5822045673769604,0.0270517969850628,0.0
-6.5250998737079655,-0.09928540051393098,0.00888738632048031,0.0
4.387700725254145,-0.6529444355672994,0.0018775292116874924,0.0
7.9151981045466115,0.4163523688868498,0.0005974859530530714,0.0
-2.2190097288662605,-0.24115252706457146,0.013945482224751681,0.0
0.22113945265793866,0.6965165026144933,0.025219711148992643,0.0
6.4055038338547465,0.4207939784390202,0.002253262009738448,0.0
5.658759261670509,-0.38058791998182434,0.0152539477355875,0.0
-4.463185736885213,-0.6965739778894816,0.03066897123674207,0.0
-4.4340246206932825,-0.46912631988650805,0.008975562938052727,0.0
-3.184621572421027,-0.7306881392302177,0.020885457605325876,0.0
6.898189604873199,-0.2023253922587569,0.004886583088119275,0.0
-7.952985298141815,-0.48286073863214335,0.010124774881234548,0.0
5.975241127730547,-0.26553310400329233,0.0006268596233271738,0.0
2.0423180906251517,0.4698569230556495,0.0015757187981185739,0.0
2.3205529640791838,0.5980482884291611,0.0004366665499703515,0.0
-5.8948001924660005,-0.7519181863898865,0.04640098836868986,0.0
-6.527048795058052,0.652081336562587,0.0003865729605879152,0.0
2.1268354158591993,-0.1543124824780704,0.001138977790137152,0.0
4.2341684529896195,-0.6844522774023516,0.017484364171846505,0.0
-1.9517248522848183,-0.2267098637359648,0.018128642745181764,0.0
-8.287419562399212,-0.2602153321798544,0.0005853529244727869,0.0
-7.937744710447474,-0.711856425468699,0.0011910361279228179,0.0
-3.348420488983324,0.6350614046579768,0.0006616571787018091,0.0
-5.787754193414812,-0.4418070293454176,0.004479116419105482,0.0
2.227349104590985,0.7443678665301396,0.00043085782405853125,0.0
5.0764013517252184,0.5116241116540439,0.000567971492157987,0.0
-5.811824300625775,0.6044829589069654,0.011840505914868736,0.0
0.9937545927214906,-0.2678929467739715,0.000614852012459798,0.0
2.5089111745288584,0.5999236331669293,0.0006211066737057694,0.0
4.243362339193476,-0.03870483039223194,0.004597301097103168,0.0
7.333504543035787,0.5774873517502155,0.017692935760755098,0.0
-6.140090137630591,-0.6722380704615392,0.0012188300981316718,0.0
-1.2992823153653212,-0.5181069833711568,0.003712199146492051,0.0
-7.7532163018089975,0.7342871175867673,0.013095059368672482,0.0
2.1511188590060772,-0.6373262424575423,0.04676544216144869,0.0
8.607169342049744,-0.49707128505538023,0.014682028032761646,0.0
-5.906390868505511,-0.47500585025695635,0.009269653413696524,0.0
6.017419672407723,-0.37538491685399156,0.02334233962416786,0.0
4.18173120697781,-0.09944282050429387,0.002577212831577736,0.0
3.4840314598976363,-0.6593125126818867,0.00041295004754824305,0.0
-5.358807173436867,0.47956652304243597,0.001986062259452543,0.0
-5.829488963372426,0.6021615551861763,0.0003829494255468232,0.0
6.147948528435467,-0.5014595603884232,0.017098158983571848,0.0
3.4670342101640905,-0.512174640005801,0.001088114182448143,0.0
-6.8430268820890845,0.6530498903375908,0.0027862779261210863,0.0
-1.3875142629570298,-0.1156935256621171,0.00041772358125944617,0.0
-6.527235032224496,-0.15975200288494185,0.00040483175728434306,0.0
1.7142658563293,-0.6816398433416644,0.003604594206671005,0.0
7.3088870247198265,0.46825697458339177,0.0009449007442682816,0.0
-8.13924541493797,-0.4740045149535912,0.00042343747007856806,0.0
6.429715700150169,-0.7030424213477798,0.0030245259012288126,0.0
-4.808864610872146,-0.05155427915198363,0.0019244775135660508,0.0
-8.258055377449194,0.5527287933629004,0.01039115895238033,0.0
3.0872463117971947,-0.5102320357346437,0.0018091096583725355,0.0
0.18141246574930214,-0.25688346811048246,0.004745825424571453,0.0
-3.7551540343577834,-0.5602598525089075,0.0186717071065188,0.0
4.260224613216495,0.46816126167590655,0.00040006520109144613,0.0
-5.077330859105235,-0.19728868650510556,0.017584442183502108,0.0
-2.667400983528567,0.6764781628186667,0.0005469916353399349,0.0
-3.540660014670123,0.5823318478825392,0.01833072743802531,0.0
-2.7413925586449936,-0.23809373415260615,0.015821622147142316,0.0
2.02080710547936,-0.17496559945306067,0.008894548648834818,0.0
2.071186111519289,0.7536805074119504,0.0009077423178625191,0.0
-6.619445502358537,-0.6940170187675496,0.0006537666443591471,0.0
0.4807619607299607,-0.3397087031993611,0.0012065493374504171,0.0
7.487749878522472,-0.24213815970011987,0.002143098173763194,0.0
1.984069841080764,-0.25117651597010293,0.015038912601868498,0.0
-1.4748624994377426,-0.09814755298170075,0.007457587874814862,0.0
6.26356727392926,-0.4139912189587711,0.005087047189618047,0.0
6.093706111544057,-0.5538944375616357,0.0004304664192014196,0.0
0.8776387937781625,-0.23398399006958903,0.0036991293954783634,0.0
2.520304351938643,-0.3155803086407536,0.004112564167110285,0.0
-7.939203890596675,-0.39408766890699154,0.020828595519207564,0.0
0.8159314181533937,-0.1596427313016019,0.0025665423075802774,0.0
-8.32469306456442,-0.5311850226656607,0.005169645982889686,0.0
4.919463111345596,0.6041576276673719,0.004957109822206105,0.0
5.283082161096823,0.6649655991157633,0.01243179563474733,0.0
-4.081508931560761,-0.4097571792055819,0.02555783426195091,0.0
4.059113119032098,0.6285476393408074,0.0007115402587599869,0.0
-0.5034785112159579,-0.6618942451944116,0.0010078640580056663,0.0
7.4590223041160435,-0.27963631468379174,0.002701433936358922,0.0
-1.54818719245893,-0.47741078242928037,0.0012025244196377002,0.0
0.3300467054648948,-0.7218396844597966,0.05734758451622334,0.0
-5.257581589773897,-0.5048701944761711,0.0004949826729714632,0.0
-7.210810886234704,-0.15931245157493756,0.013949940757803115,0.0
2.595503755332098,-0.5161015256088755,0.006070547260825622,0.0
-5.179145578830999,-0.06908010876987491,0.0004788450415857263,0.0
4.692979040497949,0.507515338060808,0.0022549211664127577,0.0
6.844264545705359,0.7323218501195745,0.03281524481832479,0.0
-2.049136873737087,-0.5119269805034737,0.0015337595282105762,0.0
-0.46438993789753624,0.7252771508734828,0.018721807494884557,0.0
5.695030792806659,-0.5437672772270945,0.02729192427536006,0.0
-6.288560506767222,-0.47236182147787564,0.0024314594542214334,0.0
-1.686762909546661,0.4708350587426322,0.0010774498466132514,0.0
-7.720077521265411,-0.13924627190151428,0.0007222783454523688,0.0
-0.3275346658834213,0.44145317471913637,0.00103108727517139,0.0
4.840083232784435,-0.5678398499120081,0.003124010504110468,0.0
-4.8401376552574975,0.6668324090727364,0.0018372270306796425,0.0
2.6647636108087696,0.6987295074709683,0.0010026625595821097,0.0
2.211184957040155,-0.532719518787126,0.00480205754271488,0.0
3.2421929033583865,0.6084606694936161,0.0012649488550393662,0.0
3.370318945287849,-0.3011244239906949,0.0019053327200400823,0.0
0.31065716704993207,0.7252273599427366,0.0006433234315410392,0.0
1.8013660403645968,-0.7520505153409959,0.009782075066011711,0.0
6.2039030703727,0.7183289772637473,0.006890677627349739,0.0
-7.714940628665313,0.6895875919108594,0.0017165836093575603,0.0
1.069019153131169,0.6766741783571333,0.025194532423624332,0.0
2.2636890071142908,-0.06494119965029155,0.0011580708514015352,0.0
-5.4660956659440405,-0.6004521968016081,0.005846979029207326,0.0
5.5924967254486635,-0.4692355997637553,0.03662898032887306,0.0
7.665188436304891,-0.3868922698469966,0.0009598426615214296,0.0
8.483497470469644,0.7051220251864967,0.014674917494894848,0.0
-2.5467887140998897,0.466500922957221,0.008327211849464618,0.0
7.9353640593458366,-0.18142585833543012,0.0017412837699533746,0.0
0.7399542079831196,-0.48610198997816667,0.04516121791744727,0.0
-2.993089590937095,0.7021603412928448,0.0022530305605492963,0.0
6.561915448136434,0.5650828144261892,0.003133602246912753,0.0
-3.7539992093162793,-0.6983195631446564,0.07985683364989217,0.0
-3.066869828558292,-0.26485534690663687,0.008275101573782372,0.0
-0.37934507900114767,0.4880969666471471,0.0013708495613748103,0.0
6.778127781521164,-0.4653520369259711,0.0354864340021526,0.0
0.4515405101378338,-0.31403152490702474,0.001258140101522103,0.0
-6.915504438967945,-0.2963799877204737,0.020765055971686774,0.0
1.5341669146392096,-0.5358965360656536,0.028565581716899723,0.0
-5.951559058430533,0.7006745922606343,0.0005348152887091406,0.0
6.6616416353468715,-0.4219303571538511,0.0007303558018417242,0.0
0.9630559077406406,-0.09729728993866193,0.0040508693037293484,0.0
-4.040749207966022,-0.5342902993159167,0.024124170643060234,0.0
4.706776287016279,-0.2783041891306163,0.0003842028760486382,0.0
7.69599216746964,-0.7148386960956051,0.006720434674400203,0.0
-8.233246726544813,-0.014337922309762163,0.0009213205074494538,0.0
5.473571910198112,-0.07838122181153762,0.004493634171383952,0.0
-5.3554818684768275,0.5749920473951051,0.017965627394289987,0.0
6.261353893860576,0.4738873414110203,0.0009993500182004767,0.0
-5.71700307861067,-0.6482128706950389,0.07248003616740374,0.0
-6.717202123992135,-0.6855677504643002,0.000597907613076763,0.0
8.032920929514532,0.730373794824901,0.0003936265089638515,0.0
-5.2924548232434,-0.7583355367970661,0.0027784197431114776,0.0
-5.181170147853573,-0.32052007336167054,0.028593401446170733,0.0
3.03793753773663,-0.5440370239160516,0.05929961004504625,0.0
1.3045678159054983,-0.2033252113526154,0.002655450296458361,0.0
-2.623639118876784,0.6739663390652499,0.0008331645922947034,0.0
0.6177525952157055,-0.5880024145417279,0.0008653530110837195,0.0
-2.585484763640614,-0.5137803994609389,0.0006927722280668064,0.0
3.354444340761134,0.4490656999882008,0.0010100396364463144,0.0
4.434942317515427,0.7471882725358134,0.013244756188171046,0.0
4.707306789302141,0.41661324630470453,0.0005186172112894838,0.0
-5.922038276651093,-0.5401055411055564,0.0018311283787997596,0.0
6.141378482963384,-0.44830217689674146,0.0035065190985849766,0.0
-0.018211102291862957,-0.21651218238030945,0.0003953573735615882,0.0
5.886979996303889,-0.2474657198234237,0.006840661383151556,0.0
3.0932371272079457,-0.43570692220540785,0.011284789567572954,0.0
-1.365371343313642,-0.44522674218055636,0.002084737594217339,0.0
-5.038596563218353,-0.38379348237768407,0.000583972979679845,0.0
0.6457663867786909,-0.07983515287222998,0.005700595451037418,0.0
8.453468631282938,0.6327812087857481,0.009832604916340281,0.0
-8.62586841408278,-0.3783980064034333,0.0016555314526400017,0.0
-8.47919648638845,0.7233919225969949,0.00041944061696520883,0.0
-6.437852135535952,-0.39698098258851555,0.0005120165218870349,0.0
-2.8054429398429948,-0.03888135214345234,0.0007051152179523813,0.0
0.8210495796105821,0.46174482101459113,0.0014699532230426434,0.0
-2.769918114908851,-0.5407470200080997,0.0006989978261110421,0.0
0.18135306218114167,-0.29404244489134346,0.0006937482916997151,0.0
7.1883987721605145,-0.2637900688952241,0.012452271408630035,0.0
-7.358436075667401,-0.7208208725929722,0.04933793850002516,0.0
2.9395576331984152,0.6484952700114288,0.02527583559225282,0.0
-3.8706001002212114,-0.48346957800750356,0.007868079371288954,0.0
5.128229185137281,-0.7510317676264388,0.020860912619689122,0.0
-6.655291983793475,-0.47199797770940866,0.020141160475742225,0.0
-6.803759445365399,-0.6462133489464005,0.025623734310528962,0.0
4.739313669756383,0.6938871360920404,0.029436641811931778,0.0
-2.8291761103938864,-0.2602242612839226,0.0013471026023430478,0.0
4.984432062275397,0.5687926025464614,0.0072835996983031115,0.0
2.3985335061413178,-0.3998214068841745,0.03221008589782787,0.0
6.346933611140727,-0.6316491360443162,0.01974328275038981,0.0
-3.4602588693089578,-0.25941850416766754,0.012877935320373934,0.0
0.7116390800546295,-0.6566402988803407,0.006821867179773381,0.0
-8.324123348738349,0.45287025805381664,0.0009929195240637849,0.0
7.71681215330095,0.6358612986840817,0.014017223751647944,0.0
3.9070788740703115,-0.7304728191394246,0.0027962961426818886,0.0
1.8213177112851362,-0.14029259329128763,0.009239743749655407,0.0
-0.9324900351997449,-0.42380373225950996,0.006145802176385788,0.0
-0.6473027328175665,-0.1321914443847545,0.0030027614412962427,0.0
-1.0206927081279042,-0.25081076946762926,0.000530652772860289,0.0
2.5087744160306134,-0.27400660421992956,0.0007063214359906423,0.0
3.054375418333983,-0.09787414643249026,0.001114099520145188,0.0
0.9601601555105717,-0.22869939016488872,0.007698931174914693,0.0
-3.7665202180022614,-0.43603094803383335,0.029539866795082564,0.0
-1.1032598702574417,0.644424970365157,0.027285890562072434,0.0
4.978949421262104,0.409716318833224,0.002705997076981911,0.0
4.04601456347226,-0.601530788567433,0.03268661039385535,0.0
3.6577368318206,-0.18907219394298225,0.018693415198732608,0.0
7.98505727582436,-0.667108988351166,0.01404704930295476,0.0
8.3844962231789,-0.5971948358151722,0.018527828518157364,0.0
-7.479754016787323,-0.7347808631321923,0.01729048593032241,0.0
1.6577741368581353,-0.37665735177417514,0.0053209902700428755,0.0
2.749395128136463,-0.4353928603694559,0.05072442159344265,0.0
-0.3135371786297263,-0.450455729702605,0.00048076805809614016,0.0
-1.900330737337831,-0.19039249548708648,0.013614376883740745,0.0
-4.52289374190745,-0.37157619934404046,0.006049571332902809,0.0
4.131572379063444,-0.4012605385792062,0.040766441561215803,0.0
4.788399048803237,-0.5695605821948966,0.0007575520255661655,0.0
-4.623708091266797,-0.46647222873191885,0.024230878904926204,0.0
2.432333674481109,0.5488258469709382,0.0012636519393991383,0.0
-7.205837393537706,-0.5398889341693438,0.0015044644563157149,0.0
-0.6040792221715865,-0.406518304225505,0.0005589202534934504,0.0
-4.271940746856376,-0.18087587198789834,0.0022978399155553493,0.0
6.702907049290539,0.5282283111365871,0.011108564599120303,0.0
-4.564332601037766,0.7105518679623946,0.02818692230059878,0.0
8.668470218106808,-0.4388277462634486,0.008679930015410836,0.0
-6.742542003336318,-0.6818911681819779,0.03589187317199674,0.0
0.14408648669797408,0.692131402982789,0.0018668485406237955,0.0
7.468582111216037,-0.23446911451332308,0.0049910883076503265,0.0
-2.316687572922495,0.6563502789435955,0.0018987032904971592,0.0
4.491970891096145,0.5558015774477414,0.0030237099266873053,0.0
-1.7703028440745854,0.6876521765175576,0.0005518199146925975,0.0
-6.78861598341758,-0.695011507098156,0.017466930445299494,0.0
6.942244063931296,0.5564746392975348,0.013163121308594868,0.0
-4.713956153707243,-0.02263402435218842,0.0009538383439511687,0.0
-7.222711094146241,-0.7409184015580043,0.00045945768110052627,0.0
-2.0431221503817145,-0.6862428857917304,0.057746186829404356,0.0
2.3956932256783237,-0.49152702060352205,0.006063751055846777,0.0
3.3248864054613545,0.6622726883294106,0.015667686479699412,0.0
-8.147357276336507,0.7539540041499719,0.012043293528285441,0.0
-2.4182969637360063,-0.3648279527536405,0.00038784848734389,0.0
5.9893839391093255,0.7455288561962325,0.0004919002615736734,0.0
5.110498874371043,-0.6099163553611173,0.0003936288417297529,0.0
-4.7948855361487634,-0.5148670119532875,0.007831866832080392,0.0
-3.2729039241282045,-0.49801862569522676,0.044896422892994926,0.0
-4.485334471524565,-0.7081148575874534,0.0010564870203365704,0.0
-4.1863209395970635,0.7285612241741783,0.0007883651189066529,0.0
4.587733226437928,-0.18161791625997714,0.009183009277804317,0.0
-0.3702274533606893,-0.12276773608043512,0.004055125302158687,0.0
2.36047013267164,-0.7121227492876435,0.0008897332053801535,0.0
-0.4257209661912391,-0.2158677074636165,0.004054634601854943,0.0
7.7832323907819685,-0.15833626618192265,0.0007162073676991485,0.0
-7.437375347353392,0.6689932161488743,0.002621053028826453,0.0
2.178922568211471,-0.20685364048604715,0.012989754046057535,0.0
1.5666652865621629,-0.49776171335315783,0.0020461016664796673,0.0
3.209166657776681,0.39044780059390227,0.0006568648451332916,0.0
5.029302446112661,0.7125399435835789,0.0011192456819635829,0.0
-1.8112729810649784,-0.47347661021452414,0.002038577457172229,0.0
-6.1462023381881785,-0.4053185106716431,0.0022577929938157547,0.0
2.7349445350874415,-0.4498287429357974,0.0007796718010127918,0.0
-8.669417409123216,-0.521701813559127,0.000721880400067506,0.0
5.343633728673849,-0.055444949970870794,0.004291471574399512,0.0
-7.649317012827539,0.5929164003035559,0.0005925831476991396,0.0
-2.671914188653547,-0.6348682819097923,0.0006817264112553045,0.0
5.2118706447636285,0.4438007613461896,0.000634439600787559,0.0
-4.5162280767411405,-0.34226165094173905,0.002274266233672398,0.0
4.601538885056511,0.5650191132560043,0.0012173455947959765,0.0
-3.061465295874724,-0.7196077881209971,0.08334736867289425,0.0
3.8957949495066604,0.4854217318974752,0.007694739865919672,0.0
4.517919354241368,-0.5955312991132862,0.013928417430685973,0.0
-0.44881778493142654,-0.6258817933704854,0.05085293914853848,0.0
6.293351602320572,0.511968087498804,0.009046127505173555,0.0
-6.943576850881688,-0.09277919617740527,0.00163599090661393,0.0
5.692748359752855,-0.49083850664435447,0.0008439739811629165,0.0
-8.028121890667371,-0.21562712220044278,0.00044972351360164224,0.0
-0.08976956335190955,-0.1205751158620566,0.006143908490318925,0.0
4.729098745642824,0.543191219553748,0.008340989879467655,0.0
-8.586416401438184,-0.5990418105646396,0.02111578321343068,0.0
-6.211787374721441,0.499652194591488,0.000583075435909644,0.0
0.18476408286777257,-0.4268587966779453,0.0030904830566659503,0.0
0.12485263555700499,-0.4620647946776179,0.001225760250402173,0.0
1.6711860718920395,-0.5765117639699447,0.0014256547582941384,0.0
-1.0772413365743798,-0.3636729901163991,0.018833584749424443,0.0
-6.23813819967935,0.5530419223940839,0.0011932941142843395,0.0
5.371649116568099,-0.34781752480965794,0.0006399225702624613,0.0
5.550671393797169,-0.5003946277461144,0.0055706793584722625,0.0
-7.96013962228367,-0.691632533650371,0.026135158276551093,0.0
-5.619955526573211,0.5464607171761839,0.008096875229812379,0.0
4.416800021904232,0.6663235165677475,0.0013768913988647024,0.0
-2.7928967970915073,-0.5913849981934153,0.002237649137248233,0.0
-3.6436265820138267,-0.028642617017977212,0.0008475899331105522,0.0
-2.706455123059585,-0.08603922110183404,0.001239858076500853,0.0
-0.031144954647915668,-0.033855039764611794,0.000576790814386776,0.0
-4.993036485458592,0.5407219493892967,0.005587937340399922,0.0
2.1233418275636424,-0.43102056324686855,0.0007556858526286908,0.0
-0.5448711989155441,-0.12585842846855877,0.0008651201284677713,0.0
4.6507595021537895,-0.2709544940306963,0.019102284485330853,0.0
-0.04031599840800126,0.5030448761175972,0.0008789744190453547,0.0
1.9144797366976025,-0.7218035690055183,0.006966779874261924,0.0
-7.820561615308151,-0.24821621295523288,0.0026319756601343594,0.0
1.8623075958231965,-0.5828000771559285,0.0014454803462867782,0.0
-2.060059600175901,-0.028301065410975768,0.0005552382197220719,0.0
-8.162433801842791,-0.5520826460762082,0.0015946384141428975,0.0
-6.851943388122356,-0.15077734833916934,0.0032032538470026474,0.0
3.4406955201914773,-0.534699525045126,0.009896750998342198,0.0
-5.933360345879144,-0.29625605966823787,0.0018803297081303623,0.0
-7.781097862152584,-0.30986012930351026,0.0008945956120832804,0.0
-6.774989150491726,-0.21871558708110617,0.0024727170100931296,0.0
7.836269520419602,0.5368519220491039,0.009749862314235585,0.0
5.740773249825615,0.6114611896287252,0.0005316636202357236,0.0
-8.45666529767684,0.6240354274754889,0.0006243609432524428,0.0
7.563136152278869,0.4931243475534608,0.0004608514602646733,0.0
0.3041067230787,0.5304208862298767,0.007659466556455249,0.0
7.53394152096104,0.5403807974000847,0.0055907313503801145,0.0
-5.5773298905493345,-0.6184932106278055,0.014536164627148268,0.0
0.2732422574476896,0.6680358629070733,0.020357218295380126,0.0
-4.852379965409843,-0.4170361847139395,0.004270338311577839,0.0
1.9877834171756934,-0.232464992698328,0.025235868419691224,0.0
-2.3963691898169746,0.6709120187646942,0.0016600241698579935,0.0
-4.3580780395095475,-0.4879738655317712,0.0037434496626966188,0.0
1.711128183960735,-0.43583065853725894,0.0014816430899169228,0.0
1.1682061685214453,0.5872608978036238,0.00075403653735881,0.0
1.9529496431348488,-0.12400965276598186,0.00039140866615487013,0.0
-4.803512529861967,-0.29846780784549465,0.030338865360635937,0.0
4.150912609136997,-0.035671740720490175,0.0005887676945627247,0.0
7.901419823823883,0.6093379251488411,0.003785832366652755,0.0
5.326965378587834,-0.5903374031810591,0.002840415733213856,0.0
8.483712632221458,0.5753123975117473,0.0004326192564286014,0.0
-3.747270444542499,-0.03698998002751919,0.0004974280846727019,0.0
-2.7877060965586615,0.5357068810126915,0.003748849230531499,0.0
-1.4332827198037332,-0.31531379804104764,0.002702653347018456,0.0
6.666817308798867,-0.3053249859357824,0.008125820236780011,0.0
-4.430358458408414,-0.5717111118240108,0.04594516743271712,0.0
-4.719834622305442,0.5290730130219095,0.012738924022439271,0.0
1.8720191493350598,0.5959853987656214,0.01621889675646878,0.0
4.422054293192259,-0.5364201404965641,0.02423422578624653,0.0
-7.589221661784106,-0.40765698919796867,0.0011166528258982353,0.0
-1.4491568594808877,-0.430141870833566,0.04456127716257696,0.0
-5.332001268159551,0.7222862349649086,0.02874223779967069,0.0
-1.035510178519523,0.4220514884461173,0.002629678268596119,0.0
-5.601625087603914,-0.30778221244402854,0.007410352987281264,0.0
7.6516719242512,-0.04690601847031228,0.0007446291420571724,0.0
7.4387893243339605,-0.3569877575500064,0.029908072530613016,0.0
1.5713286283755625,-0.20003505421583057,0.015041104052650432,0.0
-8.399813818986104,-0.45363537592993636,0.008045072746948132,0.0
-7.022149016639098,-0.7411835797360988,0.0034350024121149194,0.0
0.7793886610271112,-0.6834151365766566,0.005063959278856261,0.0
-6.2207061687385075,0.7057155144339151,0.005733302154013274,0.0
-1.3184130858377037,-0.11234953664098246,0.011365344745612294,0.0
5.797537617356525,0.7242864913722555,0.009048151826535797,0.0
6.014646653549587,0.49888650420737624,0.0010162430566897447,0.0
-5.002312657125172,0.5848285062962322,0.003013164031085606,0.0
4.1088613502440765,-0.7391551622206111,0.029807190995212677,0.0
-6.1583213323673025,-0.6001729740337833,0.01613702228885058,0.0
4.693623326685508,-0.7462827935412689,0.023328448707183168,0.0
4.602541592912571,0.6844716217952458,0.0006020883557731664,0.0
-3.6324013426213027,-0.38757513074496186,0.016944937738045705,0.0
7.076614032232268,-0.5861671723861451,0.029622683239983655,0.0
-8.646551280546158,0.6850944406773634,0.024456984911130082,0.0
0.9245695283978588,0.49138358491859613,0.0009814108415438065,0.0
1.867716796374566,-0.1285521007499455,0.0007496780191492286,0.0
-0.8006673127022168,-0.4455207499228558,0.03336796083471799,0.0
-1.6901497519165707,0.46617095667411657,0.0012707348575282124,0.0
-0.2159363593267436,-0.7194222411087516,0.0007575955065388752,0.0
-5.88177264555698,-0.48269970725304817,0.002993183210035139,0.0
-0.14556499365583342,-0.21634238962953667,0.0024619111066813055,0.0
-1.727081766125397,-0.7208796113352028,0.002056252878707694,0.0
-3.104908873566533,-0.7049744141426489,0.0005133508140341636,0.0
-2.662229455824092,-0.40144278970659136,0.025063743063346265,0.0
0.44266619196257473,-0.604023525180284,0.053004164054226366,0.0
-2.262670980288158,-0.18223612575499237,0.0020778599862121033,0.0
-7.417017461509364,-0.4985154976888131,0.024521524683339072,0.0
-2.1004643688959987,0.6896138239119005,0.008614604343007254,0.0
2.0123590190543954,-0.6116094743609843,0.0003834468246880778,0.0
2.7665603479085963,-0.40803339044988246,0.0028163756108478266,0.0
3.514344980542944,0.6845370233268966,0.026975640398264673,0.0
1.8076016288648802,-0.2642633204454613,0.0018718581621816972,0.0
-3.5823749115256716,-0.4091800662942122,0.01008871503271797,0.0
-6.300046752275145,-0.4657905674319789,0.0010335246500783022,0.0
5.513035482219342,0.5293851368455609,0.004720400660131573,0.0
6.493232380746276,-0.6250282494302956,0.0011195761263883281,0.0
-0.39997653941128775,0.4523853341617017,0.0024750970821804602,0.0
2.766776970650742,-0.3585841191075887,0.0016477608198962072,0.0
6.61765175285001,-0.2022025533163837,0.0008915348642185265,0.0
-0.8687203771010346,-0.41915340680259966,0.033676230728430366,0.0
-2.2647146467180876,0.63954064048737,0.023018575384941956,0.0
-5.189373118987008,0.5916542390714021,0.0010299301716298515,0.0
0.09645136452927261,0.6245773735532476,0.006026259318640175,0.0
8.124487980168833,-0.38822519929945115,0.019682331481778496,0.0
5.420804813376511,0.5692636399109383,0.0012696865608836506,0.0
6.929686768650878,-0.3716523956297596,0.012824011973940494,0.0
-2.3423903027798705,0.7428247955950682,0.001184935899024247,0.0
-4.792078291792025,-0.5676578342879917,0.00048301277119487717,0.0
-1.6666265362428732,-0.5683801656409309,0.002077808061189719,0.0
3.5145631153756725,0.7174237658982596,0.0019659128157471944,0.0
5.066262998383111,-0.1555319096667237,0.0041061320736132355,0.0
4.935632609549565,-0.375324954003527,0.0021099979780958484,0.0
-4.949040768593924,-0.5323419270994644,0.0013188772941970352,0.0
-5.393965851316711,-0.4136464543339228,0.003036128661410554,0.0
-6.443493237846271,-0.41491924945019476,0.011107879003051732,0.0
8.198302158992778,-0.6689264126827643,0.0009439955719171965,0.0
3.3050954688983616,-0.6192651239469872,0.005473932889409337,0.0
-5.3529783335649705,-0.45290514720973696,0.003675806759244902,0.0
-1.0526264768686175,-0.5709816562792529,0.0021959827024683825,0.0
1.6097407276701627,-0.43791849775271463,0.0012211357128695405,0.0
4.982127552800254,-0.282237451983931,0.018300423714486123,0.0
4.5373721807157565,0.589093409801507,0.0005000846802961736,0.0
-5.203042048656499,-0.18184981330382466,0.0008321264871416147,0.0
5.328288028170373,-0.35859554042964414,0.0005037316171494393,0.0
-5.846577733504139,0.625297234952227,0.0014589557350604212,0.0
2.7334027764705127,-0.04843822059925118,0.001008020724675419,0.0
-3.768069949533319,-0.3182275938885103,0.0024912447837407386,0.0
5.421839838134705,-0.3552312036092392,0.01885494521545181,0.0
-7.914858763487691,0.4504535693743612,0.006080305446921502,0.0
4.301825725706195,-0.5219647271393071,0.004986832030412662,0.0
-0.11975945836492485,-0.4482408958371895,0.03141546141986927,0.0
1.8621020570956066,-0.3697155515101389,0.0005154024795119171,0.0
1.6563061555851757,0.6082305281239246,0.006946934991950722,0.0
5.35401268579241,-0.1374931021488267,0.00930335124465447,0.0
4.531205548919312,-0.1431822837004384,0.016867212034075145,0.0
-8.17636783554751,0.6892007856389815,0.0014323944560446127,0.0
7.944046494988594,-0.6432456499270641,0.0004781192902089516,0.0
2.7328312169568925,-0.7175781363400179,0.0005550233613936202,0.0
-6.879722705242956,-0.3527570170333946,0.005314757006331238,0.0
0.854315570921031,-0.2490684407352597,0.009695554413182228,0.0
-6.934539874418643,0.7477123011027969,0.0015528466833306669,0.0
-1.6360233448682955,-0.005246275345445528,0.0004089260722269525,0.0
-1.877859564293125,0.5075833786214057,0.003865342426546292,0.0
-8.54030659306298,-0.5933903246304364,0.037919501045517216,0.0
2.3423363197813813,0.4718666669854854,0.007278558674238226,0.0
6.629083991756936,-0.6482246730651657,0.06447110244284496,0.0
4.298023373875145,-0.2759092500882472,0.0008935978902788401,0.0
-0.6852813585274049,-0.1489222473958588,0.0062085845699761805,0.0
-8.58904927140781,-0.4474122271815166,0.0011169924297750808,0.0
7.230479021675739,0.7112694893898337,0.007202077745910694,0.0
-6.946080905198665,-0.3263199921682147,0.007494816250215146,0.0
-0.9404088308816485,-0.3056028957903989,0.002323133307838137,0.0
-2.488840965124896,0.5908317470300402,0.0005106120008260712,0.0
-1.8219656122804615,0.45250650075944443,0.0005210729561207784,0.0
1.6785806195450466,0.704618080988404,0.0037480482170851987,0.0
4.903100259934693,-0.09750423003321562,0.0012433789983895675,0.0
2.32541433665196,-0.6917367187559139,0.05225594534047985,0.0
-0.7224665822013456,-0.23802469673546434,0.0035704415464364696,0.0
-4.369535234707,-0.015930900513736135,0.001249377127766133,0.0
8.587785921057154,-0.38513697018371207,0.014853538993002312,0.0
4.655875547276912,-0.2303581508695185,0.0043459071434366935,0.0
1.923152911839395,-0.39464816847621487,0.009380491420976455,0.0
0.2837681989037275,-0.4328831892873114,0.0004660450983027786,0.0
8.398553370418941,-0.30265714875498595,0.005744824534407876,0.0
-7.387721002764536,0.4089500686053267,0.0011173742632668976,0.0
3.9033819629637847,-0.5136638814221348,0.002535335130241013,0.0
-3.4116120641627345,0.4883421226987772,0.0014040766762980226,0.0
8.138065905129366,0.6635947276123741,0.002590201735628796,0.0
5.477460595651097,-0.5409543388387728,0.0027178098935403687,0.0
-1.0557833567752706,-0.18254382627399934,0.0034579370982592552,0.0
4.363464771414517,-0.30645058383843954,0.03242299504586888,0.0
5.48171970552505,-0.47839750104241896,0.0004960140939801863,0.0
-2.419508775704476,-0.3239946714901024,0.008103379863748298,0.0
-4.1501965996496715,0.5361579061221777,0.005840296388313262,0.0
4.521089919584629,0.5272541697230189,0.00045057478414016906,0.0
-2.7123003403956325,-0.6845204739713805,0.0036878260851101884,0.0
-7.250590211191768,-0.09417069167423675,0.008440574638353043,0.0
-4.219286603307349,-0.026852139678429587,0.0015185649193228585,0.0
0.6671654055327636,-0.539848907418092,0.004131249880490661,0.0
0.5622017562048462,-0.2764831514304407,0.002523589961218364,0.0
6.484992581423679,-0.26683512787357233,0.0023761971375989193,0.0
-0.4033349123617995,-0.6748901186983164,0.0006927160661483162,0.0
-8.143734005686076,0.43633701898299826,0.0056908900738347375,0.0
2.0295725621272425,-0.6199919305217498,0.015761097231239585,0.0
-2.602323975852957,-0.394606633717228,0.0016613483838147324,0.0
5.0348865193391426,-0.1895964880480273,0.0008780486217418873,0.0
0.8477068379108097,0.5803503867380171,0.006356247896569553,0.0
5.026903087153682,-0.281893553144509,0.023408711827665556,0.0
3.7471902409412117,0.6692864787913915,0.0004903042763479814,0.0
-2.2177000458664198,-0.22743930110337873,0.0006373000217478775,0.0
-2.07476273345958,-0.5706642661670502,0.06280541816904614,0.0
-2.4373839688583976,0.6321304309528399,0.0007017743890673948,0.0
1.0341141749546097,-0.45893969962626996,0.004517454972787739,0.0
2.3825235901004866,0.587785477531966,0.0022200950229146186,0.0
-7.766871864916652,-0.48511503593628064,0.0005467594983736289,0.0
-7.261411162247464,0.5488537161405731,0.0016407562447223567,0.0
-7.9363648388187364,0.7374388113042369,0.025804832028101955,0.0
-6.816302633142808,-0.19858056054698736,0.014909464057482493,0.0
-0.4565947883611017,-0.2605652975764773,0.002261345494196688,0.0
7.501989487814974,-0.7336622420712717,0.0008489473330887133,0.0
-3.995102206690344,-0.5821731606640486,0.0014130177511431318,0.0
-8.633458413122517,-0.3885133874243647,0.0017671908210016626,0.0
3.8594127442104806,0.726801579052335,0.010672018063875332,0.0
7.329086590018939,-0.42139906821093903,0.00040920428586691833,0.0
0.7174648273824715,-0.132890289963578,0.00294389025380235,0.0
-5.591857800789988,-0.5087742623045008,0.0026903050667882993,0.0
0.9473943138806131,-0.7075495734801924,0.0006634501621837718,0.0
0.40891378192428895,0.4340937217846901,0.0015918128288615315,0.0
6.274165287599606,0.48091319630023777,0.0006372165690469386,0.0
1.579201024906597,-0.3075453395014457,0.0042379547372974734,0.0
-5.596372861650643,-0.4279556737326051,0.011083347200926224,0.0
1.0892171502480466,-0.12172684718815108,0.0014431271318209092,0.0
7.563306719484398,0.6990566552892976,0.0007107098672981952,0.0
0.7146993459621473,-0.1357652909116709,0.007744334818254692,0.0
4.5616902818092715,-0.6522959263773366,0.0013425649788086531,0.0
3.291899871560391,-0.43706429909621863,0.026371591083851703,0.0
-6.555845885970514,-0.33233333106596796,0.0006404108879977588,0.0
-5.983555061801929,-0.349137504084122,0.0004148848845401816,0.0
-0.9459247565008022,0.4908102381554087,0.005572198018387351,0.0
-7.000122954283352,0.6563000145082936,0.0027945677535809914,0.0
0.44714782490456706,-0.4425472269566251,0.003445681173805439,0.0
3.376976669675331,-0.5482057572236694,0.05325889016645965,0.0
-1.5659601838186887,-0.17335734749145715,0.005054121343397419,0.0
-5.4603842772008155,0.4834088087649224,0.004979030947000899,0.0
-1.029366031569456,-0.35945815320042923,0.024008245848108383,0.0
6.967780543942723,-0.5143325792636146,0.00042350700094107615,0.0
-3.054820129312743,-0.5291163880348975,0.0004101817560269217,0.0
-8.638596832446645,0.7568466246032495,0.0016377451112402034,0.0
2.291884316652352,0.5781021959391948,0.0004932059307589172,0.0
6.787065251402735,-0.27666756790941927,0.0010114908196195028,0.0
-1.1831722583264117,-0.4053353798933286,0.020061537895954874,0.0
1.045313252646169,0.5385284211958905,0.011456097090993154,0.0
7.503793866638986,0.47312543362685466,0.0013092862912987056,0.0
3.1233911308958877,0.522810776750563,0.0006915669400857841,0.0
5.883577567252216,0.7255101855113089,0.0012984964381532029,0.0
3.7684080486080127,0.4220187304188605,0.0012949467004067263,0.0
1.1041290127155499,-0.0444465623830973,0.00047535852131985246,0.0
7.627256506984267,-0.7338878062507102,0.03144210418073915,0.0
8.51804501692635,-0.6210830799366042,0.057217568307138776,0.0
1.6128021599752937,-0.5686675424444716,0.0017421759404453187,0.0
6.595832540708036,-0.04047242567021492,0.001014101278253887,0.0
6.267652701636425,-0.24409666973631616,0.0011716685555220728,0.0
-1.6565952299071105,-0.40540006882410856,0.002528649614040173,0.0
-3.462448364764099,-0.7237744747162301,0.003534503784816929,0.0
-3.652482914740623,-0.25360120861113755,0.002335382139071916,0.0
-8.290841843547415,-0.6132831739735349,0.002394954170146827,0.0
-8.291344621721299,-0.5939820819593009,0.0028035192145124685,0.0
-1.6191604974988651,-0.18683788570718984,0.012926041571613462,0.0
-7.005937208296162,0.5025539484336943,0.0014162228885519078,0.0
3.3197787795432845,-0.5466734046568943,0.0004656515142518045,0.0
4.398447370726654,-0.2265231829880502,0.011307969219279847,0.0
7.926853394524194,0.4797494030580185,0.006402703552633479,0.0
0.5386582554352266,0.6880479337998864,0.0019690339720405364,0.0
6.737613066401776,0.4016296483949482,0.0014004884092635667,0.0
-4.549205193933995,0.48943216640448584,0.005742869148524226,0.0
-7.714204636026745,-0.6184058985791796,0.007822816664254257,0.0
0.16777390847330942,-0.4078773805071714,0.04291469675408133,0.0
-3.0317120348165627,0.7037567625604269,0.005246839384128152,0.0
6.970742089546796,-0.5411499201780161,0.0012094711445896065,0.0
-2.279064701250145,0.4459505053192656,0.0009524356727621958,0.0
6.25617095304184,0.7519993725245089,0.001021217716678091,0.0
6.571441089675446,-0.21722392293500492,0.0053152076019466026,0.0
6.422927700052863,-0.4766429588953414,0.003743999461174605,0.0
-3.9949424520207444,0.5148264605773241,0.0006052883337701515,0.0
-8.183504737194614,0.470715905088275,0.0004106045234242673,0.0
2.701127447698621,0.727600330555453,0.0007166706411491553,0.0
-7.722947998757963,-0.22440510806997738,0.0005262017157270197,0.0
3.5647408624868344,-0.06418033710013804,0.002150234359483449,0.0
2.8652558010694893,0.7244143520492594,0.0036199929414788916,0.0
-0.7784843195272311,-0.18705604114941998,0.004346938338542018,0.0
-6.4479424788622595,-0.30071366582729187,0.0020442734413296283,0.0
-6.27067722653885,-0.5870138054082807,0.0130901107692211,0.0
6.7316632658726245,0.7432402529342381,0.020957680815953183,0.0
-5.7702400561206195,0.46823751053684903,0.002153135231961815,0.0
5.017841210469868,-0.6129079534068043,0.0026280062735435142,0.0
-8.568382083476234,-0.1576331466481805,0.00932506011935837,0.0
6.438977332504917,-0.6063592637740817,0.0013338343863190725,0.0
-7.920941726992246,0.7443802917614759,0.001136520115353178,0.0
7.115887145727742,0.38743622141452505,0.0006897440054742744,0.0
-0.3887099649945096,-0.42221445471140534,0.004187399138333629,0.0
5.743495789421036,-0.27901948331142234,0.011580671474121125,0.0
-5.243157789634794,0.7579760640655626,0.005518650526172994,0.0
0.7610651427573227,-0.5092663972830729,0.0012186493016491256,0.0
2.851675860225722,0.7340291524370344,0.004977805942764538,0.0
4.503892198931483,-0.7507488093230265,0.03010621842616071,0.0
4.523768261650131,0.7403492265496987,0.005594585038585039,0.0
-5.552207419705637,-0.6008847254809871,0.004381692810097829,0.0
-4.3662942365614485,0.7565842402404739,0.0005482549850645646,0.0
6.203768919809992,-0.5792355948428242,0.02424744085970414,0.0
0.9349951857140653,-0.5614067860246632,0.00047380672412625707,0.0
-7.7787338087562805,-0.039840879706599996,0.004767113829102124,0.0
5.467331047640156,-0.07565083095974445,0.001473890972017805,0.0
2.866075644513142,-0.34632734963416884,0.0037114478136973583,0.0
-1.0317831975638478,-0.7221611436529777,0.007370674613395632,0.0
-4.0444070569431165,0.7272536273053789,0.0005922430232476713,0.0
-8.040364341962272,-0.13339917955418779,0.0013554496479087556,0.0
5.2079385853435465,-0.39411519754984087,0.0005994011943991732,0.0
-5.012461638998085,-0.6302765811863816,0.0010307329518595405,0.0
6.817434142343675,-0.48539250568174624,0.00706381428091302,0.0
-7.919222321237817,-0.31558367017482875,0.0018338596390901284,0.0
-0.41725068578150193,-0.6394266361362944,0.0014579761479243353,0.0
-0.38911067432234603,0.503727412617877,0.0010589349038627356,0.0
-3.9803325093071953,-0.7159532908030404,0.00384939048252528,0.0
-5.754306766860909,-0.6248642898209481,0.0042553949140165985,0.0
-1.1192714402926391,-0.2561144296514478,0.002965944797372587,0.0
0.9651657075275271,-0.19557455358076736,0.0015387517746192174,0.0
-0.9515705170883857,-0.2958422167914329,0.0023271976552724765,0.0
3.8988649402688296,-0.23821061740127059,0.0015326690625997441,0.0
-6.7040248461872,0.6286498848882875,0.006212927783180489,0.0
-7.38727139660484,-0.38688254348394474,0.002802846938768016,0.0
-8.58508251431418,-0.48855800307940794,0.0030548166417698375,0.0
6.535158922900299,0.48659194848041043,0.0025049831062908955,0.0
-6.125924424556433,-0.5823665558810156,0.01629504250876781,0.0
2.584618027064902,-0.18947468906390807,0.0022471931539778567,0.0
-6.24108890589644,-0.043007145077666786,0.0013203754804441724,0.0
4.118639303628667,-0.30234510273609705,0.035237619631853206,0.0
-0.29706022824691836,0.6257340463322372,0.0016236663831826975,0.0
5.211600386633831,0.6080247052083811,0.0030122459860488695,0.0
0.24654754847210647,0.43874832510462847,0.0006529365863897421,0.0
2.9839683031461615,-0.29143751417222263,0.027081430548784036,0.0
5.9218985412277885,-0.5697271129273784,0.04136774444038061,0.0
-0.06455525955774455,-0.2018048680865162,0.02123520168364177,0.0
6.230251348478838,-0.7442186366423814,0.001633343395368352,0.0
7.08260421692108,0.5881402636711759,0.000647986960290689,0.0
-0.9700132324568287,0.7415990578203102,0.0021264335022420197,0.0
-1.7119109480742996,0.510242556871729,0.002369924619777442,0.0
-4.923169065680723,-0.7226160599208507,0.004763763549250788,0.0
1.3374652173807622,-0.566864819686217,0.0006001782264099475,0.0
-2.916249492983697,-0.3576127968178352,0.0019178401557462222,0.0
-2.7849140679824425,0.5858660291412356,0.004459995074332813,0.0
-0.4819385199136228,-0.34097141105580775,0.0030803767658958143,0.0
0.2738074760103686,0.40347409971690884,0.0012428688773991016,0.0
0.9192928507493878,0.4548280124833115,0.005483625375372652,0.0
-1.8767810521529,-0.6250613205192369,0.003764759183137972,0.0
-1.4746596578676963,-0.2960089199755907,0.018066306658862788,0.0
6.524403219850452,-0.09445496386035646,0.0025063052547561215,0.0
-1.4654145741483608,0.48089282757557217,0.0016623277548961119,0.0
-7.489843619336555,-0.5711141139996349,0.011766969318658204,0.0
2.2534862954901556,-0.4480444196411304,0.003226826468835955,0.0
6.982157700390772,0.4654543260169215,0.0029787133683429373,0.0
-2.313648996252403,-0.2637844459984628,0.0009728148851393684,0.0
6.151902221420068,-0.26865675732559713,0.0019055491084401317,0.0
1.3515456327036208,-0.4567576386911866,0.0005075671689696922,0.0
-8.154537388670024,-0.21486049256471607,0.0007338059935763641,0.0
7.025035943657798,-0.7275810989205668,0.01864694500938157,0.0
4.142404626111583,-0.44370466269829545,0.0018309372915296127,0.0
6.058126640058433,0.4748369400268604,0.0009134868968355095,0.0
-4.898586241795606,-0.2770993037888771,0.000648214172072267,0.0
0.48590823987662013,-0.585554430277146,0.0028932965095668376,0.0
-1.543910406214894,-0.7076933672295417,0.004266544901354482,0.0
3.4753446925467255,-0.6388427354485814,0.0038677170330939283,0.0
-2.090813010466464,-0.6676171992520564,0.021349965200100244,0.0
-2.2355093992261743,-0.6334691400815895,0.008195076645897841,0.0
0.9517676905541474,0.5726176944978318,0.001312583526833994,0.0
1.6043764191189673,-0.5005466178240592,0.01152247187019155,0.0
-0.510651439747777,0.6429626796645651,0.0004193121130414021,0.0
-3.9254126810844614,0.5304827774862104,0.0064266386433032025,0.0
-6.259428404887132,-0.5215691213762363,0.051077248883896156,0.0
-2.5628239327384623,-0.4879154560880141,0.010876430280856445,0.0
5.821039542644872,-0.4661931061713166,0.0021365286538506142,0.0
2.8313863220750246,-0.05672337716189846,0.003931716890158464,0.0
8.216006888918393,-0.6907309233385797,0.0016384516705381057,0.0
-7.315718661553314,-0.48453892715550717,0.0013211750370584344,0.0
6.857527394654513,-0.28018469149044006,0.0024442758890019893,0.0
-3.5339293552414004,0.7285363070154673,0.01290092192620801,0.0
-4.864757250004072,-0.2576354532800367,0.006364368102880854,0.0
-6.768829090375347,0.4202020471370729,0.001537944607104356,0.0
-3.908250176433384,-0.46047658655323354,0.04992864604105702,0.0
-3.38462101554554,-0.7153728692474681,0.0004380842648642823,0.0
4.368030423863269,-0.4008569636251158,0.0008881659502398476,0.0
6.198924785398216,0.4396556950634847,0.006634515788496114,0.0
-8.339765399611967,0.5003779922007772,0.0015231450608199344,0.0
6.848283784492853,0.6953960091477547,0.01050177430507869,0.0
-7.521527400665998,0.5725181269797963,0.00177667873415318,0.0
2.196923061351761,-0.5392734058093626,0.0013169698365241278,0.0
-0.6473643206571769,-0.6203873299612737,0.0013090229183455873,0.0
-2.155151017267184,-0.6864242088662847,0.00048258884639202265,0.0
-1.634063295968149,-0.17686747063990782,0.011196762267650213,0.0
-4.393819823583985,-0.3009033514840544,0.00875022474357399,0.0
7.354160430865505,-0.30857130251861137,0.0004247088971457874,0.0
2.6466377521182327,0.5238519749990576,0.0020680129131313758,0.0
-8.52541928449277,-0.4387581195750797,0.001537396610049886,0.0
-6.404123039732097,-0.4870619550142549,0.0010445602806809524,0.0
-7.527186109933849,0.7356836435192031,0.0030947274310317787,0.0
0.08848090265198039,0.7151265081987039,0.04174872613250452,0.0
-8.630846812792502,-0.2599055046108205,0.0004763960920225084,0.0
1.6219058331164593,-0.7274321561473072,0.02850576956817554,0.0
-2.0149031474463754,0.45983332914440433,0.002105121741552032,0.0
-1.141340244440185,0.5537296206544917,0.002154616434920338,0.0
-0.45485032984338325,-0.7087420200084877,0.03788284011506259,0.0
-0.06333167981842713,-0.7524030564105777,0.005548902331668954,0.0
0.3695995760397075,-0.48332094308658163,0.0010057240050959067,0.0
-4.670075051357757,-0.7074526592186594,0.006780024488784601,0.0
-0.8571892638606933,-0.7556068401026258,0.0717902294998719,0.0
-4.3316440218147125,-0.5327309141020973,0.0009096841106804169,0.0
4.965690900323725,0.7440682383774058,0.003198316958109493,0.0
-3.7618906522098667,-0.5521514376990757,0.0014888508783482276,0.0
-1.2751032801763253,0.5662326441403487,0.014655653016343905,0.0
6.844942228988067,0.5127143328977055,0.0005899802132965504,0.0
-0.6579916352543815,0.7031628881938063,0.004609180449972346,0.0
-1.9263989239244728,0.6762787287450145,0.0013178963321178036,0.0
2.4886908145422506,-0.3681331603887824,0.0022336169751739497,0.0
-6.903407835647904,-0.5835373840952938,0.026432492121945986,0.0
-5.694434354187749,-0.443894074815921,0.011612850607514203,0.0
8.107944372993938,-0.512008128655016,0.0017747750618514742,0.0
2.181093415778845,0.4900890834835008,0.012304509457033024,0.0
1.3980670747836257,-0.42220755204801985,0.006002823189496882,0.0
7.225941474607014,-0.40122058056127813,0.00042594563960248345,0.0
-8.112527359806101,-0.12189876882379891,0.0032951631411565585,0.0
6.731583163845617,-0.14471275938046424,0.0030477547535385555,0.0
-8.020406715501068,-0.25737574530255947,0.0009267735779267637,0.0
-1.0959913794042562,-0.5455897872048928,0.002865093960183326,0.0
-7.055321678799821,-0.6416308897083708,0.06669643612413746,0.0
6.057939991517955,-0.39517814991456546,0.04207654743578844,0.0
-6.8467603572602265,-0.2036675070994468,0.005330156323269474,0.0
-1.6194309559525948,0.5134295633916257,0.0012297830388160063,0.0
-1.8878904024293464,-0.6079790333832633,0.0005814438183905348,0.0
0.44017647742275656,-0.5299948870266982,0.04369382822365692,0.0
7.9579722796697645,-0.025614871978157483,0.0011500484456348626,0.0
6.5979758926778835,-0.42102311220789546,0.018157505196032195,0.0
-4.338616489671238,-0.20857443620636307,0.01851903697074279,0.0
-1.7789083971155968,-0.0835260074242341,0.00472200189239909,0.0
3.248837023871408,-0.6808931702378643,0.05566093248352015,0.0
1.1387881317924222,-0.02767799546723071,0.001021890305760492,0.0
1.8621152370044403,-0.5878350685355346,0.0022426710819976273,0.0
-3.4991796172876644,0.5743193396630295,0.0017175157036673798,0.0
8.316170585352737,-0.1502765896760142,0.01150389333567132,0.0
2.3828526932362344,-0.384718086019291,0.03626136222048423,0.0
-1.4453723107345855,-0.555833823212212,0.00604432085071409,0.0
6.144792367604969,-0.25100922455815555,0.006489839357175685,0.0
-3.2754080607630716,-0.5819735136388701,0.004773741548461777,0.0
1.5276676290963476,-0.4366622168266315,0.005421763353401356,0.0
4.507889894737389,0.5878421167738759,0.001412795097942737,0.0
-7.666002096987285,0.4956806650522201,0.009987496037723254,0.0
-8.410365881253538,-0.5382411633770379,0.0533432352752301,0.0
1.4634371342607917,-0.390029711447316,0.0032112509161523564,0.0
-0.8533672554262823,-0.12082151009610365,0.005661899847310262,0.0
2.9545710675305976,-0.17947312259650572,0.0011270198785313433,0.0
2.374170550462228,-0.21905651949190796,0.0006222629618417966,0.0
2.948191233391661,-0.6757213632121528,0.0011265606287459487,0.0
5.35362811954136,-0.5509727325569038,0.0005983998431171298,0.0
0.924446062944094,-0.3760723971248328,0.03812711705087762,0.0
7.325033185882976,-0.06796517364268784,0.0016832403095607368,0.0
-1.1954884792195362,0.5960932086615209,0.013612799337649188,0.0
3.4881084531534103,-0.7239904267737792,0.03684735324023627,0.0
-7.382869871172828,0.6289129293727458,0.027422096389962028,0.0
-6.281767763378772,-0.45625484607251765,0.004393548409629154,0.0
3.4593471021878006,-0.4688784634523289,0.0005407863936888485,0.0
2.154215258350087,-0.2210378700753659,0.0019788188325000388,0.0
6.417481079234271,-0.23415612800885166,0.011771519051483251,0.0
0.01275182913308015,0.651489654598788,0.001519315675159822,0.0
-3.9275486060464893,-0.45662182606028273,0.001815407941881132,0.0
6.399884490675106,0.5205376380142099,0.0018239385132052205,0.0
-2.2314901651891734,-0.5637072469608368,0.060536182209316704,0.0
-6.568384024469003,-0.575871515306015,0.014872090154621407,0.0
2.828149128959918,0.4431459539650513,0.005447615771566469,0.0
4.214269077277905,-0.4077474313882753,0.0018922477304809133,0.0
-6.791531688294732,-0.22729872974582388,0.0017577354222872885,0.0
5.431475791644482,-0.2503675027497959,0.009431949357046552,0.0
-6.01638697098833,-0.4075160613955484,0.033672598515521596,0.0
5.738876772144263,-0.5745503337085801,0.0006366977918872423,0.0
-6.012627144167059,-0.2523086108375394,0.0037372041023110997,0.0
8.296727962977531,-0.03735932242426465,0.000530273959060428,0.0
0.19255632897200492,-0.6002646034924846,0.008210294972906935,0.0
6.179411899341602,0.6032979435081642,0.007498316039030382,0.0
8.286869772942858,-0.6325671093349945,0.003924660821372682,0.0
-1.2744835491576305,0.5988821025279998,0.003792109070066365,0.0
-5.173080872305281,-0.6628820597386471,0.020118718358640573,0.0
3.3695599713781075,-0.2543270068635902,0.008804114725762082,0.0
4.030432626079211,-0.38116583450195096,0.03148270547639356,0.0
-5.307374852080604,-0.2105179571455763,0.010274342334381037,0.0
-7.382350224340446,-0.7477587135243339,0.006840726035185552,0.0
-5.653883297957865,-0.5100073082185776,0.004007815463642854,0.0
3.013168218109925,-0.0759232743528544,0.000874531318506724,0.0
-5.410900970908652,-0.07178720863548538,0.000633532253619764,0.0
-1.38686112909609,-0.7106571095584867,0.025286585784998133,0.0
3.439706787834508,-0.708433414997882,0.007789902830534154,0.0
2.0065140560519215,-0.6702059436848917,0.000584864597202897,0.0
-8.473620143110534,-0.13734709144595503,0.01569197324565757,0.0
1.4333573927171788,0.7303338857653161,0.000776377817318661,0.0
0.8745626044338763,0.7191017732285365,0.004811791595133462,0.0
-2.2237244582089435,-0.5081018624145388,0.00162041493496026,0.0
0.050915569446255304,-0.3894058554222373,0.034912998220263884,0.0
-7.957662007328101,0.48452068008233895,0.0014985632729988627,0.0
0.8219018105167244,0.6717039257448687,0.016456891949275267,0.0
7.8600291585720825,-0.5703289614318504,0.015783806600136355,0.0
-3.4827631444618614,-0.35784336703009223,0.013305972614866768,0.0
-0.8764478941076579,-0.48004305611429304,0.0006482946477054396,0.0
-4.661218776583553,-0.39927728291974124,0.00459555300352658,0.0
3.221796406610089,0.6181977441170519,0.0020932336328848755,0.0
6.072111765226294,0.7437367335293552,0.005349338017322759,0.0
7.611631662713254,-0.7094415221112571,0.0012270055531450913,0.0
-5.422719043074569,-0.16971025172167553,0.005874690509986683,0.0
-2.8222113752434916,-0.4216300499339464,0.0004450044977492313,0.0
7.154275504625762,-0.49685332722580106,0.018586544592640343,0.0
1.031057703420661,-0.7442001985348472,0.024243949509937475,0.0
-3.6260865036226786,-0.29480828348728616,0.015251273306463003,0.0
-4.087325447051575,-0.593851823680546,0.0022964175722536726,0.0
-1.2213075659174084,-0.444849067043069,0.0023996141792389947,0.0
-0.889268958995312,-0.32535619125582516,0.005792962213682988,0.0
-0.06122226372607287,-0.5124414411521442,0.018266827855601502,0.0
-6.408190597831625,-0.6740377583880673,0.02473012589089343,0.0
7.143910323363663,-0.7364501171815215,0.06610283627394642,0.0
2.73255292278656,-0.1910039914749202,0.002926063741428754,0.0
-2.541326797245932,0.4378617354784833,0.003675755028359952,0.0
3.295186105569643,-0.6430450052879721,0.0011659126159285816,0.0
4.671563510262434,-0.44940409893017697,0.007547242386138881,0.0
0.261396628095774,-0.6335140014838767,0.0008315308372613504,0.0
-8.251899875716582,-0.2537224166155443,0.0009108706442335178,0.0
6.29543378895254,-0.1472429706351427,0.007355385154123882,0.0
4.74850973379872,-0.5137759044671685,0.00534103338036034,0.0
0.4125592617421443,-0.4045157763219579,0.020841877446878248,0.0
-0.14192639675328422,-0.5500670185915658,0.01975195316450541,0.0
-6.253364073903343,-0.1685249878445907,0.010734101789678966,0.0
3.8901235933826808,-0.2365959508830704,0.0013083536198160114,0.0
8.206723053484573,-0.6839737279878367,0.0007690222753474732,0.0
0.5793248746551622,-0.007590611273514347,0.00047113984651132184,0.0
-0.5110012545819327,-0.10119758111602728,0.002416177482518872,0.0
-6.605694197788884,-0.41659152135658617,0.0012863556716912318,0.0
-7.4597103926249435,0.46770849273414594,0.0013740611398765953,0.0
-1.7347943659282494,0.5543404926744995,0.0023134961359355935,0.0
-3.9682630663401515,-0.4812064752873681,0.0019456250758826308,0.0
0.0007591642378823593,-0.19287147508440383,0.0030455969487715438,0.0
-7.523833366218131,0.45370883071322266,0.0004325914346378318,0.0
-8.21064918243981,0.48862220237889953,0.0004572271253576475,0.0
-5.823010703225101,-0.2734985990009056,0.0018120235633023892,0.0
-3.7875065313465406,-0.5228402573685326,0.0004127932282427354,0.0
-3.763612500047972,-0.06279035084870543,0.0009595123542767746,0.0
2.9413624523548325,-0.114088989527517,0.012855911287804677,0.0
-5.891463861666947,-0.6729211665230327,0.051628027160908606,0.0
7.678478848393517,0.6230337414041607,0.0011531273100280654,0.0
7.1994601103856155,-0.2408002295985776,0.002777438361390097,0.0
-8.290982673138963,-0.04415679923643001,0.004674529517699112,0.0
1.4935053083701302,-0.5897569205426451,0.025921859789872825,0.0
-8.282493904638256,-0.19333481712903589,0.001985392108776859,0.0
-0.2235968088886331,-0.015575686252736975,0.001793561961914766,0.0
-4.0860160926799045,-0.132057840518365,0.0019609112912917074,0.0
3.9940110333961183,-0.3143319022550563,0.031517621901451846,0.0
-0.9007710177867052,-0.5460028555163747,0.010841233857784792,0.0
2.5657886016882436,-0.15098193295068318,0.0064282142588627765,0.0
3.9345137469421836,0.7152697159895158,0.0004392306626433399,0.0
0.4074570565436151,-0.5220825210891535,0.005668253615536831,0.0
1.1369792989257022,-0.4481595453719485,0.009255789804130736,0.0
-0.5285211226999227,-0.6081963841984758,0.01621973979521766,0.0
-6.5016309696449675,-0.31528193206607596,0.023200635025255413,0.0
-7.795694033344868,-0.615651370337344,0.02882169252970276,0.0
5.152818835705721,-0.27853982764987656,0.001974494367698573,0.0
-5.569253797495998,-0.29496665433144914,0.017899157837343898,0.0
4.050303029498281,0.5090143054370271,0.0017889701066517128,0.0
1.277789216822569,-0.050033808315268935,0.0019454020096305914,0.0
4.499934702125865,0.698995184188502,0.001153065599432201,0.0
-7.964457128716349,-0.49192843810413783,0.0024377161406385654,0.0
-3.864451382466153,-0.21353919001481914,0.007664690534932662,0.0
-7.880902470906538,-0.3825381911135547,0.008032646746187736,0.0
-1.0996732291154894,0.5215976984704491,0.0004526019794594676,0.0
1.2421847100278942,-0.3088962881353793,0.0037912804128289158,0.0
7.347886224705203,0.7262168088536283,0.03895571108516224,0.0
8.229551227709269,-0.37049812107856184,0.012647028801324796,0.0
0.3145432398018393,-0.7329741954944777,0.0015211726608217735,0.0
-4.193901050837768,-0.2289518922462176,0.001896787292855095,0.0
-8.446151673332759,-0.7005939601974372,0.0006284584343289412,0.0
0.18825960759677152,-0.33153776769289084,0.03870855862908648,0.0
6.367513322147147,0.5989572047259126,0.0007480598397126305,0.0
-7.868166592985512,0.5249895029803233,0.002135561440197344,0.0
-8.366684866271557,0.6395829412170855,0.0026568508034468612,0.0
-8.473431421953094,-0.24022057114457196,0.000731881763530221,0.0
4.693983645137118,0.5467014743533323,0.0025989877725848044,0.0
4.723582249740902,-0.6398456749049035,0.001265225698698462,0.0
-4.31015509681234,-0.43338977461442435,0.009355271102848717,0.0
-4.514089563745052,-0.03189932279350738,0.0006655961615025216,0.0
-4.58577017371534,-0.14639395246417564,0.003035274800823032,0.0
-2.0415802405729577,-0.45286038175454796,0.0004984498360423188,0.0
2.4227431875345253,-0.7073382008972392,0.04331687236103522,0.0
-6.756870010493325,-0.19256211304739224,0.015572035003023095,0.0
4.958456538106537,-0.4674584330661556,0.00058705358827615,0.0
-3.149695781316902,0.6737628012413981,0.0006248759332169193,0.0
7.03891975307557,-0.7039406543258651,0.008064757390773801,0.0
4.949206652127039,-0.6132765170862357,0.009013417338478982,0.0
8.353909058210597,0.6805350655187716,0.0015393696657782984,0.0
-4.309414244697109,-0.4584515060475284,0.00048504038063978353,0.0
1.7556618125889951,-0.6952866534307476,0.0007692619769374746,0.0
6.248505035392741,-0.5219734099127056,0.009272098781554031,0.0
1.1964017233959332,-0.26658570221500216,0.009322148843895085,0.0
3.6697480597185113,-0.6184095015093212,0.012592878313607496,0.0
-1.7326548591193083,-0.4648232580237216,0.006452739215887805,0.0
4.102412848786814,-0.11133958517792453,0.00076922544091713,0.0
-8.225861361018705,0.615620463811813,0.0033590016377527307,0.0
6.205580026563595,0.4586908988300784,0.0038237940954722206,0.0
1.9497013489536634,-0.6428202051050876,0.004193914803842949,0.0
-3.0110698775176967,-0.4640464033770638,0.0033104828386937967,0.0
-1.4357134412200017,0.6126560038907538,0.009483641951975177,0.0
2.593020601435338,0.529179893912942,0.001883628055902681,0.0
3.095842881603911,0.6200845437717881,0.0010654647539436017,0.0
-7.861318448522885,-0.20140195697736962,0.007674564908779702,0.0
8.283474442627575,-0.34253848900694767,0.0055482920067439715,0.0
-5.850327132416282,-0.4762806429041774,0.0025840956784110853,0.0
1.2993516046542997,-0.5525168419131442,0.0005452812844918311,0.0
0.8489371778509351,-0.22291226326060753,0.0007115843818080126,0.0
5.436803966417068,-0.257010880255535,0.0019981665375388784,0.0
-4.608025472960978,0.7340434486369314,0.0008108455533714053,0.0
-3.0079350326959515,-0.5779064956218052,0.01791649507684544,0.0
-0.9926304027120461,0.5561907460731272,0.005604064122266888,0.0
5.319131537619215,-0.430119078095252,0.009997361858793663,0.0
-3.9108795936180547,-0.7258658295062653,0.01740866645143653,0.0
7.206178182618316,0.40764123064791113,0.0025856408213613966,0.0
-6.2721105510411,-0.12566336051391347,0.005070477512200018,0.0
7.635449142193291,-0.46812342385730066,0.0010387435936575215,0.0
6.908539902186714,0.5274238999051624,0.011564867625277319,0.0
-7.64291860123831,-0.7501439969346965,0.009013879752066108,0.0
-5.220882530992627,-0.20239346424378557,0.01623807883178805,0.0
-1.8217493256793418,-0.28441753389945285,0.0038965851578464028,0.0
-2.6796483907889384,0.392660463700949,0.0004560037254182937,0.0
-4.277492246173946,-0.36227496994600206,0.0009024950232799391,0.0
5.613367674750892,0.6070300066088863,0.01072039838129228,0.0
0.6043863780849943,0.4285948421304435,0.0009498892664986824,0.0
-1.1515295447285894,-0.6081827210910709,0.07077449332187512,0.0
3.0629922725605887,0.713194797225452,0.00197242480088255,0.0
-2.2100674219753147,-0.38824297030480326,0.020658523354621112,0.0
-4.5135481327982365,-0.3554355052661018,0.040235559989224116,0.0
-5.285177819238758,-0.11481692212586936,0.0019458385784035185,0.0
6.586387156359345,-0.6153929806996179,0.0025192382158071023,0.0
-4.157645853537788,-0.5491014404906467,0.0004224052854656615,0.0
-8.216523983961196,-0.5050859146702446,0.034784722405984604,0.0
0.7274148538278826,0.5944195447232126,0.0007130082353724586,0.0
3.6290523554691507,-0.6683695271346031,0.003681200652734417,0.0
1.3683012784662232,-0.645971412800119,0.001940874233593099,0.0
-3.0147351275338465,-0.6480117153497617,0.031042337830683473,0.0
2.8008305369383795,-0.19397436180800298,0.018703311527083384,0.0
4.117604307494172,0.513257318145409,0.011045598171044968,0.0
2.9697086072555035,0.6580017972200916,0.028393957071314226,0.0
-3.9088572297647532,-0.20475422382899866,0.0036964452890132947,0.0
-5.992524757849898,0.5554571130147372,0.005208417110059294,0.0
-8.585920508977582,0.4093901895059491,0.0010319979478306408,0.0
-2.528469129430083,-0.24730828931979332,0.001657076752414051,0.0
2.6504145966794947,0.5731797926522451,0.0012043079183074068,0.0
7.880829133012291,-0.5052851334965329,0.03474147308851495,0.0
4.370346203586781,-0.17078640885660523,0.004988930498640037,0.0
-0.7074689557023639,-0.6849375000096621,0.0018320164037311925,0.0
6.276443606433618,0.5004765236047701,0.0005528421491581856,0.0
6.185407336597349,0.5235837284402316,0.006619042500128637,0.0
-6.883243328867088,-0.08811284201091363,0.0033530825686049325,0.0
-2.370448305566229,-0.30856716402921397,0.031166560136845673,0.0
1.218288724724438,-0.09541598008925944,0.001042213990963093,0.0
-3.2371508780776574,-0.19157980572618682,0.010607334027012248,0.0
-0.8940453316769412,-0.1762253102152067,0.006261793447620202,0.0
6.7329531129282145,-0.5996417745647581,0.0005825289716858026,0.0
2.4245803841935274,-0.1276863428551157,0.0026054377932562796,0.0
6.809479703981152,-0.403757521027988,0.000909438761445331,0.0
8.509341412809235,-0.2673755242194141,0.0016744860879792961,0.0
-4.860688903845164,-0.1030543633272043,0.003506200966516962,0.0
-1.833041970217371,-0.32059389148746387,0.0004890654963507102,0.0
6.775464472002858,-0.25233343455642276,0.0007253213663953708,0.0
-6.627441777551539,-0.6867985658849947,0.016692637584314267,0.0
5.467001729447928,-0.527371724151306,0.02788843232727197,0.0
-5.344438841582615,0.7143585800352836,0.007335107959945905,0.0
2.937192722608481,0.5156663130408077,0.00048046362810809254,0.0
-5.874826034550155,-0.2602050651219096,0.00788070265178786,0.0
-7.71418390022801,-0.1344198903983791,0.0007054072275132148,0.0
0.9697807553255782,0.4842839511080512,0.004121607754465589,0.0
4.511424915050425,-0.5176795801915869,0.001806668316668286,0.0
-7.155383898536548,-0.44223867923127164,0.0013880114629791142,0.0
1.5631024199525303,0.7201231138577011,0.0018427749777572397,0.0
0.15084122393449384,-0.2657138221457223,0.010602831684881102,0.0
4.166905455690344,-0.36420670097502755,0.005387553547887711,0.0
2.9945005975675603,-0.3864747208241074,0.006459346432604189,0.0
5.203569819541205,-0.5491946237225689,0.0043973320812465515,0.0
-1.7321183549000256,0.657209257020666,0.005837533016172539,0.0
-3.6311516395595334,0.7151362611329866,0.02179486516011691,0.0
5.199187929788005,0.7519884527313463,0.002344159793808876,0.0
1.8077199682491862,0.7223004876494343,0.025465608770865754,0.0
1.7534404775714023,0.6713000869336063,0.010839156722630158,0.0
0.622411236907082,0.5422392454497473,0.000396987255115917,0.0
-5.649560648279845,0.5675061519532192,0.0038507704306655283,0.0
-4.5060509967199,0.7071718135636578,0.013435822759897088,0.0
7.390160318081527,-0.15749951887650881,0.0020244265762388303,0.0
0.15586257198967424,-0.42077432084005156,0.03235480958178273,0.0
2.4596182057259828,0.43809088585786293,0.0032035414646016404,0.0
-0.8181501144876826,0.48709712365856417,0.0014864099350502934,0.0
-5.400954403636982,-0.266628493630964,0.011641129440115517,0.0
-5.1189064157300415,0.561323744064328,0.0012791453847135125,0.0
-3.3234108699286695,-0.6337660570960493,0.002079891524116405,0.0
4.713674933557616,0.6092378281161612,0.0025065858822483082,0.0
-4.79242813135456,-0.6408328217352895,0.002393314780807402,0.0
-5.0754256629724415,-0.6016752667792667,0.014217942420442596,0.0
4.874700918194817,-0.5461940405842897,0.006120433991393914,0.0
-2.869986105420524,-0.3228288741484257,0.0014157012443836027,0.0
-5.002206212264614,-0.39019725164941554,0.01001943282017618,0.0
-0.3091466642975611,-0.4287539454229448,0.004041289847609731,0.0
2.325393998568922,-0.36689449293785076,0.012996162645760935,0.0
-1.1694430227396087,-0.5451813482371328,0.0027671037231669434,0.0
7.22696610058434,-0.6308327980159618,0.00040499753868503883,0.0
0.7364389906279669,-0.024379948955252972,0.0006670247506573771,0.0
8.309125502275982,0.5210126803458974,0.0005359920792186974,0.0
3.4869157170194747,-0.629206161379166,0.002337678872558406,0.0
6.838234118435551,-0.7515183079947185,0.006445420813328337,0.0
5.6922010982969535,-0.0799875026013217,0.0011014306590213182,0.0
-1.5252340972141605,-0.28459145690093557,0.0011647944653035147,0.0
-1.1750369441751962,0.6274362215239833,0.002647954433506068,0.0
-6.404465263469843,-0.5597364596698327,0.05116034774548107,0.0
1.2525447893229344,-0.6201831042798918,0.009110060802456818,0.0
7.064162865697691,-0.6256343028529502,0.004480203011465041,0.0
7.522589335308673,0.7159931628575165,0.025198534351337572,0.0
4.34229488335745,-0.2967197573669357,0.0023804864435971636,0.0
-2.930942096854661,-0.43217493775261795,0.004162290709154529,0.0
5.028800228071653,0.7388912008653521,0.01695124715371636,0.0
-3.814536803714211,-0.5458233537124924,0.0047211786217354335,0.0
4.182198484664767,-0.02211893850151203,0.0013133704728322754,0.0
-8.407686416886627,-0.4113780329284657,0.048582048741129744,0.0
5.458685174938806,0.43579947555250254,0.0067326487915509384,0.0
0.39083540067932887,0.5505983871332687,0.021119582416890163,0.0
5.493951584663975,0.6685055291286481,0.03469828716374693,0.0
4.260609442468917,0.46495532512032045,0.01036593927203322,0.0
7.546106178333414,0.6776765907748104,0.035659206643477666,0.0
-3.560044209885765,-0.5283168251516903,0.06422755448978527,0.0
0.40475372779356356,0.6405787276370281,0.03283341476784232,0.0
7.12536463904547,0.39746675533130027,0.0021352576721147087,0.0
-1.0967115630236037,-0.6839016943134032,0.08467182932904695,0.0
8.641857783206934,0.4198945586597682,0.0049158832583373864,0.0
5.877488600860307,0.6418209686548735,0.03238548442607511,0.0
-3.9140910062921987,-0.03768513418825892,0.004777312711008005,0.0
6.447389233567936,0.5969188828810807,0.027207460059349056,0.0
2.244353869814784,0.5982174072075979,0.027974507316582305,0.0
6.992820415631671,0.6220935438163193,0.030477303450884074,0.0
0.2920872906221099,0.43467435041421676,0.00743059159084655,0.0
1.1129954157350017,0.5774658047721823,0.02604649036933719,0.0
-1.834696848785522,-0.3952454506799919,0.05136319993007304,0.0
-1.7910524905269405,-0.6475900636116586,0.0839919932242201,0.0
-7.879204529860464,-0.46064289247918194,0.0587776525913999,0.0
2.0224203864817483,0.6771660000605442,0.039290598670832386,0.0
-0.22294341109023108,-0.5389525569444455,0.07388317002366898,0.0
-5.848764363427383,-0.02030231652981407,0.0026891130464620884,0.0
7.274367980464014,0.5039765961466851,0.01644793886523274,0.0
6.989018168687158,0.7117089519567945,0.04367857633735249,0.0
-6.00656115220818,-0.4495234545413496,0.05950781338669005,0.0
-0.5367988657814458,-0.2610748748033139,0.03645660365620381,0.0
-6.082200299004706,-0.027295296728381158,0.0036863091191717654,0.0
7.51969346684638,0.6699193468866627,0.038697749376872585,0.0
-2.9509754371238985,-0.614373276044546,0.08285092905057388,0.0
-3.8284843762512173,-0.5010033167439591,0.06765826230009482,0.0
-5.860371967502212,-0.6704214190624129,0.08957472606613827,0.0
4.063808441391833,0.5307038089755698,0.020737920899868072,0.0
-5.776849638258657,-0.5908891729909277,0.07998817217599843,0.0
-3.444138866205547,-0.6221349519226278,0.08523078688951198,0.0
-0.8792598880505045,-0.2923492514093538,0.04169205777073492,0.0
-4.009981258013536,-0.35078255321862445,0.04856720523746845,0.0
1.3230889242513477,0.751335893771069,0.05248723721820594,0.0
0.9943670455530853,0.5528207674683894,0.024972094339516363,0.0
-4.489525842679933,-0.11813627464297216,0.01679410979585026,0.0
-7.565837013699833,-0.415738038683829,0.057863082899435765,0.0
6.934146228761618,0.49150009104618664,0.015868906582641246,0.0
-7.770163123417712,-0.6144902097891584,0.08570647940870939,0.0
-5.4124288040733,-0.40871866623507946,0.058069196728972365,0.0
-3.7751122579045964,-0.03852660664139851,0.005680057804221921,0.0
6.9019819444837935,0.6751533197851745,0.042493116731798015,0.0
6.274763717789142,0.6747895403893551,0.04271976983948576,0.0
-0.7401994569591874,-0.43375169120704404,0.06545576746347767,0.0
0.12242887217874632,0.46768187987512655,0.014199606941000083,0.0
-7.086831517174113,-0.36632784058464896,0.05312544275791214,0.0
-0.7663673657869072,-0.5504918642413135,0.0834968566137924,0.0
-4.640984493299669,-0.729859662422031,0.10619996073160833,0.0
-5.835482812865295,-0.36238496324931085,0.05335484140498106,0.0
7.400109376401904,0.6912511475159686,0.04577680032491803,0.0
7.83736111621274,0.41525422822277447,0.005311717360975137,0.0
-7.142862712915463,-0.09753033529315192,0.014801115520933984,0.0
5.0015762735559814,0.5848241499708533,0.031067473104530362,0.0
4.102808558529244,0.5127249651690333,0.020730818699492563,0.0
-7.055775157361556,-0.5750055103713574,0.08692412057873576,0.0
-2.244151689491785,-0.5587555751288861,0.08762413212899343,0.0
-7.86672427966493,-0.7552241908959069,0.1160412442798156,0.0
3.0977578739978355,0.6152721733339901,0.03782211656267687,0.0
3.965574571517493,0.579307809021048,0.032148675504595894,0.0
-2.612442865686244,-0.3032068002673022,0.049183547567713926,0.0
-0.23378295576109842,-0.06464591969303712,0.01150131487278748,0.0
-1.7554550277530483,-0.11523453852092003,0.019310402673554643,0.0
2.892481811609894,0.391975762475681,0.0020065332360568277,0.0
4.05311316525855,0.6627719035097126,0.046230968018452764,0.0
2.8204927874589494,0.6075562689411909,0.038115509470445265,0.0
3.780166688983405,0.5682766107536805,0.03140650643822163,0.0
-3.7090157698238464,-0.4864554608572145,0.08070435015559872,0.0
-7.6434172025213085,-0.08461731530325634,0.01426260220829426,0.0
-5.990109319241008,-0.22903499856112297,0.038319145186175206,0.0
-0.4849697923029179,-0.18676283243030212,0.03383851891825641,0.0
-2.0284092070458453,-0.18712486098694514,0.03267347966330706,0.0
5.958611685703106,0.7120783570265632,0.05561084419450788,0.0
-2.808920304603915,-0.7271930813805033,0.12235217290242018,0.0
1.121248008546683,0.736839955216442,0.06274574202272269,0.0
-8.564876240176273,-0.7441861523503988,0.1235810923419216,0.0
4.539499148270339,0.6458676429469483,0.04609727102372073,0.0
-4.990247285688124,-0.6876005602034043,0.11654880399493114,0.0
-6.4544523386847565,-0.048188020140927934,0.008512059942679007,0.0
-6.827182549249303,-0.14603677742575327,0.025507137290487834,0.0
4.466832793609385,0.6218944685116827,0.042432707334736426,0.0
6.1166428355326445,0.552078142714094,0.030120501052739623,0.0
-3.2172108763860363,-0.5216557001292148,0.09089211409530545,0.0
-4.550842609413472,-0.3566562851886516,0.0621139186478077,0.0
-8.38001345578911,-0.3967624993773746,0.06856384153087687,0.0
-5.130459021885715,-0.06996056349792568,0.012746750285223851,0.0
-7.046320020840392,-0.07941126951934552,0.014303138002895177,0.0
-6.635280732811651,-0.5401099195709042,0.09391541023807937,0.0
7.627190149477592,0.40828463563984796,0.005126991354435656,0.0
-7.172876965244969,-0.13196023403617452,0.023741373276450834,0.0
-4.605784345467914,-0.610945640687795,0.10849797957529525,0.0
4.685956454592747,0.6994389270150281,0.0581087393726259,0.0
-7.15330783597775,-0.448825774322475,0.08020394094609232,0.0
-6.456678594817933,-0.09461875923179641,0.017646239459968485,0.0
-8.296375836567178,-0.30056252416623025,0.05434744543374831,0.0
-1.009129830145553,-0.7530957762504891,0.14330282766332705,0.0
-2.427424307372016,-0.5705243865604217,0.10684304517480862,0.0
1.7684494682523422,0.5352960314813415,0.030705517631279673,0.0
-4.380702774436593,-0.33242728025300067,0.06265578195982636,0.0
-0.027900264275221076,-0.41935821625030384,0.09672130677662184,0.0
-0.7834381149203447,-0.7305169429176288,0.1443056344497682,0.0
-1.2600596486206683,-0.03162583437679212,0.006596155545274254,0.0
-0.15134818650233406,-0.28977760285498133,0.06318380896681502,0.0
-6.4812722765910245,-0.12550228609253034,0.02419277078943251,0.0
2.938208131662469,0.5720281669080425,0.037912675872599874,0.0
7.6254952922499335,0.41671671879910854,0.0072361989643376385,0.0
-0.7276771879319135,-0.4783227846768532,0.09807745925116891,0.0
-1.4961311212247983,-0.2746360111931624,0.05590042264918534,0.0
-5.0750013742858835,-0.35603369937425117,0.06902743623039137,0.0
1.2161301054407634,0.46679208410708606,0.018834398986786245,0.0
-3.9956491278323645,-0.5636273498699754,0.11087814298912575,0.0
-4.548902867992752,-0.699240996515401,0.13667698816277732,0.0
-6.41048612962531,-0.6905271503803743,0.133403483130305,0.0
1.9287386560900153,0.4461844098574361,0.014348951342904365,0.0
-2.1571096571456048,-0.018786015858246796,0.004115527940184642,0.0
2.0301787994152143,0.5778582980572118,0.041818316776987004,0.0
2.441805065429387,0.07830724973020242,0.000422804061152241,0.0
-7.268095803667162,-0.27668642734455867,0.05585503084164604,0.0
-2.97689049266158,-0.48044277067094554,0.09897383434172724,0.0
1.1865526849961938,0.09759041545683,0.0003993776588147595,0.0
-4.5675058167507965,-0.04133366437857733,0.00894133431295892,0.0
-6.187162457864485,-0.24609808435355596,0.050557731058475164,0.0
2.917471367412789,0.5202065052812079,0.030233485587485863,0.0
-6.351237536724225,-0.7117165388746187,0.14359665972877453,0.0
-0.04419901470954457,-0.19941201125113817,0.05451717199156995,0.0
-0.727352705482466,-0.026729333501668506,0.00659898536700881,0.0
1.6835866179952959,0.24378148216950324,0.0004448866760479029,0.0
-7.055196802266174,-0.02847630571684101,0.006289371955568891,0.0
2.208753485468989,0.3841913228570981,0.0009894853182618247,0.0
-0.7050324895655997,-0.4076734054935603,0.09375269914376774,0.0
-5.376658219983209,-0.06070757942000693,0.013504155073631214,0.0
-5.727177828243775,-0.2918237090359741,0.06229693317729887,0.0
1.3694564343247873,0.7200033206467971,0.07736319938973352,0.0
-6.44523218186146,-0.22027711180387655,0.04750879402855166,0.0
2.8364691440303993,0.5434828929625903,0.03698581703018004,0.0
7.179184237036107,0.38588495678931944,0.0013362559253187244,0.0
2.7285406234048555,0.10139229071841316,0.00038954628199266343,0.0
-6.934211404594507,-0.04617765403930185,0.010414332036000274,0.0
-0.006684666095287284,-0.7404802318934539,0.25136091686133344,0.0
-2.6029504883341446,-0.21548765387783986,0.04890946432187737,0.0
5.086061882088682,0.6056870665854861,0.05000378744495036,0.0
1.684470389179607,0.6130047276277979,0.054644523643410596,0.0
-6.611223850699281,-0.2806007316113657,0.06136018987381206,0.0
-4.781848155914988,-0.47099860046100656,0.10280035373667108,0.0
-3.444654227832406,-0.5859295145417037,0.13038380350573942,0.0
7.983487396388643,0.45325837165064975,0.01678136012858715,0.0
-3.33376491593583,-0.40161126506850414,0.09099990283980379,0.0
-3.2762333381629,-0.3104031612696591,0.07118217700508694,0.0
-8.329091077802914,-0.46868836117837115,0.10172268822165613,0.0
1.1647411496950717,0.5991931364985197,0.05404650166184734,0.0
4.472207776741948,0.5299391552324766,0.034966125246774886,0.0
-5.768634385059412,-0.5597759613353523,0.12419918574455906,0.0
7.156513819049019,0.5200202900613087,0.0323081295871144,0.0
4.3216162653392605,0.2630843557452338,0.0004431636044728508,0.0
-0.7418324426543625,-0.6176151122323761,0.1524409256324559,0.0
-7.934862128235728,-0.5476114834371306,0.12190564332946541,0.0
-0.625922927962792,-0.16429695951854606,0.044135653274832244,0.0
-7.044552897513276,-0.47340497293507533,0.1064715812095334,0.0
5.668339709568295,0.4908028781329208,0.026621031569123172,0.0
-3.965109427292303,-0.3836724672447764,0.09003309837261458,0.0
-2.340358636367344,-0.6956013103077685,0.16518011180716174,0.0
7.738905135709945,0.47947801372640386,0.02382316881718206,0.0
-2.364297958442452,-0.625353102623966,0.14940331718049737,0.0
1.845200436731682,0.6403480777178636,0.06504232033532817,0.0
-3.077111600980471,-0.7436956058825701,0.17521341700452928,0.0
0.11824565360164385,0.650411241162824,0.08154210865474479,0.0
-7.6455446117317045,-0.5871282484108974,0.13473167102007855,0.0
7.154291949539964,0.4592620217245711,0.019808078030837978,0.0
0.3750505315514552,0.43151650565081257,0.01620848719365913,0.0
1.7731687809357783,0.7201845513632867,0.08688550338318493,0.0
-3.076417900502861,-0.6101440822459832,0.14858465271547552,0.0
-1.209031375038209,-0.23634027445700279,0.06337967656089039,0.0
-2.79253527617184,-0.7247442372898381,0.178025870110744,0.0
-0.4917807352024042,-0.5651597155258168,0.1572244068623805,0.0
-0.5631466923473489,-0.7565926780848747,0.20874901158123416,0.0
-1.3695245473749988,-0.04283347493632117,0.012495574869369652,0.0
-0.9567385106017818,-0.5015248266457821,0.13410597736648688,0.0
6.665651996413505,0.6127709016786371,0.05715344867763822,0.0
5.934539386984154,0.6872949382796616,0.07501192551079842,0.0
4.914726476041807,0.7009593449121305,0.0790176314939876,0.0
-4.103523662664033,-0.21702298448456525,0.055264214403488644,0.0
-7.626811524074424,-0.27476256535153526,0.06718002595376335,0.0
2.5837379571787142,0.3874187256928019,0.002184351878822379,0.0
-5.993140220826064,-0.6174262138867364,0.14969498919424104,0.0
-6.4447149964108625,-0.7076262002522844,0.17059633311297787,0.0
0.54719811389654,0.30518432808420415,0.0006329268228975391,0.0
8.571803084127282,0.6126493382147851,0.05749231647187189,0.0
-4.503840852463607,-0.09844885766821998,0.02631769714443412,0.0
0.13095460220707977,0.3622635673390233,0.0006500949835642788,0.0
5.887960071235577,0.4595633496880218,0.021113682953873128,0.0
-0.16743475748291559,-0.5979900093343756,0.19253802258085762,0.0
-5.860194954699814,-0.47968303337881985,0.11807192981003808,0.0
-5.780777569420788,-0.37295341444463403,0.0932844342656103,0.0
4.294923501161502,0.7245838984778166,0.08779588524052416,0.0
0.013782705369262516,0.1995550923400633,0.0010680470338385979,0.0
0.3094894268643369,0.2817228071885465,0.0006016015335613002,0.0
-0.35624980315983557,-0.621347308719551,0.18896641351713722,0.0
8.091914041707092,0.6306289272563805,0.0635756960540046,0.0
-1.9261896254237811,-0.6480093085800257,0.27881682874159136,0.0
-5.954217944628621,-0.7570813168402398,0.18996137412334263,0.0
6.973866690454605,0.10217948235898444,0.00041764990561268307,0.0
-7.479853366075581,-0.17040936414000707,0.04457823615150802,0.0
7.369306425474534,0.37480391660347645,0.0003863781615961999,0.0
7.747969018414878,0.5609990527235584,0.04719661602915145,0.0
-3.1768460371981364,-0.744952650846189,0.1964754046922822,0.0
-2.2099172186035485,-0.6325998180039933,0.17142199517373802,0.0
7.835776060861484,0.7387354369810275,0.09069758529828437,0.0
6.03326957408453,0.7126871505868213,0.08585863234826807,0.0
-6.602340267151492,-0.16207703307478216,0.04334785900757549,0.0
-0.9819720627238988,-0.02528387721960379,0.008746537610950728,0.0
-1.954704655950664,-0.4036383113236965,0.11224750123927303,0.0
-3.0484197674219615,-0.02098171608299082,0.006538155784742264,0.0
-6.563591550493308,-0.1774793931644092,0.04743767412932482,0.0
-3.465156469735639,-0.516060482901095,0.13768078948747853,0.0
-5.925402966253748,-0.26202377691695444,0.06952305915582689,0.0
-8.412813316016079,-0.3405783153866708,0.08746977768196414,0.0
0.1598397643740057,-0.746679317938133,0.34263606483111897,0.0
-6.598907492574622,-0.7023107084077516,0.18034451151072806,0.0
-2.5682160228117556,-0.679159411868016,0.18649682729861858,0.0
-1.0339855036852583,-0.18450696124469657,0.05744355272606482,0.0
-8.547102860413913,-0.18453552756837233,0.04926287385330527,0.0
-3.0294338021795033,-0.011426716898662481,0.003736999118018381,0.0
-1.860105577350156,-0.7037496972870093,0.20136990141656924,0.0
-4.607504452946381,-0.07512817101303815,0.0221431515766579,0.0
-0.5562780959854159,-0.5700643186387442,0.27109859608607856,0.0
1.8763814314017093,0.449058689686312,0.022307239637829875,0.0
-0.19356634298110897,-0.2608556622360123,0.0966044612231471,0.0
1.2315084329728414,0.6000181056200049,0.06829292945544681,0.0
8.414333655886804,0.7490890564877171,0.09752950185662058,0.0
-2.8938234285771607,-0.08990804928081109,0.028012624680121393,0.0
1.0181139922142375,0.6563312057339923,0.08716896148740302,0.0
0.03112455877522713,-0.6373071898680668,0.3661821378485621,0.0
1.5380280088355622,0.5573112557971374,0.05617900763625914,0.0
1.2864948793899398,0.12594109594819458,0.015915666040070657,0.0
-4.458684880128316,-0.14113088842211485,0.04168026882600643,0.0
5.082008153625152,0.48718577321612777,0.03186521031909179,0.0
5.916800168402444,0.4084975185469939,0.0089760966209224,0.0
-2.2101809459205937,-0.5198844838432262,0.15294697065232077,0.0
-2.60453264347208,-0.5061213534368945,0.14715602723609028,0.0
-8.514158018444798,-0.6326943393310295,0.24783268984206183,0.0
5.418337294574576,0.6277320688794936,0.07027361837678701,0.0
-2.6309196444058864,-0.6854986968824225,0.20077025255836023,0.0
0.14399704138691583,0.31939710018576273,0.0007189345769218126,0.0
6.943380860903883,0.39370079390718415,0.008915499977772915,0.0
-1.7130369102883378,-0.20700756909531537,0.06579731781640892,0.0
-8.16298976952902,-0.7120525539549292,0.19432558851054024,0.0
1.1097993697735724,0.5461559757049577,0.056726907166633006,0.0
-7.1290468222181165,-0.03757449809148561,0.012003786657187265,0.0
0.7673423491899545,0.08646237364799125,0.0009934467315979986,0.0
-4.422259917416384,-0.11599973374108252,0.03614046900826136,0.0
-0.5367359371848615,0.05190857250031866,0.0009192261218908831,0.0
0.08990449527823863,0.1420473782588758,0.0006478453230703946,0.0
1.7402859913462763,0.11688714648318688,0.0007071190217840037,0.0
-2.6163418008434443,-0.2095096026088158,0.06576319624170493,0.0
-6.670797641263496,-0.3806554812457802,0.10761332334439724,0.0
-3.8618972329334644,-0.343881385309396,0.10201109393478137,0.0
3.8717625245841276,0.2013706079106098,0.0006465886541068386,0.0
1.0170535738104594,0.6043091451556288,0.07691198567226948,0.0
5.308259033832494,0.19012545002218617,0.0006375715222691124,0.0
-2.8332436129488556,0.041171218370743,0.000414460646932865,0.0
-8.13169073886051,-0.4839552021767057,0.13508541283424627,0.0
-0.7866351847218516,-0.20625117096573675,0.07410560345773634,0.0
0.352805854849672,0.25439835875177175,0.0007626872820982794,0.0
-5.900086896510102,-0.38607522079662415,0.11162327229769342,0.0
0.16104715294660288,0.307914130977067,0.0011980262263463948,0.0
2.8665370786384727,0.409176565951223,0.010704642263609282,0.0
4.516663454185764,0.7518319405698108,0.10934218889925115,0.0
-0.8945600117381325,-0.6721142197064669,0.24694034182674998,0.0
-7.6909034107463965,-0.33307258487442026,0.09562158491588325,0.0
6.472499868073125,0.19764332819561292,0.0006391464442471723,0.0
-7.3968599743590495,-0.69005485663364,0.19785938410004789,0.0
0.29874690321856434,0.4322751781840284,0.02574838556023922,0.0
-1.2633381903738927,-0.032116603628326024,0.013322649866415043,0.0
2.525235371585824,0.622670800216623,0.07853693952115123,0.0
2.7944681685440464,0.4735286695611933,0.032344979822488,0.0
-1.4386393112730822,-0.37885093153497856,0.1278815299129235,0.0
5.007379725730807,0.12936584363760917,0.0004362763016638515,0.0
0.6363041323019782,0.10056335914233949,0.0026385106987859928,0.0
-0.8297134229255905,-0.3880904654838914,0.14028411534994487,0.0
1.0961760845087447,0.25248945414393553,0.0004554258506029639,0.0
3.819838032224249,0.23193514937794113,0.0006723444419323742,0.0
-7.43829169597665,-0.5962722402865426,0.17260065332754268,0.0
-5.62961863891076,-0.09973272801500499,0.03231334785731455,0.0
0.5822807784696362,0.6456924854469339,0.09983641870604947,0.0
-2.4584536372413455,-0.6258522452321371,0.20298953215252494,0.0
1.3558036860573246,0.30341232958298137,0.0007024608768556406,0.0
0.08396160447659895,0.21494157652172186,0.003880231357212054,0.0
-5.708818008169591,-0.649488915611967,0.19384818422156364,0.0
0.0030857840830478267,-0.3569786878841974,2.5134022128169446,0.0
2.6725919609540885,0.10451913273271196,0.0004878716490578945,0.0
0.04528744526095174,0.6269314859987265,0.14140274986523113,0.0
-0.3283797141246172,0.008762320018702363,0.0009361840629853506,0.0
-0.5351817669430865,0.029807708079555573,0.0007490858111256215,0.0
-0.9188450440044038,-0.33704611782253846,0.12296562630966952,0.0
0.7406538922303323,0.2291468759573796,0.0008014117821068317,0.0
-8.025576660611021,-0.2864592532823009,0.08509457261556215,0.0
2.0004326214491712,0.7097546414806595,0.10847015112326278,0.0
-4.318822288552811,-0.4054491251263376,0.1254785388444753,0.0
2.180879413328473,0.2846966789546004,0.004575057258265219,0.0
-7.268937378499847,-0.4931931136510868,0.1454642987645396,0.0
-0.2823544573134722,-0.40612604022074317,0.19979749895427387,0.0
0.79810322733241,0.1792671845931889,0.0008203274328602934,0.0
-8.656338751671647,-0.5858896298251726,0.17070416964897872,0.0
2.450084753515137,0.208106683419512,0.00038226777614528806,0.0
1.7404652713366744,0.19382070278336594,0.0008313201669215035,0.0
-3.778177315499197,-0.3639899751801737,0.11532812470174152,0.0
-2.1946428487735012,-0.10722089832328863,0.03896453141565509,0.0
-1.970475762579178,-0.2961398768913974,0.10114266747404484,0.0
-0.20178604011437606,-0.24609629007073863,0.11946441779105044,0.0
-3.8211571852774293,-0.10623343159586707,0.036550989237907505,0.0
0.06781406984893401,-0.6722286094298133,0.4147339328241503,0.0
4.241939097773757,0.5673000262337489,0.061146325793569434,0.0
2.2164189967324077,0.22409915660334534,0.005334257587944332,0.0
2.732097549680409,0.46632269985735464,0.03157434041468103,0.0
4.405727073107846,0.25076918607351506,0.0006368619071589485,0.0
0.6782752854132834,0.1489307193984325,0.0006120647711955004,0.0
2.536989002988923,0.3676188251429522,0.0004235220178249471,0.0
-8.260016688602247,-0.5134190251498849,0.15309894526442924,0.0
3.7677405705561995,0.15605668645444448,0.0006171711680351323,0.0
-2.2246599913869396,-0.18098694506545154,0.06411940051226885,0.0
0.015729343359625503,-0.465642341602856,0.4821924022563227,0.0
-1.1130430035678414,-0.4885251826942119,0.18445839571836728,0.0
-0.4967650835066255,-0.0040135724975198794,0.003259350364827906,0.0
0.8096075275280228,0.28925229226964544,0.0010771808631969593,0.0
-1.346225972398397,0.044088853839346465,0.0009500287081872953,0.0
-8.534407407122773,-0.4986199222708747,0.14971385010087412,0.0
1.2642809068275795,0.6335415727636167,0.0934263108286594,0.0
5.8943747195295355,0.15486252807503176,0.0006069825949631325,0.0
2.0639349445788433,0.2713345379046661,0.0006820720263111887,0.0
-2.002929187214482,-0.05234500375884499,0.02156621127668401,0.0
0.3942308934793033,0.21075944988479078,0.001926369855524322,0.0
2.1564747467554,0.6095685675317324,0.08107245793752166,0.0
2.2871832079985097,0.3092453925531069,0.0008121904999732394,0.0
3.4597486721392947,0.5609988685121579,0.06231925005318834,0.0
1.1585946499181166,0.3145053907554878,0.0010035488361620436,0.0
0.897066382242544,0.12936854128204012,0.0010107623179510328,0.0
1.645869343450384,0.23097299919506953,0.0005090931065797208,0.0
0.10883248284139135,0.18402370165401039,0.0048813974974968154,0.0
3.3822544967502086,0.36756867940482163,0.000563218319630545,0.0
0.5260391364488282,0.1960722200386087,0.0004388769408564718,0.0
-5.3671227936419,-0.5469248603211128,0.17446005331261805,0.0
0.9768599987317668,0.6429340651521114,0.10102481854638432,0.0
1.5546483493659764,0.5421555237743254,0.062106137223372805,0.0
4.273246330450476,0.39730879844931,0.007246217358271151,0.0
-1.6391346591488656,-0.17395691813833603,0.06610089052670488,0.0
-2.7682885011351948,-0.5867170506845185,0.20513016760381733,0.0
0.9734793366918275,0.2608292351137331,0.0013217586460268123,0.0
3.79392350346329,0.14692639849288713,0.0006185331503407716,0.0
-3.3031421703704726,-0.13072189179792537,0.047187449095630885,0.0
3.56718766527621,0.6326562401736382,0.08543201313986137,0.0
-0.6113176643887517,-0.00457091734412729,0.003816644173599705,0.0
2.4528623084988226,0.28491001160333096,0.000541245509018233,0.0
2.6619766833079215,0.4685658916938489,0.034217065037739525,0.0
1.7536760668043563,0.3150143341977836,0.0022026079427355976,0.0
-7.866497821751415,-0.5584853640037695,0.173547995955998,0.0
0.9156435378599141,0.2275879064573817,0.0011469911560427616,0.0
-4.190737375078163,-0.5932325494065921,0.19878980853703046,0.0
6.375660004390683,0.37481811614623717,0.0005650565329665361,0.0
0.6450542616727599,0.30488002941739323,0.0013481657211255572,0.0
-7.924767360074468,-0.726172866768654,0.2303164762668759,0.0
1.984445713486867,0.3434796219532672,0.008783251977190862,0.0
-0.6895766330997652,0.04701063501440328,0.0075844220442631725,0.0
-6.7134691519373675,-0.3813624704820162,0.12105004997259951,0.0
1.1021846681461884,0.6004430401834195,0.08665795689647719,0.0
0.9792930349573599,0.34525650142836417,0.0016048258027569248,0.0
1.7026741757552095,0.30626960565454286,0.0018463543521848292,0.0
1.219135862341627,0.27395283341690013,0.0010731665473647039,0.0
3.2769728020641455,0.7176797921616485,0.11360579112321417,0.0
-3.557866418291269,-0.4679515552251048,0.15935029801506362,0.0
-5.866334683134929,-0.07531538695703721,0.02727850552291303,0.0
3.449073749306157,0.3287129691665249,0.0006950431556199269,0.0
1.1718764756208415,0.16730259601770514,0.001074568292761272,0.0
4.458086151044734,0.3437625716301651,0.000793687320658959,0.0
0.16982262172993146,0.08810604703203129,0.015594420001928951,0.0
-0.295773823649915,-0.14046917482359977,0.14148036585544915,0.0
2.377009074143503,0.24114274015720083,0.00040287528812130564,0.0
-5.765988656143493,-0.6488434607890373,0.21432683781542342,0.0
2.080286303939289,0.3117964869590455,0.0037337145316301244,0.0
-3.6839170187176746,-0.269127242224144,0.09316969279158245,0.0
4.3254069261280215,0.1782909391576395,0.0008052186273723792,0.0
1.048191808556389,0.21905918543402958,0.001529379778608651,0.0
1.6710307173376258,0.42823657674441895,0.02182067698471337,0.0
2.5492142574824737,0.18963631817594861,0.0009013543795897797,0.0
1.9685629760804026,0.37383966510266875,0.003064004085291733,0.0
1.1461270640393781,0.3535092287120962,0.0004821742287250746,0.0
0.048912281635010046,0.5226901873716179,0.1186622696506975,0.0
5.496242149690543,0.4911179816604849,0.039676280590076045,0.0
2.385576214189017,0.26774951103778566,0.0008042262648993808,0.0
0.07683633862280992,0.33762098144284214,0.009501529627130982,0.0
-0.5265761413230816,0.006773725350212145,0.0015602409028811848,0.0
-0.10616725493333767,-0.12330091465966708,0.1080195146773652,0.0
1.358487339872699,0.1958012678665646,0.0016849612725689915,0.0
7.982771769761992,0.3935356400825656,0.005625405008578244,0.0
0.418885354615524,0.14353386591185735,0.0019205011708320417,0.0
-7.903265534730442,-0.5764372354284102,0.22802159543110187,0.0
-4.945603359117316,-0.21803860425116706,0.07523172442776768,0.0
-1.4903250256681,-0.0799858916759868,0.03528766727498934,0.0
1.9908218635308081,0.3271290347220073,0.000922664218301943,0.0
5.842590263001046,0.6203803315188265,0.0805114217332778,0.0
0.6063157532985226,0.3270680800939503,0.0013246905674492025,0.0
0.4580985260116801,0.162554404468081,0.0018519293803609406,0.0
1.5871052710746092,0.2696329459700548,0.0009130480182162457,0.0
-0.8774420771904063,0.031033657904623646,0.0034048504316700934,0.0
-8.433532390080025,-0.24278905658109284,0.07922758414784024,0.0
-2.464853582905831,-0.20748932661797237,0.07803313360967022,0.0
-4.37671295863864,-0.13402259485743329,0.048936499524053226,0.0
0.5585637390553195,0.6645910270880013,0.12358814104119539,0.0
1.7720011694197417,0.3543177898510588,0.0010913210523473655,0.0
0.2637067277435694,-0.35057711467999036,0.2918462371984449,0.0
6.371528711924757,0.39446347798142734,0.0092826100828762,0.0
2.0973635660100722,0.19607569523401547,0.00802892197771285,0.0
0.6864162748530891,0.14860943152994244,0.0017734444147245565,0.0
-8.622837993082534,-0.18032612734543696,0.060278835424072696,0.0
0.5566618127738785,0.15495334266360716,0.002230832120007541,0.0
-6.377819897734373,-0.5807663429475695,0.19433847050771702,0.0
-1.735767648184198,-0.31743615857568697,0.12420340751013575,0.0
1.0532405338026631,0.3343915249818894,0.002267716285119938,0.0
7.6994945321135795,0.39971514861227564,0.01201793654098135,0.0
1.4872250353120986,0.24551018365038657,0.0024776540411692183,0.0
2.099475563331028,0.37770529367878414,0.002031222292386554,0.0
-8.68521175304235,-0.010355944074921242,0.0051080843406074725,0.0
6.105643336401595,0.41834440889683466,0.015521065321327545,0.0
-0.6957617383744523,-0.1480660783776896,0.07105427898450632,0.0
1.3550177536760017,0.35080070306447486,0.0012499930269662758,0.0
0.29876638290337176,0.307261744234276,0.0036369897638127155,0.0
3.2038655690450923,0.3867104856712973,0.005555410501264503,0.0
4.414735399273551,0.17485295444313054,0.0008704643825563936,0.0
-7.272743290943126,-0.5132559667634055,0.17031379582838924,0.0
0.6728763298284797,0.2932489900420392,0.002176545948351733,0.0
-2.5527968565661716,-0.23042401362657372,0.08812233073464283,0.0
0.13176504119652144,0.26827706186166966,0.008270213252716891,0.0
-0.1948094835110208,-0.14784574090821712,0.12396430932664851,0.0
5.076227988437456,0.23613191203563433,0.0009114153280881358,0.0
0.21280356272827916,0.2731808893780987,0.005354628489434428,0.0
-5.09499374795754,-0.5449240239515349,0.19207391974507268,0.0
0.011447103110468149,0.22148262872215596,0.1827490169921464,0.0
2.7082268937810987,0.5481213214355287,0.06529034179539189,0.0
-1.930854140683369,-0.3115037833657757,0.12328691937940256,0.0
-6.762800193801349,-0.13243604232008155,0.047614553201054184,0.0
1.781910758448408,0.3496597624822195,0.0038053491061282637,0.0
7.5869377310110835,0.5925794073514317,0.07235207455211262,0.0
5.354408875661397,0.6269147763759986,0.08598286381109585,0.0
3.2521946409198357,0.5790002318299838,0.0747000391652681,0.0
-0.556763316914223,0.0033856930076991976,0.0022751451563971575,0.0
-3.5813332400309434,-0.15988277367317139,0.06102677738053768,0.0
-5.32889536825104,-0.1998719444896475,0.0715542118482556,0.0
4.068142751205897,0.38977315124601697,0.00546673814643016,0.0
0.38983278890448325,0.2907633890666068,0.0037223023963283246,0.0
0.3311783667401045,0.20015583672424775,0.003971317079386338,0.0
1.6943001250585716,0.2712093927636827,0.0019341393289597144,0.0
0.8570500236161056,0.21467916164287704,0.0027310344500371853,0.0
5.303659053168808,0.39214494200407857,0.007872165490060505,0.0
1.8476579540041627,0.7546802328164697,0.14164532937810487,0.0
1.8662414190610424,0.30884072183851696,0.0033666726911055233,0.0
0.9514888784433531,0.3454636849282784,0.0024050626629755637,0.0
0.03165594158899587,0.5134134339074139,0.17407194067747966,0.0
0.0479341641328741,0.4808367374153997,0.11990411287727734,0.0
0.013967508284782326,0.5962081835644659,0.8803211780455072,0.0
-5.736029670732838,-0.1824457784209208,0.0659765545772469,0.0
-6.669626351053813,-0.013537164252606426,0.0071440508540187245,0.0
-2.3581317676713134,-0.44319162039219245,0.19716353236816386,0.0
-3.052461487582569,-0.4228346567342657,0.19406349930935,0.0
1.69179375431837,0.35229868898659733,0.0033483619179185253,0.0
-1.7878938363337111,-0.026267803116046817,0.014751022042386647,0.0
0.5470109277160198,0.29309370805896107,0.0033141857640548457,0.0
-8.177199148434715,-0.10607806097333261,0.039065836661098495,0.0
1.2354796088441198,0.31526164429913783,0.0024610079560646015,0.0
-4.544364020056172,-0.34711092967479723,0.12597573049143374,0.0
-1.867562252065948,-0.34951583257359287,0.17898329390779683,0.0
1.5871263404525013,0.3797646656723308,0.00457039925358172,0.0
3.1958449257692507,0.38859964436351424,0.0061131557653227725,0.0
0.02340716647654162,-0.40248631639080457,0.731871864106725,0.0
-3.5436247890622434,-0.41078542078281527,0.15603562221465075,0.0
-7.955812485877462,-0.4368100213117951,0.14911633241151365,0.0
-0.5122651272970558,-0.22033479657451116,0.12706414444319897,0.0
0.5914606401769511,0.11922970242712483,0.362341374623077,0.0
3.0451372664898955,0.6455449112052858,0.10033258865169054,0.0
4.292681813810924,0.4351296610750741,0.023935251294535973,0.0
0.4800935685552279,0.3687468279063917,0.0035469807105171797,0.0
-8.108754848150502,-0.4659914576917042,0.15993640446007412,0.0
0.32664364254013023,-0.12217655192507781,0.24869939100963798,0.0
-6.58690567597082,-0.5570710947087425,0.2056869261205583,0.0
0.7971609686752981,0.25453434451136414,0.003102291894613033,0.0
2.131541459623028,0.3125785337125453,0.021802169265341217,0.0
7.792404274394876,0.5390129173008267,0.05747849560379676,0.0
-3.0019938819336405,-0.4386982354900994,0.1920437136637657,0.0
0.3026161047197746,0.24672356925858407,0.006463623088099051,0.0
-8.685465221479483,-0.5662348678807849,0.19906184818490325,0.0
0.9940393040873641,-0.6862855490871835,0.5584906269534168,0.0
1.2161924241744355,0.31800020606756885,0.003066129777401161,0.0
-8.354377019585732,-0.41843896621805177,0.17748238901873845,0.0
-0.9655357993442752,-0.04564694417595472,0.02771071423892487,0.0
-5.0569109430806565,-0.46654642053592466,0.17521934613575393,0.0
-1.428514556339418,-0.2034752617483121,0.09241663809181921,0.0
0.8669599750144776,0.30293399616653227,0.003051014249001281,0.0
-5.255858808916823,-0.02279582760186316,0.011462937273827635,0.0
4.533279909757022,0.4695974423796123,0.07889419081777868,0.0
-2.3927154939717665,-0.12709044097232614,0.05564068933459198,0.0
-0.7003093769559898,-0.025123210382004824,0.019743537438888053,0.0
1.017280850471991,-0.695047256671795,0.450379982486122,0.0
4.338871759103675,0.646325005901297,0.09889535863735088,0.0
-3.981504817659813,-0.19442629426284397,0.07642086764675386,0.0
0.4998340142141444,-0.6056237656755425,0.3976803142715742,0.0
1.9697277487829794,0.5838706812896026,0.08636188025663978,0.0
0.43684999841218364,0.38923335038162254,0.013517480075535196,0.0
-4.885190637534002,-0.23121603783409617,0.12267696939140747,0.0
-0.9258306216275747,0.003976250076546006,0.0029225793897807114,0.0
1.6435839988451715,0.3725477843424956,0.004439019154277234,0.0
1.1368234335575913,0.24615908456298619,0.003780312342125367,0.0
0.02427490456236825,0.12355648265853914,0.22589564638138432,0.0
2.1876438897475143,0.29702647393631443,0.02915992341157097,0.0
-6.9526732980903585,-0.4917716292586763,0.1809811944854264,0.0
0.02359838607361553,-0.46556835343811886,1.312283858699407,0.0
2.1167868420746654,0.21290629944871653,0.01724986161564313,0.0
-1.6159038035689601,-0.30536342292159385,0.1414828805756918,0.0
-4.208558900027285,-0.1453994050458286,0.058756809298368115,0.0
3.171543536606382,0.5707804497777793,0.07696553656950028,0.0
7.084279876291312,0.7424121483305166,0.12500550728651055,0.0
1.9940946937784254,0.3331543468999387,0.02569857288641466,0.0
-4.68590630239082,-0.05474382340127926,0.024776875931941847,0.0
-3.489786535477206,-0.36487402603487484,0.1713637154523861,0.0
1.7907296788992344,0.19028429011983627,0.006131110025339135,0.0
2.2352200854823145,0.39916356798984864,0.06012477011101458,0.0
-5.84724064415602,-0.4729249110913495,0.18382194913671726,0.0
0.02141062080760392,0.4246082326865295,1.8041293219519798,0.0
-7.860429110108717,-0.07506463713158817,0.030528394590037016,0.0
-1.3982014916357768,-0.15141343387375228,0.07350770867748271,0.0
1.368302622135154,0.1796499496658729,0.004066946336385059,0.0
-0.29537029627584666,0.02278124415578897,0.007801515617817435,0.0
0.8289883922974326,0.33229234006193464,0.003785977460969045,0.0
-0.709599593822805,-0.03354928126630652,0.02562681951160013,0.0
-7.485789900183979,-0.4970176432686922,0.1886848384881012,0.0
-8.45996544136797,-0.03878565111269827,0.01735139570972051,0.0
0.834663984067662,-0.5836559546239286,0.466458759140489,0.0
2.3628531182525965,0.6788776879717959,0.12088153897921465,0.0
1.823851150620003,0.2434600659106061,0.006370403114441121,0.0
2.244722163814174,0.24338301689022668,0.03363430723918907,0.0
7.0654448290135825,0.6908622546791487,0.11054775951054968,0.0
-0.4556391591306497,-0.135647000464308,0.0949502919669074,0.0
-6.309132016382041,-0.06709358422912448,0.028914811276768274,0.0
0.023614286155767772,0.2377152871652225,3.5070223242581693,0.0
1.212197707436209,0.31083890201375164,0.003614593724418971,0.0
1.634378925591081,0.22061149903139832,0.0049734265854151066,0.0
3.563106398172229,0.3958434724647131,0.011016675547516041,0.0
-5.837240445125645,-0.3153433548986722,0.11930912751878481,0.0
0.49003272982753465,0.3473650139442872,0.005412386676379703,0.0
-3.8689268657769906,-0.35455279016904906,0.14441918929935613,0.0
3.221218636756639,0.39702275840018597,0.011339334674257635,0.0
1.6776611165406337,0.22182240880642923,0.005216141584356526,0.0
0.470161085029968,-0.6263271422630952,0.422921678783001,0.0
0.5855192455517315,0.26991472795972427,3.7239744989921224,0.0
6.082703097983789,0.40364973447508445,0.014445270488646684,0.0
0.6269395626812599,-0.5929706490649441,1.4892049818986328,0.0
-2.5593141426209076,-0.25233236223032174,0.10971876954327295,0.0
-7.322191279110529,-0.2883015305283386,0.10657032408449224,0.0
1.4978819426451366,0.2654845951821563,0.003622405167334539,0.0
-3.2307226403637044,-0.01695404222485486,0.014493250547917272,0.0
-3.2790140256415317,-0.33123590283848103,0.14006331799448696,0.0
-4.415597395017621,-0.3959374043636571,0.1678238465109382,0.0
-7.886326964001713,-0.037012663730129236,0.01742285319962564,0.0
-0.8825090678773391,0.006630443585293411,0.004052250705805221,0.0
1.7758031947560404,0.16314151583569036,0.01319157551007999,0.0
1.1372816424474887,0.1850960576186752,0.004310463671300388,0.0
-2.65969004172518,-0.1309835306581415,0.059788603722647646,0.0
4.9647001891327385,0.742118762049752,0.13329952534350425,0.0
-6.075483454000359,-0.22924069674509218,0.08862369586711381,0.0
7.444121196546494,0.47930196820989734,0.06524075887710316,0.0
-1.3812062417865052,-0.21795095238390882,0.11102575499509476,0.0
-0.33233875660495293,0.045193976858318274,0.013995997740050515,0.0
1.7580126859511562,0.18446519489248736,0.007582255181330783,0.0
0.3956701662806523,0.31599510051657487,0.007334224341410613,0.0
1.5930665555363142,0.16314647953348382,0.007159829898995491,0.0
0.3425149238747327,0.1721912672967758,0.008023442020747076,0.0
-8.630744273412075,-0.03353417830966632,0.017101942636541988,0.0
0.47135824898889567,0.22581774434408886,0.0073074202726014365,0.0
-0.3420945318442641,0.04440287176714841,0.014122188028713952,0.0
-7.170017134024757,-0.13561659604951315,0.054286645197764424,0.0
-5.868878591195472,-0.23696713159613414,0.09306434651128913,0.0
1.5257168928082887,0.4565916041092093,0.04283361613748279,0.0
0.20464815068137554,0.04151723841082966,0.15676867254223883,0.0
0.22589310959231312,0.6901528368817582,0.19894893056583488,0.0
0.5366163078899397,-0.19698312935689177,0.4197299465737163,0.0
0.6963595534398035,0.2729425134576986,0.005482916144325468,0.0
0.0328157365856061,0.5732380893313878,0.6767703730642374,0.0
-3.3892604098517483,-0.021356221331178316,0.01707234475716062,0.0
1.1891914109898796,0.6239727629184209,0.11683209458131834,0.0
1.5613479916175947,0.5124001831474112,0.06698353183262958,0.0
0.20582123251010742,-0.34705690295220726,0.36548925524650194,0.0
4.565386995043982,0.4763269878997587,0.08318288259847637,0.0
0.030982592686326527,0.275282352981604,1.4306369818142055,0.0
-4.7170948427442845,-0.3459351538088498,0.1543045717574049,0.0
2.0390607946994646,0.27396657287692716,0.009657846012778805,0.0
-0.7777636461170347,-0.012515936457653698,0.01619268689465894,0.0
-4.719054979356791,-0.03814920331287941,0.020453534622104145,0.0
7.861424674793177,0.4806296890081265,0.041693449159905936,0.0
-0.711604545410033,0.03687205565845342,0.015652945735805574,0.0
-6.2658706286761,-0.33524775554782843,0.13237098269174816,0.0
0.5774133860401545,-0.7313975224377418,0.4765474579674451,0.0
0.5192445326859456,0.15516467045000182,0.007045311000327595,0.0
0.43582197527048194,0.14860658123000292,0.007755843152858866,0.0
-3.6119185015698,-0.3167035413763438,0.14344973353584445,0.0
-2.841529842585464,-0.13827588817299685,0.0922822370225455,0.0
-6.817950529384369,-0.17069603206261064,0.06843460238130045,0.0
-3.893870515813733,-0.2440572261499503,0.10417228900855209,0.0
-8.135339316036516,-0.2852816880443779,0.13069397709670627,0.0
0.6781468279859517,0.5266641435828472,0.8906909126556812,0.0
0.5939894091795885,0.5860221012470237,2.2914304348546826,0.0
1.042573389780685,0.5118316786912087,0.42592162910354003,0.0
-7.541637291207352,-0.29291724562772364,0.11316327982285444,0.0
5.9576513165288585,0.4647451616172935,0.0378194456063292,0.0
-8.068408841303098,-0.2437035681164671,0.11614635731660326,0.0
-1.722401421087449,-0.12200477687646716,0.06446446508897487,0.0
0.6523049923212962,-0.6683764651867765,1.2281871362293235,0.0
-0.9251676064428604,0.004566963316775308,0.0068435539917638365,0.0
2.9435327786406216,0.5661520342542252,0.08235961340829687,0.0
2.026111497981651,0.39288553316243946,0.013984916555023642,0.0
1.5005219548208277,0.6013893586798384,0.10597347735741725,0.0
8.534916375219211,0.6189213137174012,0.08943918288003727,0.0
0.3118836647671248,-0.04637888185998296,0.24031871866883908,0.0
0.13490347503188715,0.21402236622612592,0.025844545425645286,0.0
0.5672464893428995,-0.5974260367601875,0.44833967630824745,0.0
0.7800619316351014,-0.6103603612632694,0.5024463278895137,0.0
-7.123528946539974,-0.24458126685647275,0.09667823981028141,0.0
-7.383008367948472,-0.3600602255527994,0.14784406678718715,0.0
0.6557757040467251,0.23600630665639533,0.3872395580430652,0.0
-1.512999283935768,-0.127237123285324,0.07032300333933401,0.0
0.03968926246147397,0.2373468316238604,0.10446854118202734,0.0
-2.5465547565718074,-0.07831474305540342,0.0647316805966883,0.0
5.733199175729256,0.4693807608792129,0.06557568258400541,0.0
3.73824301466861,0.5234859066904185,0.06440772643142625,0.0
3.7884702137349127,0.6013518895909868,0.09353272911207319,0.0
1.3993458020550822,0.28896169222760903,0.006843825197113724,0.0
0.6624249717001014,-0.6748281289772737,0.48221081316445225,0.0
1.451590620270034,0.5929902015235997,0.10521411941087469,0.0
-5.667740588076631,-0.19137843436774504,0.0805869835206404,0.0
0.4604142255027508,-0.2753205759932226,0.37647865340165937,0.0
0.5567366549630517,-0.1804594534452837,0.5773783954724153,0.0
-8.030112478023499,-0.2922268402478583,0.11558852633120319,0.0
2.1269030606316637,0.2465350721034738,0.022657907492529675,0.0
0.9644755096984845,0.37520050253341175,0.007819924694909778,0.0
0.6097512989752083,0.4096727940495699,0.032060172495926124,0.0
0.26304952775668333,0.40068434780972484,0.04204260200445751,0.0
-5.8470671620971375,-0.15429036775252136,0.06640501219966016,0.0
1.2396313752637482,0.3125368524084502,0.006517976873685608,0.0
4.564870005987958,0.5762229435336361,0.08326494329150579,0.0
0.5792404535818285,-0.6204965920032167,2.6923317802661004,0.0
-1.601535596373095,-0.03275225470036103,0.025696992691926927,0.0
3.9393952614441403,0.6455860688180739,0.11075248042356482,0.0
3.605824463198404,0.4513809688200141,0.03743766465440199,0.0
-4.347244417045262,-0.08437796170523171,0.05704022134341485,0.0
0.048002842054989614,0.43439933047217427,0.2850575515482429,0.0
1.641496861618096,0.17081732446270526,0.010561366602144111,0.0
0.04415199631957911,0.4422843048649807,2.977687744290493,0.0
-4.166084399451732,-0.24693494062780763,0.11434160297297499,0.0
-6.979461438377708,-0.27289260993708236,0.11352312264813838,0.0
-3.036608033858913,-0.20195557428144406,0.11105594644827457,0.0
0.6500351278209511,0.29938538690800875,0.00867731717466125,0.0
0.5446032686092028,-0.10442699714267256,0.6146114705081279,0.0
0.38108725521861686,-0.289721770879969,0.37045617785114243,0.0
8.630355473401107,0.44448741143677073,0.03069318581033277,0.0
-6.40861767525457,-0.05695486080369272,0.03396960215238055,0.0
0.5716136585896177,-0.389308688744017,1.8859505680503614,0.0
8.550192326676488,0.6951092893611412,0.1181178695142338,0.0
-3.698806006703567,-0.1085231582478956,0.053892712333929164,0.0
-5.4044628667766865,-0.16830552893679884,0.09147045030513773,0.0
2.41310192949687,0.46280979059061833,0.16927649618403642,0.0
0.13576344955776598,0.18418193105046154,0.031187852237755574,0.0
1.4755516170168033,0.16322532160516123,0.010126235116726136,0.0
0.047547993221558116,0.4600939984434971,3.0550209652018734,0.0
0.2772845087402658,0.24494892860282658,0.01815798428274722,0.0
-3.251724517319923,-0.035357164864853186,0.02702630098182187,0.0
-4.358204868642069,-0.04793881234686792,0.028851225504969782,0.0
1.6973421939458238,0.6942540847263745,0.14730322141514204,0.0
7.536259882367197,0.4994811479150678,0.05208699466281152,0.0
-1.422847462570627,-0.13793530344169003,0.09022722391913598,0.0
2.922897181395731,0.6142834450412344,0.10598972231949438,0.0
2.851146259769516,0.6116199451901261,0.10541455049967266,0.0
-5.148121291746838,-0.05160058010927249,0.0314320834174584,0.0
0.6706730471454154,-0.6654785043364759,0.5238433678523972,0.0
-2.3368497067488514,-0.05630386465473569,0.03628200636226003,0.0
-2.979191099180608,-0.0794559735571928,0.044679063111622404,0.0
0.8776106055033672,0.19180848128616224,0.1456210634199957,0.0
0.5615876540863596,-0.24928051370360826,1.0390321750460816,0.0
-0.35925319066309314,-0.0026809877913035463,0.049049165905336346,0.0
3.0085137898733034,0.7169920180810725,0.14494958955448617,0.0
1.9703059605971518,0.7049680998646017,0.14954740774444916,0.0
-0.5636175264196357,-0.0025626134746332685,0.020741705627662723,0.0
-3.86905826176631,-0.14968823725371938,0.08769334752147993,0.0
0.5235536847031046,0.3090634912325998,0.011188430804437412,0.0
-4.757431870226503,-0.11801940020948787,0.05716187324318172,0.0
0.5167692647935684,-0.08493155911234318,0.4990891107110239,0.0
-6.249782757642555,-0.24011773205832654,0.11043570762909102,0.0
8.44272458459044,0.5366438076021736,0.06550834013919989,0.0
-3.638074301654311,-0.15065366020250193,0.07502315530491505,0.0
0.5111578809269499,-0.04362627994067614,0.46816249511325186,0.0
2.210976803731354,0.6231428503176841,0.11563209985989194,0.0
0.9991346838255808,0.3593422998220803,0.008447664643278858,0.0
0.05476724430835844,0.12929744395085196,1.7259211031410178,0.0
0.1804236091703082,-0.6503458386895571,0.6477761787422611,0.0
1.6012791156193416,0.5329957352255399,0.08389429557220898,0.0
3.847435525952786,0.47148292186494234,0.047528472581118496,0.0
-5.309224651319893,-0.06313853819094173,0.0386219820167901,0.0
1.0265720518896657,0.6034593170480904,0.510507042310287,0.0
-4.446548248791152,-0.148873726718301,0.08454113810898449,0.0
0.5620781634651859,-0.4479055019384406,0.4982711929354743,0.0
5.7244000984671555,0.743681215439695,0.26422970426079523,0.0
2.4896370337707854,0.5627032200660025,0.24904672590074842,0.0
2.987132868644574,0.4205385007819995,0.04467364214775614,0.0
1.9402572008832362,0.2049474074805694,0.020652595033936176,0.0
-0.33025064235052604,0.02321288659113485,0.028466874590063574,0.0
1.2664849035278127,0.26745711871210776,0.008176612456617645,0.0
0.546314079279318,-0.018060023578243545,1.2489380205196998,0.0
0.6369949566918791,0.4293958014322541,0.049578698740639304,0.0
0.5552188825514683,-0.4874076691409795,3.0510420491872727,0.0
3.8148993241074116,0.7540799818542925,0.15606285399295725,0.0
0.07368595560251379,-0.478945558465302,1.2152696657198687,0.0
0.553409649326138,-0.3678834891886396,2.2683788614312395,0.0
-0.8830760362657264,0.017237506634777744,0.015619628335170364,0.0
0.8925549432317137,0.16914001060993267,0.009234705263977497,0.0
0.7527375696167908,0.35600381969353134,0.00994009825547672,0.0
-1.6210419289982116,-0.04568124451179045,0.03704093061027792,0.0
3.138740162568734,0.6286933433706674,0.11356260080490974,0.0
-2.78335162834348,-0.11403224871551898,0.06462586095514461,0.0
0.4308787126158542,0.522099387626912,0.11328391082169505,0.0
-6.521339046792696,-0.08660081221467963,0.04439498315650604,0.0
-7.789810415298969,-0.08909019588944145,0.04714054831544833,0.0
-3.321824621020556,-0.058821691000564336,0.04291934033878235,0.0
-4.742476132193392,-0.16453416492635553,0.08201419650358158,0.0
8.407968696565774,0.4712642884457876,0.04356305780802197,0.0
0.524977048585038,-0.0578455680769272,0.654139080474359,0.0
0.6238504624237304,0.3601253229606889,0.01168764989388742,0.0
0.5985117983926962,0.24376640762456514,0.508950339694936,0.0
1.282079920895356,0.38345273269763,0.019351115342595145,0.0
-5.232356221255745,-0.09718375618937636,0.050673288390824245,0.0
-2.846305284138234,-0.0585966581331856,0.039591405077496,0.0
0.06414027293749847,0.21763285173608327,2.033038025327129,0.0
0.08492071903586407,0.06659508827000682,0.3113458163031117,0.0
-1.544380309306029,-0.06724199395829955,0.050844769495191074,0.0
-1.9544681808576696,-0.03611532354824731,0.03772753135357096,0.0
-6.540922275904761,-0.14685130258622914,0.07633658846663653,0.0
-6.151577086020146,-0.08494853008707348,0.04587619843482477,0.0
-7.141561299831848,-0.18428185477708237,0.08827985169446435,0.0
2.00099263506797,0.20689601491002418,0.05185463519732388,0.0
0.17471339125313,0.7061062753927865,0.2893812063698205,0.0
-4.893559689757521,-0.10107524176991167,0.05341302892904293,0.0
4.116477370930504,0.4347708601008835,0.04314349506698494,0.0
1.201176605465351,0.24116984186643098,0.010525110608929703,0.0
-0.798108614387254,-0.04129872738397666,0.055470933858408115,0.0
0.5460423351546897,0.25729847067561606,2.115567020956044,0.0
0.984194591148416,0.24013526854572897,0.010774794332454452,0.0
3.922169592094596,0.5556464616236505,0.08321645921828853,0.0
0.34139006377223247,0.3752600816107716,0.030655248912996806,0.0
-7.033397299489704,-0.14175142458065626,0.07259251215729172,0.0
-5.3360796758018525,-0.12285208175694895,0.06243409615516629,0.0
1.3325984650683793,0.57835332000441,0.11164161351480256,0.0
-5.021848598839119,-0.08739255011389468,0.048851469816618434,0.0
0.10454514327116726,-0.05008091181349894,0.3995065773194483,0.0
1.2031258624082035,0.3607657537025939,0.011084058914808046,0.0
-0.865999714714377,-0.02512911511524807,0.0364567636779424,0.0
4.374339043463657,0.5315673876610196,0.07272642205901177,0.0
1.2172453018671323,0.3995235809408799,0.026681053205433555,0.0
6.113770948668355,0.5822752666951079,0.08814124783371127,0.0
-1.1068283095262217,-0.051154072010661134,0.05011305178742453,0.0
-5.506759121256463,-0.14667994582845922,0.07587424680623124,0.0
-2.765324667674931,-0.06734655348137897,0.050244865105539445,0.0
7.135777559239665,0.7374293892177501,0.14127551588970727,0.0
-7.812194453346512,-0.1344285042603115,0.06421266835104414,0.0
-4.154025560437077,-0.11319457835847979,0.06637679677149629,0.0
0.7163088300981837,-0.7379650838732255,0.7671316102140218,0.0
6.246816915342821,0.6047865536694379,0.09656533817374498,0.0
1.9051658918468064,0.2548026057832018,0.018215586906511774,0.0
6.68631584650092,0.4853704543092692,0.051549927185794944,0.0
0.5872331277292115,-0.6289262605701746,1.271170599227976,0.0
0.07123627777930075,0.26328396683528865,0.781101790432245,0.0
8.590373097746255,0.4816092704382542,0.04889537175200956,0.0
-1.2944359304270892,-0.03454613995535527,0.040649784584449636,0.0
0.523424004629387,0.07722254386743188,0.6059892857657299,0.0
5.755643314393602,0.6022228511154659,0.09732847294278597,0.0
0.49595983056276083,0.051728212220494396,0.41899543481277335,0.0
1.0603335254000097,0.5318651065148878,0.09808038725463643,0.0
0.49516560721519376,-0.2614165022081127,0.5377391470813184,0.0
1.5494312730366158,0.3321408035354767,0.014290779845502364,0.0
1.1519747272956984,0.29888601011464444,0.011340238875248682,0.0
2.300519194482412,0.6700620839899301,0.1410676417769913,0.0
1.7674452369707705,0.38139172388468134,0.04909945999608064,0.0
0.07955549147320973,0.6975500399845571,1.9908463594825165,0.0
1.048170064185074,0.49389482107368443,0.08077922727500496,0.0
1.65773001824944,0.3731737574900713,0.042281701949918676,0.0
5.523290086011166,0.4630108523952652,0.0462764383108725,0.0
1.8605676325421037,0.3850440303461451,0.0612186375990653,0.0
0.5279620846134385,-0.17241650917007756,1.9926764483653467,0.0
0.09124316557016954,-0.6716503793850453,2.042007658526013,0.0
0.888809772302773,0.41592177879092396,0.042462270053090896,0.0
0.9234562431369415,0.39330822002946286,0.02926252027578701,0.0
0.9565218840406455,0.2417568154825298,0.013009014413180822,0.0
2.8043345335376912,0.48669192053033394,0.06236017555426001,0.0
1.6277577259895075,0.27006870869126587,0.013906039636990214,0.0
0.4702395231317933,0.14585387936900618,0.01773532658740305,0.0
0.45829592670557595,-0.12094013130321613,0.4816811482275357,0.0
1.474906476429359,0.7559773538710823,0.191399938135208,0.0
0.3962075057484711,0.6985360018111764,0.2280935945514463,0.0
1.8549741669149675,0.3214670133937101,0.027178190670111936,0.0
3.9479626580732354,0.4755386226073153,0.05445889030091872,0.0
0.5119668311316481,-0.050823304421970805,0.9391311894455014,0.0
0.2027433429588843,0.19102317722523632,0.03723399884316425,0.0
0.4230293740604427,-0.2567841537169414,0.4809062806597688,0.0
0.08858769500260877,-0.09869557724672107,2.046812323741346,0.0
0.3362977748607783,-0.24822469516466306,0.4442253299747092,0.0
0.518644583287891,0.025639891714013374,1.5257537279638436,0.0
0.5466986216943077,0.42377957791112864,1.397795504684663,0.0
0.1094443772053264,-0.16208938047005617,0.7614760676304727,0.0
0.6017312635415273,-0.6597178076363712,0.9202221591733436,0.0
0.696184853863274,0.3107488709611421,0.3821039228598029,0.0
7.287717142539618,0.49392239640593827,0.05733784443937614,0.0
5.210486778270305,0.6329748647047477,0.11343850427772317,0.0
0.6169501120217564,0.2028076583867069,0.016724808308117716,0.0
0.11635640960844817,0.3593210061918799,0.11533430123944197,0.0
0.09346287112809293,0.03061906335097242,1.9380990512562497,0.0
0.8858397432213074,0.36004213692505393,0.015073885313750231,0.0
0.5674962658927463,0.23661036755591136,0.49994120719728574,0.0
0.5217498171042845,-0.5670200774760858,2.9412421706546734,0.0
0.25706296015427554,0.06678066018944595,0.21294734666966186,0.0
0.37539393325996784,-0.5802642582520211,0.6313196062948698,0.0
0.47878148012916455,-0.21391775992873474,0.6226475369061003,0.0
3.4154668716309864,0.541484835609902,0.08505640838224202,0.0
1.951354884833675,0.6697730093757799,0.15008493980207993,0.0
1.6980702468131916,0.3329217347117335,0.13314156538365576,0.0
0.4256711487637954,0.43521699456062457,0.07816482362836849,0.0
0.520443087797597,-0.4472047358137392,1.832669667871485,0.0
3.2832922200370387,0.7589177479091742,0.1723198097674412,0.0
0.32614231286364337,0.32349214144520855,0.027300241216132285,0.0
8.678506233050978,0.5868360558730796,0.09049224231255075,0.0
0.5585671065107629,0.48709006947558264,1.1942446470072272,0.0
0.5629828319838381,-0.5886224597838278,0.8227860969569576,0.0
1.0292034361527325,0.24424401704455612,0.014709380506323158,0.0
0.43250889534358095,0.12568428868602133,0.032591245083384214,0.0
7.009374544731399,0.6635625114855594,0.1214168194724713,0.0
0.7403684141133748,0.5792231550779012,0.14009170533650572,0.0
0.6638502024750679,0.685255416421553,0.19869574950678923,0.0
1.455811720883787,0.38801916126061253,0.033085363134347776,0.0
0.47023728299480716,-0.6353168594409753,0.6725894418474592,0.0
1.2810194877140901,0.489390553160576,0.0798766887466196,0.0
0.8940852781552273,0.7552833073289438,0.2191116696439347,0.0
2.5205216816285496,0.5127001043039994,0.20143300150507748,0.0
1.6420489623126553,0.2557894337996436,0.017725165281722122,0.0
1.4824272403965821,0.1876551052444495,0.01713004117369567,0.0
1.5471641768156683,0.3524141508311358,0.03446540597341101,0.0
6.864012526145498,0.720571906963186,0.14350130659189123,0.0
0.8593954244673672,0.304033263639099,0.0154707343634941,0.0
0.4933441402153864,0.1315931041910039,0.025169425229298808,0.0
0.10638772202396218,0.5338099012424729,1.156039784452269,0.0
0.5693649903646758,0.3947860384193598,0.8113943090478997,0.0
0.21137611170063053,-0.3812143879095284,0.6691032066165867,0.0
0.19379733595145687,0.1516803768609507,0.06509083816361026,0.0
0.2679937793992515,-0.29677341742072033,0.5432816794257133,0.0
0.10782729237102018,0.6088845081870231,1.6586192303104546,0.0
0.5465958312951642,-0.6154290126472725,0.8404030277531773,0.0
0.4351418843572503,-0.1934845693697571,0.562444912217408,0.0
0.8363968220335725,0.6331788156864924,0.16561675322695507,0.0
0.5070752522592485,-0.6086445465022565,2.809723426303442,0.0
4.5642642352514375,0.47773507372502677,0.07389320100410188,0.0
2.029324779786748,0.6398413358558159,0.1396572417025508,0.0
2.944651598740103,0.6759567686453618,0.14533294418187767,0.0
3.7539276740310985,0.7006185886982075,0.14940885250477634,0.0
0.11702523972618017,-0.30353940504024113,1.9025568362125105,0.0
0.4941994838782673,-0.7180834071364781,0.7563268375530413,0.0
2.0945629794168745,0.23931256814486646,0.0553601077682887,0.0
1.3902766564748354,0.5540290707020199,0.11162377986206386,0.0
3.1091158136438732,0.7308323398989354,0.16648591066818746,0.0
0.10918850602998198,0.42318922039681506,0.3869451774599347,0.0
2.479958826064161,0.5903926221494438,0.1145598982877976,0.0
5.578196083412365,0.5178552962866545,0.07231270712685674,0.0
3.963521323439675,0.4604971084598193,0.0608175668319469,0.0
0.8820846025215463,0.1526871284144352,0.06544066881570203,0.0
0.42640169054491217,-0.623890192867711,0.7286285040632147,0.0
1.2624304713492673,0.6717157704092305,0.4684581199163232,0.0
5.823515302539134,0.6539666523215044,0.12378556406906834,0.0
0.4990855957024962,-0.44663247839328535,1.5495144526032405,0.0
0.5913230986762024,0.254551126291521,0.021217597526252876,0.0
6.036202527015767,0.5645379341642773,0.12997482464997562,0.0
1.7987064546050853,0.31990589990113616,0.03425728183364349,0.0
3.229731483355634,0.6734454362249314,0.1436096583261623,0.0
0.11772599151454521,0.5177996408909509,1.0615466931516808,0.0
0.6115201476810022,0.5619095826806499,0.8827964703078393,0.0
8.059281326171334,0.576302110564183,0.09048570478851155,0.0
0.48687510013330915,0.11956715279640273,0.8264394698298262,0.0
0.34915498131542577,-0.22142227632976275,0.5262380417290998,0.0
0.8315628317877657,0.49972299874056914,0.47895349504858026,0.0
6.916248924472425,0.6442197873405844,0.11783148773252962,0.0
0.4801891379744365,-0.013095392128886885,1.2230958217803445,0.0
1.205553789061593,0.35200827272167556,0.019304548463988137,0.0
0.6658492648099941,0.274980748979353,0.33192676925845904,0.0
0.11577371585401508,0.40981580506742477,0.33233769890583054,0.0
0.43971436822187826,0.13549677892795509,0.06475659285332615,0.0
0.5274905967465564,0.4541185212707084,1.2005563248275128,0.0
0.541403703910758,0.3860078688640498,0.045137982229844276,0.0
0.12831456835497868,-0.7125096828662432,3.7976030646533347,0.0
0.13280314742139865,-0.6615924004829955,2.741522279300904,0.0
0.5021400178418922,0.6672039926798947,2.6662892718336955,0.0
0.888670609396069,0.4174270052261746,0.05375712911358639,0.0
0.12172563004952686,0.299009255292096,0.6443976982489849,0.0
3.808031788332027,0.5218397448155785,0.08031897359843226,0.0
0.145801517861452,0.11744938397942717,0.360950568145724,0.0
2.032357513278484,0.7562453839038978,0.1933325550713578,0.0
0.2817921399740744,0.37423031751230873,0.06851583848442223,0.0
0.41370501248932534,0.09215753323057174,0.3058636768505574,0.0
0.8006561978950355,0.4653344100420964,0.08484547782440799,0.0
0.4772180205234964,0.01024591312327916,3.4309755591589255,0.0
0.5044205141149298,-0.6412267887130915,1.1025188481093466,0.0
0.471075905349041,0.059192529400497684,1.0748698198976057,0.0
0.48347541325677845,-0.486107397263003,1.149625378234562,0.0
3.429391833359686,0.46427652636081196,0.06130076712573,0.0
7.164487230418221,0.7506435619822514,0.15766428309794867,0.0
8.293641139063965,0.584977347116391,0.09501810637083014,0.0
0.48710727583458713,-0.7085477841194928,2.5811054722823763,0.0
0.12481032658588731,0.40920501069008375,0.4691965798595005,0.0
1.1767687927190291,0.1575444229183084,0.02071788322198135,0.0
0.24457947205549857,-0.2737873911081349,0.652340081027064,0.0
1.5604343692441027,0.23706499704125883,0.021066945466970938,0.0
0.29732568010993354,0.606866780959501,0.23312134078042615,0.0
0.29351914254171696,0.246261238702997,0.03969812199990984,0.0
1.590083272315507,0.3337317774950448,0.027405806831147714,0.0
1.1981964050850973,0.40390887219446503,0.04422495415469777,0.0
0.47322936203098287,0.15839886741446574,2.217611318444256,0.0
0.4844498263944814,-0.6545745329205495,2.032249918825858,0.0
0.44011646629028967,-0.3920793783921038,0.820284425338052,0.0
0.5030532096680389,0.2248509470305181,0.6184971111510894,0.0
1.0262953658192693,0.25947728361426936,0.018386022925244917,0.0
1.8400359264266708,0.7560022638885024,0.19928829186137767,0.0
0.13933399538992042,0.4797071924506724,1.2708981872782814,0.0
0.9246977372649781,0.1741770638723188,0.018825756458970395,0.0
1.571063670457594,0.34043905854024503,0.038454696682083594,0.0
0.6272896451768126,0.4815551057190941,0.10571945370117558,0.0
0.20881871254466233,-0.1927723003218882,0.7069485151822184,0.0
2.518512390531063,0.46912227743115964,0.14938843238323804,0.0
0.2802438217479519,0.14986353308801048,0.05743357396340597,0.0
0.49177744318529193,0.34499123308944313,1.1174288332287803,0.0
0.6230729871275162,0.5388670383131109,0.7464747855383858,0.0
3.226513299088813,0.5116280770532244,0.08139299792766433,0.0
1.1550497271752889,0.3240886144149435,0.20007767158162731,0.0
0.4268425220353418,-0.1862414465186576,0.8758050565148554,0.0
0.702479643860098,0.1615702219601165,0.022177442802952762,0.0
0.402014410570823,-0.5706294819215766,0.9126188351401359,0.0
0.29747017463799885,0.02947022585162018,0.37571743325889495,0.0
0.4488450854965116,-0.17611506964698886,1.6345010715576138,0.0
1.0314833182647494,0.6578803683710088,0.5162006946674148,0.0
0.4521507906755513,-0.5426070536050832,1.227860058494756,0.0
0.3042193750323463,-0.4989334195143828,0.8901000681963057,0.0
0.1538003974401594,0.5725217531719453,1.5983532738998543,0.0
0.15604069790487962,0.12255910627622935,2.0098991510107447,0.0
0.14799975171574786,0.46480006029938004,0.6177516887062902,0.0
0.1747314957230568,-0.10632787930515986,1.045456652154721,0.0
0.16452131652497037,-0.41039435954982506,2.540927430267304,0.0
7.261068778493783,0.6289196394587127,0.11589584198355253,0.0
0.1895665281623451,-0.42175629531083497,1.3736097997870276,0.0
3.773671810954694,0.47868787359241516,0.07372882271973995,0.0
1.1720679200752073,0.590843454673823,0.41538364401909356,0.0
0.448551292599511,-0.46023854689569166,1.7264911849255868,0.0
0.45813867576030987,-0.7090196641251544,1.2277082572226108,0.0
0.46992618932669217,0.3510823454372207,1.3576082013192967,0.0
1.2301198781120881,0.18675202414310443,0.02057515354948177,0.0
0.35761923041548904,0.09805688354322883,0.2969843622435339,0.0
0.2018588423999681,-0.5881306241723163,1.5195430041230218,0.0
2.9003012213913024,0.4619353628688305,0.06761082200365118,0.0
0.13393242963428342,0.2738197800300981,0.12673982586609867,0.0
0.4459240531806383,-0.32035313941916904,2.9790146002514635,0.0
1.167602945374771,0.53174416214675,0.11504091581143236,0.0
0.3187995543480824,0.12929550133366285,0.1850668103530432,0.0
3.4179438027835385,0.5324263764822783,0.09100199234318176,0.0
0.15768848874795616,0.542961116375587,0.7280856941600057,0.0
0.1711073285593745,0.029607200327889993,1.0409639235686952,0.0
8.133257040034131,0.6219946459613295,0.11228169682302344,0.0
3.2962585701219016,0.5260770572923807,0.08908146968039592,0.0
0.1639947495951013,0.5976316340409291,0.6021803276875131,0.0
1.2103100486325111,0.21689972082501663,0.021131056669253797,0.0
8.506206091367641,0.6619801526080544,0.12614791828091024,0.0
0.39687668997145487,-0.5495179503307737,0.9966801807174777,0.0
0.4446777635737771,0.18949439328061068,3.070568724051876,0.0
6.334764315807625,0.5545424381184973,0.09154714561065003,0.0
1.7923793733853675,0.5613191044482622,0.11770492359933,0.0
0.4490527137144493,0.17855702276601249,0.9605217666675354,0.0
0.16593353819293633,0.731939101369395,3.686082318693787,0.0
0.23809368496439376,-0.7434103635708946,1.4535226377774322,0.0
1.8195692327253745,0.2393774795841962,0.03112087622129993,0.0
0.8603928144930233,0.3659690448654276,0.032944999493786375,0.0
0.327094469705866,0.7353469904132695,0.3394954161966077,0.0
0.14579537390518915,0.22415115854729184,0.1235115876792659,0.0
0.9092067293802231,0.22824361431771656,0.16109735564553737,0.0
8.585254635115486,0.7042171842054719,0.14191122921138316,0.0
0.17164437877663197,0.02732810385734219,2.6022410529000126,0.0
0.7653262504104443,0.25391131278120027,0.023639809349027232,0.0
0.2932008391621732,0.15523353268590545,0.06280550270396713,0.0
0.3038118295570964,0.6339968071285655,0.27619503175201265,0.0
0.43672729931069476,-0.49095847986194147,3.6460566872845366,0.0
0.17095045360624184,0.32340539142728275,2.5507498448942947,0.0
0.3129546905394154,0.28751092993952243,0.04403617420761323,0.0
0.3813624767502919,-0.2057676074581779,0.8501996652538781,0.0
4.250866429291182,0.7222657708943558,0.2761153688662769,0.0
0.4120475863603765,-0.352843935835297,1.2122249682143253,0.0
0.42504320905094595,0.06732920698153055,1.052963400451893,0.0
0.21011204936279526,0.06370273707225071,0.5217746457548346,0.0
0.16964215189914533,0.20131399107907155,0.3897069701252654,0.0
0.378008243626736,-0.019783599631064352,0.6651066557138176,0.0
0.4393591688378251,0.3692527427635044,2.3805703488639853,0.0
0.4345476346692898,-0.720835091977769,2.113565826111729,0.0
0.22288901995485766,-0.15695097057938778,0.9245118114821268,0.0
0.2797518147828306,0.03559263826172787,0.4517103394573879,0.0
1.1013389340184414,0.6117935044893283,0.4472259287936074,0.0
3.9588853908098667,0.7172796781770809,0.1651220309791627,0.0
0.5323709509919929,0.736068557234534,1.2746079783305069,0.0
0.42696433528237776,0.023976835534715524,2.7376995159763107,0.0
1.6570364474203547,0.40559881769697936,0.05854527098601419,0.0
7.023140422346735,0.5756684924516773,0.09955898455919311,0.0
0.30691778114954005,-0.24769337482464215,0.8335649793994402,0.0
8.064596524559704,0.6176183809920213,0.14467482979650936,0.0
0.1891930102657149,-0.40128207892407536,3.012798644020722,0.0
0.1859844762600833,0.45591508893299104,0.235049870973049,0.0
0.18395126272825912,0.14661696109528122,1.0189716883317774,0.0
0.3233931225822424,0.3902330703336774,0.09044873409185543,0.0
0.5209118322311515,0.3697614433653569,0.6703304948536813,0.0
0.17162632493633723,0.341200621887473,0.6536537062598736,0.0
0.23040305860789267,0.3914147288783547,0.1241349066374389,0.0
1.9411289070708158,0.28203292972961,0.04894208299420847,0.0
7.081646149270348,0.595506680824186,0.13710787769912805,0.0
0.2902640496400988,-0.6499677686753376,1.317335907967297,0.0
1.709098525136378,0.29681646354617586,0.10502336229483758,0.0
1.876834493337224,0.4933944517714435,0.0875431604208585,0.0
0.4161270793621643,-0.1744853105601214,2.530514020721036,0.0
0.20090857058231926,-0.06576278614448894,1.3693060773647308,0.0
0.9653710421962796,0.4563843678347512,0.08464636179930779,0.0
0.19824925717456132,-0.03311195223869379,1.4435401057657413,0.0
7.819904377437165,0.7188370009555087,0.15085999343392106,0.0
0.17953951860133088,0.5521255674549768,0.6657413888205108,0.0
0.5006241975124368,0.3460954003862471,0.6829442888339955,0.0
2.721550290066185,0.4928087727520263,0.08178546859397307,0.0
0.41371354219777423,-0.46914487885552963,2.766060216221241,0.0
0.4082857429773519,-0.07752549183905155,1.7781114485824976,0.0
2.1942074077255587,0.6775812458945449,0.1675113489633635,0.0
0.3702826148795797,-0.252387847706221,1.0615011049850536,0.0
0.19259338103916868,0.16563688404185828,3.279865509114948,0.0
7.283703050600256,0.6026273268703635,0.13998934233169852,0.0
3.061341441702119,0.4997833063571462,0.0833459297114984,0.0
0.49767936811275604,0.28406563247346917,0.03234131544402298,0.0
0.24813440031308787,-0.30741150881456686,1.1909213698642638,0.0
0.21272730944434493,-0.42201630157593767,2.1196887515042757,0.0
1.4107294353249902,0.6617325302886663,0.4153213838826725,0.0
7.76024776346577,0.5817507924811023,0.12051041381528152,0.0
0.28672645298920685,-0.06948466342939563,0.709463186794808,0.0
3.7773870735230126,0.5866883371297489,0.11502752422224846,0.0
0.6697353672323718,0.28144259970120866,0.026823678002266923,0.0
0.1951835690068755,0.35097113006310154,2.6128303023539856,0.0
0.19255134695979237,0.25635914143892036,1.0692592284701388,0.0
0.28363197038830634,-0.6410043066175424,1.5143299152522687,0.0
0.2328399343230103,-0.2524821110066987,1.4062533458307875,0.0
1.9120571877899941,0.41095143949248025,0.08330603412021473,0.0
0.4677868631247488,0.6596202455946447,1.50670449551229,0.0
8.542043943716394,0.7266092205473882,0.21023480673246442,0.0
0.20303411361610202,0.5247174309089879,3.566200861209204,0.0
0.25248738695535167,-0.5825688369468697,1.8150176603370898,0.0
0.36757311250777036,-0.6224133772693639,1.5459411040130406,0.0
0.20461211116294464,0.2810297114269418,2.662925617632535,0.0
1.5472697462341376,0.5813106017842689,0.33420851980415356,0.0
0.3968912988664641,-0.18676474603175786,3.3959191602256427,0.0
0.4267777134647268,0.39592083128373035,1.4451827728372157,0.0
3.954048694985026,0.5120809152563077,0.1087321534431491,0.0
0.21065022155040936,0.732755661471461,0.7197138630831771,0.0
0.410306127215998,0.6125156690186866,3.4262625808940825,0.0
7.1152686429450895,0.578514898418742,0.12213026902510048,0.0
0.6592767970325042,0.16441631982109306,0.028115910242084083,0.0
0.35189955246491067,-0.15652758568616787,1.1225411169133175,0.0
4.057630711631235,0.7170247537551833,0.16751329485144537,0.0
0.40597899229259227,0.24029524114932843,1.3725898740333022,0.0
0.4402439633638604,0.7313134457718513,1.9578280692032384,0.0
0.18245779475488888,0.3995530576914199,0.48085232962439955,0.0
0.2605692307662224,-0.3726652422623873,1.5952700312965296,0.0
0.23122449298251802,0.09648269005952403,0.8095583842961351,0.0
0.3083885142669125,-0.5997121231267053,1.6503478509105722,0.0
0.39189508006011486,0.703591407091432,0.31017735904253574,0.0
0.4127412710460394,0.1784507454227372,0.5148780847304023,0.0
0.3383554867351677,-0.6512435773247932,1.7173118076536935,0.0
1.1394570444732022,0.3428931391962189,0.21103924138106878,0.0
7.003255944136393,0.5594484851103485,0.10503275817176541,0.0
1.6050954226714875,0.1970751016667941,0.031425634733603845,0.0
0.233500576378189,0.058298976739440955,1.0435789988440152,0.0
0.43874528811381985,0.16393442388242496,0.2458919422127116,0.0
0.30901730205375344,-0.1934568251096772,1.14771964739723,0.0
0.3929626257844685,0.3557441316351848,3.1049758413626347,0.0
6.022972790005047,0.5698471173806401,0.12581665130225478,0.0
0.49995664070631385,0.30638587159322683,0.526711779837732,0.0
3.316308382537054,0.5418450151979282,0.1693682459443634,0.0
1.7307940167920002,0.3955451209654741,0.07793256758418479,0.0
0.19773797926980485,0.4344925999042468,0.6651252078987326,0.0
0.365142608538747,-0.16073671768432218,1.7699493142116007,0.0
0.35676859837957053,-0.01259407946281943,1.1788746665954677,0.0
0.3723389948574969,-0.12993861472352186,2.4730161213861352,0.0
2.1818091210664132,0.5453817152784979,0.24382445268168254,0.0
0.375404867852863,0.04092820639332628,2.630857643411509,0.0
5.31560537354283,0.557126247780362,0.12439858560596005,0.0
0.20980656399525266,0.5724497678132536,0.8572036617847659,0.0
0.3738654254236575,0.024536801904222028,2.912175255631873,0.0
0.22947884216813996,0.2976896767089965,2.3011222391236306,0.0
0.2759782310596819,0.24514133335805832,0.056921496910232454,0.0
0.24271635842350214,-0.23189121636905674,2.9277971712298556,0.0
0.3012352216058414,-0.14406918715561812,1.268938706503685,0.0
6.203192004329596,0.5536797991786031,0.10111886918607627,0.0
0.39911449711030933,0.7193152274836592,2.7587519711494015,0.0
0.34717308951876547,-0.7114383753212312,2.342259810267212,0.0
0.18338592142778687,0.23121628066799282,0.23073357385736692,0.0
0.34187791408976054,-0.6546681914009551,2.254796431518397,0.0
0.2828725117449835,-0.09473333795659022,1.2464908890273545,0.0
1.3531569523908935,0.682767351153444,0.43648201335307824,0.0
0.3581577893117629,-0.5672675036263068,2.849869779861912,0.0
0.4088921197794644,0.7519799055708698,2.3246367887462416,0.0
0.2838021681420795,-0.21931412355744706,1.596645457331143,0.0
0.35470423221493697,-0.42042923876862354,2.735660510330746,0.0
0.2642433482741744,-0.6828365127091612,3.2779740002493227,0.0
2.7838451146606022,0.7208378391339423,0.18256730072678481,0.0
0.3135494126246616,-0.03313751157270639,1.1435818001151261,0.0
0.43706390761322034,0.6984323727215433,0.29652993792531895,0.0
0.461660890207483,0.34744498491963305,0.04915989850860232,0.0
0.3190900366180198,-0.16180214851655828,1.5531093164542478,0.0
0.3585674556921923,-0.01162397797267567,2.491760562718878,0.0
0.35163218317208056,-0.7192426931591451,3.378443617988039,0.0
0.6424229563744497,0.40065785220532946,0.07042519831849046,0.0
0.36237199074620996,0.12495580825617414,2.925184177710402,0.0
0.3493549938287277,-0.6174292591739312,3.299563558060839,0.0
0.24318704184117834,0.4986380479805981,3.4341652654875845,0.0
0.321621854012184,0.07431393375942086,0.893351319110051,0.0
0.17292703711404656,0.3009043412162573,0.13767380309304506,0.0
0.34933188043232555,-0.09901817787346634,2.6124857578493392,0.0
0.25123818661251995,0.1350879656336489,1.9619994819521807,0.0
0.6901146412668098,0.16174283689783753,0.030096022697435578,0.0
2.939363241724898,0.5468934360207354,0.19373804072817777,0.0
0.8539683062133197,0.33452135052695486,0.02773505860642659,0.0
6.745059505103477,0.6976388318355544,0.15009486727520385,0.0
0.27121351155295415,0.7560190080555653,0.5149978767966018,0.0
0.328136355176774,0.02098850600939406,1.430216537582163,0.0
0.3016111321144965,-0.19889771818461321,2.0361890924510195,0.0
0.23815736476998772,0.2571128242849374,0.8823852759140972,0.0
0.3626384721040061,0.3725252233970262,2.674480973575117,0.0
0.31910875382201986,-0.3724623488069381,2.5980663510945092,0.0
0.2648032238451563,-0.13951711916476683,3.497299098579876,0.0
0.33734705968373646,0.08759772306607672,1.3248364062585725,0.0
0.234438363553636,0.720525093226694,1.2441832674174025,0.0
0.2708941027622114,-0.027656417649359888,2.265627000801502,0.0
0.3189069010734862,-0.29207822158574076,2.5536359959893677,0.0
1.4267185155252466,0.2571902766911143,0.02663941607010173,0.0
2.938994650179728,0.7418170735568974,0.33237262601485906,0.0
0.3049621166161529,0.16307515769375858,0.11546528964891266,0.0
0.4208173784910798,0.7194883005450365,1.6763961861472143,0.0
0.3998611959138376,0.6198725182507698,1.7646809154181673,0.0
0.2981536428250777,-0.4416160794839841,3.2643587778877,0.0
0.20986578482565932,0.4633055298190285,0.5590106193025174,0.0
0.3153942730257402,-0.18196425867774757,2.5297120769555765,0.0
0.29130997845834017,-0.3222759445444735,3.1582899756510945,0.0
0.3327536825337116,-0.20876515099444348,3.7686735906525026,0.0
0.36716454642810703,0.5473806254459956,2.5188453552299,0.0
0.2711411245157205,0.1458406171094031,1.2223897566885236,0.0
0.2770425760762407,-0.09486266412985833,3.222265109982934,0.0
0.22021576105248464,0.5531113385737396,0.44720534680594903,0.0
0.3190601768775263,0.09014790313316079,1.344341147986128,0.0
0.3424959417571749,0.24935670041070246,3.4398560875408637,0.0
0.3442183361616955,0.20975966605531848,1.7931821876058898,0.0
0.6362678531438313,0.34471673503045897,0.037315336976896686,0.0
0.3907933707924123,0.18062197120871148,0.40001417997441857,0.0
0.2501576036641886,0.17522816775257866,0.23120860601905685,0.0
0.27310842155243265,0.17835308635295455,2.7473285976173423,0.0
0.27112334021346385,0.2046794489047914,2.1710298744842556,0.0
0.22164745195638957,0.5020817043771759,0.7207366303185802,0.0
1.1827948815950045,0.303688049932213,0.025266278300294234,0.0
0.2905678754716998,0.008053221482426709,2.8307248487002328,0.0
0.28981165533554076,0.06874980076933879,2.3375285080685524,0.0
0.34612800735537874,0.3630969752925657,2.379489440163539,0.0
0.23607998861674417,0.2664624476892412,0.6402457176245707,0.0
2.6987866576550967,0.49382284099940144,0.08924709800578427,0.0
0.6777231639320345,0.41594376062499405,0.08041438082518369,0.0
0.37955680614125953,0.5151948672065789,1.7018449256264638,0.0
0.5206964926162847,0.6953078564509028,0.27680244964205886,0.0
0.26716269220297306,0.3031338774500345,1.4581780689158808,0.0
1.4316209404220341,0.4933055322724089,0.10048847189864833,0.0
0.3282508576002048,0.3332836338241132,2.973790689511734,0.0
0.2730566595590158,0.7418304740319723,3.111542063177866,0.0
0.2412936114468014,0.7214623395024689,0.8674009177419227,0.0
8.326136787565474,0.6539321777160667,0.16347553357503597,0.0
0.3085891335874571,0.18891884843685702,1.6846744890098713,0.0
4.669725573519049,0.7532451252549845,0.18176758752200103,0.0
0.2609178399425165,0.24542417288388618,0.8751694802781668,0.0
0.31016804036354806,0.323977632034846,2.741723454710085,0.0
0.2712188053686724,0.5076966493661688,1.9950096497996488,0.0
0.4691719833852339,0.26304852678070256,0.44227597022789217,0.0
0.31058301156048884,0.5808967986306117,3.7327467889127157,0.0
0.9421376604497524,0.15576185059872105,0.03304004747599922,0.0
0.2975695935823577,0.5298756881974331,2.990892647993973,0.0
0.2970361991461363,0.5081604349653099,2.841411044507641,0.0
3.7858815645116657,0.517364130955829,0.09692929937001069,0.0
2.9391454895836855,0.6175388916574942,0.1391871429906273,0.0
0.26291856755000786,0.7599134650145161,0.6232308155752647,0.0
1.9512210895665536,0.25615889743725995,0.05116707317132938,0.0
0.5172617482353612,0.6182182523350623,0.2286665427495726,0.0
0.44939729958647945,0.5130055667402511,0.9348690285731027,0.0
0.2710695463487838,0.49393221264576015,1.3794158189859707,0.0
0.4621451024560095,0.4981921428569367,0.862718917934814,0.0
0.31538932077004844,0.23718688814734357,0.9570998813372157,0.0
0.2696185249201637,0.2367411451648057,0.6596407794679291,0.0
0.37090298333918525,0.3483134538909831,1.0126316530240618,0.0
0.6436875378872262,0.47080282022933617,0.5111532585095738,0.0
0.30385666753525165,0.7566511169605832,2.3513232164056843,0.0
1.107283555772625,0.4603000708482574,0.09190508567597365,0.0
4.159190079205738,0.5697175127502156,0.1129453413510101,0.0
0.3023328361392803,0.3148230478530847,1.187993689950936,0.0
0.22591422653629678,0.24255370299160273,0.3442822695271359,0.0
0.2026106366925351,0.27621505951538206,0.28656536055540227,0.0
0.30218021565272934,0.3126117514502518,1.120033297342793,0.0
1.4666864183170638,0.18221410813117556,0.03557617324687779,0.0
0.22491653245043963,0.4381044667792171,0.5310071497437236,0.0
0.3212587050399609,0.6727451768108641,2.002279025724463,0.0
1.2567856605929553,0.2744752792987626,0.02658128483252499,0.0
4.041510087289987,0.5399937054525403,0.13180472091746348,0.0
8.060947314165489,0.599042712892039,0.12215785030205355,0.0
6.533507484335436,0.6377170918009842,0.13116118751841493,0.0
0.28140025763239507,0.4463995572850059,1.116904855322161,0.0
6.7961597293195215,0.7414226164799553,0.1689750276878792,0.0
1.5558461398964027,0.5353289230512952,0.12112909791716908,0.0
0.22714168572630378,0.2740563887823959,0.382543739931649,0.0
0.2879656345524211,0.5961206255502778,1.3015060228846704,0.0
8.507411411012896,0.60815771430985,0.12575995810879262,0.0
1.1379246432079508,0.3242628356414774,0.19214797679945014,0.0
0.34068604229677746,0.2002401700274633,0.4440750542183209,0.0
0.24064311790560922,0.5158250201495833,0.3460152218336725,0.0
0.24455314507571124,0.5732323701348945,0.5198068297496324,0.0
2.9395332465282635,0.6074525185470379,0.1368102772206669,0.0
1.5863165851093957,0.2499165453004757,0.03168426094629039,0.0
0.26639385666556414,0.36459340678151997,0.731334477118801,0.0
5.695883953275267,0.7369974143771887,0.17223404403807255,0.0
7.369988016070803,0.6335554198542219,0.1562601149646829,0.0
0.23851963584160707,0.531069033901876,0.44065737575984704,0.0
0.49914113071880273,0.2995426799963119,0.039985861986715596,0.0
0.9585383251019426,0.38857288888754016,0.058792508710826925,0.0
7.426429560558752,0.6134329048920624,0.14025327939432686,0.0
2.514769348430807,0.5051333063591703,0.09756131340612854,0.0
1.6554427653115873,0.5200333994467861,0.11273410563698187,0.0
0.7399286236780451,0.1800342695834487,0.031043902222076904,0.0
4.49465474962391,0.7130933701189865,0.2590089835191322,0.0
0.4513645910269961,0.7315030132682365,1.1484536371998777,0.0
0.23582544061480526,0.26648016441129263,0.3705116687702159,0.0
0.31871256648535073,0.29400247722352457,0.7479648861963957,0.0
2.184375202076062,0.4655836108236526,0.08663036923419845,0.0
7.767411972965483,0.6223972006253808,0.12453956082268701,0.0
0.7010586285223326,0.2621817787128107,0.2357062444394447,0.0
0.22356237914176802,0.28831193094696084,0.3429364756768238,0.0
6.988566504735706,0.7112072736676445,0.15795767919288756,0.0
7.9771278270126125,0.6952400415581084,0.14931941495493983,0.0
0.42777554877444857,0.4075445078492135,0.7334470553533099,0.0
0.2863712304532129,0.7112439794259799,1.0699129912679755,0.0
4.586786762720511,0.5432127374996782,0.1109594174324539,0.0
0.47328079441208537,0.7369641610963915,1.0640442083922927,0.0
2.1136600836303963,0.43592181235598404,0.11702936188981872,0.0
2.0636904422314704,0.6379023112656899,0.3151834279125908,0.0
8.518151484440217,0.6768456370502849,0.1418867576060327,0.0
0.37684953949696265,0.44546607136310223,0.9207568510549624,0.0
0.4116258066058176,0.49133887764133344,0.8918477855918822,0.0
0.22427656431142573,0.30329489575773905,0.10161724202088257,0.0
0.28442350835785746,0.7244288445528824,0.9374602330273253,0.0
2.3476184911162505,0.47576413341071744,0.09077165623694673,0.0
5.698757057585091,0.7446415220376659,0.17622583331341932,0.0
1.6548864068509932,0.25403835827588694,0.03422043669000758,0.0
2.2086140068248756,0.7109702367438584,0.19318836918300805,0.0
0.3902828205258384,0.39283261031195615,0.7600588967831986,0.0
0.295577268640832,0.6317875855210799,0.3952445268274649,0.0
0.26159312344305263,0.47322186331262905,0.6437572753242334,0.0
0.7020717219814134,0.312625037398893,0.03294016038450961,0.0
8.521936042704127,0.6199056558360325,0.12551832102533475,0.0
0.4999505112654532,0.6843692209546892,0.9107551398219204,0.0
0.20266413869117272,0.3199716315535919,0.22433572750739136,0.0
7.21376590926662,0.597887549453544,0.12441342510963223,0.0
0.2816091024740146,0.5031037832319276,0.7859369097400934,0.0
1.311385572158434,0.602183253378936,0.1635944566351094,0.0
4.2654259614999415,0.6394786527491891,0.14270684507662806,0.0
0.24292957710041208,0.2444713334410762,0.29419373084389877,0.0
7.059204835183692,0.6292869377722508,0.1296718037279892,0.0
0.2958531549812822,0.43998452328553017,0.7679027383708903,0.0
0.35574992051015286,0.7281349715512597,1.2244804664836335,0.0
0.35102730941150107,0.1713612316063644,0.15181661797348145,0.0
4.127994312661762,0.5592062028246991,0.1469161177000002,0.0
1.0904748655524976,0.21179488634392285,0.029229819262773432,0.0
0.7920810050128928,0.6844866345343292,0.24047437969156693,0.0
3.5232148108143306,0.5226015347730717,0.10583080361489809,0.0
0.23623535693278797,0.4344713399734026,0.36321216269090817,0.0
0.2974991804141762,0.7246526846012453,0.8330100788042097,0.0
1.350612644526576,0.46840945637021103,0.09549050388034495,0.0
0.3570800223259454,0.5364394267369248,0.9454078471313451,0.0
2.167701134995186,0.6479706226325574,0.16676029234804662,0.0
0.30390970754734425,0.44605963372352275,0.7521058225877257,0.0
0.3127586888939664,0.48657703187945245,0.8211724935010999,0.0
0.30964931251396166,0.6255617048159734,0.9165151875112907,0.0
0.475931707611128,0.37351486096288555,0.531231763969797,0.0
0.8843022925611912,0.16718797354650428,0.0688720258656956,0.0
0.25211540936964383,0.39344144215067756,0.45670369067280975,0.0
0.4801908438389759,0.3854487814306107,0.5387461678122054,0.0
8.120969877241269,0.6253071758533897,0.12934136754556047,0.0
1.1427904694596958,0.17303943472645844,0.032909794363343396,0.0
8.665850284775782,0.6581649821907458,0.15963880226368418,0.0
3.7332930088272036,0.5424514061532215,0.11089184313244498,0.0
6.159127236387363,0.5986635817610941,0.13934918388872491,0.0
1.1207961913982682,0.29118995149106897,0.16788951687435774,0.0
0.3346821148493522,0.20402707213212445,0.29378356902051767,0.0
0.3443786581874537,0.7351412225584968,0.4704760336061492,0.0
0.21279982683137533,0.32892636525637475,0.2033861103064429,0.0
1.3096438946094207,0.31034344755367393,0.03105078137479208,0.0
1.5209772218629602,0.6952993199035946,0.20580339604967798,0.0
2.497010813465792,0.486406494820532,0.09819523433044845,0.0
0.3621659476554342,0.5141437203362917,0.8211163818437426,0.0
1.6757177401097945,0.4583053634747567,0.08896961639175993,0.0
1.7645568174641202,0.7273490547632859,0.21408691423418735,0.0
1.382873732903768,0.34110204885052653,0.053430769239621284,0.0
3.0089920772628176,0.6706249184719466,0.16720167115737722,0.0
0.3226644131283418,0.7455138589448771,0.8291694236709871,0.0
0.23969854149342495,0.3081879481003158,0.10666345488145354,0.0
0.3032795167072777,0.3808492902736931,0.572146410444561,0.0
0.4111221219922552,0.5037282113799688,0.7498719613757375,0.0
3.0005843752811927,0.5041832460079281,0.12487404324347497,0.0
1.429444656072965,0.30614283640517126,0.13707103486985991,0.0
0.5538362042277569,0.3511480839869179,0.4034457672426012,0.0
2.7164966885114303,0.6535698365854183,0.1637029738604433,0.0
0.3591619944829123,0.542530361768637,0.7978789158113416,0.0
1.9517806667571271,0.4409839125101507,0.0927302267540393,0.0
6.620724871175117,0.6946180436671525,0.15667368170877088,0.0
0.3452557036852504,0.18143973098588584,0.16897089486513375,0.0
5.421140983417638,0.6297600897136864,0.17700755038939003,0.0
3.8703137585673755,0.6404947694566823,0.1484155916512467,0.0
0.4162039809667757,0.750399909177502,0.4098603151959561,0.0
1.1968349121958095,0.36736713392551845,0.21054354342642212,0.0
0.4433141013076334,0.5249709929822446,0.7122540108798944,0.0
0.9224767690696929,0.46367245347993724,0.10818213152733414,0.0
6.039314327623124,0.6006905370450897,0.14021996231549194,0.0
1.8420368354180692,0.2293140421830817,0.06261376813576884,0.0
4.172274349289125,0.5486664931394978,0.12276991458697496,0.0
1.740716653241181,0.7403346591461406,0.2232544371446441,0.0
6.907333699947735,0.6851123882560906,0.15307206974308893,0.0
1.6279641733775527,0.20238882476824105,0.043442879683797425,0.0
4.025945747824034,0.7198321159414263,0.18043581260229186,0.0
4.878086241235785,0.6065294221095341,0.13147088787459799,0.0
5.125887904615066,0.684572238362321,0.159774551436252,0.0
0.422462535905785,0.7158949394477054,0.8971225794627289,0.0
0.6792613501389315,0.20191881089058372,0.03670792466068472,0.0
0.2368342757883628,0.36972071612776336,0.2428822120739206,0.0
2.022189941257226,0.4325612954191127,0.12951344105619372,0.0
1.1733244510989245,0.2791852385399418,0.15101158302090867,0.0
1.475759016027391,0.5298991609669816,0.12764189419733749,0.0
0.3048871576616623,0.2295040461094887,0.2788654098207937,0.0
7.671226574933414,0.6905100942561735,0.153601591016893,0.0
0.3076848630510387,0.5761562782497247,0.3989196465120125,0.0
2.2444618189711125,0.6774153922815667,0.323945793379922,0.0
0.8920532589438626,0.4448689204919076,0.10038850908138154,0.0
8.165744235562343,0.6407573035769782,0.13959648386523152,0.0
5.740712615628912,0.6900731686207549,0.15999827555057483,0.0
2.1894090409315705,0.697288430676696,0.3406223512135608,0.0
0.356146938179851,0.517723757808269,0.6694637423844815,0.0
1.0437624430408512,0.34135827479461534,0.041992630845622075,0.0
0.3452192129416929,0.6615878881445401,0.4400291872719826,0.0
4.149178464457725,0.6793558759046872,0.24222346403156414,0.0
0.3004317094179605,0.5421872839739186,0.47260670517050907,0.0
3.935553257029925,0.5694286352778655,0.15907886655420525,0.0
0.6932854120845047,0.17518988923309353,0.0385264348305849,0.0
4.661773813376515,0.5705423030087773,0.1337412911261039,0.0
0.47863685948203205,0.5714126205602328,0.23300585973123383,0.0
1.1911381863247783,0.19025057872867213,0.03328255475072361,0.0
0.6010831908607948,0.5195320272822568,0.5283536966055185,0.0
0.34312160927469293,0.3541088466847222,0.4732593380641477,0.0
1.159458893126521,0.17892644106488842,0.03556129313087903,0.0
0.2978168511591388,0.44776404787857427,0.45429546062446036,0.0
1.2912997150214505,0.2527579683137129,0.12139691115495467,0.0
0.41704591064108243,0.5237784869605946,0.6524771631662332,0.0
0.36822719161731676,0.6131370521894224,0.34451485687398675,0.0
1.4898068535770292,0.3415867148898586,0.07168459602951195,0.0
3.5118580782502917,0.7072214976784443,0.18183784561609848,0.0
0.4631783792319979,0.5685276754312374,0.6674141135143024,0.0
3.7820246246123848,0.5456694569234202,0.13206510318135228,0.0
1.2502836776863386,0.6506964935656143,0.4115542897272243,0.0
1.6038836103972454,0.27479230964193446,0.03803622525553954,0.0
0.46606359895721283,0.5234320662060614,0.6194920675477706,0.0
0.8583456840224546,0.30501920354132706,0.034410713943053714,0.0
3.1737481998926693,0.5285666881661568,0.11629709619063201,0.0
1.6784604741481068,0.4262970215554662,0.08960016949391328,0.0
0.46635321153917886,0.5587554323004189,0.6519943503573289,0.0
4.069575377465428,0.570862468292809,0.15380276967865095,0.0
1.1765577352930805,0.35633058289315933,0.056350133361454204,0.0
0.2833534098035493,0.39856588521976266,0.3711569881391771,0.0
1.9432209272306533,0.42565682412588823,0.12935256762322123,0.0
1.3334077265372368,0.3874031049318569,0.07326294349450212,0.0
1.082746578888365,0.3229560637282687,0.035423705771868014,0.0
3.114814377544148,0.553637905052015,0.17971519133795658,0.0
3.3459497163722016,0.5362573009305129,0.1442087978055306,0.0
3.1477772443103316,0.6109739414484738,0.14509201017619194,0.0
0.447641032133717,0.1745081974094287,0.11223208498233081,0.0
0.31903760382647484,0.5621949822934769,0.424923073866588,0.0
2.109983243686088,0.5840313502208148,0.2680948302566626,0.0
1.2182539532115904,0.4009268169861,0.07498791208707421,0.0
0.8325887532951786,0.7421454824569982,0.5903798226521595,0.0
0.37681907958885574,0.5995126514550957,0.6567242973935148,0.0
1.7955194488175508,0.5821380648219805,0.14958028518951869,0.0
0.9346573466402095,0.3491008781448446,0.23951523412982753,0.0
4.572261965597669,0.6619387283513438,0.15682477971615635,0.0
0.36172595947490116,0.35647283829502885,0.10095762549035622,0.0
1.3376740364828112,0.6248233027656311,0.3769495046001886,0.0
0.4914037534271678,0.39549624938236083,0.45602401020977695,0.0
0.37560599929392424,0.6808494924131336,0.449405957303806,0.0
0.6340223991925864,0.3942469209500683,0.37529321459995235,0.0
1.130524909056259,0.3464678686174836,0.05056257373047827,0.0
0.9299775820256215,0.3669112985606202,0.2546129949667008,0.0
5.469180033115812,0.6040622048481405,0.13666565102162936,0.0
0.6496337118746229,0.2193703729037706,0.17818200328175163,0.0
0.4642397924633723,0.25459163167709264,0.2882540579920325,0.0
0.5600639823403455,0.5611746086344507,0.5734528925497706,0.0
0.4831531824713622,0.4044125960787268,0.11203383567231405,0.0
0.34745072569970503,0.4718135864850421,0.5164277416309929,0.0
1.4689875095371718,0.5525808037615327,0.3065476563454701,0.0
0.3755556406205809,0.645440755544364,0.4040322062311623,0.0
0.7330800824947179,0.7518423477372296,0.6352733750825719,0.0
5.9949292293063845,0.7126225258974499,0.1705748802500632,0.0
1.8333006704890362,0.243380606702293,0.052180981973564404,0.0
0.3217140231027571,0.5261760524280119,0.4019095718505792,0.0
1.7935825739860025,0.23657273580215255,0.049134880985926326,0.0
1.02641985879864,0.25101598595214547,0.1464706950139941,0.0
0.5078575165641972,0.3896928886852602,0.09898526751077859,0.0
1.7767604969201347,0.2808504638231102,0.05801202721270408,0.0
1.1040509057374202,0.2432493578102788,0.03381723855919157,0.0
1.1183062749910064,0.6553033770349725,0.21286132582670136,0.0
0.4532562500215871,0.7019371731789772,0.38131341230025306,0.0
5.63371060117727,0.6172265421324099,0.14023824013987404,0.0
1.8201044117724585,0.2315642264702008,0.056646051769532364,0.0
1.0923370269121921,0.20041433537746145,0.09550802367607779,0.0
5.175039876979744,0.6351081193497579,0.14617586977025876,0.0
7.640576286200805,0.6865427457045443,0.15711519044849764,0.0
1.941874754019679,0.4348042237063612,0.11474253509339537,0.0
0.5997367564963856,0.40679830900173974,0.1013209667782887,0.0
5.477789074709442,0.6186683560181645,0.1597701820752208,0.0
0.5488154667820488,0.28331525019471404,0.04692256256188335,0.0
3.532692347382854,0.7368698889642631,0.19719256267061083,0.0
1.0664743576013613,0.3482439012837377,0.052314037313944683,0.0
0.5352593318463068,0.6534667605093991,0.645129979492141,0.0
0.2721285391698647,0.35175172608085603,0.16074761604068588,0.0
0.6685901834787682,0.31420621566748763,0.043521878572847034,0.0
0.35314697162638,0.5334410277142265,0.3021997190460145,0.0
0.5935864509271038,0.6539729641656944,0.612611440761698,0.0
6.301268157931455,0.6640874606982434,0.18319349881261415,0.0
0.679117515689013,0.4657310723196524,0.1341475424440459,0.0
0.3175752582750917,0.20536853396547194,0.14921078120608816,0.0
0.9759266517416165,0.3665729173365977,0.06244067044619372,0.0
1.661767968789615,0.3764161196136937,0.13497936900090746,0.0
0.3662569196292669,0.44834283354714266,0.19001829409402302,0.0
0.3789911740377878,0.4414237586744596,0.473901596400298,0.0
1.2736502494028148,0.5216181171899812,0.13565414993405037,0.0
0.429416067098888,0.48478601180905434,0.523578393380825,0.0
0.6664313147478644,0.6789642834132354,0.5934986782344884,0.0
0.48590470342704783,0.28680609488146724,0.30729107631891345,0.0
4.120056372891366,0.6683443329319336,0.2322571540653485,0.0
0.5524391471953383,0.7360274652927545,0.36280393638208774,0.0
0.3954026707098226,0.6681705803927043,0.4640103037751864,0.0
0.30560372666105273,0.42522696223400946,0.22969295968687312,0.0
1.56649387098288,0.30508726206997494,0.11145373914415485,0.0
6.861751017727606,0.6844536889928317,0.1897606218981903,0.0
0.49470021725053215,0.5930832534876993,0.5934833927716147,0.0
0.5033333174675434,0.6874519392521707,0.6571966383701825,0.0
4.840849046619628,0.6804097695790929,0.2219431791231491,0.0
0.7122099908393267,0.589723948490184,0.4991998321562541,0.0
0.6964066419116577,0.4100997728863256,0.3518261652577537,0.0
8.562437363173693,0.7149546892361622,0.19198267334767757,0.0
4.032573749198443,0.598792161852671,0.13996687996103152,0.0
1.3969334397082207,0.4796561472430616,0.2591280688293284,0.0
4.973304015484137,0.6829816830125524,0.220623150708003,0.0
1.7540525641718183,0.26304559910469916,0.04850244384972339,0.0
0.5712182536112298,0.26237421665306604,0.046663966793225015,0.0
0.29276278504100617,0.3760631559142602,0.17851442151649935,0.0
6.3473625025946525,0.6635055853536314,0.15521124212248238,0.0
1.3380478130401148,0.46529191619363686,0.10679020539935392,0.0
3.4467210027658,0.5939454425422919,0.19706844980160645,0.0
6.136940992566723,0.6733401288516094,0.1589595478617648,0.0
6.835994422431902,0.7397566257001154,0.18047433606250063,0.0
0.30922625346749477,0.3627281925567516,0.31083900226182587,0.0
8.056823809958885,0.6948489624868714,0.16235756400822957,0.0
2.4449206920883846,0.538342843614259,0.20447151338265918,0.0
0.5514131706683489,0.5110494364630871,0.18713949830339444,0.0
0.2721757205365929,0.2402765144934671,0.14136973559473617,0.0
0.3657848830377812,0.3996044981275024,0.40252113278981694,0.0
1.4937215160945652,0.5905894023393794,0.3261348227825122,0.0
3.499747523100325,0.6868261888533553,0.17890201068056466,0.0
1.2365650549035738,0.36725532231898383,0.07039950460987218,0.0
3.012895899270333,0.7039020080356821,0.19164091352125762,0.0
4.379834584474992,0.5866880922341475,0.14301008421899405,0.0
1.167813566570775,0.5646173754202528,0.35402799912537664,0.0
1.4862966617982831,0.28615281184128505,0.03987878378852206,0.0
0.5003822828890847,0.5530665977056581,0.23608015207794153,0.0
7.691319733570822,0.6700558749889745,0.16276302706551607,0.0
1.5909647866134442,0.3356269625811421,0.10873416597252217,0.0
0.5050873444009216,0.3761172692624486,0.3829134263029051,0.0
1.186004973097642,0.6035834418753856,0.1863182063815657,0.0
3.752255582293918,0.5639515367430563,0.13919159922647786,0.0
4.50712719184102,0.610093062637096,0.17191799570312513,0.0
0.3346613334804456,0.4627158838108161,0.33871428455033514,0.0
1.2541970173919825,0.736883751459309,0.25700251366989624,0.0
0.4523048997893273,0.7305814894826943,0.5317352475924549,0.0
0.3209047337187201,0.41699078785325483,0.307796315350058,0.0
6.384621954165134,0.7441093301009012,0.1852730379332882,0.0
0.5241403910176619,0.42127054889599935,0.12805882935203985,0.0
0.4177800640371707,0.4915947495609916,0.21955367170925105,0.0
2.6740266774888273,0.6721474809544663,0.18326386400813977,0.0
1.3545915845015752,0.319152441784778,0.14658262972622732,0.0
0.8797607104816834,0.6830697149965284,0.2584794906557111,0.0
1.2645033173817364,0.347041883772512,0.06457388744527633,0.0
3.4016502133275353,0.5817567647860591,0.18534036632477255,0.0
0.9972477366833061,0.2162416010136825,0.03756467969683157,0.0
0.32724087624384346,0.4132005784505346,0.30707248886275423,0.0
0.38444029350975484,0.5033980784778325,0.2669944492330133,0.0
5.308589336350714,0.708068346640143,0.17742397874892632,0.0
6.686159355619306,0.6755543381933478,0.1816597581189154,0.0
0.8664591321901529,0.46658356214966923,0.12703538745480336,0.0
1.027950728917295,0.7510341405933709,0.2861602572989544,0.0
1.8698925004312148,0.46453851945366975,0.18862472163999014,0.0
4.858048007203687,0.6666855528740236,0.20866460131908812,0.0
2.254326525904908,0.4938198155761033,0.11997302705938517,0.0
4.035058934983239,0.69005423032995,0.17854890393502493,0.0
1.2546054871192887,0.6240119674705851,0.37785127938766855,0.0
3.249206967423204,0.5643246759283487,0.13743290450411805,0.0
1.5947306884648764,0.31088593909280626,0.08254823147154834,0.0
0.37411501168077876,0.45411934863398584,0.3815320407713507,0.0
0.45389399972698996,0.6729334126791107,0.48314249623062655,0.0
0.45387361724009523,0.47077330048830435,0.19013539999933884,0.0
2.654148234590396,0.6383823926161294,0.17030520514969974,0.0
0.4125025634780606,0.2956306123297747,0.07039841963481014,0.0
1.7697237754002728,0.4187318408356542,0.11788916735563423,0.0
1.810518241673746,0.43146176790631996,0.11494426434934434,0.0
1.142435241051162,0.5474426909717724,0.16088919438559576,0.0
0.5035708013823346,0.5884093990993067,0.518391406776738,0.0
0.6270590060499526,0.1903586499497777,0.048917122756072046,0.0
0.7944223973921218,0.2936348659066512,0.21089565736157734,0.0
1.0548611283059284,0.21821878861495703,0.11257049450485417,0.0
7.454186916111606,0.7462301309967632,0.18452969019166934,0.0
2.031173225376852,0.5288128281558269,0.13098508405517173,0.0
8.008508360928335,0.7027211974319041,0.18312951181424386,0.0
0.43704580051994846,0.6199343444388201,0.42117378839581066,0.0
1.1788839761001828,0.3386163494472445,0.05795970359695886,0.0
4.389452057861774,0.6560635956825178,0.1643436295432883,0.0
0.5354800668758237,0.5885140890151359,0.511662227475932,0.0
1.1792355670733858,0.3389613964546663,0.05827676192187304,0.0
7.213892337785927,0.7464217783276883,0.22336332870973544,0.0
0.4811854324261464,0.42316898466377184,0.39964944274827013,0.0
3.8477012929558896,0.6553854609575451,0.22721607132281074,0.0
5.333111862873093,0.6904462075651476,0.17317071646649235,0.0
0.7207857232474577,0.2708646531465222,0.20341039485781995,0.0
0.7438939199043233,0.31434758736826063,0.04752718909646819,0.0
0.5066207773488323,0.48367492335230655,0.18928219204578017,0.0
2.0312630924225417,0.5713182211665984,0.15065036857822287,0.0
0.477977553082102,0.2384693196574199,0.21066928346929084,0.0
1.5920431623598663,0.2189664756483216,0.04751593002506271,0.0
8.327310645199585,0.7565349675877377,0.18708088399996375,0.0
0.3487130896676387,0.4303574225523763,0.25172013413426003,0.0
1.9732685773202636,0.4791068111537704,0.11741634309471301,0.0
1.7687901394872583,0.24220347509682294,0.06733881874624935,0.0
0.6193510100365778,0.19490021076291553,0.05014548803674483,0.0
5.889998522329739,0.6992177369466972,0.17481665531150672,0.0
5.132646471671693,0.7475327614317153,0.19651670494787615,0.0
0.456054842914714,0.18902808948273386,0.07677933939648932,0.0
2.509654439785958,0.5841385200022002,0.1507844318574928,0.0
3.2757368658130606,0.7309531249562604,0.20546741119254092,0.0
0.7957657737163419,0.6864826010437763,0.2833225014611617,0.0
1.0417788396591892,0.20663828905204784,0.039649349951065435,0.0
3.14699060605977,0.7525304889872739,0.2168097639751246,0.0
0.3982937557859554,0.20500479713746023,0.13880728486137486,0.0
0.5028485440306092,0.677032950044199,0.495542510050638,0.0
0.3996428899618696,0.4817286919670656,0.3673752269597475,0.0
2.490640755034331,0.5110463794880211,0.13215885613246228,0.0
1.9327443515232314,0.5324938266373653,0.1359523299452562,0.0
0.46409950737929684,0.313957182806587,0.29284519387863117,0.0
0.37125720647856575,0.4532871701018346,0.26013048714031284,0.0
1.8366815480811685,0.4591389990979564,0.11447004183631088,0.0
0.7953219366716198,0.31287198665346705,0.04667091831600924,0.0
0.522056539094752,0.5553228518344411,0.25297735978917973,0.0
0.32760013653932774,0.33595124251256947,0.23874235954479156,0.0
0.582271514384086,0.5244949115053497,0.44451209132451275,0.0
1.6125441871970718,0.3912867822014803,0.11193439266410674,0.0
1.6207033936974184,0.5190443683715171,0.2551335489371412,0.0
7.111922456289792,0.718144106858233,0.20376655804082622,0.0
3.000589858134923,0.580580908606622,0.14688538196202378,0.0
0.6417650165563451,0.6516256389875463,0.2953739286652156,0.0
0.8680354332197293,0.25397243963601657,0.16152032341304723,0.0
0.46000020195230995,0.5685155825767008,0.3137831178267651,0.0
7.207058366226356,0.7117611458395188,0.1772977484395801,0.0
3.4845073729294036,0.7234414172737926,0.283881128910703,0.0
1.080470441997047,0.2632571736879512,0.03914470291080758,0.0
2.7494412552066514,0.5363884568082689,0.137076455947015,0.0
0.8636920640523726,0.48145936100478726,0.34108821385546123,0.0
0.9200680831944617,0.33623792540343334,0.0552033687068706,0.0
0.401764493326219,0.5008547185309193,0.3265740806962906,0.0
0.488218552063449,0.6423086530895583,0.4522466727748484,0.0
0.8926114664920544,0.25591801162542205,0.15945021843676324,0.0
0.41625081905633365,0.2686483893612679,0.23815167089010605,0.0
1.954721667934809,0.5928818242918528,0.2767888557530625,0.0
7.052902681264701,0.7083019081454378,0.1770454447966336,0.0
2.1407197798191646,0.5205470721161569,0.13070382268449782,0.0
1.8377853386620977,0.677729562566447,0.20859392113803663,0.0
1.3237907026245406,0.7569685153854735,0.2737717482618918,0.0
5.943020322222901,0.7083855799436951,0.17972260242968377,0.0
0.4769937133467437,0.6116304016857592,0.43849294312468284,0.0
2.9122611425992755,0.5404974526495332,0.15706572105211714,0.0
1.2785436843349434,0.31076006919699406,0.04672356211155559,0.0
2.043882672882031,0.5527836574713418,0.24049610615610081,0.0
1.5242019949969414,0.5664717252053051,0.16177879055374364,0.0
0.6608720357346201,0.26697445522877294,0.20655588768053157,0.0
0.6311556608434064,0.7392846535883593,0.3853619534810056,0.0
2.915276091761278,0.5624595829485326,0.1866175085321145,0.0
4.276889546137129,0.7371242114769476,0.2002286839676969,0.0
1.79064711282696,0.4347968381359246,0.1204496880936096,0.0
2.528322811428648,0.6750391409628118,0.19304584876906142,0.0
1.3112032703051355,0.28906605530554086,0.041615189699611706,0.0
1.4997638397086153,0.31350926593305983,0.07071944760301084,0.0
4.645557576391704,0.6387579733630222,0.16295242283426137,0.0
3.6240337552573507,0.6018546946174581,0.15393847234467933,0.0
3.0991157356469046,0.5899553097894441,0.15147558211909473,0.0
3.0503290823987044,0.5567535269905073,0.14473440134957816,0.0
0.5779246330309942,0.31497057123603467,0.26814149356371847,0.0
7.263458264089076,0.7472917790399354,0.18998492312299262,0.0
0.5284764745613479,0.6569064483990663,0.381767192906502,0.0
1.198758384576065,0.5586085417012909,0.17046845969668922,0.0
1.3336980606447035,0.37574869913762976,0.08730627878449182,0.0
0.34877472214455096,0.3760158364881392,0.1799345474767033,0.0
8.590595093898166,0.7453701555050254,0.2032621050990944,0.0
0.7050708583034329,0.5372728027929188,0.19798371732793243,0.0
0.42402853107057936,0.22385902488945209,0.17146524417219752,0.0
2.9761474846264466,0.5503302067381532,0.14591263656377373,0.0
8.007198857821933,0.7330845083287871,0.185374964278341,0.0
2.5259702723074824,0.5798890560426404,0.1523098621418042,0.0
0.7987471355172868,0.38841638093193587,0.27937732913946145,0.0
1.357978841981632,0.6530619994965285,0.37417332226607725,0.0
1.7333187600656519,0.4544903086325687,0.18977262300732292,0.0
2.0429787808241233,0.5884381085848802,0.2652031264796241,0.0
1.1400915115671992,0.4806181050733185,0.13049357479606036,0.0
5.9025501109518785,0.673070501965138,0.17402376370789702,0.0
2.590503065183414,0.6452864477002715,0.1799758707229556,0.0
5.359853377381672,0.6596332171004136,0.1708640577089362,0.0
1.7454906927512095,0.5761058998436668,0.1628466774483252,0.0
0.697952762532454,0.5799121411124584,0.23275514742554643,0.0
4.363748925457504,0.6213467315667756,0.163418333668773,0.0
6.994187342182233,0.7064998336109471,0.18120367351366432,0.0
5.999907459246138,0.6796841401966087,0.18688389060433774,0.0
0.4248515383282072,0.25355989109666055,0.20836189748553438,0.0
2.558665458801242,0.5182321748231888,0.1487352855913592,0.0
0.8315890241757806,0.23756598344900293,0.14913400032435611,0.0
1.5870299906672596,0.26391439818714435,0.04768089144923366,0.0
0.8769346208863311,0.39228295530337576,0.26475996453321227,0.0
3.625771111934956,0.7374060673392031,0.20815841690931453,0.0
0.4045849679930438,0.29185454968091373,0.08060280940888767,0.0
5.3654132790357085,0.6776596792080061,0.17492584124317787,0.0
1.1772498327252254,0.27481828738269454,0.04077670518103665,0.0
3.1160791075485594,0.6838089627689043,0.19089258418505506,0.0
1.369641624129084,0.21746316906990992,0.04349694063871125,0.0
3.6237629588922147,0.7599238742955909,0.21803620897948284,0.0
0.40087456677036215,0.45480803690088867,0.2788850571325321,0.0
1.105709607338916,0.614353683888389,0.21049039806616843,0.0
1.136121722926605,0.7330783554733051,0.28036280835327737,0.0
1.2672012652344247,0.3451095801740527,0.16823235706235898,0.0
0.5580679135356768,0.47336641776732113,0.38640675652683815,0.0
1.409620199316139,0.5482450606647116,0.29510555980556863,0.0
1.158193873822233,0.3254872633540695,0.05552536841144247,0.0
2.723238169466132,0.7489017205642474,0.2265891257889153,0.0
1.2509648596944114,0.4909273931400919,0.27464945139795083,0.0
0.347325265118986,0.2324270751713089,0.10028398446600559,0.0
2.034859063546646,0.6183035045607301,0.17859698781055838,0.0
4.518818657502171,0.7265052403972532,0.1971348651529339,0.0
1.3510596537179662,0.24920788146764683,0.10646771444352274,0.0
1.3555379291573253,0.5380599519837237,0.15601935187055122,0.0
1.4095010903419372,0.4825238398693632,0.126738816179897,0.0
6.371963088594294,0.7144463169546322,0.20730414099615074,0.0
1.196190666144254,0.6261238155858193,0.37481469822337327,0.0
3.19530784699268,0.7320387711600718,0.21220756318691905,0.0
5.02130017775381,0.6940874006792261,0.1825975755675544,0.0
0.9444132911322711,0.3022065255892381,0.18345947031998325,0.0
2.7126961065354234,0.5377802598734374,0.14729490967160172,0.0
1.207143750964189,0.5096854740296162,0.1462777469751167,0.0
1.0099301716531404,0.31970614308824197,0.18605080007616157,0.0
3.518362283571223,0.6222776833327888,0.16483943084187472,0.0
1.9808169910328228,0.5202432634399075,0.136845840238259,0.0
4.364359763349098,0.6739273528467966,0.1788740299724454,0.0
1.0939002467492323,0.1906521033807259,0.046801019355491524,0.0
3.8407952284534232,0.6575359787653945,0.22334529665575664,0.0
2.335637664191486,0.5097738697703889,0.13999020518064806,0.0
7.108312222054547,0.725908318429269,0.18893585426801243,0.0
4.022053502710904,0.6748775314252486,0.18131975618240115,0.0
0.7538706717811259,0.7063738257524232,0.3283148692167504,0.0
0.476441831795853,0.5297246473792556,0.35936907893308084,0.0
3.2952125576237474,0.5787085421383396,0.1716878584864413,0.0
3.1971733476832203,0.729004714823174,0.21167131431888303,0.0
0.923869498897794,0.325132682904566,0.2026350477661896,0.0
2.361616121810517,0.5689198968385532,0.15300023050145725,0.0
3.704572519255679,0.6298691695231362,0.1674455256840422,0.0
0.328088848079652,0.26651379378212336,0.11793554858360421,0.0
4.039344923716184,0.6541017920375602,0.17413109213172567,0.0
1.6466875981816216,0.7589082820202875,0.2646008433251568,0.0
1.877096010937965,0.46814532143377585,0.12623591354831934,0.0
0.3443284671376663,0.2481766458157082,0.1447727603235956,0.0
1.4893377816302706,0.7497503439659257,0.26796131026360426,0.0
0.38144898609726496,0.307410100500759,0.10027561283881761,0.0
0.6000185168021446,0.1902755226463626,0.06239205667975955,0.0
6.889905120069841,0.7137226710409177,0.19284479772018306,0.0
0.5018342984170605,0.4230146823790579,0.3377643246153433,0.0
3.759436524693495,0.6791810253757489,0.18565259952545748,0.0
4.303659941543014,0.6495553638439526,0.20032567114669966,0.0
0.47125173856885105,0.2487046499016925,0.1943735775215855,0.0
2.0869106735175844,0.5660655910674273,0.15566687809291033,0.0
0.7594853445020036,0.3185334490169942,0.05651280717545081,0.0
0.5431494357587656,0.20152378512358093,0.06314110786921452,0.0
1.0026765635075368,0.5450400774593687,0.17966638232750531,0.0
2.654267074913802,0.5621511235133052,0.19798922512560987,0.0
3.184645285804663,0.5750498151686141,0.1588928474999764,0.0
0.3957512651653623,0.21351512771923387,0.10129950772154252,0.0
3.443259145708831,0.6519436256734468,0.23236210398236867,0.0
7.494206949535258,0.7333804723077406,0.195441412111324,0.0
3.7039922768765,0.7497612820327273,0.28853974370365654,0.0
3.1786250352932566,0.6719412697135527,0.25688357461305417,0.0
0.3614299708768698,0.24925219286477396,0.09395782246179495,0.0
2.4677825430431213,0.6193441895851519,0.17457892990931848,0.0
0.6878699094703951,0.7423406947513878,0.4858566517783561,0.0
2.0990370312304094,0.5119456146993218,0.13734098763360175,0.0
0.6311636641605549,0.5051621598647111,0.3814277893778483,0.0
0.6824378720751287,0.2018387597060649,0.05307221744116157,0.0
1.540707056001379,0.612598473113932,0.19250786588075683,0.0
1.2717594837515929,0.2691075771459004,0.04333093599149768,0.0
3.816571624762064,0.7356236691519358,0.2757738440690121,0.0
1.1141522544499303,0.5781458496476546,0.19391843341745327,0.0
1.6463986930030092,0.5376393019069503,0.15165882334972966,0.0
0.8126558705481983,0.2003589330508282,0.0486593605395883,0.0
1.2991633709471468,0.39227986985441765,0.09696722814495638,0.0
1.1056864698627926,0.7191702060244121,0.28326342228683,0.0
2.3661796013042675,0.5843760390695223,0.16195814155652538,0.0
1.3283754428923444,0.6907368140181958,0.3929042679326987,0.0
0.3627660413083511,0.31964694405794325,0.19902842584091282,0.0
0.7036132978796257,0.3046734383914924,0.2198286817048587,0.0
1.3068777995608372,0.31375563895454484,0.05885482954478966,0.0
0.7985574327171783,0.43662144944134784,0.12856109251622852,0.0
0.8649624101842512,0.22072170920243195,0.04615540511073683,0.0
1.4302265738643243,0.30392171450691396,0.06043533288846006,0.0
3.1781159809300874,0.580971537842002,0.17697864268858732,0.0
1.5703890320157363,0.2204076411175817,0.06550942886792226,0.0
1.10344412290255,0.4418324324251641,0.11760741696940877,0.0
0.9627385543819091,0.34312672635839014,0.20647639924054445,0.0
3.8543773107408175,0.7436788031998973,0.21345171152669884,0.0
1.3223559992778213,0.7406166950204955,0.27812616979934035,0.0
0.7654854592992635,0.20072624345641388,0.050547064067619205,0.0
1.6053982330404608,0.3971715553409578,0.13579961861922424,0.0
0.6998742810880607,0.7425562104278511,0.42081981925815115,0.0
1.5775599519728605,0.29130741848610553,0.06973658477773324,0.0
0.5357797130100401,0.3232809141434769,0.07951206165138229,0.0
0.6273895276722676,0.6451199467555975,0.34521678488083113,0.0
0.6660162280871216,0.20047342586204642,0.05539866066900364,0.0
6.108527984102366,0.7147348522450203,0.1925554763169649,0.0
0.4261253279777666,0.4265544579450773,0.2264599915033497,0.0
0.39275130256966406,0.22237531015041856,0.09845436971147195,0.0
6.969645378153448,0.7504624164039015,0.2192956715454772,0.0
2.708480348617762,0.6906328426644699,0.2050042159049357,0.0
5.802640162050492,0.7462910692550133,0.202424449281397,0.0
1.733142509063077,0.42921747547484146,0.14264842772743805,0.0
1.1109878222741933,0.5222543106734743,0.1628400420643491,0.0
4.948137247724086,0.6774282910502749,0.20108312124997466,0.0
1.7169514072203658,0.5013902685176068,0.13637438489067624,0.0
0.5846056210829236,0.3574195807151894,0.2777245459526796,0.0
2.9481649577213442,0.6167319857980884,0.22509198956710033,0.0
6.643364728307805,0.74058397066735,0.21673791707029652,0.0
0.6842293121239322,0.2664315745533452,0.05263054209929033,0.0
2.055801297809241,0.540288595266857,0.1488626881517719,0.0
0.7044539349128591,0.7182691004327144,0.4574564339244902,0.0
0.7899961993443778,0.5681621935858869,0.3903173186711688,0.0
4.0035840824924875,0.6445733637423126,0.20219633310552446,0.0
1.1339811004195006,0.6848464416956321,0.2612015221966605,0.0
5.408575247649564,0.6883189607016895,0.18991114924612387,0.0
0.8387860218770786,0.5801762076031061,0.3897976948159431,0.0
1.1477613426663513,0.3283423767583744,0.0633077365208964,0.0
0.5209079550113991,0.22975754902771217,0.06384776476241945,0.0
3.1041568528292824,0.6670402392356358,0.19023049565207598,0.0
1.2872800281885795,0.35492581140264123,0.16665556122370281,0.0
0.4656748108702331,0.28646508110494806,0.21846717342824762,0.0
0.8975862578295573,0.29077891183054705,0.04789076208857671,0.0
1.6587800511114317,0.23957373978993435,0.07075752452859932,0.0
0.39059789147861323,0.23241075930749056,0.13144376732566448,0.0
0.8738953771843025,0.5018336753135602,0.16781607246515337,0.0
4.392892631917396,0.6569715660146886,0.1823374066480852,0.0
1.674238999153049,0.49510982826768957,0.13569502219183838,0.0
0.7816495896134956,0.7532143918595509,0.47210656648896715,0.0
1.3203708149770925,0.2401356446981211,0.10114808475328212,0.0
6.0143031482718285,0.7321573928408351,0.22005586234500707,0.0
0.9222095317758594,0.36367503335830476,0.22522742773284055,0.0
0.4881897984243775,0.43121412263737735,0.1848821075962193,0.0
0.5710258358354974,0.19553123662190453,0.09975210421646945,0.0
0.8633784839075513,0.6888523796692736,0.305735631299323,0.0
0.772442800143029,0.5916471632986755,0.4009974157187226,0.0
0.9069628463689501,0.5735762062099286,0.37168853420666226,0.0
1.2071754803530919,0.35955888241775225,0.08472805659230051,0.0
0.8082383274480307,0.6331965955161118,0.4196511513959441,0.0
0.9961381467059258,0.204553163764143,0.04699483445511501,0.0
1.218625333375206,0.24363537360090026,0.1110313445331081,0.0
3.2934524140724015,0.6042490676051515,0.16966664653742336,0.0
0.8449440469113707,0.29694859220464287,0.05084201719038694,0.0
1.528243376980555,0.3829949231523444,0.12294735500817454,0.0
1.5199321291675965,0.580848308708223,0.18063903314148802,0.0
1.3974337136827515,0.42823077407900634,0.11357884038548678,0.0
1.2744949209248304,0.3037081424397021,0.05335067525058745,0.0
0.4937144283171815,0.48341672179729467,0.2986311266952762,0.0
1.5876139376748188,0.5813707760865572,0.1789159628009818,0.0
0.6566181351807394,0.2054144667925778,0.11953494653012983,0.0
0.9805282043913017,0.7349121085560368,0.32041867673793223,0.0
0.5789995815383815,0.5569314167253616,0.3637506861374917,0.0
2.3996268488522787,0.5702238352625666,0.21793791042168945,0.0
0.4230359217801851,0.29270908434215914,0.20585291732311856,0.0
3.366241324090762,0.6209090368039043,0.20504192991012749,0.0
3.3923186618609353,0.6423851116841932,0.1803927957808177,0.0
4.621859059998384,0.7443048660388814,0.2107133654692078,0.0
6.325854605412218,0.7559966180766649,0.20748169233326325,0.0
2.9127332130344197,0.7380167928408816,0.2263561415055746,0.0
0.3618088543405982,0.2891039965353943,0.14984145897414128,0.0
6.408989213665972,0.7550629630390135,0.20735839468523512,0.0
1.6006910053571914,0.2816415737267497,0.06837918283136808,0.0
3.6452753531463262,0.6195849666214268,0.18152980156531034,0.0
0.6399976175675164,0.29820664308511446,0.06196239694443516,0.0
3.2925096628416632,0.613462345342042,0.1733086186741673,0.0
2.3104390076134127,0.7589100392384678,0.3483493145953344,0.0
0.8596752565507586,0.4535484478121554,0.1401423699277208,0.0
3.378279984380942,0.6355673093237053,0.1790691396673077,0.0
0.5338967381041169,0.5069097642674156,0.3235487359622142,0.0
1.6741153258234398,0.4354765213068008,0.13069468711503818,0.0
1.0602259445993258,0.5212268683798833,0.3112259406614494,0.0
2.767621305723667,0.655480648239533,0.2595560021332983,0.0
0.9753536640046647,0.3358038084705113,0.06796820463952097,0.0
3.30377601992879,0.6004815301725916,0.17833860401559384,0.0
1.4902266507140443,0.7531663257766128,0.28092318315460807,0.0
2.500333362502923,0.5540466184126387,0.19330604781650473,0.0
1.596091697169447,0.4838380166296299,0.13469290947954488,0.0
2.457929708373955,0.5402396269167729,0.18007517138095444,0.0
0.3838133062856155,0.31988901054291885,0.13536739006189846,0.0
0.5036791099101787,0.3639556546447127,0.26696599092867324,0.0
3.52126753532203,0.7077534877723826,0.20614460632978684,0.0
0.7560662311871837,0.46603371401363103,0.1592334210031684,0.0
2.428794010894622,0.5715453206886911,0.21535844157350661,0.0
0.5543569401440998,0.4261503170361569,0.16339201290318114,0.0
0.4997702467012797,0.2947490651008271,0.07724966424874846,0.0
2.3360172047440226,0.5340021051295463,0.15475735436587873,0.0
1.5474905864140283,0.7174987304772757,0.37786348016298227,0.0
1.2993803884597188,0.2026569861994797,0.055437065647876475,0.0
0.39516569252077005,0.2433424102414754,0.13538076051363893,0.0
0.5295471646522074,0.3957765007512617,0.2860800765143937,0.0
2.094167991206234,0.5268501159849837,0.2030075629191008,0.0
0.7885712233370263,0.2520856336881805,0.05069539402272104,0.0
2.4186863051935337,0.6434185604492708,0.1928364331926209,0.0
1.0573880876092723,0.7465684206872458,0.32251540736144213,5e-324
3.7997568157222155,0.7473645664422113,0.2792425831346191,5e-324
0.6200822857705202,0.3295543464017676,0.2403614638617471,5e-324
0.6195597014855796,0.38039452457224243,0.2767256909107422,1e-323
4.575386366549727,0.7149370633687324,0.2024747813794277,2.03e-322
0.7384877703796384,0.5203692023601125,0.20441659726129754,3e-322
1.024002087654825,0.4245583641692856,0.2483842174716719,5.53e-322
1.8939742854197839,0.4803767940168244,0.1422187889600811,2.717e-321
5.698553192345452,0.7430381349150044,0.20819433879169597,4.274e-321
3.9030263848857096,0.6482317193309364,0.20148917456704823,1.839e-320
0.5124649564246084,0.40276960609191437,0.15691026354697588,3.3167e-320
3.7459996764838017,0.7574045469234318,0.2260447742052637,5.524e-320
1.0429069756944696,0.2025678144203008,0.04945095701472298,1.18013e-319
6.174400877291392,0.7448848295444084,0.20938352061678586,1.3099e-319
3.1233468529209,0.6399909110622095,0.2298433306305402,1.50547e-319
0.6178511185832214,0.5720643334483535,0.3496838367022058,1.9743e-319
1.5404968141894155,0.3975428277739115,0.1284877383539933,2.54187e-319
0.775304489177147,0.2983164564180387,0.05615553150181524,1.52996e-318
5.122936082557647,0.7363146047375133,0.23709012353224412,4.168595e-318
1.9789778095489137,0.4880139409795161,0.14856441313824892,7.083973e-318
1.5201260438219784,0.6834813434719282,0.24157180964112693,1.1827047e-317
0.6038598358713703,0.5487147561927606,0.34256637881245317,1.2136446e-317
1.225741043461161,0.2066958954004573,0.05021444501642184,2.1851155e-317
3.2065780848956003,0.7145048264546088,0.27792240858333184,2.355544e-317
4.356301134287946,0.7215383454753383,0.2069024774300168,3.157121e-317
1.1941488368992417,0.21429603483281245,0.048000729697545284,2.67361613e-316
0.8057008621874608,0.4327349952050381,0.13397534121747695,4.8904285e-316
1.1660968242679086,0.21940624956929355,0.04725603825750978,1.04091285e-315
2.9098751987079776,0.603629303530486,0.20972948054995805,1.083798833e-315
0.7524020935715097,0.6748754102435592,0.35644837160323284,1.216303154e-315
1.826557091592921,0.7223100820666981,0.35525648880024147,3.405730385e-315
0.7457644453721386,0.6304066815394844,0.3959554209201828,3.70402069e-315
3.965595057206963,0.649163550931753,0.19305922212942145,6.49641161e-315
0.4144006425351101,0.2743709282843829,0.172509552823249,7.2618634e-315
0.8842834367052141,0.3475424425460145,0.07816218394241456,1.5346746443e-314
1.9076435342512266,0.5964691768011232,0.18219894555046637,2.8903477473e-314
0.6360558684291444,0.437613098398,0.15911794466537416,2.87994783267e-313
2.410844574855842,0.5587198225503287,0.20214286936528003,5.09243359695e-313
0.5924342850672009,0.2910570361797522,0.06700670910064592,7.93781294514e-312
1.0054504588713407,0.4509114104826719,0.26704049147039627,8.989468753307e-312
1.1802695159320944,0.6221229039808089,0.3547020281932875,1.101364416028e-311
0.5925798808525453,0.24912191950046925,0.16997415632540122,1.3772513629187e-311
0.5286534398216869,0.4102219326101808,0.2815543307705093,1.584162990403e-311
1.0820561359039367,0.40973925399088085,0.10967580342853293,3.149037618511e-311
2.0636805223470915,0.5850271291995874,0.17453276514203464,8.5389703761093e-311
5.7611591261602815,0.733070968807356,0.21088376059891195,8.6815931131545e-311
1.631832875231689,0.464706355312829,0.13321842930228875,1.7060191871942e-310
0.889992566255799,0.5427255276557681,0.20278417495205417,5.53366800242493e-310
2.7293278087385744,0.5729156902221655,0.18758395281785487,1.924250789646266e-309
1.7741574450828228,0.7161653481575381,0.35431857876380196,8.644325870374975e-309
1.4926312041608405,0.28626236683458206,0.06098238757416136,1.105650628701317e-308
0.6766553531729631,0.5966021981043874,0.36206269962644133,1.1263173123854443e-308
3.304963567005098,0.6431121622805249,0.22194890388457558,1.688118795071974e-308
0.6506255575878193,0.20254905780813914,0.06340621548081725,2.02360637640293e-308
1.431315304355472,0.41114914863911256,0.11705559664714837,2.3059601289683864e-308
1.2333198401852101,0.7148976864218959,0.40196401832644124,2.5352878058658153e-308
3.282526393399886,0.6230058768165603,0.20436000582516656,4.889392550322932e-308
3.1685202122365386,0.724826280671802,0.28470612153742797,7.017117165547576e-308
5.2903448113107885,0.7256441368516147,0.2223263450308612,8.322141182743083e-308
1.6782868227582473,0.5038047886565811,0.14577686689452585,8.924276500631772e-308
1.37727479984893,0.3991131492740745,0.11186115081702765,1.172674349309717e-307
1.3589454039412523,0.2595041214005409,0.04866291072793419,3.679159015596624e-307
1.9888069229113032,0.6810724314859504,0.3173795377683545,4.173020454889932e-307
1.0861919106096298,0.2766999833936805,0.04795078508836873,5.9522396719702686e-307
2.072120564918327,0.5651635306729272,0.23368484073490717,7.459501928367997e-307
0.4921339306175181,0.3587104523342215,0.24570696683861665,1.3811495674482281e-306
1.1688347065213769,0.5702554729294598,0.19743591453357337,2.4455988166194572e-306
1.0387045165480835,0.2959070515506088,0.15716686427383375,3.251649913779214e-306
3.3949978407763126,0.7240491623498992,0.2179701257963775,3.753492872197098e-306
1.5169720292810336,0.3945460752491732,0.12990715237645326,3.8279796097077184e-306
1.6168164024724447,0.6257247329543403,0.31125927099178125,1.176657125561817e-305
1.67026477319261,0.7583053532308475,0.38608121530119105,3.790599717135058e-305
2.3413510361246104,0.7538001384822306,0.3393588128178939,4.307291032204375e-305
1.0301034670790052,0.20074463818228117,0.051855441681402735,8.894581802632199e-305
1.1355675643942131,0.5014102757685379,0.1584515862013623,1.6355597964094756e-304
3.4392738222198993,0.7224549302653562,0.2727781830321052,2.521556355072351e-304
1.2728307799980332,0.35914642404786723,0.09414958104028905,3.097041709222679e-304
0.46526118830252905,0.4010583573512687,0.2015456981165196,2.123808949184516e-303
4.011896716435798,0.6611544236872684,0.19686160169251038,6.698278675628736e-303
1.0568957353205697,0.6970742096500173,0.40693509997195526,7.723091806928419e-303
4.7294839167969585,0.74450147355133,0.21591427171614452,2.3546126226176526e-302
0.7515862149067463,0.3632828671814412,0.24150840062321535,2.715894003458985e-302
0.5262752962322779,0.25554996416170606,0.06959346471159772,3.283829865151746e-302
3.172319494566258,0.612379516779181,0.18289656098343418,8.295516285343114e-302
2.6575088788137045,0.5825538236899783,0.17222743225920797,8.883166870851946e-302
4.882941417117358,0.7356779070332193,0.21240616016254368,1.0239725596496092e-301
0.7774394376246132,0.5384026953287573,0.3461362965592899,9.533729635846645e-301
1.1901089218270222,0.7245363935148987,0.2979617464677493,1.953537613132348e-300
0.7166405356432204,0.5132133573636002,0.3356878371380582,3.2637165089391645e-300
1.632848721057627,0.24554794259078294,0.06888501300114842,3.5568311057970416e-300
5.46936701435359,0.7387651559682338,0.21333686811749417,3.9691980667407225e-300
0.8973467977702683,0.7418875536897396,0.38569866101717026,1.4201025223083846e-298
0.7763335980371284,0.600385072551813,0.2762910543731421,5.947972198398137e-298
2.7302547290345274,0.6119178348630239,0.22427137911974424,6.250239938400523e-298
0.6222364232064592,0.5238708708125654,0.3220674669106875,2.5888951407748707e-297
1.2572364612195432,0.22528384276913316,0.0488887719994036,2.739790677189804e-297
1.034693330491109,0.44943246519464797,0.1344122671664194,3.770280528303512e-297
0.7668386943457168,0.6237304376994175,0.3756443927726091,1.0096778975958083e-296
0.7024209721126127,0.46967402788844925,0.17842336906292133,2.2023381692583053e-296
0.9356150958677869,0.5054629813872527,0.17589049354753994,1.2222261880326417e-295
0.8247915270323158,0.6780201797482164,0.3918349572931606,1.8851416677230155e-295
0.48188668668289125,0.2564498929134784,0.07743538314967431,2.1807992923854416e-295
1.1787027016069658,0.5966842974087483,0.2157287368690216,2.624812283101763e-295
0.5564801158185464,0.24117192210531724,0.1571772762130551,5.502851448627051e-295
1.5559763427056215,0.7237049056684681,0.3730523523598286,5.813483981972839e-295
0.8600101222348417,0.3735039825226669,0.09747093313298602,9.510698950363802e-295
0.8816757070145904,0.7278193583303341,0.39174373104835364,2.2114242713769836e-294
0.7242024471142603,0.19783855457700084,0.09213310997774544,3.5923711429970464e-294
1.4193250031241007,0.7279648690122766,0.28043676646417814,3.828319182700851e-294
2.8018823529789305,0.6126396440692696,0.1823128203737551,6.471838709000532e-293
0.7187297078403443,0.592331217515323,0.3543398056174662,7.112538333425269e-293
1.6668470522360241,0.4417101774063994,0.16158871015970655,1.9070244290365876e-292
2.1236555901062832,0.5487155893233955,0.1634586809197404,2.2436343364028e-292
0.6722700449237973,0.49966994090259753,0.21351652591300446,3.2128023686282265e-292
4.452526448341866,0.7117217386468109,0.23106770072681607,3.6055469722318463e-292
0.4002916228484583,0.2901382388582294,0.14861660424673553,4.8067678514183805e-292
0.6415021633894078,0.22246165480705493,0.06126582682988407,5.173364346389629e-292
5.325839232970106,0.7444690369853977,0.2168973273731807,8.105041231892559e-292
2.5149280899545445,0.568813493573531,0.17182681512649642,1.1433278033797118e-291
1.4522777867004955,0.2976150192552742,0.07170617378408273,1.4472214593025762e-291
2.0155122092972366,0.7515888340474193,0.2631391223307586,9.138496796824377e-291
4.76577738263188,0.7141052059823134,0.22169980073329176,6.540727163835623e-290
1.6723343924998648,0.7307103015528071,0.26712471181508585,1.3380039402533694e-289
4.068756295824178,0.6743474334246715,0.2080419570161835,1.6185486719029579e-289
5.703631261720776,0.7517297936664089,0.22680341180417135,2.3980524918949856e-289
1.4079872621661256,0.390001915625797,0.16324927444977025,3.041324939910181e-289
1.2966218270544303,0.291482352287989,0.05503420647017331,8.010521156066305e-289
1.6213300950858276,0.4296742213344189,0.1484664258132872,1.6676665880004076e-288
2.6411068342569415,0.6616532425570705,0.2038039940049803,5.163980253052666e-288
1.3893276267539356,0.46629915202915284,0.22369820746453906,8.892181677210672e-288
4.159072502288856,0.739531323240151,0.22042555768543812,1.1097055987189429e-287
1.8131597952555953,0.7377008668937557,0.359546176470927,1.5759646882496445e-287
3.30134053157229,0.7061542530927944,0.2647548436823405,2.3928321586748887e-287
3.0046180469248895,0.604978539460524,0.1913381265615024,1.0192546306881183e-286
0.6329556349141612,0.4487722150257334,0.17868168141018748,1.2784459868743985e-286
0.9000966126082623,0.20097691950396424,0.05542305736284045,1.9629535105174152e-286
1.7818464044960098,0.754638442984821,0.3711003841679108,2.603194783493206e-286
0.7059351955635442,0.5174070155029633,0.32736567671163863,5.476226729494781e-286
0.9509462099665242,0.6383615670909417,0.27460665079336927,6.400602452254018e-286
2.55030035139583,0.6521298747091813,0.2620421909427516,8.705646547400199e-286
4.6911062088456905,0.7438420325096162,0.2194441155335587,1.7001723522384632e-285
1.0827259161975977,0.5460894599735759,0.19305727642696363,5.343905585598915e-285
3.112657981667203,0.6218504459319236,0.18864406341013504,6.180287307119345e-285
2.790420376317531,0.5913428805459404,0.19524826137084642,1.2299587896137812e-284
4.126485954847775,0.6821012370248778,0.2119496785293625,1.4074909291786397e-284
0.6830333739014041,0.2725522099160582,0.060098156524565655,1.8144234343062172e-284
0.7434600645083638,0.5003112132776437,0.3189994128943359,2.362874676114764e-284
0.7991651284992844,0.6022758927583745,0.28051670941404294,7.089232022066266e-284
0.5689178705241495,0.4445701410355576,0.2779365207466446,8.004021356278696e-284
1.560008265571268,0.6191109296626802,0.2102731000984166,8.456175123230938e-284
1.864663338007345,0.6528888635101697,0.2173809678018125,1.5340118839962898e-283
3.323067678288531,0.6615828382818907,0.19848524033650491,2.0720749594602018e-283
1.208583678355966,0.3588273483633244,0.17141547715720792,2.216321531110261e-283
1.1281763819831117,0.5488010898913476,0.3077368401379958,2.843236142813884e-283
3.9480427043514847,0.6773111419152329,0.21608348208410194,8.98186996264596e-283
0.8828152292667042,0.3221313092179996,0.06781366792887648,2.5872520253385158e-282
0.5071532080233041,0.4115297065569543,0.19916676192845778,1.3276776408848224e-281
2.4470322830042317,0.5640417398246036,0.17416620114490583,3.2070002656043594e-281
1.0570238473610782,0.6222619793793491,0.3573909968296294,3.4868231424225807e-281
1.4589700720924732,0.5281585202452246,0.16541848211037594,3.9625977668553404e-281
4.558890919121517,0.7548746912769853,0.22502927965884847,1.9839913939774827e-280
1.5619966566988968,0.7388596800205596,0.2809318459965199,2.102633705413195e-280
1.98192906385656,0.6852940176486522,0.23124994070419647,2.6059478183878695e-280
1.3905557990832023,0.5614500293195721,0.1858855387073462,2.82377973319006e-280
1.356763981600329,0.29436802182648547,0.06079700572171279,6.065579869588775e-280
0.9308115949616926,0.7016158815100384,0.34381017502411504,8.055974151293867e-280
1.1121011854645761,0.452964017244766,0.1367152055789214,1.5299216804703893e-279
4.460432479776319,0.7441136725229593,0.22207288659010926,5.684502153051246e-279
0.780516227774541,0.33959070379415923,0.08231021313332776,1.1768946311854744e-278
0.8080493645126552,0.41426560039482596,0.261190722099556,1.3110713374291886e-278
1.4682714117960103,0.2958630514958891,0.07686073616843635,2.1483065318315757e-278
1.8953934407776565,0.6727641220531047,0.22790299144622808,2.6865441151471865e-278
4.047091935074345,0.7318313190224819,0.2202183952345706,2.742743577923795e-278
1.2009980293201608,0.2402302544038868,0.049196729520032005,1.306458311406619e-277
5.445743556526853,0.7553998686215122,0.23288692735945996,3.496663482699674e-277
0.743124484753249,0.5755926341277038,0.33921514243588674,3.7360484277177844e-277
0.8390651302562837,0.3947950829845859,0.11456561099386744,3.81370248955381e-277
4.9237945635573475,0.739079499935597,0.23467379570454777,5.693194143730156e-277
1.0608038148174401,0.45129011723968504,0.25197532808870604,1.4472072048603656e-276
2.3388932049585307,0.5486042743938326,0.17627882451089177,1.4656919916632271e-276
0.821284754576892,0.6469883150325206,0.339104952091947,2.7235526305685564e-276
0.44341478514342647,0.34463671219470293,0.1716650899978248,4.763580704340309e-276
0.6856665274693459,0.4450831094819694,0.2879891409948875,8.443288144458681e-276
3.824518543411987,0.6908767004004188,0.23196434706313282,1.1008505371452239e-275
3.034098884972778,0.6157611150544313,0.19897675582638483,1.6317855670654214e-275
1.1010635724908227,0.2927033919158093,0.05376610076269809,4.1329856969266875e-275
0.9862609903508943,0.6447420277370723,0.2786609758554655,8.554958916306621e-275
0.8637325384219512,0.20311809102580813,0.05702430045819235,1.3919807723560273e-274
1.8724531346721136,0.5148798887658437,0.15718373986388248,2.368579777474294e-274
0.638471314345912,0.4907008200199876,0.2974014577137339,8.310416341502177e-274
1.2775793829188196,0.7381585015959329,0.39612178823733635,1.0342653483591349e-273
3.9399641363506976,0.7037414064731038,0.21231893295079432,1.1778979878698236e-273
4.7200490603006084,0.74678372978961,0.24573459781733095,1.3385539091177822e-273
3.921350568555832,0.6879104307222508,0.20870533180644282,1.4096465801306023e-273
0.6123281279998256,0.4917927013109413,0.2502512006952981,1.5612455101844054e-273
3.2486867419925574,0.6353150706325839,0.20597836015493012,2.6331301445804877e-273
1.0151688369960343,0.4095736902927072,0.11725439707781626,8.575904110766457e-273
0.46003363156079224,0.3293279212173008,0.12699745484115543,1.2298669864415436e-272
0.6767671012584859,0.42330033724400007,0.27521593425605706,1.3018756914271126e-272
2.132548768397058,0.556491317022819,0.17075296479042404,5.4435206345775606e-272
1.2958491840444673,0.6874802858874747,0.3676383186579522,2.549183177068572e-271
0.7316899472991238,0.5173725129975422,0.22437640547877194,4.528522262777107e-271
1.0187941610640117,0.2523026669752195,0.050240740598180976,7.202144756367431e-271
0.7721094696366428,0.5917888714826924,0.2926964638306799,7.671276494893437e-271
1.7409899292523168,0.6750830587056471,0.23662362733570458,1.0481748496742333e-270
0.8794261738232407,0.5866144258709423,0.34634772296707705,2.5077160985985764e-270
3.731418440776915,0.7335817012821528,0.22500219501019578,2.755223989178426e-270
2.086076071072606,0.5328604443806695,0.16616862158651416,5.476716515423664e-270
1.293398379470533,0.341695619538801,0.09384603931967994,3.050750815072702e-269
1.3164405266459713,0.5911172628320209,0.30998074694380445,3.121707948575179e-269
3.5473889989888647,0.7247849699486177,0.2234715183774468,7.284591082563547e-269
3.649136312884009,0.7285873690480988,0.22409062079295483,1.1473679374047844e-268
1.4669668773072502,0.44149531317635127,0.13318678251553048,6.709519767740852e-268
1.5161171241820082,0.2839486320677098,0.07481111526314976,2.1898320709106064e-267
1.2562653983946923,0.6097352046725237,0.32631267157216726,3.623786064809999e-267
0.8900339927985392,0.6613888270725834,0.36267001812669114,4.528028143730976e-267
0.702592700698478,0.36714251274950693,0.23854017183233148,6.3187955187468604e-267
1.0092600320172949,0.6442974857358854,0.2780594740024693,7.321029655139363e-267
3.3205939754107305,0.7451125126604496,0.28578400999864323,7.3744875026956445e-267
1.495051011323934,0.6972807876129556,0.35529824170872004,8.357948903522387e-267
0.8832113193152225,0.6045769350167671,0.26986859882059777,1.1028213959951845e-266
1.1086315056759357,0.704529735781227,0.3100885665880593,1.2205557851773223e-266
4.102400537358017,0.7560370110504009,0.26772280267491727,1.8658877538509665e-266
4.594236283003703,0.7287158783825411,0.2220062820372571,2.312712914004545e-266
0.6527345590034823,0.2011703432489621,0.08213430074743333,4.033491086013037e-266
0.8941100718255797,0.25020667325889745,0.052654586603378635,2.802855282379049e-265
3.716529962206547,0.6960995464005664,0.21310062265406993,1.258193673174156e-264
3.5688186769761927,0.690127072241701,0.23882403707681618,1.3169417166892075e-264
2.3221664376184403,0.7387707613329866,0.25194161677187915,1.5623158078175581e-264
0.9443904663105549,0.2539260539991448,0.051796717686852234,2.0993328266436515e-264
1.435342688631975,0.6520385097505894,0.2403708403820797,2.153724413492088e-264
1.278822246333263,0.33758595883033826,0.0913477441456864,9.79845610640705e-263
0.9442210790259598,0.6024482197465866,0.25721290901377003,1.8784256140154142e-262
1.234654564134967,0.28987067514812326,0.05597121665329435,2.729332612474956e-262
1.4600587463644352,0.7268396650866404,0.28645707645987667,3.0549119524347e-262
1.1803709536554976,0.6155915457579837,0.23689110837737545,6.593687765707907e-262
1.7282038393295736,0.4696245574385729,0.15471309440324668,1.2236885411185936e-261
1.7765628167244412,0.7172907248219538,0.2610990050013667,2.1351386807269055e-261
3.222730677617559,0.7164399285724254,0.2702695813295985,2.5911755550415186e-261
1.6535040605444333,0.519848877445074,0.16169707613678255,3.4072920441278324e-261
1.3166767193451427,0.2237169257064222,0.05343472779909064,4.579557098923776e-261
1.9810986807449478,0.5961222961105292,0.19039884688110906,4.743311030858161e-261
2.297414191073882,0.6779421887168442,0.2886674872928273,4.975233592827637e-261
1.0693924767799547,0.6701000781023807,0.36963837563663066,9.549443091450782e-261
1.4381015445953658,0.5824344149018186,0.19990540535725418,4.3002067253752246e-260
1.1289275316680119,0.5993158053321077,0.23118671515532768,4.937972554056217e-260
1.1513487361006316,0.40985333090050036,0.11814365559087707,1.6672839095719164e-259
0.8414984923115547,0.196991444640789,0.07264502160073295,1.7773990526860815e-259
1.4016755196624544,0.3144102107598674,0.10549682492478511,4.42978938727187e-258
2.0440636458615913,0.5268099936431399,0.19010955569900936,4.899957743930661e-258
0.7655879472700047,0.20478712826708645,0.06290558813362254,4.901368101162228e-258
0.7076857947516437,0.35618455130460047,0.22820757677402692,5.545014868320404e-258
0.5583466557946988,0.4317834023707594,0.2263847611685108,7.188733179115621e-258
0.45444172136758176,0.2691441680059121,0.09685884175641214,9.536769577625136e-258
1.6149729077493884,0.7160957939355648,0.3540327012502391,1.1423983470173534e-257
0.6884893193348685,0.4125216940306389,0.1460174153249215,3.970797278641193e-257
1.5458748685419899,0.4571161464233162,0.1420656431013711,4.400540620103429e-257
3.7683323206710906,0.711691073282471,0.21992261572315783,4.9378754699822514e-257
2.900498652034303,0.6341895624480038,0.19855939857239566,6.313337703775682e-257
1.7924675451125598,0.7113965015833221,0.25811123790798113,7.378976432328322e-257
1.7178017743230427,0.5489792102695845,0.17450220401453076,1.3584090345647032e-256
2.088472436096678,0.5341303327092144,0.17218795647297785,1.8560051806261196e-256
0.6085927521184491,0.41255277035869997,0.1634198838132535,5.543419527023908e-256
4.692158573271961,0.7424304003972513,0.2357198794892303,8.058729753580342e-256
0.8171438207697079,0.595903053405755,0.3293413480757314,9.186925260988982e-256
1.0775270375104125,0.6933999970269653,0.3138358456736809,1.546711926751534e-255
2.8092326235508676,0.642340415670553,0.23526262276017199,1.7587911689082466e-255
4.63014252692712,0.7487494793841107,0.23018160222424788,5.385894320433842e-255
4.307974531634329,0.7367166350717873,0.24522838768018904,1.0390602589658613e-254
1.2742361592521796,0.7401466361393376,0.38711881003596643,1.5318278394334463e-254
0.5680637376786972,0.2593045924070272,0.07193124919036588,2.8694414780877013e-254
2.127316549134564,0.6592938247453495,0.28554953308657,2.0069126930374648e-253
0.7927444364552176,0.585677154679247,0.30193516584155894,2.6847307816131985e-253
0.58433917840782,0.41331663813797803,0.24880491719420156,6.317584173134093e-253
0.8824709237934076,0.30189862296684455,0.17223959686354737,7.977938939217248e-253
0.8372850671998346,0.41684104786312837,0.13389522212447827,9.569159155579928e-253
4.207649810560268,0.722375977161428,0.23560337787218705,1.1469893252562019e-252
2.505632853198817,0.5854715365496062,0.2018983819712652,1.4776075450444943e-252
2.67476392667062,0.6356988555374536,0.2004645095014137,1.778664651522561e-252
0.6463416762720744,0.23768909742044741,0.06446140273897476,4.835371117982232e-252
1.300876659942599,0.7166723941768265,0.2990046345549495,4.968426982025136e-252
0.9543095125281855,0.5343696849342185,0.30696712545259985,8.909659804931165e-252
1.3645586875135773,0.4391151351850584,0.13337113895310407,1.5014807571375533e-251
3.577789366633514,0.7270492487026314,0.26222636243604447,3.281388532604965e-251
1.3460200593494385,0.6588770433937352,0.34093897811422696,7.798809501898716e-251
0.9529868274546587,0.4338414293625972,0.13794535259166946,2.358479772949881e-250
3.383719920590268,0.6676849401265474,0.2122610020471054,6.288908538145759e-250
1.3176447499245505,0.5832060625967102,0.20900994321412894,6.995849849217106e-250
1.036259503398547,0.6830880628473077,0.36468374613712107,8.426633000484808e-250
0.9675299708311709,0.375887671159165,0.10369401293601938,1.1541180245080456e-249
0.8565448197836059,0.3836589671416255,0.11173154114153225,1.3226814432989203e-249
1.3397727156459656,0.2700972731313198,0.05452703561799879,1.7942323600915293e-249
1.3642631129583087,0.269611211450661,0.055132335006549356,3.516388860288191e-249
1.113886303572606,0.6700176277482837,0.2905342367764667,4.962721599122027e-249
1.0843029669561712,0.7257788251339063,0.3611337797767776,6.053694774311385e-249
1.3442197625995966,0.23515574056652566,0.05349769207873157,7.19268515365325e-249
0.841944556668329,0.4020507203799719,0.24074022579031634,7.636109300921687e-249
0.7767288659564038,0.5107126759758611,0.21764466905282523,8.974922665578088e-249
0.6428411323829675,0.4406416728436189,0.265579847357673,2.1383898837900467e-248
0.9238336784803334,0.39073970548691017,0.22375757136916324,5.342093815900106e-248
0.861086885468298,0.36989974344386334,0.10325246248388514,7.794086637383104e-248
1.51586980950675,0.7520610185830547,0.37604063239767643,1.0759351799531908e-247
0.9348360409032352,0.6359531382657411,0.3024361613148659,1.6554304741145902e-247
1.8428526147198951,0.5824021783530176,0.25366692184617406,3.5271442404221485e-247
2.700001294054589,0.607192124372697,0.20304792578857186,7.045242892551836e-247
3.3502420729992384,0.6648279781158695,0.21653290427046065,9.232948222434869e-247
1.0785559280042065,0.7182600924342608,0.3581942450739911,9.431569328260625e-247
0.43909870559656206,0.2714042297002899,0.12212652202428038,9.789726015707426e-247
1.6446465242490582,0.7397146962786285,0.28619765032164196,9.816014937867471e-247
1.8716042446070738,0.5009288810120949,0.17575642174494968,1.588701093378307e-246
1.4017866333737974,0.6826176418819061,0.2675697989718742,2.7624258757570366e-246
0.5727369979643449,0.2517125905434139,0.07208678759551866,2.962552532432965e-246
0.8241716020279579,0.3285839078585182,0.07900817067194707,8.805582165282241e-246
4.13238074655151,0.7231299130991009,0.2353312674259961,2.458129657634645e-245
0.6098630176131827,0.30039083676517064,0.19207457312030138,2.5848368439734695e-245
0.49204420757957834,0.33874780597645615,0.19012152360754284,4.092519295699553e-245
1.5782010605178503,0.5221994238001206,0.1672399211085921,7.481162475336761e-245
0.6848213654655098,0.485504309960616,0.2788753938582825,1.5659993381924278e-244
1.127212608378315,0.7199392603012436,0.33851877670148234,1.6057926757110405e-244
1.1246814269751173,0.4757453764234467,0.2525300258995106,3.723931782975903e-244
3.0022453649074947,0.7053744556511856,0.2268630036607259,4.327146126169911e-244
0.9179938140699893,0.6208183524517643,0.29447794457071347,4.85628323272134e-244
1.3392209469872647,0.651755366150685,0.3352236521187002,6.921412594117457e-244
1.290722012019332,0.47330151333464654,0.23179654398751737,8.504357629547091e-244
0.7654429964843406,0.30075537604817226,0.18228185724608742,1.3063202595399106e-243
0.7227515689420034,0.2605193830416914,0.15615610524782486,1.6195926166014786e-243
0.5465860108955614,0.3758345377696266,0.22051783613613007,4.625174971133599e-243
3.7335948655072855,0.700181696963452,0.22386872051195914,1.2930728467350068e-242
0.7628480016123866,0.5073849738219713,0.2215261344088648,1.691463076134939e-242
0.7620579559254566,0.21713570562553874,0.06087353442917684,1.9536902969725047e-242
0.49449009308923664,0.2468511813681118,0.13453566965617839,2.752190653830528e-242
2.6310978604279445,0.6687315701482319,0.2165316891386004,3.354845616851341e-242
1.3815246644042034,0.3032179345367694,0.10788118361882922,7.546467035981472e-242
0.7529183790735203,0.4999335301609027,0.29135560316362336,8.799852185217537e-242
0.890448909839499,0.6182854684725354,0.31395732298869056,1.3752174496240964e-241
0.51144304286405,0.3612629060181758,0.1556035976485307,1.5366435423360442e-241
1.6096902824428394,0.700902975798007,0.34129947740630545,1.5608349126519455e-241
1.3149141647892169,0.44984357969077937,0.13908052817868052,1.6854169819212984e-241
2.1308773487200803,0.5729628517002443,0.18428287714771188,5.431570338601666e-241
1.9075304935797792,0.5192849303238678,0.19433674199516687,5.7442707755275e-241
0.48714461943671594,0.34895620561538165,0.17004857525726183,8.690182464875472e-241
0.9291964217423949,0.6345289873344844,0.32856910619789487,1.4580896307110545e-240
0.9739710757590068,0.6564183984402656,0.327086667961195,1.6038264202913257e-240
1.821396491093985,0.5275757395566167,0.16925397418098592,1.6347914079605757e-240
2.1476717321669074,0.6171097163154384,0.2538191202915423,2.3819346743796905e-240
1.795954597885455,0.6291822180993094,0.2861893662011802,3.108425205393165e-240
0.795438351039591,0.2697941128741035,0.0589109515445846,4.809540835914077e-240
1.102044780043741,0.694378265515454,0.3226716274373699,5.283821129562285e-240
0.7643237469109785,0.2266806280328325,0.059628218033032164,5.990911502306577e-240
0.5794479588010528,0.38751285381083744,0.23130124339900796,8.151407383182184e-240
0.7005382532834421,0.2432020163802473,0.06211940769400127,8.779321054067527e-240
0.6667123280588161,0.482222164008248,0.262725226076889,1.324384355620523e-239
0.8230740667034393,0.3855967192149843,0.11678428174384056,2.2589561648458413e-239
1.7484202963597273,0.4826950761613342,0.17019483850378456,5.282695116671197e-239
2.616216456713529,0.6393396107715736,0.20586206399047796,6.586438528684542e-239
1.1340273329254131,0.6876532118657923,0.3089463807455015,7.732804271855239e-239
0.6521266744825116,0.441702336942694,0.1888694747075177,9.248211457737731e-239
0.5744259456470484,0.40317217968141295,0.2302234833993745,9.943597348090966e-239
0.6976194053366509,0.3033692841603235,0.07344964103963922,1.2784602705074796e-238
1.4043492603597585,0.6790735616291654,0.26793858699299516,8.190977659143166e-238
0.9638370049649669,0.30115285851664053,0.16039328468137257,9.087715591952132e-238
0.9150429339064896,0.4739191885953993,0.17036619232298508,1.2480126626158907e-237
0.527466572870452,0.2451321995010618,0.08081414183351139,6.462383012394381e-237
0.9913300520707669,0.5324294360701107,0.2968504680008077,9.847652392786952e-237
0.7856202978654796,0.26488761031451835,0.059193380493931226,2.043952061683183e-236
1.319313156021792,0.6016430586332977,0.22407366772154516,2.973540244888971e-236
0.4769902545694862,0.2505978037710328,0.12747028989998968,9.393877444229361e-236
2.0074346328980663,0.6333969600260139,0.2133496923927127,1.5146006278663017e-235
0.8071365171837055,0.4615403010717478,0.1745273389913623,6.071373267153326e-235
1.922665697952926,0.5177408462926598,0.18407036353443423,1.0971358393187848e-234
1.347260700396614,0.4539494114802949,0.20973309359195164,1.9641115405818107e-234
1.1968321738018624,0.5447902877490689,0.19660403236780016,4.72474150874291e-234
1.4098558905482417,0.7433812912019462,0.3151371952633703,9.918549141158935e-234
2.50513656818398,0.6729874999193719,0.22240762705055295,1.4347186136494568e-233
2.9413359729163133,0.6534095783125999,0.22951061577764834,3.1302810082732147e-233
0.7138981672962288,0.37874036283987733,0.12256745147102047,4.937360069538134e-233
1.1061387050601308,0.46526367360158516,0.2452821666119959,8.59163349819485e-233
3.9385163861729193,0.7260699486073197,0.23974037498055584,1.789386560682038e-232
0.6167283277304918,0.272677538543985,0.16771794607867632,3.0516535858579062e-232
0.9766083487894228,0.22471183342318002,0.10573428800899828,3.4677514876967096e-232
1.2788681899801535,0.38366031414193746,0.16834981012715453,1.0195329146227213e-231
2.0248175887669984,0.542784515203433,0.20022547514741912,1.1809484694654011e-231
2.542187185146073,0.6048776258099289,0.2090145374297241,1.4848810221395904e-231
0.9878167319757498,0.49802465503054205,0.18226142386849403,1.805704763011442e-231
1.5765578632300787,0.5143503842614652,0.16697190381804056,1.8794189256241486e-231
1.8408312826224282,0.7008336972155098,0.2565621132388571,2.0611671705600125e-231
1.1460783275818898,0.7027447611172462,0.35295838248610484,4.386307493073885e-231
1.227852812826443,0.2428849353269773,0.052960269683394234,7.242406607556455e-231
0.4663105819998723,0.2979247761441166,0.12043721302635524,1.09641027010603e-230
1.0540986546377837,0.5092147515936611,0.18463294825103746,2.8053860803264394e-230
1.4472948593146437,0.48734090947866315,0.1569418163389118,5.938295285144049e-230
2.076937259884872,0.6157670594770508,0.20479548916423165,8.89342708656631e-230
0.5085675016379749,0.32220369563504403,0.11883563835515626,9.7796821288457e-230
3.474218980628489,0.7130849448988013,0.25037004608029595,1.2006826017697689e-229
3.1176488814080123,0.7536330697779072,0.24988414068651243,1.2232115621702508e-229
1.2963352192116488,0.21550265518855383,0.06962153771494217,2.1173331115070377e-229
1.0312524186646126,0.3531751288753928,0.09423087248623528,2.45070705755377e-229
3.2311498517476505,0.7013656245576849,0.2274416050720973,5.464298155928083e-229
0.7083082542509196,0.21014483504720205,0.06961776659372297,6.976952612502568e-229
3.2987210905264206,0.7499243869248813,0.24589092908211696,7.35151930895522e-229
1.5748700277134464,0.6681427683499179,0.32190692284440187,8.158798406214324e-229
1.0079090879638226,0.5813494516710278,0.3150150706112606,3.950837922404715e-228
1.221152278383558,0.5977840929732705,0.30962699658423615,1.559168980395728e-227
0.7709767715708793,0.496128618193753,0.2807444612916307,2.9114906661563414e-227
0.7409625435894185,0.2727596867414359,0.161116057539667,4.319363202681042e-227
0.7476460631307376,0.3254538835312166,0.08400748187977654,4.393439331919152e-227
0.4779483660927628,0.3124066225698754,0.15841710848896293,1.1436891227980905e-226
0.7691838486384288,0.4948195571991174,0.27975973254909337,1.148400232565524e-226
1.0800950077343447,0.3461722936210945,0.17190147682196333,1.3259953636222268e-226
2.0825908467561973,0.6207642176975916,0.20781137378034947,1.4353309786274909e-226
1.8840163133612275,0.585331151165738,0.2478262980029545,2.026771525224735e-226
1.181205365296469,0.6349656130003765,0.2641175464247404,6.282542308107841e-226
0.5159757872273634,0.34689009566662854,0.14538916085644638,7.627516630411799e-226
2.936302457570582,0.6735133705499619,0.24423682411715888,2.034951844618224e-225
1.4197071917265713,0.23988884357992046,0.057733435741659206,2.793180954857667e-225
1.5233063760701775,0.2582550486845492,0.07864976687329907,3.7587088768684764e-225
1.2767803541003673,0.7406658406355,0.35683089277334157,3.918346193958814e-225
1.3831335957551438,0.3062582945548171,0.09941099438485429,1.099164644640184e-224
2.3040198304444193,0.5866485947029301,0.1967682304505048,1.7233331548739347e-224
2.5148189488980766,0.7333207244163407,0.30361736236798886,2.6242613711451353e-224
1.6808988039132569,0.6094380215433306,0.21349787887840638,2.6211620938960865e-224
0.6593347724868277,0.31155104386084487,0.19194028905854993,3.7667722448759274e-224
1.7642405816942652,0.5341234800287016,0.17588360014049748,4.075084177683164e-224
1.7661130999290666,0.711355414178436,0.2687280704797607,5.097064141279178e-224
1.0931107493085346,0.6195544191615683,0.26543744682195136,5.237019834658459e-224
1.3026854731488449,0.30864294482700605,0.12061662870510687,1.4763041936174094e-223
2.183346014193013,0.6182212030744161,0.24812073326607975,2.8777109102767464e-223
1.389108021521265,0.7420192690234666,0.36317440991831595,3.38743890855806e-223
1.2903473918216246,0.4939298485507355,0.2406103308538372,2.2446955230995023e-222
2.5965038969740863,0.6269432545177807,0.20906256300019255,3.1906060399584265e-222
2.428562044302513,0.6590685650262003,0.26093268686632465,4.7481059895125714e-222
0.7484408224406884,0.204729373733055,0.07614560717203468,6.411013012084388e-222
0.9806234733961912,0.4309534698608313,0.1407661799602277,9.299819323743063e-222
1.2852060300064174,0.5914283898238171,0.22425754933084954,1.350336977327322e-221
2.4157972813547275,0.6317901292581098,0.2418147257706994,3.436460805770202e-221
1.010552301451142,0.35985211016125906,0.09928353594142818,5.038378833861922e-221
3.95019968617056,0.7472430312465783,0.2447396794935627,9.414764653761503e-221
1.7205371747792348,0.6789034341635727,0.25269473822092925,1.5240146591975328e-220
3.58048591418115,0.7519083533485125,0.27114170000690385,1.7850379746076817e-220
0.6047563857139302,0.31218955526329895,0.19072336361334863,1.9859634890980193e-220
1.399681257954711,0.29845664279023465,0.08634973585965848,2.46324719969752e-220
1.2110642725164382,0.4628053192009347,0.15101872160707758,2.609918997179517e-220
1.7544650630702687,0.6453255897106722,0.23180047970039497,7.060667666318216e-220
3.2118959072889908,0.6873505391831427,0.23633533076958538,7.127116092244162e-220
2.0919938547201173,0.5678892476785957,0.21342721388882355,1.1228214535760225e-219
3.2021970966348743,0.7554031723644474,0.25207559339851227,1.1345327312160789e-219
1.73114871600119,0.5294501424393288,0.2185095635609446,1.178750229293322e-219
2.6513685892721135,0.7257949706597573,0.291693941434271,1.3892158732613712e-219
2.744515902346251,0.6834486378623439,0.22758062619228084,3.9548533507950506e-219
1.0430074309699062,0.6120302495562315,0.27154170491417146,8.060905029905114e-219
1.6144446877422105,0.7334143203170689,0.2950156390152838,1.1355792641455264e-218
2.212343664065193,0.5774446200536862,0.20783655675310195,1.6680163718222284e-218
1.1882195986012896,0.6719943175515415,0.29998758481540744,4.869664624108528e-218
1.5919543985779434,0.7069843307566834,0.27930695020915774,9.157237601426444e-218
0.8285154553118783,0.544086785367524,0.2705924606310035,2.3443243933173252e-217
0.9554256186061973,0.4566801630634407,0.2517749909821898,2.492946783380879e-217
3.0010374661325496,0.6708298575648886,0.2327271685914382,3.486133452287331e-217
1.2948738187733841,0.5265031296100271,0.18421544351742605,3.55936755845973e-217
1.6545611252415071,0.5672137816426035,0.19403620956147008,1.901727005198293e-216
1.3810712934823055,0.7025178102645415,0.34455636436288806,2.0890992130484143e-216
0.6007819170887814,0.306431169602849,0.18553153083731963,2.278901978722371e-216
0.9003968599103338,0.5053969658902142,0.2798911202781448,2.332776249021784e-216
0.7930454486550698,0.21203961399072924,0.0647104892130312,4.606685553071629e-216
1.3106894521778933,0.6069335493430237,0.2345357021581181,5.5906260000718786e-216
1.5715923300757968,0.534273402805403,0.17996541813220307,8.882428655879893e-216
0.8248166586635026,0.41064670326549435,0.1391339704232008,1.0914364799408907e-215
1.6003891319951364,0.6532584924674847,0.30768622974480947,2.9825694822593376e-215
1.0824237053104078,0.6454193996087347,0.3209461368777017,4.590150791845391e-215
1.5188616193680016,0.5532306871315471,0.25446509234801723,7.03449333458709e-215
3.1614016035790033,0.7046152343389718,0.2527317671891271,8.427223311829032e-215
1.921873335778578,0.5902384208736,0.1999734840785566,9.710601664776153e-215
1.8006502260030608,0.7254809311919446,0.2786658051882533,1.0196748740730022e-214
1.3336989598638418,0.5198226390802532,0.2506714405425873,1.2763288179079832e-214
1.868673363159477,0.708476411082827,0.3208537798360793,1.429075524038049e-214
1.58871435612817,0.5896084342956094,0.20858782581449023,1.4524751595754597e-214
1.6063902129560468,0.666054433242776,0.2530944973458891,1.4840024440418218e-214
2.3869923561275463,0.6624815705790958,0.263606883945731,1.8916510741790563e-214
1.355373027974581,0.5760459189884533,0.28241598918830546,1.979049760588819e-214
1.6925699825061642,0.71076545353739,0.27616399487707416,3.0157346336408586e-214
1.090166130964743,0.3561126280811395,0.17441108575534212,6.496547374679362e-214
1.8931423036860284,0.5883276959082255,0.19992309266717403,1.497892889167157e-213
1.8955689167077239,0.5349917594656555,0.18379676533250733,2.9076129371594587e-213
0.5863596561832711,0.3828629135300645,0.1622314353225616,3.6680438723701555e-213
0.7567549976646859,0.3894043974313979,0.2290070069719654,3.884967766959364e-213
1.0844828637249275,0.25825063708428275,0.05450080250913485,4.615838294928358e-213
1.050097233213119,0.4507333446899511,0.1515215890090756,5.132537095490315e-213
0.5193366300319724,0.24480011085531928,0.12415821653176418,6.211285269568377e-213
1.4340730647610886,0.4243693363715988,0.14755473593617227,9.639588120303548e-213
1.1297131614436893,0.25040356996418267,0.11200276214136072,1.0614958277196501e-212
3.3755813967760524,0.724842020542162,0.257008216100976,1.250511433484678e-212
1.7008068714057796,0.49585857382722764,0.18756298269936617,1.2840529217725057e-212
1.4600160526167851,0.7003944404494546,0.3384430929348778,1.4024693490021627e-212
2.4972718152880002,0.7223415765852155,0.25162436894821644,1.9541403306078373e-212
1.0158676230419328,0.5421487624594965,0.21851004372157096,2.582287374916997e-212
0.6258457922206464,0.401715144806297,0.22491431335734993,2.682777584093564e-212
1.130211682751284,0.48543852060765014,0.16895920972770387,3.8971917248591385e-212
0.6533545378592365,0.4029402809556175,0.16084685304754398,4.5829572069417376e-212
3.8002151947863343,0.7488657119060471,0.254600551053437,5.201141693494024e-212
3.054670691970415,0.6958295006388642,0.25005840175039956,6.32889152119924e-212
3.1406175033493273,0.6937795832379943,0.24241686675099905,6.411902129948435e-212
1.164525496676875,0.33584716363913136,0.09126380552785572,9.806298098083585e-212
0.9614166153480461,0.3986933239500421,0.12407890418270336,1.3968644936176989e-211
1.6485147731555134,0.6169257554904684,0.2224354179472632,1.4182940467833328e-211
0.6118144464591477,0.2911197398809764,0.17449137087931532,2.9400276827288498e-211
0.7093089848372536,0.23103327052696532,0.12363013085959686,6.51673605996884e-211
2.144865522408111,0.6420260228693566,0.26363813496138117,1.4518046034637827e-210
2.4175362601282657,0.6566806220121593,0.2566764622732648,1.5210747598889422e-210
0.574169904898973,0.22246606070975028,0.09214188952784276,2.0982724991783787e-210
1.5179790688411554,0.5096753488028256,0.17106118740012752,2.9144180140228756e-210
0.7563138304655954,0.3046949115827218,0.07449991361644638,3.358665602815125e-210
2.7927316162133717,0.7261558549223099,0.2482376722764682,6.173407510410281e-210
1.8838708592763709,0.6423844027055845,0.228358440162943,1.8593480116976165e-209
1.775713545963054,0.6078229410319671,0.26663691603173373,5.416389604888241e-209
1.539519778842953,0.7152234383186322,0.3394564297888694,6.402475810651569e-209
0.9953829464303059,0.24490921888866546,0.055381963758830144,8.126841046097311e-209
1.615509015310442,0.6459731669268975,0.24208691001853658,1.0105697264595997e-208
1.36971122146179,0.39978417539577116,0.15385653133101707,1.153947877491486e-208
0.6772218357825572,0.2183945679664525,0.10668273942379403,1.575521965652438e-208
0.982015872143629,0.2837612477518172,0.059409311210377985,3.317229241296314e-208
1.9464815875353967,0.712441550853576,0.2656660455501157,3.3148331869410954e-208
0.5813243127997083,0.36731967478613003,0.20342144660241288,5.109973219104348e-208
1.1997322678266489,0.21346945968139752,0.06286649732247204,6.367440622511223e-208
0.549925655706323,0.2736446071031986,0.08574300128486162,7.414787277237453e-208
0.8498120957531459,0.48857201760530033,0.26855221210927505,7.00517423468798e-207
0.7200926807355241,0.22888825662337642,0.12015504009745777,1.3379560190514143e-206
1.1714012948662305,0.3069879380915401,0.07205434878644384,1.6128264012105142e-206
0.8418072351212249,0.39015862146054126,0.22123153209939408,4.382079146826841e-206
2.6612963535179635,0.6576008636759683,0.23966981278613944,4.5889447906995767e-206
0.8640354081039678,0.5374547832274592,0.2762908597683227,5.592936072190919e-206
0.8512937915612255,0.30251982223024276,0.06956878820553303,6.467506219753566e-206
2.441444373102863,0.6524289276820743,0.22300112983135387,1.5800276191386843e-205
1.2224960499620803,0.2941526896016624,0.06555025224004198,2.669796912271851e-205
1.2314567421589846,0.6645775288280791,0.2958534602870529,2.676470782917631e-205
0.7958886306930033,0.491417114622519,0.2195400245106712,4.231506953755914e-205
1.2973764871678792,0.6984195388081851,0.325539133293316,5.387613276232777e-205
1.3580891114786535,0.6739195776224771,0.2841997909406058,1.348279106127386e-204
0.8673394579223945,0.5390594604688279,0.2575578599687858,1.5888993111309904e-204
0.5942974278767181,0.22509186172285334,0.10832699394216529,2.5500188518942703e-204
0.9334537015119295,0.46903140843485525,0.2554551781924998,5.775160088359182e-204
1.2184324536818085,0.4391551314223121,0.2085647331195319,9.395973803380787e-204
2.701847927229016,0.6641975239815847,0.2408533657381112,2.1358330234019083e-203
1.2666680104355095,0.37757340316627697,0.12158118222240318,2.9811591906572806e-203
1.9625514930115582,0.5719630634542912,0.19669321986849034,3.437312611688534e-203
3.164052929085196,0.7500026586433015,0.280058872922971,6.49603330258281e-203
0.8770622057133455,0.2053791367732115,0.07235471250511445,9.885388275923991e-203
1.2373644139119406,0.5911832248122937,0.23495419964233147,1.3028671199849864e-202
1.0876808419737642,0.2322152315010686,0.05561258533033552,3.990706811525443e-202
1.5765416159168115,0.7583999997504653,0.3313099786002928,4.288264902988674e-202
1.4991306251720005,0.49889713352624665,0.16923820292344982,1.5295906970336756e-201
0.8869752295738227,0.44418651911726936,0.24499750001687304,3.536452187076765e-201
1.1384020730480895,0.3360746772374419,0.09197302869329782,4.4167434105404945e-201
1.8225586816009063,0.5771182195939726,0.23996402969800953,1.1982276462728844e-200
1.3891293396457343,0.4273032751583936,0.14638134532474723,2.0056526580049442e-200
1.375947927720624,0.7078320476597131,0.3213999100912454,4.048474873981928e-200
2.579585903737602,0.7423298904770308,0.29927143651805244,4.1825451598031154e-200
1.1521604414080713,0.22633922707325482,0.09181746662302333,6.468121842535218e-200
1.3301281294670737,0.6598333088820088,0.31881888375933143,7.124652642307396e-200
1.1113868188846023,0.589265631829309,0.2980924042887072,9.654402883520554e-200
1.8786371566874198,0.6287244910268581,0.22428047902539933,1.1030682594589014e-199
1.2880827794937737,0.3615083427730488,0.14152902263319195,1.619794970265382e-199
2.1371811184224576,0.7159047885184342,0.2630421887730273,2.878732742587087e-199
2.421728111030294,0.6788216761103774,0.23683627581527678,7.691500395320706e-199
1.6651546918780031,0.728649356746486,0.33432936748513736,8.289351050431208e-199
1.1858748444566558,0.33853657661715864,0.14825016069302657,1.2388091876233487e-198
0.6477746298399492,0.4000317667833764,0.2192150849281279,2.3760242671235916e-198
1.1183299174442798,0.5163942741849314,0.19389507011651086,3.0241407396740714e-198
3.124663744238589,0.7517038238733529,0.2809462877938966,3.1018880885400712e-198
3.340420964580714,0.7492835793749255,0.2568683577013726,4.344754525593342e-198
1.3706421785734513,0.4961924668185911,0.22716335349821165,6.0214559222762656e-198
1.1744419419891976,0.37303551661117273,0.11437378645776625,1.0148494715913161e-197
1.1951404677988222,0.2242595367700323,0.05777229654776625,1.646367442214426e-197
1.605568116361514,0.48368386191422785,0.17507179848864504,2.6447805060154606e-197
1.5047162644515595,0.7212585060822614,0.31161332143808934,2.939491745170497e-197
0.7839877553338237,0.4371565797289625,0.24342091011168188,3.392731085659148e-197
1.1577076642389095,0.47655866995803886,0.16615209584670465,3.598037515975704e-197
1.2236341485723994,0.5605363089241249,0.27817705100640966,6.424396889332853e-197
1.3479027803244303,0.43462165840240496,0.1457529562428313,8.025050529439432e-197
1.8849814486371503,0.5869703168451186,0.24038084926197897,8.534998349390444e-197
1.1787376084092536,0.2508056303292867,0.05552712199697268,9.714674830435575e-197
1.4363821274383266,0.23756801761936808,0.0637860182628285,1.0852690006605076e-196
1.4699741609044956,0.7120685319702054,0.30895185836459904,1.1797770836838582e-196
1.8797431947820744,0.7468168647391844,0.3323782586951933,2.1667840679790006e-196
1.148047755165022,0.518005782138723,0.26137514619575414,2.1746071678084844e-196
2.9784982772466186,0.7302798843223013,0.25281992172182943,3.150264135575625e-196
0.633307146162057,0.29076766794169684,0.08130043081747808,3.6809434234109545e-196
2.6886191623979503,0.7505967647330634,0.2667187338168458,6.934207241313442e-196
1.7489903708539956,0.6439270159058106,0.2860279213728659,1.8168703674337247e-195
1.5690918951996,0.5151440157369391,0.17779047897971484,1.9749648175879594e-195
1.73414983650766,0.6584456808220724,0.24849497831049477,1.1364488529977708e-194
0.9581949425692624,0.46727882633192763,0.1740358664930544,2.563317719801685e-194
1.1808344936561657,0.3445624835931089,0.1514093003294977,3.975482548363693e-194
0.8693125025909119,0.5231052580531173,0.24829001320817412,1.2960741859434124e-193
0.5464198827344902,0.3077816754876468,0.16769778767098004,1.3695998658114486e-193
2.2744395600465683,0.7188192051052524,0.2979343801235314,1.691925795489322e-193
1.2364476754063283,0.5798500060015366,0.23070317311793423,2.8550138933882423e-193
2.0228760329246374,0.6369103492024781,0.22695870071443722,4.408955408974835e-193
2.137164816596938,0.5948717747500145,0.21615579180486225,9.964259502169106e-193
3.3163641044205985,0.7510369856489978,0.2623587509799989,1.0207829710407286e-192
0.8433845805131384,0.30984140966109064,0.17071823014669416,1.4731482758815161e-192
3.212833091798668,0.7392871180759926,0.262146553618201,2.508599682694141e-192
1.6605494369916567,0.6239741329167632,0.2322652383271762,3.2255890581034584e-192
2.6358273100251353,0.6745028468404974,0.2470735392020477,3.534274508726718e-192
1.3097096423605308,0.5805399025682425,0.22539948775392127,4.6553501757964e-192
1.5339022259883688,0.5867962758764738,0.26710490599684933,4.7772318133575375e-192
2.709893494122527,0.7030711750039571,0.2650946621609532,5.8944197602246465e-192
2.1000164785025532,0.5932861223894863,0.2215094393782113,5.9596888706994914e-192
1.2583343371725668,0.6547492700365078,0.29840303970208065,6.506077165419327e-192
3.25861848936313,0.7507877945999584,0.269989950159314,8.151408251299295e-192
2.0502970929096023,0.6706508766610577,0.281510445633598,9.582751421209893e-192
2.409074116155038,0.6709077616154238,0.23666057960461262,1.2050918540139909e-191
1.4123406986543596,0.4954050766799296,0.17114880864619111,1.3040787071944253e-191
0.9905132773867251,0.5050862865864449,0.20067740351332397,1.4803425946814962e-191
1.0871854336860913,0.5667821300506661,0.2393291295741634,1.634226636364863e-191
1.5873591422065445,0.7185950517989523,0.3267242687830632,2.2619943984804297e-191
0.8340724016216967,0.3458472227268867,0.19257369996819645,4.011115883999469e-191
1.62789369821847,0.7376522892947834,0.3300787481794545,4.801364491215641e-191
1.5031600206986404,0.4876268114200437,0.20275479836723576,7.754283915747069e-191
1.2690440609541547,0.29848202106875377,0.11709769339869952,1.1908029069896136e-190
0.748005194466927,0.32856133497717144,0.18876542312742695,1.444469737820095e-190
0.9470145478102729,0.5367177645899135,0.23907342836679996,1.5497029663998205e-190
0.9658281140177625,0.347760603672544,0.09741982160170219,1.7976265143806552e-190
0.7234039115569555,0.3174771854056855,0.18345208737109522,2.692919004601064e-190
0.5594574347223933,0.34061704999423403,0.1773383685404946,2.8109931631314804e-190
1.864203009413135,0.5499618119309131,0.20579032427849736,2.9889612760926044e-190
0.8327534199855879,0.20828267508355303,0.08167196937235165,3.362942278794431e-190
0.7359408059970551,0.24593645868961644,0.13311137090472067,4.235327376491217e-190
1.472877877515705,0.49835072596018337,0.17278062152563783,5.36653975057508e-190
1.5952511034682306,0.5190562176868398,0.1814824932693031,5.561450113682508e-190
0.924392709727428,0.27068417568428393,0.0599602212966558,1.1344679718406827e-189
0.7929040641678995,0.47983039181436293,0.22172478957267336,1.4076222627923852e-189
0.8625511476280288,0.39578172857979665,0.21746097981216714,2.5243425866039424e-189
1.015750218632144,0.45136851490620655,0.23420474324050713,2.5820745156694276e-189
2.3699420181140525,0.6586303509807276,0.23354920154692793,4.501809766367305e-189
2.0011798956318305,0.7378658708791999,0.3191126866207205,5.3433540934835404e-189
1.6718795387919325,0.6540865809024667,0.2515038682869336,8.42235001407572e-189
1.4014028206434972,0.27650867999475826,0.09297418781071275,1.063236869007509e-188
1.2633948586324628,0.30563342071196087,0.08015577593149467,1.0906750016013479e-188
0.6318765626838516,0.28525901167070633,0.16400624442974188,1.4769592512673757e-188
1.234657643923704,0.5557407477486027,0.2156132354143123,3.520910010799464e-188
1.1267545209357088,0.30127168734295173,0.0696459924295714,3.7487474471069564e-188
2.1574512801756747,0.6062857605462759,0.2222975205807728,4.4288360776864366e-188
2.041305758553902,0.6605175412346649,0.24048216671953063,6.757556975934317e-188
1.2558975183041756,0.5097893062866139,0.24419132579012054,9.609637524547068e-188
0.8638421250095405,0.37170131700915787,0.11586692490040972,1.0975335922445842e-187
2.0901181262179023,0.7117457254955344,0.30089900770998423,1.5152777579685708e-187
1.6090229020449964,0.7281226305332358,0.32010336157133423,1.6149798481845432e-187
1.234187969465479,0.3255205656258404,0.09468661446613158,2.15913416659813e-187
1.669425160120264,0.7150736085402201,0.3205719916793375,3.743480560859352e-187
1.4212162133002728,0.6276523484755203,0.2518759166572213,4.4257493847879344e-187
1.1399448690299572,0.5547524408321634,0.22459034365686423,6.925610284115056e-187
0.5675018221435604,0.3367277876557935,0.13122720776291644,7.601652528160439e-187
2.6528632337091977,0.7492500732364615,0.270888536646199,1.0535768430182441e-186
1.2515691435308174,0.3506873006580946,0.13973962314833016,1.097776880647948e-186
0.733204680914989,0.4498906965872156,0.21020014087053113,1.2497024823510888e-186
0.8801147254852744,0.42332237320242583,0.22946517360222007,1.7077408283340849e-186
0.9446265896018016,0.33114420880901063,0.17206502073489277,1.94301973415677e-186
0.6214419289664583,0.27619701869305846,0.07952004457805355,2.495088654727896e-186
0.8859016185487629,0.5196166412385914,0.25067461683020426,3.268010956475187e-186
2.2548087047442653,0.735731923547301,0.27540745484807894,4.225122959698659e-186
1.0891099919981713,0.515109912634466,0.26023988940696335,4.897179877041272e-186
1.4466913386373736,0.6584678864703453,0.30515099036774235,7.920768408154169e-186
1.552746038687168,0.5956927992095826,0.2685228167282058,9.364038297218427e-186
1.700404476433242,0.7220782200558156,0.3207322310054586,1.548711651155084e-185
1.3645485804653745,0.6674396217861367,0.2995046277342959,1.5870469629769735e-185
1.920550053756008,0.7082356562627241,0.30645026451958535,2.561512893733443e-185
1.2347235820191607,0.2711451826840936,0.05924042579245379,2.6611305834420456e-185
1.1477720374835112,0.5961040446160375,0.2619905522005252,3.155033962627884e-185
2.921588958147213,0.7271817677426493,0.26282948229875813,3.3297677926655335e-185
1.3237815662995605,0.39760823405793055,0.14579793633891155,7.05261159150831e-185
0.903761832346829,0.3454593835139679,0.09779690125678185,7.537476081463301e-185
2.4089664289962567,0.6586847420182278,0.23750703332032985,8.251178215292343e-185
1.2633282338416603,0.6356118177670986,0.28248867332124544,9.220552405887458e-185
0.5947201774274316,0.3694089245625227,0.1647240554914354,9.592115393820961e-185
2.236758792404089,0.6960657578445024,0.2550186489979096,9.944367328661234e-185
1.3642059265400626,0.5656455887068512,0.21458644232640023,1.1860775916789442e-184
1.3251719935269843,0.40698844463398265,0.14412976131923083,3.841257196032673e-184
1.7919017604108767,0.6564644007346179,0.24902143405130064,7.065684675306996e-184
1.215834582852212,0.22121308015934804,0.06139045334877676,7.967898804438855e-184
1.7368220148865863,0.7290034614317624,0.32031341252905615,8.470246645644001e-184
0.548129827124809,0.28622289373353627,0.1524461311322297,1.2501207290350163e-183
2.014621006703658,0.7169612269258825,0.30534860662771585,1.667106613394918e-183
1.5551101290670797,0.6994315162109037,0.3123585834987938,2.059575334449761e-183
1.0694323330154294,0.35413584032389256,0.10358244062730465,2.7225881058966066e-183
1.8249053224580205,0.7383158559515681,0.32121352498199623,3.9202382094692915e-183
2.736765545026689,0.7596421374643301,0.2763581965051518,6.556397410863256e-183
1.9471031297580286,0.7370618090710956,0.29298766804631987,8.326322629296288e-183
0.7814103240556651,0.29763252535172047,0.07394485002347519,1.1047203031111863e-182
1.0495772202624405,0.3658920317263137,0.11005218528055104,1.1554672842578379e-182
0.8169606154117197,0.2633369443277369,0.14110807762656943,1.3621613138996153e-182
1.7698123893517863,0.565458718621435,0.22913990638880202,1.4233651413210851e-182
0.6534897226792005,0.30699508774250783,0.17596500776579976,1.9121993367999753e-182
1.0802253037507903,0.5718007022339864,0.27765778279881054,3.235970815780691e-182
2.3524484053350285,0.7467813733697419,0.2803100598700836,3.278153223524113e-182
2.1504920914357015,0.7094078967354132,0.2662268309314058,3.413085000564307e-182
1.567007442656946,0.6991507226864511,0.3000001587685801,4.1512174750637764e-182
1.1877955049084452,0.44552365789619897,0.15203011460902285,4.88425988216693e-182
2.304988587738924,0.6934402270253965,0.25357919178479005,9.757802238651331e-182
2.7016453163842016,0.7142541931667987,0.25903879995056034,1.2487313309871449e-181
1.5518240051415795,0.5128939649388435,0.21262220165776397,1.8683814072860099e-181
0.8967636443828262,0.21431647943661591,0.06499220559576355,2.2580230620325074e-181
0.8546359821271015,0.27960515571496325,0.06460736010639712,2.6584099239659764e-181
1.179299128088326,0.5800181105313844,0.2807513836079022,3.6055306986770035e-181
2.4435146146714395,0.6915916484925069,0.25104400954376377,3.6798295819938446e-181
1.2959075397517132,0.6357928307904985,0.2932066963694463,3.757037700726644e-181
1.110297604062204,0.2198587301534003,0.08565826505602844,4.592411376399224e-181
1.875451846005502,0.6684713484506599,0.253868778074609,5.56560497023779e-181
1.2834780221380715,0.3276797789835748,0.11086671804594692,7.044705907115319e-181
0.7321200089341531,0.4281529332469949,0.18330053541716157,9.587694558359682e-181
1.1219832828878697,0.47346227692538734,0.1706937216245766,1.0583996646760564e-180
1.4579833760131482,0.25107154221071193,0.0665282932164075,1.3210246569010137e-180
1.422664461765983,0.27769686604506316,0.08535867629926833,1.7663006913778717e-180
1.0995442286070514,0.5575411083891817,0.2362513645771527,1.7779762992464942e-180
1.0416097436667933,0.5428631747323303,0.2695019920839172,2.5549041008486955e-180
1.8085855472535712,0.6909512994720113,0.27186481046551186,2.61089630058432e-180
1.5171882977741369,0.6597389803975828,0.2992705621117368,2.725800808901085e-180
2.3829754042351254,0.7568311359498421,0.28637366236925815,4.888343370505738e-180
1.608805992477489,0.5458651823188758,0.23012848850747983,5.134811895982107e-180
1.140530396373391,0.2377182710594078,0.05715199618166341,6.105097172907651e-180
2.3064627799149804,0.6723183351368613,0.24527517748101418,1.1167970969831765e-179
2.0878237945122784,0.6832031184877463,0.2551093881314588,1.3154154914373654e-179
0.844000463529591,0.42565886809385534,0.15911249532061764,1.9689514968032695e-179
0.7823775754371649,0.43338378470784633,0.17613486685803445,2.188357985808255e-179
1.1847242632609944,0.5461948803686325,0.2168682490673143,2.3219427449799507e-179
1.497418201747557,0.6260886659036367,0.28511764623960345,3.611676550599075e-179
1.2656318565661326,0.4602290322150586,0.15958395561571373,3.7793675021686196e-179
1.5047354529082853,0.5178185954516845,0.22089082281062317,8.082119707347999e-179
1.3164504284108638,0.402768338396307,0.14688672361596852,8.548481792314457e-179
1.8155356917629408,0.7320060756363174,0.3132001049991034,1.1220878164206819e-178
0.7893439844732573,0.3765382742990495,0.20858746104584636,1.2699132131250663e-178
1.0179926322973714,0.5313432959101252,0.26473324934860004,1.695064033643962e-178
1.732375074330072,0.6965342934859389,0.30473269939294384,1.730059808782924e-178
2.2701230126997043,0.6950751926720118,0.2772869956061272,2.6429875664156164e-178
1.9665243092464202,0.7086119116541598,0.2759629372794649,2.878024133960254e-178
0.8708108561185721,0.3966083552419457,0.1348722638185426,3.410798156680968e-178
0.6091447534451131,0.27356583294067205,0.15143155334169567,5.273411913472474e-178
0.8296215014507382,0.2911398545616519,0.06953871530763865,5.47092502934961e-178
1.035094031191548,0.5245409000132619,0.26231350092992317,7.209911676287804e-178
1.089677646818231,0.40081514137940344,0.13039796147859092,8.772158854404243e-178
0.5718924572092696,0.3198251349868626,0.16977329657383639,1.0869469890220852e-177
0.6162444622724728,0.29501449304340266,0.16555954145862123,1.3462172046638167e-177
1.3533960802801595,0.2284166434622864,0.06768410722434297,1.4049188324544076e-177
1.4521738607425867,0.509091449877938,0.2202026351029363,1.5405652839858336e-177
0.7898170105452404,0.42207869786022156,0.16468126740487787,1.6533635356518991e-177
1.602808018793814,0.6098990244833524,0.23259617429227317,1.7155465665399432e-177
1.8850914689238891,0.6345747580703003,0.23618436259254422,2.941357104818157e-177
1.8360449047422005,0.7118015435712832,0.305952507766999,4.0144160507459785e-177
0.9270794640533548,0.3440732308582253,0.09788452318720024,4.173540927777078e-177
0.9162345138487105,0.5084006117134146,0.2274797209546194,4.312079829807456e-177
2.5476884344588306,0.7133774576494538,0.2709034858530221,4.46251054661926e-177
0.8165831053851704,0.35874789607419455,0.1973665956375152,4.967447241653217e-177
0.8457304647193666,0.2270606045756176,0.06319990850334255,8.899123811773199e-177
0.9812896795705619,0.5145010960664906,0.2584322711193172,9.097633095063153e-177
0.6946814991717645,0.2473384975214632,0.1324274701877325,1.609998131723715e-176
1.376833067336305,0.491026298255959,0.2160875144148066,1.747884198849306e-176
0.8627292885267703,0.45077191066098177,0.17915444547362408,2.081632214998464e-176
2.4662080556860726,0.6947819853101005,0.26026637580774986,2.8461866442959465e-176
2.756055298129475,0.7577065886569618,0.28650791731380987,3.0453465069583585e-176
1.1665256407837514,0.35094679258314176,0.15322724078085934,3.3250305943446604e-176
2.407611482383899,0.6917519525472031,0.2560879337316023,3.580004127824606e-176
0.6846437630232973,0.29659275645394256,0.16806360570566117,4.2282528429304384e-176
1.4377066852243097,0.4621341392843259,0.18286369258849078,5.4615998048679096e-176
2.0036145519477717,0.7245419973265896,0.2863961769480509,5.4960622293913874e-176
1.2971710677950465,0.2364511507059721,0.059744221668459885,7.968022854769445e-176
1.8935453989177908,0.5882494357511596,0.21683031472639056,8.536811747743226e-176
1.8955410448849186,0.6972661514110543,0.2741405479988256,9.288469691304833e-176
0.6074664354120838,0.2866211681206008,0.08736802408101392,1.2701009310798656e-175
1.5286039747141853,0.5220994931076615,0.18869753084693577,3.538385430783919e-175
2.2843405622804163,0.7568397961527766,0.306675065909207,4.268217101751959e-175
1.4977872472439842,0.648841834748098,0.2692352645570735,4.9589928454943544e-175
1.913332235756041,0.708053625057971,0.2996723509610944,7.850899125494619e-175
2.380143410298368,0.692325717512251,0.2582560311742031,1.1930775032376887e-174
2.4647408654296097,0.7054897705079122,0.26595087642592774,1.684236808124313e-174
0.6071303685093046,0.3417213685212255,0.18275265559620243,2.084503652587915e-174
0.594151058571919,0.3541357663076705,0.1776007313891936,2.367573580407477e-174
0.5297797249915472,0.261840750008844,0.10240151337212137,3.7021568814927245e-174
2.1417606058166037,0.6505239352866303,0.2532031362586018,3.8471348430194165e-174
1.4148880344208052,0.5410036103907498,0.2430544783459636,5.312522627747323e-174
1.4118840674167323,0.5799887636865362,0.2647292657156418,1.3086837279642457e-173
1.2212624711205304,0.25778563355616546,0.10489727055745343,1.4309958242731755e-173
2.066133496135201,0.7043925926882526,0.29002996764726396,2.0886603262105285e-173
2.557326108505574,0.7461946385499256,0.2833576493713131,2.0894802676567888e-173
1.087582183277446,0.44838904181773476,0.22047921127024664,2.184805289898907e-173
0.9172125893887699,0.49831359572962763,0.21813312648810151,2.184400146220849e-173
1.5566451653244062,0.5268561900340161,0.21875542801796402,4.446743038041724e-173
1.2344580157966032,0.59754383600676,0.2601035474033917,4.859269927667354e-173
0.6809433564355878,0.4066108368661825,0.20188678878101549,5.0175967424244204e-173
1.6005101896869185,0.6779179100967545,0.28847694416970665,6.189407490288093e-173
1.73164006628018,0.6404042131165657,0.27505899546153434,7.343411061581996e-173
1.3605534099527148,0.49139064646826247,0.17626189831306455,9.368412387989832e-173
2.30889066358338,0.6863653469789499,0.263055982035594,1.1276133007792703e-172
1.4727225258101342,0.5100456662527264,0.1846429902009693,1.4405485053056128e-172
1.1244687149469375,0.42683557666280425,0.20370821576293935,1.6443949011982248e-172
1.728757117524319,0.5616661178014617,0.22458625611901062,1.7733520768907675e-172
1.97678600569383,0.6811185531854966,0.2818383343827397,3.1342070173764523e-172
1.3853800333071877,0.6120315597798862,0.25297917225364874,6.688844376581332e-172
2.2197033416966736,0.6843824818275406,0.2682941027337186,7.690095609115553e-172
1.4395985096447106,0.46463931058523067,0.18062811451737867,7.907902427791346e-172
1.802850847430296,0.6729331125126312,0.2663039386756711,1.5463229237023925e-171
2.08425275500068,0.658718323930829,0.24819658730083188,1.8360802926548285e-171
0.7516831802632087,0.21600383891027064,0.07530747507126294,2.146625501137414e-171
0.5768804403499956,0.3436591962882731,0.164289805521248,2.509787802931684e-171
1.7098388887081288,0.6424098674771785,0.2512111434304475,2.9438517772458436e-171
0.9788648893048961,0.4613753742371076,0.17577201473757922,5.021259576223276e-171
1.159168825001684,0.3828094957938266,0.12464878534221037,5.455409053744048e-171
0.9705997346904116,0.5210652293813254,0.25116711865109603,6.990575708172049e-171
0.6884454184729876,0.3768947732819732,0.20335990498274328,8.680584124726879e-171
0.9451227895388659,0.5109176262570008,0.22990828504419805,2.263335652527891e-170
0.763359172783181,0.36984423523311194,0.2030056450522892,8.867820593458011e-170
1.1015411867833045,0.4513903887791808,0.21952522622371493,1.0676924989417557e-169
1.4448209412340596,0.48309549882181035,0.17604298364635362,1.0685815360641608e-169
1.0463970870225676,0.5332605503989409,0.2578944747341582,1.2394742648982522e-169
1.0451867564750366,0.43110696619455613,0.15093469350513603,1.943570092847051e-169
2.0427026381357845,0.6751366398026986,0.272198916083441,1.953181053729266e-169
1.9415432511490636,0.6388889753274063,0.2573355984185028,3.3213589706657375e-169
1.762282735779273,0.571383294702972,0.22533381605753694,3.3406501951834715e-169
1.8852356738988938,0.6184942538021367,0.23346911314232194,3.635208812361852e-169
1.3496104422304,0.2937702710532606,0.09293986997764649,3.779076358172994e-169
2.177629086150329,0.7027850243819045,0.27313087056230584,4.2082641926719055e-169
0.718471974311365,0.3590342180115156,0.1234055789660905,4.5765591557641075e-169
0.649628794618538,0.35227586880393513,0.12986008835182875,9.376334801254005e-169
1.171018329163541,0.5543245473721525,0.23148068217455123,2.260088147492173e-168
2.1029699997165263,0.6881397413057486,0.2671583625086678,2.417062470396343e-168
0.9069723068241657,0.30969846434875437,0.1602412956544243,3.3323019524995783e-168
1.382014287839647,0.6206580266270589,0.26666085072266704,3.9194339746298487e-168
1.2943048849300762,0.30300691602364926,0.08703062232453998,4.388211199719825e-168
1.7058623394653285,0.554423177071484,0.21007149342017853,5.409843513764895e-168
1.448939335689694,0.2529603946668586,0.0691930971954387,1.6175979394537739e-167
1.1265836497280013,0.35591079077532584,0.1599706565921852,1.6397670932349793e-167
1.6470814339540496,0.586307354128323,0.2468288002745149,5.362538361581732e-167
0.9856160543887693,0.38129665828585724,0.1916500962324932,6.294526884752025e-167
0.9211704180130216,0.4641517958632948,0.18679554813296376,7.212332023458004e-167
1.313835811309394,0.4500158468509776,0.160513282367204,8.837607498759965e-167
1.308625468621079,0.6004702533267088,0.27078617683351164,9.916140351890522e-167
1.5174100314585512,0.49860891675330765,0.19196312704650817,1.6161110385154506e-166
1.2805446804182452,0.25124245452552585,0.059569252201786146,3.070108727235566e-166
1.0627007466786118,0.30692754377831966,0.14250885643459846,5.141159160584585e-166
1.0042627214132072,0.49488970949403455,0.2450986179853487,5.246389585088873e-166
1.4076798319160382,0.6212718516764519,0.2699274996925274,9.117324307307926e-166
1.7748476703701197,0.5871143091116524,0.2330018009979016,1.229041604384898e-165
0.9238765360921821,0.4690444183283975,0.23729548340173492,1.2531527883127902e-165
0.9574245686440346,0.4557816029754205,0.23140839428753524,1.8747643948243673e-165
1.4802491749178568,0.5184898331881704,0.19207631708074283,2.4488695858167266e-165
1.884111833309344,0.6714408005865302,0.27253532809295866,3.869394487541728e-165
1.5043115894256704,0.5188354380631588,0.21471119351552387,4.1962246497887104e-165
1.1025343125409766,0.3584671684951435,0.11096600758497796,6.358606806613637e-165
1.4393376900993804,0.48931279167344566,0.18060174453770259,8.061048219517428e-165
1.6085179302679187,0.6344376879363622,0.2576849213959271,1.0227713378228355e-164
0.963898870118765,0.3436478308080364,0.09957559833215479,1.0647457207777297e-164
0.6386466562940178,0.32944869684184375,0.11293143399947175,1.094636277947145e-164
1.8477424627677728,0.6621716563037396,0.2649795720321161,1.325320413526345e-164
1.316530607873574,0.5920882814113371,0.2508319235883898,1.4225098440572135e-164
1.8591840238665114,0.6659279195330381,0.269977811347319,1.6828920199198576e-164
0.6016977849418037,0.29215441053781044,0.0938685465904754,2.2797269974397576e-164
1.3672760608208616,0.5804930347165749,0.2618841628668222,3.050078405488256e-164
1.640927356181665,0.6442003906122697,0.264290302630818,3.2560030981193574e-164
1.3261505833534812,0.48057064628458956,0.1747596150033756,4.0367915656330194e-164
1.885875861834954,0.6299981967391124,0.24645961529610516,4.10747160206128e-164
1.4311574793137734,0.619675496778513,0.2666740160756159,4.658379964079877e-164
1.2867643148313217,0.30979725567896166,0.09698448813914758,9.497727121368713e-164
1.1863121573544682,0.5228082359019408,0.20685398426538895,9.666511352659317e-164
1.4851512072895758,0.5582449888516274,0.21359468249760571,1.2417788527292895e-163
0.8864121204932189,0.21842006050428564,0.06616817975523273,1.3058517027279285e-163
1.4218672448748642,0.5111936215117068,0.18964405003750862,1.8163446539233868e-163
0.969982498395277,0.38748206989583456,0.1956145672338588,3.975389152451242e-163
1.3916761013918233,0.5187304771478802,0.22678713312033374,4.305577139392418e-163
1.204428465061394,0.40302251468127714,0.138575075573613,8.678363065762581e-163
1.6871402665024071,0.5987866037018608,0.23190883557187247,1.008514154917727e-162
1.0586689755581684,0.3817976022745386,0.12353281695342958,1.2373094125704202e-162
0.6063536698098737,0.3366226935462,0.1735902735340196,1.3231630567957472e-162
1.6001982341086354,0.5814620024434718,0.2448640415934118,1.4042199022166056e-162
1.7016660458218098,0.5702052033835865,0.2233914677881294,1.4253505857318366e-162
0.9100298629035937,0.4886828405139496,0.2336439278406843,1.4443277520868737e-162
1.752241329056174,0.6240043220453442,0.2562868776084589,1.7426212588725713e-162
1.1726037611727467,0.36929049394808966,0.12152607865023067,2.5087075339241514e-162
1.6226556963751833,0.54655711867801,0.21015865374626264,3.6178634377933367e-162
1.038031780519722,0.43832988985792665,0.15818187920240967,4.3229669074067835e-162
1.4123273871503095,0.2652576772778086,0.08532822985432707,4.414791589805161e-162
1.0677854749841362,0.5246899966298286,0.24968711054935552,4.663020353480435e-162
1.3076747064442635,0.4222390954911259,0.16445032734812695,6.852431178830046e-162
0.9968461124777779,0.48603087894474895,0.23961893553651026,6.977781553596046e-162
0.8067437747892718,0.4026114101589504,0.21280092668967895,7.632617180947389e-162
1.1916054666115912,0.43312828538548453,0.1520063139652617,8.166280031887814e-162
1.150901200419419,0.5531151413056621,0.24095965193489693,1.0124302255559867e-161
1.4094474139588264,0.275126829097716,0.07806430037791258,1.2242101317923836e-161
1.4039851485999062,0.23897025362049074,0.07063889796414158,1.4065103674558899e-161
1.0687580467537003,0.22143957932362046,0.08751937956204628,1.939208015132749e-161
0.6773715446063608,0.29627336812360094,0.08539257333345911,2.4405996675391973e-161
1.6096444037344657,0.5902121370561504,0.24807591956172964,2.4876731954890915e-161
1.7380474272281834,0.5926822404861354,0.23483162276592529,2.7817852128993713e-161
1.494286688511389,0.5020576219326307,0.19385333148690256,2.9105372982233624e-161
1.097162950611235,0.5386978940784093,0.23587493697546813,3.1106256410288856e-161
1.2420500312831848,0.503108408618943,0.23125191886724197,5.129779523130174e-161
1.7004104719897448,0.6326604206574518,0.2598963613697619,7.122145936327865e-161
0.6348883556004932,0.3518246642565279,0.18226202114732085,7.737931452840348e-161
1.6612683729472657,0.6271963362907322,0.25495978651584145,1.431226234342657e-160
1.6596491336160035,0.6037595333051642,0.23815661750588732,2.546396613429537e-160
0.9789891140319451,0.2789752547295432,0.06364585233873095,3.786464315990984e-160
1.0913904863411297,0.4443196441117452,0.21322954681725048,3.989318643883788e-160
1.0245937530491158,0.3017103746286405,0.07289579725424174,4.300905853448774e-160
1.3412870298553035,0.5777314763357737,0.2391436825646272,4.63917514111941e-160
1.3634359092383512,0.5493068443132314,0.21556948641756055,5.0779498356862723e-160
1.436436932557685,0.5339399809810557,0.20324203126189125,5.990984964569842e-160
0.8093401031355327,0.43443926885087447,0.18286787358848888,6.573381432503469e-160
1.5505191463819106,0.5929184854542182,0.23567354351548866,8.105340545402924e-160
0.9896403193987648,0.4838551100439601,0.23761381549705557,8.852051598224919e-160
0.8807433469750396,0.4587553932977335,0.19315455389602737,9.711727621696525e-160
0.8139371061586953,0.3251499697411331,0.09219782339278093,1.0049972854219883e-159
0.5844185014939498,0.26192884564558594,0.08853973662369462,1.042153558866538e-159
1.0289648435645926,0.32261014106235186,0.0868867200273429,1.3526124088648503e-159
1.0353908762905366,0.37020394983205374,0.1173783606973872,1.63632447421052e-159
0.7820249498702978,0.315401414323931,0.08768988559658619,2.0315251429475851e-159
1.1608128544727876,0.4729997054771957,0.22171009328122931,2.459092165672804e-159
1.1625635355912234,0.5312681455912218,0.21896821438266384,3.8463088994695817e-159
0.7690356106463412,0.38944910684474787,0.14602538300556267,1.1590213831443708e-158
1.017309992003467,0.3342022576676942,0.09479373029367735,1.4855516082668353e-158
0.719936224018138,0.36602080764466094,0.1961171618849397,1.7535518731202852e-158
1.5886222814426159,0.5843690641098138,0.24370008460733547,1.8215340977706973e-158
1.4130632366411984,0.5674208090651911,0.22658328731880972,2.6929121541725214e-158
1.6233841163807252,0.5708239775783936,0.2307304290836225,2.8243824876605983e-158
1.1319744035767396,0.538677369879317,0.2477126385764618,1.3651571975884782e-157
1.2480888633925176,0.5152720095845722,0.20059958320350094,4.829900207484e-157
0.9028665884889033,0.21303966649162398,0.08022164980755192,5.360947257420907e-157
1.142973288302839,0.36692604312481314,0.16089543399577994,6.540276583507025e-157
0.6567702398645725,0.3287936552286461,0.17721997718145033,7.557441874792169e-157
1.1016638642146113,0.444148902207973,0.16105858611657833,8.74962125365253e-157
1.0814383837235901,0.23382673748236638,0.059835549508982296,1.2196747734587222e-156
1.0931284406133557,0.43264300075080464,0.15442734512154338,3.256865939515268e-156
1.416892926852256,0.5438338768358206,0.2121156839790372,3.326341781205118e-156
1.3479389305289118,0.4966679818324029,0.1867560661782444,4.51670491126968e-156
1.5885338940873552,0.5787070056736237,0.23087314995217856,5.304962081818283e-156
0.8306681122827282,0.44114361761784404,0.188430947270426,8.540808329291684e-156
0.8367979321231136,0.43828582416192874,0.18341043653326372,9.608797875666556e-156
0.8258314998428187,0.36645552673150306,0.194129665045719,1.0084810307414576e-155
1.470558242590558,0.5118138197927657,0.19840981935845914,1.4619717053675562e-155
0.8087723948316121,0.28816880247517096,0.07258965321893979,1.551323026788769e-155
1.2791438427690007,0.43146950166920606,0.1775311261041805,1.72019535351791e-155
1.3529224744261743,0.5780852942191057,0.24878126134547185,1.9684626791596853e-155
0.632387127107986,0.350281864656121,0.14000653499377513,2.1081425377792933e-155
1.5419291442812106,0.5789592018387417,0.24071447199076446,2.628131628289354e-155
0.9867416088374519,0.26844351580033776,0.061890202465367736,2.8822393030821535e-155
1.0271209903532217,0.5117546176287824,0.22946819683652506,6.265018209634965e-155
0.6314428588612842,0.2377722107828899,0.11315190778845824,7.181736928224969e-155
1.1896710842463278,0.28206906137342735,0.11607416391753628,9.529176241727742e-155
1.389501593025626,0.5779152393862486,0.24275356193425326,1.3893579638215977e-154
1.1964657493419644,0.5402598004296053,0.22737611821377218,1.404849662849919e-154
0.9781816102204051,0.37776099269382013,0.18702488486408447,4.236098452276845e-154
0.9164658994647699,0.3353178254546094,0.17056737023703306,5.865572810246273e-154
0.8044408759814612,0.40345120434243364,0.1553494348728397,8.15883585028305e-154
1.1032028342609195,0.5267635924210152,0.23150096956614188,1.4274275986028162e-153
1.4535782155480046,0.5315058412206461,0.2069209583873807,1.7393318397131484e-153
1.3421245928008307,0.46338233664260975,0.17533202356719807,1.7546131348393478e-153
1.1584685840470215,0.5248803332782788,0.24146011359133296,1.7818768838723155e-153
1.2230600146452542,0.5313394767931225,0.24092506068916342,3.785218589019343e-153
0.8504307364639825,0.28752871382780687,0.07076843450633404,4.7715434011937634e-153
1.2640114620461596,0.523977720605503,0.2353869492023732,4.981319561825842e-153
1.2331620295481223,0.22482884661021574,0.06596473297075829,5.599065637023584e-153
1.188997019684269,0.3819953640651732,0.13234014993877,5.786560813589953e-153
0.6928679313276973,0.2224878659698477,0.09224770559536133,8.991587272565236e-153
0.9032409908353678,0.35141380592574367,0.17998771450706347,1.1917591655250432e-152
0.8383624777134582,0.21430575133242602,0.07808978550944755,1.3599236906733452e-152
1.0345813495092777,0.44889610636747235,0.21750150994252543,1.8302228215759785e-152
1.1674570078159725,0.40444084736569863,0.17790525271184454,2.214367583882614e-152
1.3313194719743215,0.2872985608175378,0.09645349357293391,4.428263479209858e-152
0.8044242168293181,0.31363776684216194,0.16718008551968988,8.114195371060473e-152
0.7124535209419438,0.2627301332629459,0.07307093528113368,8.5016342642645e-152
1.2946372279718332,0.3016000076418923,0.0933731991351734,1.046613630310222e-151
0.6316039206764117,0.30473866262763427,0.09933709942404945,1.3847855704493944e-151
0.7933485950390846,0.368244534005189,0.12737763215186715,2.2061350269099836e-151
1.0690112576294037,0.32958336441150604,0.09428476186540842,3.283121858051428e-151
1.3250249482566687,0.23122789093825236,0.06961295859915213,3.590464260831952e-151
0.8891634755531559,0.2185142530680636,0.0683917365045118,4.7732303567478224e-151
0.60938847471445,0.3396598287323065,0.1410496590196125,7.740586151765402e-151
1.2117513314864947,0.5081535909670809,0.20187235383572805,2.6459776040705143e-150
1.3807713823662109,0.23974290299834944,0.07476334519636843,3.738336330899802e-150
1.0777278883893793,0.5143717502553888,0.2319962899870329,3.9040700422565576e-150
1.2520376948776555,0.45141234578290446,0.19396460867136783,4.097035630522122e-150
0.9406220236879381,0.22724369572116088,0.0998145277065739,1.0269916522317606e-149
0.8667658101525362,0.4441679917389949,0.18778537446788354,1.148096600825813e-149
1.382937926290646,0.5356201455624889,0.22747853195900994,1.7962591571456986e-149
1.0585245022962244,0.5028687384033079,0.215601323250006,1.900350410759216e-149
1.3316657473317406,0.46163721595746376,0.18081315529492095,3.072414914255914e-149
0.682617302109902,0.3586591028463637,0.13708957474193076,3.8261977479920506e-149
1.0965383833447078,0.46886469856906254,0.2203303691695956,5.460864465434215e-149
1.086883081524178,0.48407340789420417,0.19378761856368762,5.562824567433977e-149
0.6592369717263118,0.3624854503185675,0.1794859760281232,6.192552377012978e-149
1.2219260901932039,0.24767246086983552,0.09692408209018666,6.257814505325893e-149
0.7508196796080071,0.33677612260734135,0.10744185482249827,7.439076743325935e-149
1.1085331314207743,0.3894308937522384,0.17639505876287062,8.847947672500722e-149
0.9088244177010125,0.4649510130389811,0.21987471775953935,8.981588145657755e-149
1.1858502421486232,0.4242083842218969,0.1526514325175676,1.2441029091597562e-148
1.006988896289858,0.49419789323025,0.22618079130745433,1.260025824077928e-148
1.2288100183548192,0.5309045438390021,0.22153210689239028,1.995148683946417e-148
0.8567822403658898,0.3957718920065638,0.14432263052696032,2.3527045273358503e-148
1.2701808362647444,0.44375490806609985,0.16619366829437288,2.509886505751716e-148
0.7365939194740818,0.3677861794034396,0.1354648166234065,3.866332956638495e-148
0.8470369875785568,0.22492678047676384,0.06760138101690143,4.4515355765447246e-148
0.8363403278173251,0.2185273199604464,0.07185401834110913,5.871238699837089e-148
0.824966324940533,0.4046239813306163,0.20646408679759254,9.382529232834483e-148
1.3666004736274378,0.5220086513645052,0.2077106819825307,1.1639630769625549e-147
1.3616322362390214,0.5419996878503328,0.22853277301684014,1.2474935913081555e-147
1.214247007084957,0.3167021563211385,0.1220215003175745,1.6631252873094983e-147
1.0818300684236508,0.5069430677966642,0.21915835276992746,2.0239548551379847e-147
1.3269711552638626,0.4653568701509465,0.18461175035120847,2.4377994529357865e-147
1.2845320082110252,0.5396919945459331,0.23144676240266282,2.950612523620815e-147
0.8628521345803595,0.45025845203137616,0.20215096125501986,3.3892331004718993e-147
1.3901862954255595,0.5148137706973539,0.2106066429095361,3.405973353565377e-147
1.0463783071479646,0.4615913807102583,0.219616921266068,4.2651047452475265e-147
0.7170877271119238,0.35594097052487306,0.18710720358022387,4.472895865099326e-147
1.0828083242946587,0.506740700957045,0.22970794061355018,4.580701029819478e-147
1.007135539233536,0.38234529399144335,0.18436300914994155,4.874961143224088e-147
0.5830243719803221,0.32137893723734434,0.1451686638941294,5.179697969650563e-147
1.0905594479263563,0.47165373344698835,0.1847815808044741,5.862795114606059e-147
0.6160473361338141,0.23695932501395223,0.1029865652144272,7.680207340599866e-147
0.8520246294002813,0.3253361692190997,0.1690828213701389,7.983862683654369e-147
1.4098286627333625,0.267262320515429,0.07902370600835613,8.653228507238592e-147
0.6535487529425765,0.3415153968789899,0.17551570148920528,1.1283179630935442e-146
0.8995741691681971,0.3036979005948377,0.07766258366442812,1.156148254289884e-146
0.6340254152658851,0.24597571278373564,0.08251809674031242,1.1650586713340243e-146
0.593530159282869,0.24240360115435622,0.10175473699160921,1.2464916368860717e-146
1.1852547066895784,0.22154160129504086,0.07270380955166933,1.3176240640105269e-146
1.3340793059011808,0.48785069413663606,0.20231177086655777,1.796326729854389e-146
1.2908973321382309,0.2439054116312691,0.06224404727551431,2.019841439140075e-146
0.8027957909422909,0.2230094754176637,0.07130819315145524,2.571970972689436e-146
1.225429729615282,0.23842518393257583,0.061302613740333606,2.663477974090378e-146
0.6674797218132777,0.258960005806701,0.13420239411746437,3.9214686962329104e-146
0.9575279241724761,0.4431998661971335,0.1742614937732004,4.376685506592e-146
0.6684237556102008,0.285085020670812,0.0844384394095294,7.145819681379995e-146
1.096645362421926,0.44936744957024866,0.20938241176322717,8.974704069982826e-146
1.1208835715134526,0.2867573835609434,0.06776805385547752,1.0015970409073057e-145
1.0196916435339958,0.26618505253394176,0.06207248380587671,1.0309467610478945e-145
1.0302075909062278,0.21964735894017162,0.08468917277130673,1.1722590298460252e-145
0.6867713984710715,0.31357782917152455,0.16791541592608228,1.415130055631487e-145
0.6351880189194414,0.25027361121536296,0.08214252925569508,1.6664258961810358e-145
1.0512600560013112,0.42425146813974535,0.20095237587352507,2.3123316539384853e-145
1.2521287033175774,0.30775276935335305,0.09349307207816736,5.1228745397247925e-145
1.0591076318919317,0.49646056003366335,0.2260994769889292,5.451796782663971e-145
1.1592717240524024,0.40962910523566043,0.17927867628200317,8.148952831435083e-145
1.2549552190586102,0.5252268688345503,0.22704026356316878,9.520986998660786e-145
1.2447113200602047,0.42244267817271175,0.16958758399668553,1.0496931428141463e-144
0.7393722069481736,0.3975511564486276,0.19322256426247195,1.7373631361375024e-144
0.5733361724789585,0.3089707950875282,0.12932927294688468,1.7472967697110097e-144
1.0767275031961496,0.2860322483405646,0.06725015208242474,1.7912963303745257e-144
0.6861476744368158,0.2386723106986144,0.1157052323079211,3.4928768188173024e-144
0.9491663721399402,0.2790230492718164,0.06615718091341441,6.155155673048501e-144
0.6699889700222812,0.24431965638150377,0.07803117830337676,8.42770679174641e-144
0.7403550003886377,0.39569113830676295,0.19335929315195657,8.846544772997378e-144
1.1259635259925176,0.29559009097224287,0.07311179014544501,8.98721295682816e-144
0.737200117310886,0.24768247595466342,0.07135796154232271,9.939642185823302e-144
1.2454043777476933,0.5146154051737268,0.21098309242604021,1.0350540197213956e-143
1.1886468838700424,0.5144387307265141,0.21627524608858906,1.1338413280849624e-143
0.8384504211847688,0.36731882366634294,0.18967597530992092,2.4984841563811377e-143
1.2694219664126472,0.2756127606948411,0.0670490829125126,3.8440388816510198e-143
1.0156046270802452,0.36028758262722294,0.11503229724080533,5.180440634757093e-143
1.319230589799501,0.48394073995343123,0.1961389921594597,5.814005214728162e-143
1.4011798382854916,0.26453821797627763,0.07278524984876852,6.273897437336801e-143
0.7820526380248278,0.41613836586707365,0.19584601079281186,9.44900969116481e-143
1.2680684389753143,0.4726492603546464,0.18295150045896996,9.50067737233714e-143
1.198362532538674,0.37543439036831505,0.13796231434318168,1.1376753759896854e-142
1.0109757102975863,0.35739296002312115,0.16965731332799075,1.1813398407301826e-142
1.316549798644914,0.4843566608248031,0.19652490892505206,1.2269740695496352e-142
0.7804679535321686,0.41629861176135474,0.19013704043627203,1.4607373451369781e-142
0.6257828122091436,0.2368226981862258,0.10321455568694166,1.7844869953399145e-142
1.0518467786360706,0.36600537602302863,0.11929891189591244,1.8804218751602613e-142
1.1906183907412196,0.3884267644475323,0.1409191563264973,2.7603067950590775e-142
1.128284319265246,0.43049066754998155,0.1579054647964186,2.9131947496946317e-142
1.3043566247310086,0.47686512239728374,0.1902464452135039,4.770897241235439e-142
1.1983653585634357,0.5100857281562621,0.21338211874872143,6.280042956180553e-142
1.070909011340687,0.39380843293822365,0.18137947609455765,1.0598913357517787e-141
1.0852956187227356,0.4528211730878344,0.17391526691868456,1.1208498483107207e-141
1.0854333405691357,0.49706320595141174,0.2204839840201488,1.1195320333720463e-141
1.0548741371614714,0.4799361168724421,0.22109628076107538,1.5758303415410157e-141
0.9188859628864776,0.3527577638413153,0.11115967850877917,1.8291661718198344e-141
1.2088297555501715,0.44966147810759494,0.16995741669368103,1.9113450082407544e-141
0.6831159512669451,0.3700809102647835,0.17829909004555025,1.9517019541956086e-141
1.2321784273299645,0.3190231871231033,0.11344217243058372,3.185592144256532e-141
1.2641470007868065,0.22868876333846888,0.07524282347916678,6.535682866722482e-141
1.2110162829911193,0.4810513797988303,0.21063859411869595,6.729799242658137e-141
1.1141126409869315,0.37632749119491393,0.12812139732890673,1.0406993737350351e-140
1.164769055830721,0.2992155417565965,0.07762368295268293,1.16968727971136e-140
0.778085910665272,0.2718480514587769,0.07162284658684309,1.709909683879956e-140
0.8844427320150121,0.3578867898110454,0.18131427476984585,5.023133714652623e-140
1.1402826825996097,0.22814561119900134,0.08683219853713436,8.387152284030228e-140
1.0131234499649011,0.2385603252748617,0.10455198959094032,8.590832918062542e-140
0.9690099269946586,0.31227942296073397,0.08302867947931072,9.323869818267188e-140
0.7846297561018325,0.38000177831837467,0.19385795646349652,1.5795416054015942e-139
1.1745245086290765,0.2708418990838577,0.06354473259713521,2.3925860074896036e-139
0.9138525837128473,0.36626125116562,0.12126438911618727,2.4172203564052137e-139
0.6153305977009698,0.2774695336994093,0.09147969157038871,2.443515452274984e-139
1.072531716344761,0.4889752079978249,0.21169095099143218,2.898259179345789e-139
1.0664164675918126,0.4799403582999777,0.21841246571636594,3.2307313360839208e-139
1.1122395026419287,0.4937506687103712,0.2103626213715531,3.631054045614691e-139
0.9780007088459115,0.22688413617142056,0.06423164565068701,4.4340003357459085e-139
0.7502636067718687,0.3030642048957515,0.08640782604272315,6.623459414469205e-139
0.8261643318692009,0.3879187605482699,0.19647458484627128,8.361222094639846e-139
1.1501480911286581,0.4976777062052724,0.2108416330294234,9.51049940002307e-139
1.0774995238993892,0.425890657111605,0.1962361944639835,1.1495353276351424e-138
0.8587765738961561,0.37136815287900626,0.18875029971522334,1.523387924733091e-138
1.1262121035822972,0.49121200842079404,0.2061748933175127,2.1101057507530177e-138
0.6647905127731519,0.3557936433062505,0.14705939273458493,2.98503928514441e-138
0.8111460903880339,0.41217126679104843,0.200006914873317,4.625999279555346e-138
1.08441950673771,0.4820867364130068,0.21661609200429344,8.518230522524597e-138
0.6962715742215195,0.33376494642488375,0.11518364513144953,1.7267877500144596e-137
0.9070377440457218,0.39848758480566393,0.19726467867120973,1.822575005657306e-137
1.2520561300422877,0.46995948353613626,0.1876371123184855,2.520526087081285e-137
0.67111552094965,0.26997305369700464,0.08094328019174198,3.150519933969412e-137
1.1478891519531516,0.4244936763552851,0.15720575334360318,5.522149439862836e-137
0.954487580253371,0.37677646877053506,0.18367356106857194,6.165310498962085e-137
0.9332763845697194,0.3082251961107023,0.08131001893034102,9.887597640697984e-137
1.1048512863660402,0.3510208100621235,0.11383959307909712,1.4436366383667963e-136
1.1753542526713812,0.4158638229430378,0.17590899846617414,1.7345585864078196e-136
0.9173068709359491,0.2900934284717822,0.071879416175236,2.596366131365025e-136
0.6075065285939427,0.24557246003370503,0.1082946957288895,2.9677291038864034e-136
0.8132132081553287,0.2701554911824702,0.1378796212723845,4.6288880316522525e-136
1.160891948600975,0.45386839869992035,0.17566532690799289,6.896439324844122e-136
0.8631712053430913,0.3021557811717528,0.15349481412412394,7.196082624241009e-136
0.8322727313199145,0.22636045559757167,0.10039348431024248,1.108827400827175e-135
1.1937080544960388,0.42798760540264147,0.16257120062476246,1.2963161561674168e-135
1.111507403189405,0.33257918338617154,0.142579917040485,1.4957351250192834e-135
1.1578508746410705,0.3148773905098925,0.09135533179811355,2.326901798785815e-135
0.7238384282270509,0.2325578747548136,0.07626673616735975,2.4905768216824742e-135
0.8469257040771545,0.3197251534517185,0.09169874372724615,2.921724783856122e-135
1.0759849420909635,0.29321274925379237,0.1298375070451797,2.9915612199839054e-135
1.3924472536196575,0.2659117694139794,0.07595993036606387,3.44299178540133e-135
1.1980326928393428,0.27568398023578977,0.06597250245358761,3.786290057268307e-135
1.0453021726173937,0.4003078754220142,0.18539761656454282,3.8648672228537426e-135
1.10982432687827,0.48095729210320637,0.2117934596618019,4.828963373430102e-135
1.1510829490833796,0.33723448224860664,0.1089695632963963,5.256057925977916e-135
0.9969074025409412,0.41180331724966357,0.1956301203122675,5.5069288144726e-135
1.214944517676562,0.44818259084964196,0.17526808273350372,5.596601083352393e-135
0.7143111369024542,0.3759500608136499,0.180263575575269,1.2597250236005452e-134
1.2067645002702072,0.3259861475213508,0.11068796868379191,1.980085659206827e-134
1.1911980730184037,0.47900638526587747,0.2039693474452787,2.902561270945571e-134
0.7940401474565224,0.23161150734196045,0.07077752425247448,3.675009412520028e-134
1.0590789375612761,0.2692915952925268,0.11979861084275648,9.463416210331828e-134
1.077703799453575,0.47269041963723546,0.19817757575380437,1.3605498010433332e-133
1.1302759641388516,0.41208880387667013,0.1797969583806304,1.5656057453816747e-133
1.0673791947660494,0.2648879080063937,0.11677608469253789,2.310610344669972e-133
1.1756070137251182,0.37516385243227846,0.14625532097407015,3.632473727990299e-133
0.6536123653258432,0.3384702930203243,0.16582127593083504,3.895366546097191e-133
1.1288673191909027,0.47759953082270723,0.20741772591677032,4.059379891912567e-133
1.0063734850281865,0.3766581845190946,0.1281986639062824,4.384702666729413e-133
1.1184502004509032,0.40534157645332014,0.1775389600425974,8.54849790702717e-133
0.7952790655613367,0.37901160990375393,0.14315646945573246,8.942095909822393e-133
1.122919464568609,0.34036562276151705,0.10916950722344057,1.0521287591479243e-132
1.2704161216593075,0.27282886478101687,0.06766742037004472,5.5270285650791897e-132
1.0570178675369863,0.4518873942693853,0.20520362608458037,7.248718394969312e-132
0.7689060023845489,0.30942228387913695,0.09023361400390514,7.30498905686257e-132
0.8213058090408758,0.40529387520070603,0.16676480123916615,1.007232834683273e-131
1.0744723850091127,0.47031647527688625,0.20619081809958667,1.2270561715357977e-131
1.1441422017937306,0.41815847221822855,0.15662627658279224,1.2731034264108664e-131
0.6265458021690797,0.25584585128416903,0.08732100312339944,1.4434056053017356e-131
1.1298357237022856,0.2872783841944069,0.07029204598573056,1.8217306620075882e-131
0.7422866617873076,0.26172268818719635,0.13348480890320444,2.316370192807546e-131
1.15224721151157,0.47116565204243877,0.19529562294473787,4.4890398523508323e-131
0.7680844610587823,0.22689968138295769,0.09981134525520355,6.13394908800376e-131
1.1495979319824912,0.45703312372328764,0.19762075524873082,6.168737437252823e-131
1.1683951281936622,0.22584011999184228,0.0797669939193788,6.57717099524509e-131
1.0772754216096132,0.32099526937379474,0.09265529817833361,1.5388770943827859e-130
1.346252208880422,0.25973291881442573,0.08784663421605536,2.6364599523667014e-130
0.642235796986478,0.32964768811880996,0.15990265442411816,3.9809688247140965e-130
1.1157890041335694,0.3881643158050103,0.1673630962656411,4.38259384609041e-130
0.6342467826472848,0.33670727252057286,0.14593444545140663,5.0488405802250555e-130
1.109698262159469,0.35143905153062494,0.11650996253297158,5.691832842226419e-130
0.8036948222715452,0.40079739180731266,0.16724412320813176,6.478561455613932e-130
1.1623100688867076,0.358378574727354,0.14056203975814135,1.1640353328876883e-129
0.8110951632922934,0.22113120270564124,0.08958319633613564,3.3445842721266296e-129
1.1112459958983063,0.33595868411231633,0.1061210259155003,4.510853577770281e-129
1.3831166771364636,0.2617758487665498,0.08113494517204145,4.768413455709203e-129
1.095168938483397,0.46103967648202326,0.19015705558179866,5.3096299163240166e-129
1.3440251434545942,0.2502912795409027,0.08400034428638346,5.5233365713138275e-129
0.9169472857622925,0.438130518095347,0.19661093936685656,8.957996392685659e-129
1.1567841252396018,0.4204521973904112,0.17633077020395557,1.1171327380844659e-128
0.9532857497167662,0.428632613020993,0.1719361669426246,1.1958458562460133e-128
0.6440529627413056,0.3342332681136937,0.13420082706877817,1.479595418733835e-128
1.2935999566040106,0.25209262438715285,0.09044619400557138,2.5950068831438426e-128
0.8532455375027848,0.22577332681994833,0.09754900425698672,2.623109645896528e-128
0.9690990482186237,0.27855787088967654,0.06756858518315759,2.876185403133333e-128
0.875111812079151,0.42628787360406317,0.19415962414788898,3.0204305381478803e-128
1.1687295574938386,0.4025475277465018,0.1598687101027709,4.086800770629965e-128
0.956519266108705,0.27798144020579896,0.06768289020772222,5.008445928444945e-128
0.7263860271444162,0.375250597064807,0.15980591480125877,6.049000722351086e-128
1.2082633336165252,0.31280171708756943,0.11580121217732138,6.73598772664663e-128
0.6497975314828697,0.32867005138990213,0.12526188109566713,9.897137337311134e-128
0.6147892787934275,0.2466921938384512,0.10562572104171636,1.8780212464738083e-127
1.07410411987148,0.3921571338221739,0.17452422138512008,2.5393790070300397e-127
0.8642717508414162,0.38429081046528,0.1891113736320521,2.7519619797812485e-127
0.7897252364534193,0.22727424477990155,0.07414951023465448,3.698646625055616e-127
0.5907154271049979,0.29248758034269207,0.13334450792327285,3.744843311252643e-127
1.0672216131541337,0.4583005233610067,0.19330429323823298,3.98623362409682e-127
0.8420694383228167,0.29033361810996516,0.07616561765827776,7.594401555654042e-127
1.0453468395897136,0.22878473225867335,0.06460406523824963,1.2004670502782341e-126
1.3562106573491288,0.258836683763612,0.06928960841171763,2.5576864644123343e-126
0.6718542543854511,0.341099339481004,0.16542512193422204,3.519178490749678e-126
1.1061229756764117,0.41486540960545115,0.15664084034504547,6.768490461850575e-126
0.9317340697196883,0.41447155512627876,0.162732703421323,8.028642693488574e-126
1.3346885383160618,0.27492981547021866,0.09008347772434061,1.1364039873836961e-125
0.7355297839626402,0.32427640865020346,0.16690604239458018,1.5516068962921786e-125
0.7802362738260342,0.37142354769160857,0.14153117560572745,1.8191731029296064e-125
1.0480922340285321,0.329973144913678,0.14752665209619037,1.891004195948424e-125
1.175497018920165,0.28726338706782717,0.11512279754320111,3.5074532951442776e-125
1.0004995326163844,0.3801395660437836,0.17660121972461149,7.909918938340205e-125
0.9879768143617333,0.3651609721239677,0.12300717171643386,9.167179348057031e-125
1.0978081830097182,0.44280013358076076,0.1779397715135634,9.679219605863561e-125
0.64525959328172,0.29679960631036706,0.09975388251352713,1.5149931396115295e-124
0.78628818452332,0.3545373864645134,0.1253119604129396,1.6601343908078572e-124
1.2535087713476347,0.24967675072364504,0.09243148451735336,1.9662836945434415e-124
0.7131764959747251,0.3507782830983994,0.173074668889516,2.3730274298180968e-124
1.0237600389901225,0.3037874107473011,0.08012450414987497,2.758088514839845e-124
0.6817535617099004,0.35348856611598256,0.15023274202370254,2.8375007728158714e-124
1.149824366886147,0.4149303085385372,0.16895850284842048,4.519808357832321e-124
0.7357684727655496,0.32921897188717475,0.1099065212725107,4.627174506129576e-124
1.0728676345683645,0.4477541775157088,0.19381365918112084,7.313250225401554e-124
1.057149631040831,0.39177389545058294,0.1417121153350938,1.2251581482177986e-123
0.7770012751886277,0.34931637814748395,0.17631630485402444,1.3901180948881612e-123
0.8927490146897998,0.3318469303392517,0.10104782087869642,1.5151504951063476e-123
1.022059285891249,0.43847109767745995,0.1958093656308048,1.9347259411332763e-123
0.8897278334603946,0.4104123557647934,0.1932163704966651,3.2086696746171065e-123
0.7234126495440716,0.2615366004012616,0.07644430634618815,4.201195300243857e-123
0.8619112439424832,0.41218791382375275,0.19062766348187826,4.323594576754495e-123
1.1451186565639109,0.31717307775267933,0.12808937833066017,5.50698950565702e-123
0.9862936860234655,0.23869519614877222,0.10405408608233509,6.142206687135823e-123
1.102510255570584,0.4078795826920467,0.17559495636184402,6.592660103147088e-123
0.8536379870716413,0.3249918846737718,0.16283272989771214,8.981899808800963e-123
0.5982215550070009,0.3001719104675875,0.13258064922067375,9.235892768295024e-123
0.7024950528824441,0.3626099469842903,0.16088728675189212,1.1597987614596886e-122
0.7136085302462849,0.35052449324503776,0.1344113477229086,1.32283508602865e-122
1.2417138285979181,0.30287780748483084,0.10376628117363827,2.0964377218323412e-122
1.3566565600935494,0.2718167842736199,0.0798011653232535,2.6539276071848774e-122
1.129600524837958,0.2527998477755613,0.10395865287776718,9.124663970586812e-122
0.857774899989046,0.2609127703006282,0.06818071481650964,1.1425341026617307e-121
1.2981284684654533,0.28787152271788696,0.08932614175287597,1.45941061055824e-121
0.8412602496624135,0.4077746112750633,0.17955260654749533,5.978162012472867e-121
1.0607576207513532,0.33362138714308553,0.10367098170672545,7.1181416228869245e-121
1.019713790872581,0.3744818383401216,0.17031064097334425,8.952084066729621e-121
0.6793723875011946,0.25694349778588355,0.12581206662117395,1.0697824881413475e-120
1.1466955672535502,0.29519888535412253,0.07766137597258074,1.1078052211124245e-120
0.6547414673375656,0.24044151103610978,0.10441251215975882,1.6641769145494074e-120
0.9475301930650648,0.41923580159203966,0.16943235948808444,1.7269554085689882e-120
1.0889546202841895,0.24662820887128212,0.1029589866795988,2.7772820632216364e-120
1.1643710440646426,0.22529574008258468,0.07418323278488867,3.422175754078212e-120
0.8781984206447255,0.3335878918616406,0.1036331104737766,6.054039275840378e-120
1.0574653387094077,0.3559833908690708,0.11962393424931496,6.38392706251615e-120
0.7920063067050425,0.348998662166667,0.17471603469123187,6.820645326558607e-120
0.9452200404249052,0.4289944713075109,0.18564493034589322,8.100124355442525e-120
0.8448173770111236,0.3968882481668383,0.18713457569448366,9.519550662562484e-120
1.1574525480106352,0.3174676431840897,0.12499292742828925,1.0865738764454377e-119
1.0804357292560987,0.43182487916591916,0.17464616452160153,1.2302850001576345e-119
0.9601312053496898,0.3030823238769105,0.08065271180420729,1.430520380845655e-119
0.9824284648725587,0.4246278559238208,0.19116177626129596,2.772657059102726e-119
0.9957138875411449,0.22714858192087273,0.09172008068192213,5.933670499007559e-119
1.071329848594159,0.3911097936930563,0.14398824281522465,6.956956371460403e-119
1.3365870230754116,0.2449999701357708,0.06982809353655454,7.509600101037733e-119
1.1560132662441998,0.3303152485094354,0.11065206977816901,7.623764667249093e-119
1.046866811011892,0.4265243454216352,0.170653918144972,7.733243856052504e-119
0.977557000631947,0.4247621984802552,0.19073938292070666,8.35428385409874e-119
1.0412035228015597,0.37453210368050405,0.13198126845056518,1.1758095047851517e-118
1.0130330895108504,0.4112132259564223,0.15883587921618542,2.908461496231983e-118
1.1191229631607946,0.3287211756125128,0.13492621822012085,2.9570627068601654e-118
0.6117230693274287,0.26481297502086387,0.12067160083554172,3.002350411228957e-118
1.2275923807561728,0.3029656166783363,0.09403819671966789,3.7238093943514857e-118
1.1085249700190154,0.4146706474095685,0.17187539752411213,6.82330175978479e-118
1.063936400108684,0.4267615012123325,0.18361620174326868,7.700678607228197e-118
0.7301279821272821,0.2999757767050646,0.09094385038447035,8.990585773425368e-118
1.0651765179548889,0.43105819669539813,0.17721409083756298,9.077324162688564e-118
1.0438854925206176,0.25074853032682864,0.06335106830313525,1.0486191104084241e-117
0.8248676213527784,0.333586317864462,0.16686710709712113,1.290641196668942e-117
0.652998558890765,0.2729802590050041,0.08886263213811293,1.4280431700676328e-117
1.0867817008779213,0.41351022390555814,0.17611083956269882,1.5190397275435395e-117
1.1264971180590209,0.3805038934508058,0.14618840307072836,2.80220205189938e-117
0.9885524627429625,0.3559582255093072,0.16415029709584905,3.4205837582218195e-117
1.1493856610255282,0.2898280594215674,0.0746988836006212,4.1494023603125525e-117
1.0598983768100574,0.4272655797210245,0.1738280544979147,5.1760608553036956e-117
0.6896058953668227,0.3167470795851386,0.1581969601852565,5.5371635912411175e-117
0.7877835943490723,0.37997660899097463,0.17891293050306928,5.728160143987583e-117
0.7023813883373329,0.34062916847738633,0.12935342814915618,6.84377321291268e-117
1.146775449119362,0.3341539355645762,0.11361272060786011,9.332344289538339e-117
0.6835348711799618,0.2752718639790037,0.08514719602648212,1.608979866164041e-116
0.971517914659989,0.22801796535699315,0.09353263393891194,2.315639929158662e-116
0.9896858541433495,0.40673709777513145,0.1573621834215017,3.6943839082849723e-116
1.1848052516073828,0.32019247730480793,0.11510111167588184,4.102807535173171e-116
0.7045504575986801,0.35038723426902707,0.14191739938565548,6.132273747193109e-116
0.935611083666597,0.3213102998236328,0.0941871192944525,7.614469239770208e-116
1.0963369505251634,0.41565371475141966,0.168968860758679,1.0833284892602108e-115
0.7591228861069563,0.3718452258131917,0.15398673395860912,1.199137763750974e-115
0.8110010651207009,0.3097914557883099,0.1558663793061053,1.5635328763101175e-115
1.0594792270291187,0.30351759833057823,0.13264729657788463,2.09373670644732e-115
1.0602813402843623,0.39598496991770094,0.14901914816011713,2.4970708905296634e-115
0.8889480206962777,0.22953617813841265,0.06949888881073822,2.6068303096651214e-115
1.1015130711396388,0.40751985329959317,0.16259892485524752,3.5310551518410675e-115
1.019335917817278,0.4247463430719043,0.18373603419374024,4.0536122366656726e-115
0.7207666834237223,0.30544287370114676,0.15466840003890575,6.542013360160818e-115
1.1527730654087343,0.3379036139295679,0.12352918018540177,7.5866586039592935e-115
0.6704505053175396,0.3101928299257424,0.1526322268174892,1.6275145590129172e-114
0.8433012878515296,0.26137193031270733,0.06977967925341247,1.7162654682101227e-114
1.2476762850234007,0.29338882654118215,0.0863750154703286,2.3008119692021843e-114
0.7537532930568371,0.2707217947847913,0.07700877782930042,2.3797391892573635e-114
0.6585256484098476,0.24030390959498593,0.09972335401939904,2.3834142163789807e-114
0.8248586138086775,0.24079457149510475,0.11163212811267641,3.284608190255412e-114
0.9127147687397574,0.3921539851190283,0.15072792165394622,4.995361222887364e-114
1.050297836726159,0.4204243601672635,0.17195647473250453,1.0225498531315541e-113
0.997364565063334,0.25792755516349275,0.1155025514232624,1.0918993075570541e-113
0.9519214613380953,0.3177245020166575,0.09188406373057631,1.1935306044921972e-113
0.8169184406242476,0.22309661100677103,0.08180762597466908,1.3945567676771054e-113
0.8671111601476102,0.23181827558187906,0.07003600445363176,1.8177765481146784e-113
0.8797555639071994,0.38029487921755023,0.18049090202461632,1.9917847646036454e-113
1.3174566528272251,0.27864327113777776,0.0867466700088205,2.8442572046476747e-113
0.6375908189408719,0.26511687697777986,0.12473203002437303,2.8398410073672e-113
1.1921186246072377,0.302058400398054,0.08868409874239933,3.0358498825114975e-113
0.7676488562762369,0.22882750915251904,0.07940992790214277,3.9723396046647674e-113
1.020167132661225,0.22515694675115705,0.08642158824300496,4.7800677317638915e-113
0.7377211614409127,0.3643820731279075,0.15424294539047964,4.814037405776275e-113
0.8504343674818653,0.2236015987433917,0.08938481216834882,5.62402646529435e-113
0.7207693488695863,0.35908968196535596,0.15577740105194812,1.0804771224585088e-112
0.6033868162954015,0.27670855639686764,0.10854865680692852,1.5720464450230182e-112
0.9584099037920186,0.3801928516985482,0.1387550774296776,1.9854259738563063e-112
0.7866790815274065,0.3147564078517582,0.158128127295485,2.6996320288497153e-112
0.8351450439608037,0.39451858622325164,0.17463312753880936,3.191070115004892e-112
0.9713848633068807,0.4161076466190545,0.1726641426445289,4.289881313540764e-112
1.121778161157934,0.35379361572182333,0.1294002848921872,8.369714803007587e-112
0.8630773913748104,0.2242583503220924,0.07493977345754826,1.4586650131203557e-111
0.9799468367195825,0.29861335449541015,0.13760492824644657,1.6744741046338194e-111
1.2951897056104578,0.25090681840192874,0.06729498634389008,1.6836489060108723e-111
1.038849325463726,0.36649534379262216,0.1292591888454999,2.0251180999030507e-111
1.2420965639812032,0.2924182088860572,0.0853511182438059,2.8498320377409685e-111
0.6527437772944378,0.24318323690457455,0.09563375260881321,7.859582633508483e-111
1.0511375431094994,0.40133334021241174,0.15639149039054226,8.20364590644912e-111
0.6698947524169032,0.2818131520688696,0.13861196306445941,8.734300628232034e-111
1.0778119847230592,0.37017502086077103,0.15526855066565903,9.985452545313868e-111
1.042566572432417,0.3093504704508039,0.08694579485920088,1.0752113300781953e-110
0.9660316518688639,0.3371649435188706,0.10685471755261403,1.1247039396418645e-110
0.9936005985809899,0.37900049246027767,0.1379678021621632,1.130237868776699e-110
0.6556216904417376,0.24477108558271632,0.09140559076793385,1.1533289501931838e-110
1.185354144601753,0.29815573108542726,0.11355566806602264,2.3154583123826738e-110
1.3331151693736452,0.24607644480583724,0.07258692115463064,4.466579580423658e-110
0.79890205418085,0.3038906610674825,0.08905358151155754,5.526199570754206e-110
0.9251285362648289,0.35552123029204163,0.16748666001838886,6.893543525782868e-110
1.147178250604716,0.27326214324350406,0.1107118196067049,1.0368953677255635e-109
0.7224773193410243,0.3144331586323157,0.10425287702326494,3.825457149486119e-109
0.9100900356643908,0.40429032651787744,0.16995157615287,4.32881598164712e-109
1.1139035357304277,0.3586333610961048,0.13627070778509218,5.918525667218668e-109
0.6897464135224158,0.34091339694238343,0.1533095953884981,6.28364792596691e-109
0.6450079987638393,0.31538138101054436,0.14223228412124092,1.1868806969907572e-108
0.8011364514596693,0.28846478969712397,0.08071245698499799,1.8383568097664287e-108
1.0236728357821825,0.2657466343364816,0.06611145867223946,2.3835308312244393e-108
0.6454407568957237,0.30800835872005794,0.14297007093058942,2.5598047033970967e-108
0.6552427016687385,0.31510895325071075,0.12047950781420841,4.17817302679366e-108
0.8138996444199158,0.35569724468144703,0.17164389656102885,4.938568565207559e-108
0.8497372475506317,0.39189291166795903,0.1672116801183344,5.9765163854739056e-108
1.0190309744590156,0.3317094186101641,0.1041487655195956,6.451543251309366e-108
0.9894137792346811,0.4100532037473452,0.17340930886826095,1.2548828453307026e-107
0.6228268876299854,0.30044315258280907,0.13017160636328984,1.7120035626867067e-107
0.9455162056204323,0.39524625683104375,0.1553738060931352,2.0074188627250173e-107
0.9724080984326182,0.312206168781777,0.08911183893703326,3.100393079938274e-107
1.1545660719749282,0.22769844115091575,0.07664322521553037,3.241446135382731e-107
1.1331261638518146,0.33825385116436535,0.1265618847769818,3.474549155542789e-107
1.1305108824543684,0.2928326726806447,0.07798140859041623,3.8938551920587196e-107
0.7055614554302672,0.3383250987458477,0.15848026970648674,6.701472691948536e-107
0.9904520159730197,0.38398148734577386,0.14395239788169317,1.1329292557764236e-106
0.6611670202985422,0.31365816738146446,0.14698207298826266,1.1543429307108888e-106
1.110337932587731,0.23193796336336503,0.08753794471765305,2.7216204697143146e-106
1.0049537645445206,0.26424928879323883,0.06637752054820195,3.9360882651982824e-106
0.8902383580481708,0.3464264159062951,0.11668327964480095,4.652855743761987e-106
0.9760453900340877,0.3488902663971791,0.1587428074684929,5.040089304823163e-106
0.92867488622705,0.3601364211365614,0.1262538512256098,5.19612516981995e-106
0.9374684164322247,0.2885839389901015,0.07527719197859793,6.695615210062031e-106
1.1266028190411532,0.33893834996579986,0.12183866096584671,7.776485358825018e-106
1.1402151769602593,0.31990765310524605,0.12388399982349715,9.496112774938524e-106
0.8938868864391676,0.37116064631554413,0.13733960974949433,1.1220888500119111e-105
1.0088636969581817,0.4020188071938078,0.1622652773960018,1.5233120920861622e-105
0.9294239400374469,0.3702298987440584,0.13479369984287473,3.3277024733117153e-105
0.755076138531523,0.32777527088260894,0.11236042434500619,6.136914948994026e-105
0.6392151511045903,0.298833024554779,0.1370797427086823,6.557127598483437e-105
0.7904509275821834,0.3029313850764339,0.1502512397779892,2.5230347358954743e-104
1.006987296688882,0.22313181064588472,0.0797722533169887,2.5647610289626393e-104
0.6150724567419434,0.28091045421737904,0.11955519043626284,3.0379426331144663e-104
0.7302761572238161,0.3460991086845506,0.1367943897763117,5.5734647225568823e-104
0.9495010468961382,0.27376248404974146,0.12634798512342105,8.118985903427995e-104
0.9740735605531814,0.38572632419701414,0.14765225270887547,1.469798200968583e-103
0.9879008199293668,0.38311915857715695,0.1687826247326492,1.8375751374249e-103
0.6817397655333846,0.24223700614964372,0.10350208907190368,3.199482735782413e-103
0.9729291289736253,0.36857398891984827,0.13352630018738704,1.2419568148838384e-102
1.061072526628804,0.3243601673700136,0.10144141239809602,1.6767494089159559e-102
0.9990418635224589,0.3979823938545164,0.1671307684906105,1.750570477899154e-102
0.9910383052447393,0.30576935563840046,0.08547217775047945,2.2781176089172786e-102
1.0539852382833335,0.22424851395851653,0.07614796031657058,3.0763495289974283e-102
0.7247721573170018,0.33447494498880626,0.1252298802542259,4.113561671052491e-102
0.8555924820524758,0.36845202909302355,0.1400432066165989,5.257411268371884e-102
1.2582606240755538,0.24519002304013782,0.085618954846854,7.592840683305493e-102
0.6587703554118463,0.2735433763735051,0.12891279611266498,8.556931476466389e-102
0.7587548346440709,0.31424193024288094,0.15465405071408034,1.2781480865199954e-101
1.0873798555798757,0.28437454211303836,0.11959188833932662,1.964484792011585e-101
1.1183067141861134,0.281058896256537,0.0717023402251933,2.2257006909407584e-101
0.8726937046805041,0.3453429696980719,0.1638987441912445,2.4339079789707695e-101
1.0866496282877431,0.29252619196708163,0.12276531136949037,2.6317173068283944e-101
1.3108601262053998,0.25119005907880276,0.08271383061138221,3.143817772104211e-101
0.6601410729801849,0.2579557055182575,0.1172649989338621,3.855473356356614e-101
0.7380654578508903,0.3112860323326061,0.15273011769395164,6.499989560170803e-101
0.9924585452650163,0.3214481533080993,0.0975266783576273,7.235411231734654e-101
1.0152399415678577,0.3886943353405403,0.1537535014034111,1.0780974167130379e-100
0.6715381795319058,0.32440071758318445,0.14130142356252906,1.1001801302300437e-100
0.9954227383592791,0.37849620955128227,0.16470200675332738,1.3504315238230392e-100
0.8517668458003076,0.3434909879405781,0.11808112573391824,1.3641560398056836e-100
0.7027841471286305,0.3297919183119975,0.12682052947884867,2.2805940749790494e-100
1.0212773350382403,0.29884699433401485,0.0811835466443658,2.3307212584683636e-100
0.8154567740779441,0.23230192839127173,0.09938292338030444,2.7550182900583543e-100
1.0631392758564289,0.23902891483428046,0.06579795978262434,2.961924167314709e-100
0.991911182856521,0.37848945021554314,0.14331547224637464,4.0369789386399643e-100
0.9418211901394535,0.24436805526004712,0.06732022795188666,7.704012844655227e-100
0.9772227729430902,0.3836674723502329,0.14842975363359648,7.837287706104445e-100
1.1262023133456296,0.2615841134443304,0.06605794374076539,8.001386386740446e-100
0.9714737509206106,0.2751228345774872,0.12484304619383119,1.1084908986555567e-99
0.9186798960931473,0.38948345695165143,0.16975317302676154,1.3934525161792768e-99
0.9340793662295557,0.22337692199025916,0.07882260634158951,1.973882563939801e-99
1.0802263988813259,0.35952731478213207,0.1380298744604497,2.447169931426193e-99
1.0103270035657026,0.38930863798167215,0.16105588864881779,3.098724767092746e-99
0.8586834155035259,0.24027498079616394,0.07089984704580929,3.187271346561484e-99
0.7466957297841876,0.2796121507367073,0.13717369816171107,4.578524014825637e-99
0.7173892149980627,0.32490665019106313,0.15426965471932144,8.831251831635958e-99
0.6359260295669493,0.2653731367938372,0.09913254275840917,1.1805108928625002e-98
0.8143171209744029,0.36125477186051613,0.16712551059146596,1.2034121125452433e-98
0.8307403791695496,0.3762822273621371,0.16138596030882002,1.3380574330060776e-98
1.0296097880461872,0.38182266622570604,0.15708303870212031,1.3828307439873574e-98
0.6886951025966219,0.3240830542554147,0.12587770947226934,1.668373784741225e-98
0.677408302175456,0.3053016179541379,0.10914598319093026,2.638900685730261e-98
0.8372897723487238,0.3686946674419971,0.16814941713369205,3.90076458511491e-98
1.2445930417080788,0.2500074382224673,0.06741034416758122,5.03343391808078e-98
0.8897039645577021,0.22429121019421772,0.08274925806842447,8.42257886517528e-98
0.7864559418823838,0.257984243783397,0.12286936604740235,1.0520763911433388e-97
0.7701546455576587,0.2703926686030338,0.07848922221960138,1.6353843300636996e-97
0.8039583443326315,0.2813034031090704,0.1370434239208262,2.1998564929183624e-97
0.6760007679804652,0.2995719337760223,0.1414620548976206,2.3242458007310242e-97
0.7314922736319609,0.27570706653950716,0.08368728588153443,2.381996601881388e-97
0.8265391191050675,0.2686544277907368,0.074298080673039,2.984700159615216e-97
0.8080188032890323,0.3678060050727421,0.15264791342912598,3.221566559471008e-97
1.0429735162216573,0.25084542236321683,0.06569034919996182,3.4853280102696394e-97
0.8573995878084197,0.2545234755560295,0.1184573031746031,3.633529598385155e-97
1.1982038326399795,0.2568874907644725,0.09727039830898355,3.8342798902886504e-97
1.2690391689935971,0.281666979220075,0.08283790618696477,4.339276671812004e-97
1.1428776673033472,0.256314345362572,0.10166947639842595,4.580662373119984e-97
0.7306233989695397,0.295405158959116,0.09324198480326158,7.659005490388249e-97
1.050843831973852,0.24152390747528307,0.06601424732641521,8.364931821294097e-97
0.6496491448038952,0.25599440106461513,0.09622881737701142,1.1164980947331478e-96
1.1397301871406853,0.228919205764206,0.07529858343303798,2.470325978747216e-96
0.9557337635376513,0.38718743659648935,0.15882316092480686,5.308487342560905e-96
1.241449309095474,0.23981972686818476,0.08139334828755183,6.575104256022843e-96
0.9660546380502204,0.3866582903670488,0.1625539620460066,6.6498262380480125e-96
0.7429113786495414,0.26754794384771974,0.0805606380603765,7.303257455755755e-96
0.649772099761881,0.302227692279899,0.13302140364708304,7.540857740935361e-96
1.0870725950490794,0.2947385212014213,0.08028381562672555,1.2359243672258102e-95
0.7320274802332918,0.23553779068093827,0.0963109198813651,1.357515141176017e-95
1.3166373443961827,0.25007340574391956,0.07784739628886551,1.3925658817859639e-95
0.9864189602293294,0.22557431902679181,0.08373204739700896,1.610526135500099e-95
1.0641917423585525,0.335925711659552,0.11385143210237605,1.691700855614669e-95
0.8289207243964487,0.36694281338554013,0.16507932175751794,1.7381994549590678e-95
1.0832893022144763,0.34778633645446067,0.13493747215391896,1.8208239539201144e-95
0.6949425879359143,0.2913823511001665,0.09644552144531013,2.916072859675283e-95
0.9239898112179556,0.2510681672266746,0.06833880957348122,3.5631744194538605e-95
0.9941895243936454,0.22712072238826753,0.08623043255859232,4.6061542243753455e-95
0.8353913212315298,0.3145222082362058,0.09740084918541245,4.647033376010411e-95
0.8782215612070736,0.3606703375930942,0.16544293344029484,5.632805381363782e-95
1.0578706701855953,0.3306096065277424,0.10893500409472774,6.229586787650878e-95
0.8803624893739173,0.34504541531564303,0.11976057497333388,1.1642725322549224e-94
1.012021710661232,0.3706896758132934,0.15585968222033492,1.1830184632507723e-94
0.6524761960429437,0.2558477733592073,0.10850600979698653,1.822831205396212e-94
1.179422132481264,0.30017333763369725,0.09174445180714905,2.459649998885959e-94
1.2973158752340215,0.26857556174001274,0.08815631734280117,3.0673510484193205e-94
0.7219929012982131,0.2566885254070901,0.08167943599579573,3.153269681563796e-94
0.9389264371220474,0.3195883155196393,0.1466843242952985,4.951730725100453e-94
1.1029961331424118,0.3201357234082207,0.12679571224478073,6.773029036457903e-94
1.0456791989840237,0.27969071836740356,0.12021637605454896,7.589095383130656e-94
0.8322289164433929,0.3565401011184901,0.16420193253509915,8.319911647239507e-94
0.88350134475305,0.2966481401279719,0.08334323685767,9.55585748355304e-94
1.114328735646474,0.32571202581693726,0.11182218400368013,9.860820438713636e-94
1.0647973335462737,0.22802647848424895,0.07175163660055642,1.462654876755618e-93
0.7504543211946437,0.3228117819266081,0.1540393005221289,1.8266203656574771e-93
1.2960269745742892,0.24669820552579025,0.07884061121863765,2.1057075054695672e-93
1.1184120291039044,0.2660729288519341,0.06771618193265141,2.2745022185175753e-93
0.8629157170982236,0.3476226120975645,0.16165193423146013,4.785804873133061e-93
1.058880526862989,0.2603766661958593,0.1097093173736864,6.057099825572973e-93
1.0422130416880808,0.36404549479116155,0.1412771433550355,1.0015718848732597e-92
1.0220299306670668,0.23328849034992372,0.09229353806811635,1.0590539457788621e-92
0.9614660999126308,0.28558206844668077,0.07547173657054594,1.1374072364558616e-92
0.7191032390589811,0.3344314193813174,0.14880727752692702,1.442792839609661e-92
0.8639660925935289,0.3504573030873821,0.12644979924914243,1.4493685814848521e-92
0.6830451340230219,0.2831739201492913,0.09492505634819158,1.4494799225164786e-92
0.9753480550310503,0.3495879223496676,0.1538861359225024,2.011091479092392e-92
0.7756594234229865,0.3416847593473795,0.1587644743452107,2.0608010644102757e-92
1.2834241472578523,0.2435255069688369,0.07530919590994217,3.415637755076526e-92
1.2847650545086786,0.27628155948102884,0.08263479326266324,4.641017480515929e-92
0.902195305409732,0.32868682452744924,0.10618835309281231,5.2519850162213384e-92
0.681016844337007,0.271421897254599,0.1264975543047145,5.3296605447517557e-92
0.9116650037766618,0.3266244992983174,0.15107976270610807,7.173466207644431e-92
1.0784615403797275,0.32456842435719,0.10645895335400891,1.5141703226201905e-91
1.0034301580250808,0.23335472754751885,0.0690202054453695,1.6144100817915408e-91
0.8543521219030179,0.24332633855170238,0.07195580267373859,1.7768382030524787e-91
1.0367643176893822,0.2463738476153241,0.10240226624690141,1.8065981672959444e-91
1.0133861349379334,0.2454139308446499,0.06684256652560665,2.3780176027234965e-91
0.8977420048665827,0.3709775193752858,0.16352516214880372,2.3778069920444027e-91
0.9690718917458856,0.37542154677354356,0.14792446355518776,2.4773009285849846e-91
0.9557107295769747,0.3778756622993218,0.1523169172541513,5.59363726529608e-91
0.9511628501541978,0.35511680621861497,0.127719736127102,6.389423456991134e-91
0.8267259705199379,0.32537611347184936,0.10770560605140618,8.836715436036234e-91
0.9453525109257566,0.24148910633002973,0.10360690111507047,8.869641031357589e-91
0.8194612133543746,0.2909963719471036,0.1400893132362244,8.935028357347162e-91
1.0049754689536652,0.33697687633395823,0.11318713491257662,1.2730807942224482e-90
1.205280192455259,0.23574442521784533,0.07890639442208237,1.5111636422098011e-90
0.9520105000132322,0.29587056224365704,0.08156825781795618,1.795533902481672e-90
0.6793528535423263,0.2478061452274909,0.09387952826958387,2.3961325872525475e-90
0.9610104015458614,0.32933040092585975,0.10634410590613388,3.0272875085851508e-90
0.6749299037707637,0.2778885602071126,0.12860700154734464,4.552071930901505e-90
0.8140593098934783,0.36203145113572277,0.15153561997086418,4.874743461949049e-90
1.0214069858056494,0.30220456286052144,0.08564313218058546,6.538217467078653e-90
0.7799247321678031,0.34376677479954165,0.13143603881161922,7.349918860413396e-90
0.9288407312265452,0.32567069129341286,0.10377286071006031,8.15998665655776e-90
0.7095761756006773,0.3129758356364625,0.1459092915412242,8.33696598889896e-90
0.8445449102826537,0.2302721633536583,0.07761815942102929,9.01800740554562e-90
1.1565045647461307,0.308531306771743,0.11142663974503464,1.0923817400854158e-89
0.9533058332582485,0.37647279919928,0.1539878753663161,1.6954625904586517e-89
0.7014319033536793,0.24881258557256625,0.10903348253649424,2.756187482574642e-89
0.87674918010031,0.32692345860478156,0.15257806909258365,4.432360587467086e-89
0.8851955987647084,0.26178802060891515,0.12068183501437467,4.758405288068841e-89
0.7949304459527617,0.321334969264218,0.10764385628421853,6.236543315676447e-89
0.8147397244311545,0.3454303572079944,0.1592626190483376,6.355159374642119e-89
1.1379281795395269,0.29975713532249904,0.0884870484346217,6.821532652492734e-89
0.9058760907108532,0.22780464664245736,0.08842643596546157,1.0425310137350311e-88
1.13106359254542,0.28700431217723477,0.07768845373377573,1.118319009267335e-88
0.9289243014084203,0.2595706096283281,0.11701531703234112,1.186051442336792e-88
0.7863839056216086,0.31935865119201035,0.10700043848883163,1.8577517356724275e-88
1.0250241373525721,0.2974106653771562,0.082564987150955,1.9352413227402103e-88
1.0586940394107565,0.2956642044924027,0.08181547831223417,2.7927238774788044e-88
0.7930609427972097,0.3552776876978112,0.1492481795661254,2.8700351050248673e-88
1.0810242020486527,0.3334043967701028,0.1300764534600533,3.048829670451057e-88
0.6775033522617466,0.29263584956214306,0.10365057498817298,3.549007703356122e-88
0.7141141911808511,0.24548841267174226,0.08610633610112167,4.1925866127595096e-88
0.8865113594316334,0.234869641584885,0.0727095918394875,4.6206342984130167e-88
0.8392143644279813,0.35838171289881005,0.1403950460573373,6.388360922624548e-88
0.8404314845596073,0.3625296442270638,0.14668119896830362,9.269100290870765e-88
0.7335047331638549,0.2729368509284118,0.12976880486471407,1.0439687090547944e-87
0.9318909968407318,0.3646491756957446,0.15868374442065805,1.6002408497950486e-87
0.7319466692750165,0.33215254264742344,0.14825653253674995,1.9721431094291066e-87
0.9294631693471924,0.3172345613203964,0.14467784469915707,2.9609090460091277e-87
0.854983986441086,0.23900286711110275,0.10364987921944095,4.752872194243323e-87
0.8925634327349297,0.293270534942764,0.13684487637898637,5.516657165796443e-87
0.7118646248148188,0.29334816552185927,0.09752645501630523,5.816693491095711e-87
0.8295506536731381,0.3595109230649487,0.14535064729432023,6.76473591885174e-87
1.1172103455934188,0.2583097445784477,0.06724273084682858,7.336393096912694e-87
0.8915555933036874,0.3644166420306163,0.15957023157349193,1.147265866772474e-86
0.9457487110461855,0.3531415649807448,0.15502273526677385,1.4691475732154477e-86
0.8697859323265433,0.3092951529260246,0.14519634938869033,1.616732771642557e-86
1.029647641763404,0.31742404761090515,0.13460450526419068,1.723800078641558e-86
0.9612357757088041,0.23547723736270465,0.07010607245888456,2.796187730117519e-86
0.7343901655053156,0.25173758624709297,0.08223506038182964,1.0829111418661753e-85
0.8261581778954366,0.2717130278261257,0.07696039411822067,1.9638277216573452e-85
1.1636953920671296,0.26825504993787264,0.10345201399893159,2.762725395414277e-85
0.770367824584465,0.23381488788684257,0.09077117723304981,3.429614682741674e-85
0.8523081463953375,0.2712570425536307,0.07545621286634906,7.193731424737216e-85
0.6896978895255685,0.30291099410579636,0.11068711788411276,8.601694886576531e-85
0.765331009731316,0.33401892591124116,0.12605534230330165,9.693593885637568e-85
1.159278157723362,0.3061166528313557,0.10577285571295308,2.4313402828279743e-84
0.7876461701176698,0.334923786228118,0.15393410221901885,2.463459874083233e-84
0.9422229997815794,0.30895224854083136,0.13958276633185618,2.4734263546104844e-84
0.8012525306287301,0.3247093995458892,0.11156621039134276,3.0491685069004415e-84
0.6474210131218125,0.2752467211870757,0.11032278226852837,4.167109898149622e-84
1.0692665183645893,0.25758444517286105,0.10609334849793747,1.044091101303772e-83
0.6938436987387107,0.24690955461045005,0.09478623883308568,1.2309716197755804e-83
0.7345917359249263,0.3272050915080691,0.1261827064086105,1.368420812761695e-83
0.873151940210052,0.23001873881088408,0.07775714372270777,1.7869948436477636e-83
0.8128625573944639,0.3374226294935676,0.15474281231198286,3.1543373464029523e-83
0.7258421667442612,0.27479605556878206,0.12909660424575528,3.5735597659733495e-83
0.6843946423226228,0.27533856132340984,0.09453098194595644,3.588077006870096e-83
0.7626011614444703,0.3236787196873534,0.1498901135963615,3.840294774522756e-83
0.9722254826090442,0.3121579363224405,0.09448127657482018,4.110416032060813e-83
0.6873284678554583,0.2808720423657456,0.0963784722459563,5.689923247921965e-83
1.1391185513396174,0.24990148519348487,0.09627693386335863,6.289381970669507e-83
0.7307184036848486,0.24826365222205782,0.08409066424358687,8.294942612593426e-83
0.6698049642805355,0.299971052637273,0.117935601801807,9.519125029804531e-83
0.8459459022524687,0.28421480931580256,0.08075894642236024,1.1326311428087948e-82
0.733060359411235,0.3255274212494106,0.125144935612838,1.1795478380950554e-82
0.7460320692161346,0.26359527063843036,0.08222305717521124,1.181299479264449e-82
0.6875793732424125,0.30192055333694223,0.11175591557541555,1.3278962209437454e-82
0.9634510683396496,0.23907382349786743,0.06979375028579769,1.5017554432550937e-82
0.8986537729221027,0.2344564897691095,0.07342373482157853,1.6282269114073038e-82
0.7275897226694976,0.29072388850618025,0.13700048744887927,1.6943991303584613e-82
0.804056724587566,0.32237580485401285,0.15059076220732198,3.436424416239929e-82
1.1869587885421815,0.2726405414500819,0.07287464373863359,3.63985705839657e-82
1.1004936598449788,0.2404103510552953,0.0921367260998089,3.636515416162686e-82
0.7907224922641749,0.23349138754346133,0.08485085735239319,4.8065569022405277e-82
0.7379475215106268,0.31665177712214354,0.11406660292024917,5.53111070885795e-82
1.1662440160643062,0.26769100249146005,0.1023679188622164,1.4380606753900608e-81
1.0559641792318786,0.3103810208823694,0.12769517131114608,1.6092354366416093e-81
0.9547325643175757,0.24962919336799572,0.10786802188397215,2.4296078558867885e-81
1.018819832553124,0.3440983777063287,0.14038070016401416,2.5162359618892715e-81
1.0654667704770198,0.29294329878540926,0.08151692298701498,3.6350831251293767e-81
0.7027289205106033,0.3093380865253015,0.11582718819846317,5.455880550804879e-81
0.7629355093101662,0.29378836525974195,0.09270719461625349,6.366474589602663e-81
0.8755650720291452,0.2428531689578488,0.10554899016129488,7.350163963812129e-81
0.7579420452240697,0.30878902364518335,0.10414273748950557,7.769214390747112e-81
0.9780051445741265,0.34537114984021877,0.14667181783672936,7.763524365779305e-81
0.9774247944481029,0.33002254334041736,0.1427843709303791,9.478246829864528e-81
0.6676153146579651,0.2703931658629133,0.09886574225900087,1.3377918716968296e-80
1.1376440361377806,0.2365611108270259,0.0703857645021471,1.4440619199390998e-80
0.886283205723629,0.26634498640028315,0.07339312992144742,1.6989309082820248e-80
0.9538002532801801,0.3607375291809072,0.14912161052606618,1.8917354225441153e-80
0.7152873352213298,0.29010269991987503,0.0970931244285891,1.947075527071123e-80
1.0050560879486365,0.28675522798303343,0.07755321508528908,2.238549646582389e-80
0.6552019124645803,0.27338939501488446,0.11217202931466803,2.2551804483642106e-80
0.7248698896901935,0.2965420349976866,0.09982382647274798,2.5452379799860483e-80
1.256955458202766,0.2724863050791706,0.07823952425224079,2.77501648192752e-80
0.8974364453026986,0.2884473462013868,0.0808620417243083,4.7719818706844704e-80
0.8120232944328496,0.2840481102929693,0.08337058799816816,5.713909301934321e-80
0.684294591962546,0.2954250226505193,0.10847580461523959,7.782405259569698e-80
0.9744461307596417,0.34842359072295603,0.12766618370201235,7.790809951946631e-80
0.9575431903095737,0.3337620733620992,0.11354566170126562,9.564961324183633e-80
1.046745149941577,0.3178536789307991,0.13028411115947844,1.1047948795712666e-79
1.014177590366959,0.2859956313591039,0.12311730267680768,1.2620465192146156e-79
0.6705938133227018,0.2937759606153483,0.12596068580988093,1.267599970446646e-79
0.9456401149282847,0.3461163661844191,0.1250609460315229,1.3320680195804897e-79
0.838812313231438,0.34746082997890215,0.15372866530041554,1.7114318350996078e-79
0.7227458955418786,0.3231680473282872,0.12946720622786387,1.73822959592236e-79
0.6728162211642807,0.2935925342823873,0.11198695357222563,2.870807154439223e-79
1.1790984029247884,0.2972785230808479,0.10114877933896213,2.941255077417623e-79
0.6954664647230349,0.24937871321252603,0.10117672733718618,3.135922228738396e-79
0.6932159650207854,0.31106936749600744,0.1303857809558286,3.178705700241453e-79
0.9238858407055819,0.32973192595183587,0.11050491126487313,4.219509682564264e-79
1.2257685801452798,0.2824585434756366,0.08399736713980625,4.320501339464883e-79
0.8314868133778965,0.25381669346914615,0.07491274144968463,5.507417394175551e-79
0.7142617668699494,0.24765647941431967,0.10422625510258496,6.126934028365722e-79
1.0538070506731145,0.3216346291143761,0.1066657302160647,7.945739636328338e-79
0.7956743981118244,0.3044645080046777,0.14316697964634026,9.518773710029001e-79
0.8994972306267943,0.2846315532337953,0.07917422584325254,1.1712328699956698e-78
1.0616687108266145,0.3289078765528741,0.11591670307275208,1.4873402021715533e-78
0.9229509566972709,0.34618617180581746,0.15095698042478248,1.5409258127405257e-78
0.7981527784213966,0.23810170664904962,0.0803088668513754,1.7086272973315215e-78
0.9996354058545034,0.2649099851910486,0.11412828792117491,2.226727710271149e-78
1.2246903489199195,0.27501373836847787,0.09652096871209548,2.523951697652382e-78
0.9546778085110876,0.35618843590610205,0.14757666778346173,3.906559222412286e-78
1.2678439867168034,0.2630865894527994,0.07490828881431198,4.798812228105911e-78
0.6942372584891299,0.253644056796565,0.10706881453009262,4.938191984032665e-78
0.6970346274988817,0.2950061919029312,0.13288731074766302,9.346911038159277e-78
0.8486677759022729,0.3524480947611017,0.14141430894198798,1.9241004267700774e-77
0.7471607103881688,0.3155492237143118,0.11344474859477646,2.103746161036573e-77
0.7379810622872558,0.2618065784878467,0.08415991361796446,2.1227272524043697e-77
0.7892837881959558,0.3214200971036987,0.14790817023169683,2.325590268814832e-77
0.8102162433642306,0.3007396353797953,0.09370770692033834,2.4234844450320754e-77
0.8950246753812134,0.2886646615039241,0.08161498052642621,3.643631105991336e-77
0.8044162937191963,0.34508734190582135,0.14050602852453167,3.797133219454724e-77
1.0218860603805169,0.3431687189844854,0.13500645304166062,3.8968661968614075e-77
0.9046599252502219,0.3419523657723904,0.12337272947408932,1.2945421166410317e-76
0.8191044809748806,0.29264894486596926,0.08807779121142399,1.5979529153952045e-76
1.2614664854250393,0.26827313882291914,0.08899018403816271,2.2045233827023817e-76
1.1500471185006305,0.2959840992255012,0.10903217931113203,2.361036445331183e-76
1.1045265253567802,0.3082153423543028,0.09870706910573564,3.5205942969739456e-76
0.8963673519966182,0.24352845572991821,0.07244212476960099,5.1695145333419773e-76
1.2612058583266759,0.2670669347917316,0.07679300979673971,8.15443452483234e-76
1.100966952768859,0.2965937021620557,0.08687403116914498,8.921744345432031e-76
0.8193078598046206,0.2859738115270809,0.13376676757270695,1.8379803697912298e-75
0.7228924977411726,0.27535157909240815,0.12646152182303025,2.546652401929992e-75
0.8250357648046602,0.24074592252195792,0.10257094110282922,4.552738311517978e-75
0.8968547313596673,0.27614711218684196,0.1256987088035133,4.646625248216019e-75
0.74027394485074,0.30332526548101857,0.13928895127740326,8.072200990359363e-75
0.8703540841617716,0.3164116041414493,0.14435310939239662,1.1619173581208718e-74
0.9903019284017329,0.32940208392739523,0.13864309670217498,1.2498065561797958e-74
1.2713720837866447,0.2689492126211892,0.08425538010744846,1.2574846727654012e-74
1.1783343562852941,0.25929789421402605,0.09654228218325527,2.35994509709344e-74
1.0522076611916802,0.31615259358686787,0.10290730262783933,2.766952380944376e-74
0.8627055020734016,0.35172226978553356,0.14397646887173857,3.4151925179115584e-74
0.870469840985626,0.2322535015702245,0.09078995422276218,4.9841997443834695e-74
0.7051026082311491,0.2652676716027318,0.11773300401822515,6.215470947701378e-74
0.9967093603738331,0.26710545828507026,0.07128749633953588,6.333659439474257e-74
0.9869929713880197,0.2703352042793705,0.07227477689683928,6.676753052883963e-74
0.9391786697023399,0.3421424864445748,0.124301191877429,7.890900029780896e-74
0.9660485669412608,0.31668583117623506,0.10072542968650451,1.0213383688289181e-73
1.1600492320810787,0.25768913348002,0.06955672571767274,1.557512706496065e-73
0.849993161295,0.26857597104484787,0.12313015932151634,2.246298770322124e-73
1.0242905940172857,0.3251381266537834,0.13238389321774055,3.835766826036986e-73
1.1419285791882547,0.23512461597270617,0.07513960633196365,6.99610602611373e-73
0.9853950388693153,0.33708373643584255,0.12061332975090151,7.365400720520403e-73
0.7393681327038202,0.2873752424607403,0.13261885149198643,7.354378328491598e-73
0.7222245649736934,0.24616582342201454,0.09833673454630697,8.064124356632415e-73
0.9448027568284747,0.3512977304486262,0.13789167441651956,8.944733086789845e-73
1.2187998063314662,0.2801659798484688,0.09529431221460508,9.491563192621683e-73
1.1009185995714947,0.3109317081526253,0.11644699497755807,9.999701094501508e-73
0.6777924451139157,0.2901080097358517,0.12094881792441885,1.1167979994848266e-72
0.8862906358103295,0.32671916038976057,0.11131765856015712,1.2106428727230907e-72
1.0948422443994374,0.23360011403338565,0.07393160162176093,2.9953110235756405e-72
0.909968435000005,0.32268648151960977,0.10700187196467341,3.030594743094811e-72
0.774609101307874,0.3331428162557757,0.13870817187050874,4.827922016604246e-72
0.9506577025340412,0.2913585145576474,0.08245555434366054,5.176937274987388e-72
0.9061011939343562,0.25264971550646265,0.11059915534534227,5.317819343338773e-72
1.0311848008259243,0.23816568413634254,0.07065042337998405,5.598511808734514e-72
0.9716514509067125,0.32738800735258344,0.11095672153941281,6.387964322237799e-72
1.2405865098937117,0.27526227563093686,0.09071777787606121,6.605651437083233e-72
0.8323864290642327,0.3316663353908764,0.12043685193470764,7.979164362016747e-72
0.9232543585976085,0.27637320993804537,0.12373331388875378,8.05561749078798e-72
0.9044586686846081,0.33805504889082316,0.1470335937332649,8.830150173010212e-72
0.986023603255548,0.26223374776249386,0.07089477097560805,2.0175711031511054e-71
0.6748225779064718,0.2743609059358054,0.10517517405162023,6.419457448693379e-71
0.9159037619419461,0.31532494711242154,0.10100591727015552,9.115802493230024e-71
0.9890654423599745,0.3377020477863131,0.13745123292698655,1.168822979736142e-70
1.1270843815292881,0.2498647387008408,0.06920304445444449,1.762841435444412e-70
1.0538451877762292,0.27492072295802505,0.07362983136527625,1.8479950275306273e-70
0.9112112089352262,0.231696576352158,0.07852135059679746,3.216751518789804e-70
1.2093908681139052,0.24333090008370362,0.07361387225547004,3.649208405499233e-70
0.9762261625915638,0.23973981894483398,0.09675733696357763,4.3377368786734086e-70
0.9565349306250823,0.33773580743576215,0.14155938749045963,5.387400150473277e-70
1.006018355596522,0.2723136750433419,0.0731613103347132,6.36293276166475e-70
1.1692780268093923,0.2945706652965221,0.09849456772187942,7.143445047319341e-70
1.0461037034092993,0.2964277128875814,0.12175981288703222,7.335242556501999e-70
0.8726297341556606,0.3463772120604758,0.14491193142266068,7.474637820446376e-70
0.9245214752310265,0.3031822495379346,0.09145106332416737,7.805744939793255e-70
1.1882284376005394,0.2725238402332619,0.0754946480141829,9.848314360928069e-70
0.8645688023172227,0.3098862640870017,0.0989304201468712,1.247795417618271e-69
0.7423319293944886,0.27377239216379823,0.12480275394364232,1.4662262485857935e-69
1.0826896118257991,0.23267959870237798,0.07899039542695596,1.620865075907912e-69
0.7929090047909284,0.33094380427580106,0.12766357163779374,1.9725375367715148e-69
0.8566571648266859,0.34485656545603116,0.14387169186136334,2.0760399221046318e-69
1.2499419649027974,0.25901295061888496,0.08672194733810064,2.840485352344063e-69
0.8528176959734406,0.31980810946230176,0.14397725102434009,4.524690035424258e-69
0.8566109442700718,0.2725866346780246,0.12423348375785465,5.565751200799487e-69
0.9483767841106943,0.3000169039969416,0.1317455027237293,6.515170195076695e-69
0.8104821123691384,0.2686794120721696,0.12295151330773751,7.564784588647306e-69
0.896203945803018,0.34678342307415444,0.13680548095866307,1.0323652657185072e-68
0.7289894945581281,0.31118079160482837,0.11940016969851207,2.0068310371694204e-68
0.9015961467948888,0.31561375057946406,0.1403006233729569,2.3802704424084376e-68
0.995682489562693,0.2729202159156279,0.07378041369304765,3.2912921429752296e-68
0.8022701205558196,0.28566416774988146,0.13183563101233609,3.992800355888206e-68
1.233510911626869,0.2615174347231082,0.07424674233274992,4.782197892357938e-68
0.8293894782385944,0.264300125331534,0.11979262482149546,7.65700041768218e-68
0.7106716259188719,0.28740881252747164,0.10144735400753202,8.139611534415373e-68
1.233683804308086,0.261940857226151,0.07450010220135243,1.2719845290376406e-67
0.9680552789721109,0.34239477923048667,0.13340830977869617,1.9221271558737413e-67
1.211272076244457,0.27748168899630254,0.0814805423626298,2.1500576637827457e-67
0.9023222026756503,0.34086244162614165,0.14407823972327075,2.4617612466318188e-67
0.7697287700289337,0.24914007364613844,0.10717535648257819,2.5292912652932564e-67
0.8231110260272683,0.32835261159791274,0.12041491838461833,2.5380579482223484e-67
0.7042223608984202,0.2555151856115241,0.10347457767161253,3.0453200773783916e-67
1.2248517387619096,0.2661259035660519,0.07543605070379866,3.6966650490466345e-67
0.9563642584247418,0.3145226663523295,0.1354678742182362,3.79265183231671e-67
0.9353285616224252,0.33848350730554233,0.12467040375075861,4.459114048873311e-67
1.0525309398519855,0.24892597655893867,0.0696648658921391,5.399789617121077e-67
0.9413221356783126,0.24268226098210066,0.10034418762002398,6.056447745366232e-67
1.0212148348884114,0.2892174244734258,0.12112168914502439,9.880720080744317e-67
0.7947627000658883,0.2930475861821633,0.09283979893990633,1.1875090335666703e-66
0.6885446450189594,0.26758095889957345,0.11072866390781044,1.2257733911258128e-66
0.9461667633131814,0.3427974862639125,0.13198897314099792,1.3576977164174149e-66
1.088793076807132,0.242494193028284,0.07043586815388944,1.5418454103439741e-66
0.877205107566768,0.3440243673494918,0.1399107983027726,1.6536508117810638e-66
0.9067498904609579,0.3025824102358248,0.134881799274628,2.5592460546289237e-66
0.8431047963185669,0.2939728877170289,0.08966184649578472,3.2623685408663703e-66
0.9548768115593127,0.2809316935978978,0.07806988846463399,6.597024758588562e-66
0.9911941280930741,0.33464598719348615,0.12400726253688951,9.130956555842462e-66
0.7601200991179464,0.3040693861344588,0.10573669585212495,1.0483397017358342e-65
0.755998839345013,0.24310229066519384,0.0929623361885353,2.4574683712540497e-65
0.8817104629324355,0.3426702895376297,0.13924454866891198,3.992841368259481e-65
1.024189831077031,0.23490952512815388,0.08751369182592471,4.152548378261903e-65
0.815034877129408,0.2649218806106761,0.11961294777943769,7.663698723372643e-65
0.6919334417239753,0.28285418069823476,0.11841532581272557,8.734878119799745e-65
1.2166380021515852,0.2621749880029729,0.09145517165002248,9.69462385864827e-65
0.7843408824473439,0.27223876802466007,0.08439091254650574,1.0475267056406246e-64
1.1641549147499823,0.2707539645938193,0.07472670513354647,1.0639184251169012e-64
0.9913441312558362,0.3265962168374761,0.114445494808643,1.854569959815012e-64
1.1136263161505244,0.2772648491392191,0.1076678300645985,2.2944463012209963e-64
1.0627043361195767,0.29594504752218675,0.08781778486727224,3.623742650728698e-64
1.088844175773847,0.2685632604009234,0.07261831336566829,5.7240587719883014e-64
0.7539569516829161,0.31870822699134527,0.12952934103506095,5.984052130608803e-64
0.7011470665017594,0.2640926972714248,0.11000440728131303,6.041615515483753e-64
1.2123201107625885,0.27412517308632633,0.09392293862553962,6.067052581361438e-64
0.7346946230482132,0.30694335875029566,0.115648469145621,6.100666524729528e-64
0.895198343301864,0.34169815140485116,0.13537003793812422,6.983942121871925e-64
1.2303024874507926,0.27161773454045357,0.09018554499291533,7.341391242546412e-64
0.7258539186148667,0.28615652208987785,0.09907436760837099,7.727681385863568e-64
0.8892424340849878,0.32642303245266646,0.1417707444322582,9.528516606475037e-64
0.8372125306473066,0.24843634701746908,0.10708014147784513,1.2813690146178497e-63
1.0598905121802016,0.3124894568924308,0.12034135559414384,1.3171525349096838e-63
1.1054659970342584,0.24834558694268627,0.09455514197113943,1.6105845430223906e-63
0.7065176450716617,0.25838130374514034,0.10479623729024978,1.7881878028310704e-63
1.0060881067584067,0.3008896314684284,0.12557734166033888,1.8193304666009028e-63
0.7882162631756806,0.2633362511410893,0.08221608655302579,2.8985038910518664e-63
0.9843397037951078,0.23358909464779887,0.07614317462847511,3.0675746180710426e-63
0.8328535916341462,0.26575560597888637,0.11954243402976159,3.2006428549286525e-63
0.8849356137305158,0.2657758209202423,0.07613815468740158,5.011162331564632e-63
1.242855612062293,0.2631807644530233,0.08673418424135573,7.164244916313022e-63
0.866199040629267,0.23398684744383635,0.08646224308439039,7.557009678481513e-63
0.7381241322234153,0.27430705399101574,0.09135506379038578,7.647806795076404e-63
0.8273675069606732,0.28271557002616876,0.08531560426364833,8.213767678097331e-63
0.9433740768817849,0.28308193960365946,0.079969101958538,1.1006631707293493e-62
1.141957272484607,0.2842330992514832,0.08247746785058772,1.285704943682996e-62
1.1082316785737554,0.29184957142985524,0.11110520200094103,1.3180322452951473e-62
0.8627373672473144,0.2890340568493386,0.08636848170168579,1.3627633649052776e-62
1.066920924055072,0.3148347277270416,0.11598126990014243,2.055526618599724e-62
0.889785914156759,0.3336528169057813,0.1412963785332266,2.215025643558203e-62
1.1200853631689984,0.27151431221104994,0.07430204890832968,2.317758705013218e-62
0.8632325004590715,0.31257619501097866,0.13900824389556146,2.64410495723152e-62
1.1059545416420917,0.2503679675551307,0.07037109834353852,2.8024478943685564e-62
0.9746786589412011,0.316095475515205,0.10414668778072454,3.971683816657616e-62
0.9384683604882156,0.3232240737739316,0.13716923468186124,4.1258301343571985e-62
0.9940684955049477,0.328080973042,0.13052194290160488,4.19596191211018e-62
1.0473315099322598,0.29139484033692975,0.08438083732411257,4.5396221601350705e-62
0.725630649033409,0.28847876975761233,0.12670878647946276,4.994545406791174e-62
0.9027960630898235,0.2575140506468201,0.11209966492264882,5.1778835741485575e-62
0.7984538495282774,0.30924947697487193,0.10653136370040492,6.57641510555723e-62
1.1635251905205752,0.24101925464267993,0.07475151277202284,7.935116919831841e-62
1.062381262454661,0.29822140118054397,0.0904933632493517,8.870628435590457e-62
0.9529090800653979,0.23437972438066557,0.08890566040245002,1.0811239047610502e-61
0.7866157970553243,0.2743497030488977,0.08564045034996819,1.6008801776130037e-61
1.049666474593037,0.23480806649886388,0.07548259555564882,1.6287260708248168e-61
0.748027789996156,0.2743572994462238,0.12252326744322466,1.8171833767106763e-61
1.1872665531540338,0.2623637289273497,0.07343904876174659,1.8783578363576896e-61
0.8569974612687616,0.2350948806913633,0.08448706291702941,2.942104457202781e-61
0.7120476305402601,0.2589579631207024,0.09638326033456075,4.778964521758475e-61
0.9327187266364394,0.3174612192786832,0.13590789946823378,7.921009879631009e-61
0.916928711677885,0.33764829795193685,0.13045627209886723,8.123195457816235e-61
0.8200304132768732,0.26040641771527295,0.11556306459960633,1.2637022561475544e-60
1.166185484598353,0.2876138077445536,0.08968653528620059,1.343898088252065e-60
0.7984244607064426,0.31412609624587984,0.13826325147410362,1.5712875392069192e-60
0.8684012024094958,0.27736324773651244,0.12440127602068646,1.6083410663780506e-60
0.8810694816315099,0.33728220065088554,0.13660235940123175,1.7385565558822362e-60
1.0935279739859052,0.2554867949575139,0.07074051412838551,1.739344120097651e-60
1.0706571899954813,0.30988502674465335,0.10489486414446192,1.910060222813655e-60
1.0392610898206023,0.29566056746594915,0.08797753076301226,3.370688415990635e-60
0.8845593180790949,0.2592818058123203,0.07560633650114601,4.606321378294736e-60
0.9961718276282809,0.2722485753263346,0.07490635303797255,5.164474166040892e-60
1.0808281158293198,0.30709071210363037,0.10293967154254575,6.351531003270078e-60
0.9490780053770376,0.2962261948027367,0.08833456309517572,7.567821835089516e-60
0.7812931878172016,0.24273874413791963,0.09565593208685165,7.954002119970314e-60
1.0523704042946598,0.3055088111833755,0.11980222224486281,7.948946163875064e-60
1.0562533773874758,0.2843007169293075,0.08027700657797279,8.806827469558648e-60
0.7270997443312659,0.30162521136383313,0.11605662095034651,1.0350306726825987e-59
0.8912112419383131,0.335157943962175,0.13797768441633235,1.1653544026747948e-59
0.9131347101218239,0.23339564178975492,0.08278596224351024,1.395336386052334e-59
0.8637287306948007,0.25274305130029084,0.07643049943650962,1.5268569039907754e-59
0.8175421633083548,0.2861150271561195,0.12941845187005516,1.6607545268379323e-59
1.0463430688545152,0.3061529984064286,0.09815975977563142,1.6846607611313223e-59
0.8832969015375607,0.23740103900147158,0.07896784018257617,1.8767693223961565e-59
0.8341930326922125,0.26143169353570705,0.11580873927937553,3.204641669348745e-59
0.8142313635708032,0.23880161032209635,0.0909871898970783,4.640790457975754e-59
0.9140044114384853,0.3093108462341674,0.13442773416014464,4.822765424455766e-59
1.088465642846968,0.23633726020055568,0.07629349543557631,5.432231007977602e-59
0.7106976336043971,0.25984459753786826,0.10189866165006291,6.872048840775053e-59
0.9597046152600814,0.299088253356256,0.12787960836990825,7.294458510009482e-59
0.6978348424078185,0.2719636355772359,0.10644326114713036,7.28790332543039e-59
1.168954659168996,0.27446223964731553,0.0782780687461832,9.163769476273029e-59
0.8068453443235288,0.28772063742631326,0.09064666963432248,9.694015635928395e-59
0.96722932865117,0.2918610722770769,0.12473395509659134,1.1516340934607094e-58
0.956016289972565,0.2680933603587692,0.07479213313260875,1.2428483765608181e-58
0.757349279934779,0.2525403854439374,0.10601834392898515,1.2784378156773622e-58
0.7600166721849515,0.2536134993239625,0.08665963243420453,1.5084772175131031e-58
1.062950703802679,0.3127887918920691,0.11406106216202568,1.7556696301963118e-58
0.8303281410218606,0.23781787808228605,0.08617064507633344,2.367061175436069e-58
0.8795162260487857,0.23487810517405816,0.08405171640373087,2.45594357231962e-58
0.9658047890182555,0.2374275839079899,0.09179723744080227,2.544920819622705e-58
1.0441340860980617,0.2986518606079518,0.11932559690426955,2.8818649137207764e-58
1.029831946361865,0.2899008310644591,0.1185698639293998,3.189300529395491e-58
0.7521596244679873,0.28901921055530777,0.12805074460116783,3.359198609902448e-58
0.713403792965849,0.2940252937723651,0.11656567963410845,3.678232588905405e-58
1.1020171859031809,0.28323060689014845,0.10911134183578805,4.0359752746710914e-58
0.9156344283670332,0.24033264107450747,0.0758702135149458,4.425754847684235e-58
0.8461823330201081,0.24101031532468986,0.09767656133869718,5.140948213725278e-58
1.043755282637992,0.3097308038679021,0.10261767012604114,5.186188011325117e-58
0.7375510355323449,0.25331028447388526,0.09222198661900513,6.547462533406835e-58
1.0706745934189978,0.3061931163246219,0.11552037909818937,7.017075006819428e-58
1.072858008334503,0.2765272796271707,0.07666898302665626,7.765118519583165e-58
1.191006092687962,0.2537511752030619,0.07332621264170112,9.204491003719616e-58
0.8162583051353547,0.2627181495156581,0.1162979922236023,1.395302171328974e-57
0.7234041158904425,0.28757551070260723,0.10412886186129354,2.121181754440007e-57
0.9743132136065178,0.3287215339777967,0.12252889771927773,3.277383943593254e-57
0.8331577229044225,0.32906237559988316,0.13259055243363468,6.372130955509692e-57
1.0090653000967595,0.23442141504159086,0.07796203362049002,6.591646924852832e-57
1.157951930934507,0.2742285723453679,0.10009473539644112,6.71359811237627e-57
1.0720680791231274,0.23583167946273753,0.08091167440101615,7.78820644580418e-57
1.1451086607991332,0.25360124448085775,0.07194498861355156,1.0879454332638064e-56
0.9276087739289132,0.331939439433653,0.12546228261747625,1.150342878635879e-56
0.7303609048715067,0.2930590924764769,0.10732199887114703,1.3027632813919726e-56
0.8393977745139871,0.3265472713909543,0.12399730386424494,1.4459433021939782e-56
1.1029819919627588,0.296429077069466,0.09366578001570958,1.7577729443843046e-56
1.067039469160612,0.2836665096487605,0.11257871711524498,2.307655291487466e-56
0.8438514632677645,0.32967142348582823,0.13099676913314753,3.062304398604805e-56
0.8854230229946367,0.2383886911193357,0.07924028368567433,3.2399274001158503e-56
0.7901890581405535,0.30713815926616594,0.13437441316401866,3.954162309541371e-56
0.7044970446374066,0.27092141047394236,0.10521473993700176,4.232658955679678e-56
1.0653226414913401,0.3101239462687737,0.11276587609441592,4.951633724654654e-56
0.9215586672143878,0.313729034022878,0.10440587059020462,4.968107506787464e-56
0.8728041681283685,0.2534598669286512,0.0765941466026293,5.319579234487957e-56
0.9583439117370265,0.2906074936006007,0.08533854625522933,9.042897742257029e-56
0.8858658206948409,0.3190945456604497,0.11110461670113898,1.087437013661263e-55
1.0479027800466767,0.3132803562672486,0.11625938212769857,1.3789765916150066e-55
1.0749909975711933,0.23615961122335416,0.07958560846244304,1.4469437427263914e-55
1.001361681994867,0.23427355799794725,0.0799026620766547,2.5574826126428353e-55
0.7890692940907993,0.297044743258968,0.13166415926351613,2.574664329237967e-55
0.9229041973205749,0.25460296289451967,0.107986721736978,2.9140432125840854e-55
0.9585448453337353,0.32524536031110296,0.11747265843246367,3.533143840793341e-55
0.8746596471684551,0.3306339813978334,0.1281796715410456,4.074516063045463e-55
0.8931036170817972,0.25554270663039125,0.07580597332943106,7.310469946836367e-55
0.9353662739753208,0.3307351341824283,0.12747763986213279,1.0517002645205873e-54
0.7522175768279364,0.30633245786886554,0.12644332855088966,1.6158942922595447e-54
1.1340578659612621,0.2901946884071249,0.09105258102414336,1.6614752910408237e-54
0.8548524283814647,0.3273573568061723,0.13502143716555362,1.6919706821173502e-54
1.0818384366694183,0.2527326812999331,0.07160062347392813,1.697178299898429e-54
0.7258836003174132,0.2923240991858671,0.12140681596369006,1.7777175768479674e-54
0.9101382996511518,0.3127841924667545,0.10442666699883141,1.8284128151154825e-54
0.9214838296393655,0.26695056351782376,0.11541877851371166,1.882180628582468e-54
1.136907617834538,0.2789423159402691,0.10299405286268074,1.9769016545833765e-54
0.8796836660305942,0.3197879777082129,0.13627643121106947,2.3940781874631254e-54
0.8686155079031028,0.29966287039803996,0.09522933251983064,2.672073149542959e-54
1.0608112657285034,0.2931795204589793,0.1149712134914339,3.678236948311707e-54
0.7853389522174545,0.24408168120373652,0.09063420104599669,3.88416403585906e-54
0.780813344242528,0.31315298572007166,0.11906194736503056,4.104329595573465e-54
1.0089507742733979,0.24513667273408046,0.09658855172469703,4.1172434021736394e-54
1.184987960961978,0.28027435258412714,0.09330525822052434,4.147002867475275e-54
1.100655342605858,0.2584581277782758,0.09926025716710081,4.349807446692352e-54
1.0710244718377542,0.24792342919884858,0.07187853780342467,5.436677089999406e-54
0.760009981878472,0.30248670027284574,0.1108980341256919,1.0271156707632898e-53
1.0909292482926425,0.2880195172269233,0.08537893488905272,1.0341257747883113e-53
0.7558761509286178,0.28767431926719,0.09877989855834078,1.1644367481878765e-53
0.7835906810737328,0.24452210067928637,0.09165701157654753,1.76256174139702e-53
1.1344747812661424,0.24221570155324157,0.07509962758334268,2.298958562794168e-53
0.7110237923429015,0.27330508044132484,0.109298795227994,2.841416999394542e-53
1.014036056127944,0.3059280733467793,0.0987408984587143,3.0112009494910236e-53
0.7368138888157123,0.2669329646671348,0.11316608607201091,3.252995030417983e-53
0.7112416603287155,0.27306433293495624,0.10449653603008739,3.298251353083857e-53
1.144618386599209,0.2887773366577957,0.09202789869284725,3.803423498494861e-53
0.7981825558481397,0.3042210503920082,0.10588491200924417,5.417414875265217e-53
0.9693095100913656,0.3211798241047583,0.11420115001131813,5.432797428178075e-53
0.9596548471572035,0.32386225769929267,0.12903167574231328,7.574731454833691e-53
0.8642027381634474,0.2581118816202841,0.07794791364996029,8.112224108452302e-53
0.9049171020734672,0.2960415636631597,0.09125765644479848,9.567937143905572e-53
0.7159066988774256,0.2772515466074623,0.10373881640289265,1.009347106632428e-52
0.9674985687773532,0.30452032884565794,0.12689145779110755,1.0867318915378263e-52
0.7156456923913055,0.2742168813648862,0.10274549277490799,1.7992792625499394e-52
0.798461547299615,0.2763384432982918,0.12249829105501969,2.0909644290878184e-52
0.7309906163243731,0.28269527854341625,0.10166815872866537,2.1376582787504367e-52
1.2072090597548986,0.255317690148793,0.0762428910829381,2.1824229083629563e-52
0.8284293147887194,0.2784575097125144,0.08586093163034286,5.72071783818834e-52
0.8296947702175128,0.2782885182853774,0.08569915363197583,6.383414475237e-52
0.8156697753429096,0.31434525077881115,0.13372633313678936,6.577043926102127e-52
0.7874101759492067,0.2763278778287577,0.12198194382929371,9.662742500405195e-52
1.0209066195273255,0.23680299661058968,0.08552288922955512,1.1700132663835606e-51
0.9945749794587933,0.31893210907016556,0.11438204978863903,1.1723695764962464e-51
0.8539871357034894,0.24796673328069452,0.0791772866477361,1.2005460958475969e-51
1.1539664953427788,0.2622180203331068,0.09560543132991954,1.3965552819759987e-51
1.190098389805092,0.2772645991904221,0.09147665364113572,1.4133956712405266e-51
0.9922563591528029,0.3194700205063814,0.12346918379873542,1.7250582793045556e-51
1.0071061480983232,0.3183033770636168,0.11648473518042393,1.7499967690384896e-51
1.1662043771202129,0.2491840585482621,0.0743022675665138,1.7572104468758695e-51
1.159600352231962,0.2722706106988795,0.0979885631983098,1.7716662943454606e-51
1.029934637699986,0.27664741187409847,0.07784638707062927,1.7944060094767378e-51
0.7745007036080445,0.2780156636734734,0.09136959286872333,2.0288371406137678e-51
0.9539088936428559,0.23729708113238723,0.07797271606342836,2.195193903009941e-51
0.8603342131480805,0.32456809177516255,0.13275819447932072,3.605391502025637e-51
1.123410278242197,0.28821132189787946,0.08889501228946663,4.279684253143286e-51
0.8504955566261039,0.26515426351649585,0.08020964525697269,4.3994412015262465e-51
1.0111295867238077,0.25631188574102426,0.07285978794146514,5.046042551576249e-51
1.2209524185657923,0.26486664041027796,0.08193853992795774,5.2259408003796736e-51
1.0895741637332073,0.2890787811728581,0.08713720964808751,7.847699100663063e-51
0.9233328223324637,0.2705521613422639,0.11644948324285441,8.627616761736397e-51
0.9497609175738866,0.26264860896133047,0.11088592726374967,9.410431824000048e-51
0.7212242374063464,0.2844521401646134,0.10962383582835138,1.1728653467207797e-50
0.9020549338437203,0.31624502660194564,0.10990034819857551,1.4700011907049377e-50
0.7549643735108873,0.28681301949212323,0.12371605663140599,1.5579251593698559e-50
0.7459091384244925,0.29993150168287475,0.11746095596332154,1.7559855124467342e-50
1.006387698753997,0.23797874153934617,0.0764836460628268,2.1398279810025904e-50
0.9588450611547916,0.32418919082144515,0.12231915324260559,2.1773542092111095e-50
0.9070883610144023,0.3093897756801878,0.13143652895926472,4.871261823551528e-50
0.945715882395799,0.3137636878628971,0.1066957362345713,5.05452808741891e-50
0.934144102068359,0.2458153616329135,0.09955386578841424,6.691157751307541e-50
1.165883824872612,0.26918595326494055,0.07774340757671247,7.521746629342082e-50
0.9717779917392573,0.2610224350487247,0.10861261042452751,7.903298673940455e-50
1.1852196836169018,0.27163231750076866,0.08075392540437351,8.743662418327117e-50
0.9058606352350562,0.2366289591282974,0.08404085848457762,1.1022435800820787e-49
0.8018463043799713,0.25442889688383574,0.08379327251012689,1.1404516638930429e-49
1.075286627380569,0.23805326620507128,0.0791349624582544,1.1830881231054456e-49
0.7709613242896438,0.2556488714343903,0.10628621405163327,1.5565423589640653e-49
0.9512526658707205,0.23893041072604881,0.07750016189783196,2.3209946312698103e-49
1.0935817116939273,0.29477667804415764,0.10816037103786162,2.352240404358916e-49
0.7523797640888308,0.2997280467837604,0.11468298076759292,3.555713232386866e-49
0.9407385855489334,0.2670235000366743,0.07666200365806146,5.148084647390407e-49
0.7397938131005208,0.2948365630026699,0.11823301610255996,5.480033069338737e-49
0.7301227640665022,0.27314562698615075,0.11283382386126542,5.713326746251065e-49
0.8606037139834264,0.3125058521785813,0.10924875918992495,6.655774855697543e-49
0.9259180942085674,0.32380355989726484,0.12868586402803175,8.265239182700793e-49
1.2017432900066432,0.2718232228927586,0.08617736662255233,1.521263150322297e-48
1.0852581725591346,0.2824919720045771,0.10830912471742977,1.972237643038655e-48
0.9376021894436892,0.2755442597366151,0.07961786841863984,2.2436498404553438e-48
0.7288768302891544,0.2835760686879667,0.11515440047689954,2.7212404830457587e-48
1.1260506919793478,0.24960683703235365,0.07354310780954579,2.906225231701879e-48
0.8508382547389459,0.3155396647944857,0.1140268105042844,3.078982362181512e-48
0.9718180338012807,0.23726362938772627,0.08728308136257705,3.985846965080214e-48
1.1267084767249926,0.28952906979765825,0.1011837240707529,4.1096362805506943e-48
1.0841969253770571,0.2940301879714886,0.09287087929995519,5.18913008553248e-48
1.1019907282417716,0.2405264635081088,0.07746019736301694,5.237495565076777e-48
0.856151123107626,0.2492090662379267,0.1033826713290527,6.423544757093753e-48
0.8098837337662417,0.2531597589916528,0.10596231710835445,9.251778792298393e-48
0.8579145948865339,0.2645584453812415,0.08031828876487054,1.0304540846326513e-47
0.9533570023555189,0.26868571513114836,0.1132592537603991,1.6222491020380474e-47
0.9223261167907744,0.26650571393399236,0.07748061277170522,1.670461588838075e-47
1.147320234996819,0.2840728750520223,0.09794911970001913,1.7949193598545491e-47
1.1574577906644947,0.24581005552155633,0.08248634458185435,2.0495095302268565e-47
0.8656298909640636,0.2515572559342558,0.07894853270643558,2.482582693999649e-47
1.183530017091659,0.2718656918982103,0.081944493718004,3.839808553960394e-47
1.1840887596123952,0.2757764354991483,0.0905569763487978,4.525987052475592e-47
0.7581156303759382,0.3000444218446454,0.11578448716029052,4.585048227677112e-47
0.7457237971815207,0.2888328024868523,0.10593562886340528,4.597952793262425e-47
0.7624785204907933,0.25265567563409275,0.09389999019331972,5.40542355977516e-47
0.9296300018839645,0.28516206053527937,0.08480716087271281,5.402072160351952e-47
0.7781010752632831,0.27204060403882413,0.09002007182908561,6.384718255888562e-47
0.7548497681547186,0.29729283526557837,0.12149409881197062,6.864959820851784e-47
0.8544255264472742,0.3033232709171747,0.10178353419111642,9.767815750928036e-47
0.9435391703617935,0.30001123340881075,0.09499248391585681,9.833407214174882e-47
0.7690280002521064,0.30383946586773414,0.11815995611456323,1.0365516990571317e-46
0.898269276595423,0.30984043280434403,0.13046377315790064,1.0662573738725965e-46
1.0445408010325998,0.3062571275067514,0.10599623899512506,1.0827610912474271e-46
0.9996702970001756,0.3080428758978657,0.10344972750835196,1.4363407769238888e-46
1.1958979574324413,0.2662649333914795,0.0893843988908651,1.5513532862150735e-46
0.8885338717084998,0.26911685498453175,0.07987652431877228,1.5511401661148966e-46
1.1983303189812808,0.2709664517531869,0.08580183728722778,1.6861768989844948e-46
1.1144321147137788,0.2924028253664208,0.09739390783848768,1.8139352067572492e-46
1.0703029239739728,0.30150077557244526,0.10345475305731484,1.9750405799464164e-46
0.9663736538626662,0.3188480073369764,0.11714789738609847,1.9812600498860006e-46
0.797888530038291,0.2618031256928983,0.11189014502977353,2.1211090313556526e-46
0.8945810025307583,0.32201275955266184,0.1285754824158569,2.1833178736868623e-46
1.02112284538571,0.2407550130189029,0.08944704262261666,3.0985576216526e-46
0.9367604065758339,0.27692026050845064,0.11776692752111331,3.1964849584512133e-46
0.95653048702993,0.2406119609289954,0.07728499346703877,3.260358161978711e-46
0.7417507048536347,0.26041963217129505,0.10229748055772706,3.596319508641809e-46
0.7872522347893476,0.28024415920307577,0.12172104124208705,3.638172134902194e-46
1.1819726630842062,0.2755541179393939,0.08665180426622326,3.776459809403634e-46
0.8160981273438299,0.30269479701327917,0.10536959354791875,3.864621907965867e-46
1.0596331823713268,0.28132022374453713,0.0817408658774097,6.895601611061384e-46
0.7749084803264612,0.3006053710735086,0.11103192062083089,7.163823028163584e-46
1.068261644293516,0.25794414848797387,0.07349063215277407,7.230375701612788e-46
1.176140416945211,0.27551866108176104,0.08526809002733993,1.3692060180729816e-45
1.1025753510386984,0.28410005204268995,0.08533857964580298,1.3948308939764565e-45
1.132983773831425,0.2689001292172264,0.09868942656513402,2.7666004923119695e-45
0.9649201526729119,0.31645296777718723,0.1138453213264061,3.6770330519751035e-45
0.7935053893897326,0.28487942092639806,0.12346635163886281,3.958203159274704e-45
1.0536226556494004,0.2425702330014281,0.07522648214225537,4.0742961996508814e-45
0.9761666619447542,0.3146391586883308,0.12253981805470454,4.079188875751274e-45
0.8741221549822971,0.31848369528626663,0.12932771494993572,5.325206099215921e-45
1.1727226215142466,0.2774788235875101,0.08829778514727385,6.909501107486737e-45
0.9971645806932496,0.30904275045728213,0.10570411776810788,1.2478748517889252e-44
0.8921716125957548,0.3205450769159126,0.12153082105759419,1.3244964825983043e-44
0.8696832573941737,0.31988875529507066,0.12472950743849416,2.3258485857070277e-44
0.7720750524462776,0.2518431785200388,0.09493091638991204,2.634332768594703e-44
1.2021455794870448,0.2652323785405657,0.08558258758504382,2.7557156589175285e-44
1.0611608199220672,0.23918862186580003,0.08011315275256294,2.93112322349047e-44
0.8363431709267495,0.292798110061645,0.12676371555262228,3.297279461503307e-44
1.0589230917270651,0.25227419123455097,0.09674293497127809,3.435264524030247e-44
0.9901625470723658,0.3040962920502408,0.09986289138459023,3.6833191072775683e-44
0.9961403424547708,0.23760576158324753,0.08357516580144086,4.1794336054159993e-44
1.1629588781838294,0.26226740591733666,0.07670300903892865,5.101045951859596e-44
0.8510446258064768,0.27726513928367,0.12044767511824847,5.443393991559518e-44
0.8101939859661602,0.3116425376146015,0.12153066698744161,5.652099910642158e-44
0.8556759274171863,0.24432855764879657,0.08276160458206448,5.818535054927504e-44
0.8779198493172693,0.2666209959836998,0.08036073059596771,6.515484778658319e-44
1.096791708720536,0.28635713098954074,0.08763797773793426,7.97529134460402e-44
1.1911044385385061,0.2655917655282072,0.08885991979209482,8.446124951299499e-44
0.7533651070743748,0.26044672632141475,0.09481736781059688,9.090284447026405e-44
0.7898470866795915,0.3014755336366566,0.11005637254703465,9.58323206046287e-44
1.0457092135722998,0.30157359779671666,0.10083022072148928,1.0380372748856668e-43
0.8658588583362672,0.3188723956682209,0.1235104485894313,1.062963029998323e-43
0.9129218779363129,0.3108853265473859,0.10732155663631687,1.3971849366110504e-43
1.200212958289944,0.2655591081931501,0.08535537993978323,1.4459196720392737e-43
0.7896950829915088,0.24904401185474678,0.09540216567457392,1.7178047706958515e-43
0.7711169440844934,0.3004696501909041,0.1203568155667685,1.7468516164375968e-43
0.7566945540703838,0.2874880183360753,0.11944588929554854,1.743467678688233e-43
0.7954064465512367,0.307463118561661,0.11937434375732085,3.232425202967854e-43
0.9727435144202339,0.3008657038312643,0.12217488410019822,3.3734975684353132e-43
0.8415041478044643,0.31596432482012315,0.12341831804075722,3.4909756293299617e-43
1.0084926065180682,0.2385847896181399,0.07944084996692302,3.810064857292655e-43
0.7513824417072872,0.2676931651532164,0.09553181258659915,3.9043840648239326e-43
1.1916975361816409,0.26320882848733596,0.08012174123161378,7.344824472399447e-43
0.9969176875225916,0.25233835422916173,0.10034021870707205,7.74878292376965e-43
0.7527793978086343,0.2777164912072625,0.1154284965376477,9.049212456100373e-43
0.8954036138979475,0.3038480535078476,0.12776604001025915,1.1548405853413238e-42
0.748567531661994,0.28580019404620005,0.10632521528126704,1.167775839184424e-42
0.9085771704123182,0.24191247173276764,0.08021871699277125,1.3777634905874028e-42
0.8114781296623939,0.30637979801786064,0.12675933023969738,1.3849966588291487e-42
1.1922526972229317,0.25648822040909525,0.07948510751196546,1.3881795338293385e-42
0.8718840180411807,0.26326357189388316,0.08033632327721738,1.769366720133493e-42
0.8495840116915581,0.30731825454633466,0.1081849497308533,1.844656090770372e-42
1.144883444046263,0.25221154200924323,0.0754837807726395,1.9230136381983686e-42
0.7429862195049672,0.2791637548715127,0.10345553707758039,1.9882741492077402e-42
0.9027883115578739,0.28908135635127885,0.12328081343517568,2.339165878905254e-42
0.8782449597879349,0.31728141493935413,0.12654874019496562,2.720001441539305e-42
1.1590287409388278,0.25228620139597546,0.07641383001300506,3.716848939026485e-42
0.751943833449463,0.2905336973414019,0.11308079315944623,5.311124881571039e-42
0.8593482013350684,0.28099683204351344,0.08732689322138432,6.430525319055524e-42
1.0917727050809507,0.2514443366672954,0.09315053210115881,7.099282504553538e-42
0.7977326801918014,0.29782577819257217,0.10575168254664905,7.508695462267245e-42
0.8937818886464903,0.3139199354929889,0.12767561349186313,8.435936262501896e-42
1.0917317310384842,0.27459270922135137,0.07960158766820281,8.745855750214373e-42
1.0040427973686565,0.23980353464452187,0.07850812262397537,1.0327915506364358e-41
1.0191350259026795,0.2976070056283622,0.09520888814945935,1.049115963363206e-41
0.8274105082111678,0.2546560881205169,0.10570543130109217,1.0491317247771738e-41
0.8239752557989437,0.24801207531988134,0.08573237882220557,1.1588678182349905e-41
0.7964815419839617,0.2879333110571449,0.12301495719410309,1.6688208342658323e-41
0.8513997672652724,0.2612552551486791,0.11084683212163725,1.6776490796687435e-41
1.1782146837767655,0.255921017835814,0.07794731447844509,1.6755392516958153e-41
1.1922861954244386,0.2662656546211837,0.08345741028630072,2.0222676954374774e-41
1.0711462499411049,0.2435209995485852,0.08746418971085518,2.465242905615752e-41
1.0994950325782824,0.28283594376781274,0.10430053662745871,2.847554433013353e-41
1.0656456564059216,0.2883039765442261,0.08856750540831707,3.73516873451876e-41
0.8086857350684973,0.2474009412814897,0.09415104946144683,3.7880873294110237e-41
1.0697790749641634,0.24168993311076759,0.08469001459363666,4.409617069204769e-41
0.8755300443966831,0.27338224440152836,0.11727997742694996,4.463468234472556e-41
0.9001406887856209,0.3167831864500643,0.11842628497925199,5.653630720655878e-41
1.1923402641417482,0.2583679918679678,0.0839267255596594,5.845366269524289e-41
0.8006655147286885,0.2957743699025357,0.12472002782780954,6.527155715947451e-41
1.0739987022445323,0.24212704266482343,0.08491550815188248,6.60012553834979e-41
0.9085858890688865,0.29690401384276677,0.09534911089864422,6.705687827728171e-41
0.7607919885219907,0.2923668493168059,0.11134564641915765,7.151823597327773e-41
0.745177124807487,0.28285812935975274,0.11120846886684017,7.26892848324169e-41
0.8352578871691385,0.25931267876083464,0.08296815192405521,8.395444681527594e-41
1.0098847690685435,0.3085199314993303,0.11238303991995124,9.418545521745998e-41
0.8261723382153399,0.3017301850329621,0.1268134842227798,9.650735249296253e-41
0.9732197134570502,0.31207403030913095,0.11182927894286193,1.0261314118182155e-40
1.1453001348757876,0.24681187199604904,0.07998968399885259,1.1107398557472696e-40
0.8913966252282854,0.3017751720012647,0.10043863522228091,1.207945191433654e-40
1.155879849014612,0.27220513985985284,0.08196870913818403,1.4240696800138474e-40
0.7674607761772769,0.2811028503020867,0.09874471008216855,1.4731857929981148e-40
1.035822729378749,0.30123262890844393,0.11257439219852851,1.6337996907253023e-40
0.9222254650891326,0.29895141041552775,0.0967305134756332,1.7477820907477775e-40
0.8399069838196294,0.29298518712831756,0.09693847057504122,2.6573842194043522e-40
0.8276531124037287,0.2881406514210709,0.09469000397234331,3.578884085951551e-40
0.878565928338416,0.31594933308162076,0.1204072248328073,3.594372746467594e-40
0.9300650846918934,0.3149286666645792,0.12320805478117554,4.7059160548597924e-40
1.1327662328458938,0.2693066067253742,0.07891757987166517,4.817717940373575e-40
0.7679262445519957,0.2649050668688986,0.10873679655320483,5.0400366008041814e-40
0.8995450158787026,0.2936988021192324,0.1240952377929776,6.38655545246334e-40
1.175304831143638,0.2725650267818922,0.08752103895264673,6.411323031480386e-40
0.8488894860912435,0.3002284575517846,0.10241812124571907,7.469128115799543e-40
0.7691078525283057,0.29407676135533456,0.11793052767299571,8.869533645054314e-40
0.8602730839045858,0.244013905563349,0.08463838197573728,9.184950132955e-40
0.7893033795380973,0.2995295338189836,0.11151067195780774,9.558807171264667e-40
0.806768648910932,0.2497822465071582,0.08899931875476369,1.0353808695425104e-39
0.7553023948973063,0.27975908635655533,0.11399513609541685,1.7169980049280235e-39
0.7445125875756222,0.27441299394069807,0.10647997003965051,1.8329910640555e-39
0.918472857332274,0.2927538998135497,0.12274655298395891,2.1424389958771015e-39
0.8140703018779014,0.2571461315824721,0.08558073587684752,2.2849088183809402e-39
0.7825485139869599,0.29205386545740786,0.12118211291896291,2.9016744226176234e-39
0.8384669062388639,0.2955673947907662,0.0996333514143203,4.195821863336085e-39
1.090224054731877,0.24911619255105566,0.090737163932821,4.3502526605947634e-39
0.975354250036208,0.285987939140127,0.11694533133111479,4.908166938435449e-39
0.768944741013474,0.2745582487776572,0.09589017708638271,5.6876824638024435e-39
1.1026032693623016,0.2569565048283464,0.07513314504432199,6.49285608099186e-39
0.7585235217496109,0.26729153357599356,0.1076416559867983,1.1592470067155317e-38
1.0151382806084097,0.2699055143246438,0.07788159772448,1.1632091813692527e-38
0.9831620145630691,0.26703211171020014,0.07751690751898642,1.3877709740403028e-38
1.177110112091075,0.26884139717237376,0.08403934540421931,1.8267736246952133e-38
0.8210753359182785,0.3079113696665061,0.11944571507857524,1.8301927052271905e-38
0.9160041517592337,0.2782102309829044,0.0837482317158536,1.957073013515008e-38
0.8393767449233973,0.3070670634069175,0.12542290780456763,2.06944890576335e-38
1.0223268438471624,0.2399984319705385,0.08144193152548086,2.9999496813321076e-38
1.0243807530389564,0.26554688836593,0.10527421700541811,4.0956381989237e-38
0.9450528184939504,0.24339296292966428,0.07896365505467269,4.939905242472559e-38
1.1561345209158471,0.2704398786540061,0.09336951989517395,5.665523363148784e-38
0.9191578367894575,0.28881489242751157,0.08983440317973393,6.545457435155366e-38
1.0057813294718763,0.2646361911856685,0.10601996069758685,7.478306458061124e-38
1.0786789236417782,0.26534298563373415,0.10088027742467962,7.857179204256919e-38
0.7595667901591501,0.27049221712305305,0.09762471168496152,8.410089581711592e-38
0.9122159425361911,0.24277792430885103,0.09254301337533387,1.017718170872646e-37
0.8252815332728698,0.30619632534130936,0.1145107745985539,1.2758797741265186e-37
0.8487121148227139,0.2944052209969483,0.09833806591497064,1.4985653572486134e-37
1.1398407596809097,0.2493186594144834,0.08463254299008902,1.6050565865343536e-37
0.938809682864866,0.27006604121846856,0.07987651500870703,1.6137272143782568e-37
0.9042291997598948,0.31412504448089895,0.11864185610451254,1.7215074132196381e-37
0.8536548313206502,0.2662712600940511,0.08341833246860378,1.908015800041161e-37
0.9580256932167703,0.31099854381519454,0.1124938839792345,1.9462473588585345e-37
0.9818218344896987,0.29664068742506977,0.11837397020413643,2.0121151282331116e-37
0.8021904645147853,0.26212691007054456,0.08795456185625763,2.2047519677533155e-37
0.934979164399433,0.25973512063135784,0.10685707545549929,2.538211460679649e-37
0.9974653461729286,0.30310280087817154,0.10275134657691695,2.850373892021153e-37
0.7654851905264337,0.2887656270881107,0.1093252429880858,2.9248239614158185e-37
0.8206074098756986,0.3035899293265536,0.1233685063201873,3.251536472611867e-37
0.7675438062744604,0.28863706982988657,0.11551610401489028,3.831435773764966e-37
1.0373991813860801,0.2985072389386658,0.11072629413310964,3.960757381755919e-37
0.7558159723150144,0.2767149015373338,0.10231160466483427,4.097688182826659e-37
1.1189132994189617,0.24577000098287982,0.08174547919744639,4.163078318579647e-37
1.0006548247796854,0.3022751991628654,0.10197967470322505,4.274650291174914e-37
1.139356676045523,0.24844226129912816,0.08287155300928145,4.8062361714432334e-37
1.0873992601119102,0.2903800737268032,0.09542209058115761,5.357268001234226e-37
0.9241250355433834,0.3012928610591321,0.10022399407539496,5.7463684596331195e-37
1.1362366787379337,0.2664999809111328,0.07883477586189466,5.814515944037226e-37
0.7540837438872448,0.2782307678299105,0.10476275655136452,6.315501855158033e-37
0.8554580920387416,0.2491779641046139,0.08331861446819848,7.059229307258736e-37
1.0435066781382183,0.28564787363534605,0.08699224418098728,7.1866478893354755e-37
0.980017281485198,0.29768160682431355,0.09633941405120412,7.975945423822104e-37
0.8260822037318896,0.2584478890421098,0.10694640157070907,8.101310839291436e-37
0.9672989853828984,0.30049847732712576,0.09904819953362376,8.26195611256928e-37
0.8804934790819274,0.2483808938096792,0.08134648905590129,9.105246987580682e-37
1.0797820959893158,0.24748799749284434,0.08941961424299086,1.0133826519368637e-36
0.9489987881552295,0.30876699010921493,0.10883570567927743,1.0184607017148473e-36
1.1171761348765212,0.2714291736565626,0.0987271122115679,1.0875486470553619e-36
0.8271792941950338,0.29236258056057673,0.12319281340042224,1.1679557773555462e-36
0.8284011809427003,0.2520261885687545,0.1010770113063442,1.553857605963713e-36
0.9854991370806623,0.30553911256466826,0.1169989280596122,1.6399717013543984e-36
1.1150218881628877,0.26046637998146904,0.09498885596805522,1.8755917534688507e-36
1.0551786114906019,0.2928825692802355,0.09485298626500183,2.468695147916196e-36
0.9860551552368957,0.3078371912087927,0.1114303716827744,2.5984998085836842e-36
0.9216595688955334,0.25893337176929543,0.0784609349853537,2.702111073450228e-36
0.8765042107667362,0.2897793048341397,0.09317194381841204,2.90475358069007e-36
1.0038851937679318,0.24878595545022808,0.07609540374440277,3.793549677646543e-36
0.773856842350165,0.25831727277205774,0.0974486778386553,3.902136197587903e-36
0.8351557477023714,0.29424003888302663,0.12354935015291764,3.898124101735126e-36
0.8609548307601766,0.29122558715772917,0.12296464769950737,4.5861752827011124e-36
0.9586989974769136,0.2849480731947591,0.11689105700248999,5.303333380110462e-36
0.8549494126138502,0.2449721321348879,0.08749180583252301,5.46627298412037e-36
0.8141005692560181,0.29520298478329154,0.12254032993304101,6.089210075246134e-36
0.755773945205938,0.27724479807539804,0.10800024389173753,7.835107665298154e-36
0.7964487296733243,0.25299401069952765,0.0928249368512351,8.877075607148155e-36
0.8259817745421127,0.3053786693860927,0.115864257905056,9.128296957952623e-36
0.8382993380212422,0.2844957464498914,0.12069990119223348,1.0157023175903331e-35
0.8594698279840713,0.25030592114400463,0.08301472402924165,1.1600399874593375e-35
0.755473372243415,0.27567296561582655,0.10658945439560588,1.2158945450423008e-35
0.8074530085934928,0.26033625398769433,0.08785052337694162,1.417809685623641e-35
1.0804256503130834,0.28858656662195403,0.10430923635602254,1.4779257552588258e-35
0.974880966423914,0.2591469836725555,0.1042624952297976,1.4932199756082872e-35
0.9098783982971419,0.3070276438203985,0.10777609806725552,1.6107912963603745e-35
0.9635810543386487,0.28314938931014266,0.08563477429409767,1.9624870164527795e-35
1.0093023430863788,0.30343539970610567,0.11193947814312771,2.466476378012174e-35
0.7885673873173875,0.29610738209607956,0.1133804876410193,2.56373032777835e-35
1.1044028699627315,0.2535785144890039,0.07604681735010634,2.7240838559009234e-35
1.127499047920418,0.25040126423672926,0.08655239055080251,3.1720859583118736e-35
0.7719993126275551,0.2867265990062837,0.10643173715876496,3.8539706855185004e-35
0.8735173945275161,0.2573565400965987,0.106139264375205,4.6352762331140205e-35
1.037091504428565,0.299404776607356,0.10515606313711222,5.00745818425196e-35
0.7963821476817063,0.2695225861369346,0.11212592538892177,5.767775163010487e-35
0.906164490073369,0.25390316418298764,0.07935300381389114,5.788178324670174e-35
1.1134207761139354,0.24628310906098982,0.08177747607071956,6.643714464715497e-35
1.1304622952645325,0.2793342546973592,0.08877976438241841,6.834883807900119e-35
0.9332692638142444,0.309303984320503,0.11124542148085936,7.196824613684608e-35
0.8833707873878645,0.24480697140525476,0.08384490635644604,7.332065055535687e-35
0.8721648863271163,0.30878004500859935,0.11394970810894844,1.1029436765023526e-34
0.8596416950504473,0.26178008905698835,0.08286759672882088,1.1038950618853836e-34
1.136786563070439,0.25893912440695765,0.07760910179013275,1.1236611019036634e-34
0.8290706207133383,0.2664450600141659,0.11170241892091747,1.1658228447087393e-34
0.9005892176299,0.3042398557959698,0.10543306215037683,1.3806748676890165e-34
1.0284242707470952,0.2991988561979768,0.10990364151948105,1.5969263047134227e-34
0.8495298623344407,0.2999165891327862,0.12358701292446252,2.1427155032912626e-34
0.7634378921205922,0.28085846322107355,0.10995917466895841,2.891906695020764e-34
1.1189710516154374,0.273006889089209,0.09792665783516284,3.6030972660571733e-34
1.1298527099263591,0.27735884148261647,0.08673383642227163,4.257654471263008e-34
0.8815314195446877,0.3099804922042668,0.11656388604896392,4.263357192590645e-34
0.9478285639529194,0.28879421265890715,0.09016186126501992,6.446824249434923e-34
0.907515777471124,0.2423092225617296,0.08591338067974046,6.610624069661399e-34
1.050828952411619,0.24278069138039293,0.08374944068537023,7.716169800294553e-34
0.9880682514369745,0.2967123167200163,0.09684295492074957,8.956117230625339e-34
0.9989098327344568,0.2739168690233158,0.1096093565014612,1.0644430605386061e-33
1.08955790190676,0.2879515836255353,0.10067484019673673,1.1576946447329894e-33
1.072846343131637,0.24800709835436718,0.07696688307236638,1.864641381275108e-33
1.1556817537837425,0.27203799853878663,0.08952602225975485,2.0243477375286583e-33
1.0031840341310794,0.3004536013786545,0.11339342642557668,2.6539500616844784e-33
1.1263853628716607,0.2749515564306093,0.09653516869014904,2.784122844449036e-33
0.7746775510660839,0.2789878951292668,0.11268176944631653,3.113822646842021e-33
1.1118194158792125,0.24861172261521713,0.08558673414916573,3.784121088058295e-33
0.9253800019255518,0.2747685018113748,0.11400418128621682,5.4364205951665264e-33
0.8245385492633623,0.2538465084237236,0.08740349377884894,5.983502277150949e-33
0.8364221713722468,0.2529870353899326,0.10083134289249786,6.242137455524779e-33
1.1675143281422162,0.2658182326636467,0.08525740196699205,6.33963716757073e-33
0.9985561261963234,0.28066105665493457,0.08437846399621003,6.756705466039765e-33
0.797215354853062,0.25637490709532895,0.10001317109692857,7.450500389915263e-33
1.1418350808298534,0.2675433889361809,0.09303107944584547,8.765923438274792e-33
1.0751498236765311,0.2694408387342895,0.07920955030218006,9.090279817768138e-33
1.0188219470647404,0.3004779688861452,0.10645275845621646,9.39935553057332e-33
0.7899725146128471,0.2755132037182173,0.11336832806497658,1.2398013948113002e-32
1.0931966275550753,0.2869728629978754,0.09888535406526311,1.295459899315517e-32
0.9597193292075996,0.2922830241541672,0.09315725519983797,1.645384680538589e-32
0.8427688170978431,0.2595637824445547,0.08477378509043768,1.6436911418612536e-32
1.12100002866225,0.2803622193330424,0.09053947554357684,1.8571107888983102e-32
0.8080720903965855,0.2629227096679141,0.08921982845392522,1.9472687608382867e-32
1.0746597275066598,0.2885702575804088,0.10333045798942772,2.070079009476293e-32
0.9202189107980434,0.30042464190403195,0.12114908973645382,2.506370967649984e-32
1.028310261566613,0.2822414918179743,0.08564462439060462,2.5947419321602883e-32
0.8175993478558716,0.2786438789294565,0.0930788570232685,2.7909218985109917e-32
0.9134880238471474,0.2732887260988066,0.08327726990709529,3.096096912347948e-32
0.8850164916456151,0.29673045122747,0.12206726773226453,3.278351083160282e-32
0.8404652876798462,0.2890057405353108,0.09718536657630532,4.0153885204060187e-32
0.7890043100235449,0.28224391885136924,0.11518285258306402,4.876203488067893e-32
0.8759150274816783,0.30105498473631287,0.10502395481283844,4.888005194786778e-32
0.8595541111998575,0.2502451340291174,0.08452190781834239,5.498599808358155e-32
0.7978962366144025,0.26558596762184083,0.09140435031788385,5.958126443901614e-32
0.8329672637083938,0.2753809808744623,0.08989512462056923,6.105003785853263e-32
0.8562880597626297,0.2901581847413144,0.0966242203126051,6.876338916235438e-32
1.061172033108404,0.28466738418467186,0.10595606110054051,6.983878531004155e-32
1.165485008346728,0.26143860052659096,0.08367459273770919,9.550812417384712e-32
0.9810120315622566,0.24603791362554506,0.07862663193364065,1.0330810420284016e-31
1.0134520358554955,0.2882309630833815,0.11180922821287098,1.112373603443874e-31
1.0051266518100235,0.28441737799229827,0.11186685491487815,1.130393120614447e-31
0.8889000486557652,0.2646070872255242,0.08214761150573711,1.272502323383248e-31
1.0659568348459825,0.2903942213919841,0.10362170261690479,1.4998212295702655e-31
0.865031448457982,0.2693543676603387,0.085002354310198,1.6989876341866492e-31
0.7968930543373087,0.2870264241233227,0.10260647777826488,1.786263197265164e-31
0.8991935775904096,0.26603645647243424,0.1101891307139564,1.8262287371048702e-31
1.1172153802206797,0.25138769956643836,0.07835980018251261,1.9256962102207386e-31
0.9320972793597111,0.29022142242935733,0.09248958696897765,2.0555523343211005e-31
1.0708924580546402,0.282772560997576,0.08773659547501618,2.090957756578297e-31
0.7883917348929916,0.27958050389170563,0.09898125684617398,2.9949965211820794e-31
0.9132899672887866,0.2865308465451528,0.09060001018569322,3.317256499176868e-31
1.0038776800013398,0.30126725770901497,0.10762763196463972,3.8861321735377956e-31
0.9022486894982169,0.2698152547115178,0.08289313876875934,4.175419701190015e-31
1.03506244769172,0.2874699120081565,0.09045363604332474,5.980335841836991e-31
0.9528694540134737,0.2867642137458981,0.08953972364663224,6.059837870816615e-31
1.0143790894050575,0.2558660204337442,0.09888612864270763,6.486383556269954e-31
1.0278613960465268,0.2863551847217345,0.08927984259639127,7.603688048347645e-31
0.8913287639729308,0.26430516799243264,0.08214519106944594,8.002603769310243e-31
1.0580077656407028,0.27739264500185135,0.10489215028372013,8.248972160555192e-31
0.9061012859280222,0.2518260367036598,0.08069574707714001,8.923054394231318e-31
0.8922511199410739,0.2646255010183829,0.10932282352139473,1.0563928984528037e-30
1.1238710023790777,0.27584549745971376,0.08647007012864921,1.0776016672871111e-30
0.9316094417851453,0.25411222168961545,0.07916762493824121,1.0900139561527563e-30
0.8123034294409468,0.2968328654809018,0.11591107996168153,1.1858176178063452e-30
0.9987407437291562,0.30149316653288416,0.10817984930328724,1.374154437243538e-30
0.9089834452979062,0.294415137031109,0.09716741260124113,1.5487261318423507e-30
1.0701193851113935,0.272470713107795,0.0810846109106189,1.557394391434763e-30
1.1039930801148277,0.28324766277152325,0.09598005254365792,1.7359414480881893e-30
0.9759245347223047,0.26505255601413924,0.10625415557404337,1.752716171948373e-30
0.8561744626470293,0.28631760613504786,0.09439654191659137,1.8624954220049455e-30
0.8498484516788345,0.29315462500191214,0.10045760576137235,2.0313776316036802e-30
1.0477285324233527,0.2914764903722038,0.10635666041841027,2.0330988813484434e-30
1.0388616340905585,0.28815734730033427,0.10830374807189455,2.3122597888940442e-30
1.0547346148158923,0.2927961319176744,0.10170581250773197,2.4627850586051447e-30
0.875392121143376,0.2820762501823437,0.09023319100127307,2.4737020123395657e-30
1.1177515337246735,0.27251024910442134,0.08330708413619979,3.183715717449397e-30
0.9373726208093416,0.26478910754500906,0.08015991430751576,4.036787929220687e-30
1.0165839800418102,0.27141126407243465,0.10641348071135705,4.249609440989356e-30
0.7855373922008102,0.2666836782756028,0.10588219725853223,4.4919470913371844e-30
1.1472047403643355,0.25544015371702766,0.08136662195601156,4.891757343088334e-30
0.9463471104847905,0.30496071820622217,0.1094076840833563,4.890823790304396e-30
0.8833831242413019,0.2595929056006485,0.1060501372402715,6.035750528594869e-30
1.1433838683928208,0.25391744231046665,0.08255221900040914,6.730018825087275e-30
0.9012837416970907,0.3063091976970842,0.11789549059522772,6.782484776663964e-30
1.0848945432011323,0.28432859575285274,0.10093404867040986,6.998197212793797e-30
0.9303611887066001,0.25054125171357233,0.07984267218682267,7.233098784272782e-30
0.9495391527655759,0.24275045174476184,0.08525265859183807,8.497827823072893e-30
0.8779633281887502,0.2619851442411256,0.1076017168441579,1.0212509206120048e-29
1.1357627546121485,0.27398657924573033,0.0918276637488258,1.043676014548803e-29
0.9929629035404535,0.2608871142558784,0.07790339141238681,1.1483805793659818e-29
0.9593053475604041,0.3022587617482624,0.10550889894128207,1.2308371848273688e-29
1.0196606801828363,0.29125529929029415,0.09422077846454942,1.5529903019638186e-29
1.0635563756825412,0.25576554754342995,0.09502673910582819,1.6383415431754433e-29
1.0223225234509865,0.2875488206629353,0.09070418709136692,1.6978962430437644e-29
0.8727780790814403,0.28107523473836893,0.09012609115603343,1.748631279988386e-29
0.7950083319488499,0.28625773972444724,0.11442166526411664,1.7927619833473308e-29
0.8481160353336357,0.278883607122943,0.11622216074496514,1.8126750860177473e-29
1.0224271808821221,0.29727736382951764,0.10494962964477701,1.9621506032993763e-29
0.9302602131234909,0.26269965130066275,0.10675618145588142,2.3155778103837448e-29
0.8295480418788319,0.2951404909400601,0.10607954958585487,2.4658574437949404e-29
1.1023168988736263,0.2503626259648626,0.07889366158092626,2.5116056995771963e-29
1.1348887667875136,0.26734634237381893,0.0924603666354205,2.630379204399988e-29
0.8403689771073743,0.26484378822332166,0.10895924717275324,2.835731580275845e-29
0.8790813108089761,0.2760967299727852,0.11487856216214325,2.8989604879672145e-29
1.1351195785832306,0.2679780873320927,0.09246698005304878,3.34927513638171e-29
1.1217178262241223,0.27587973296243296,0.08727004117277345,3.4349611899369865e-29
0.9432329341811823,0.26108928313393553,0.07947774980960941,3.649264014205592e-29
1.1225834911291575,0.27546877932740754,0.09468072854258598,4.0020303641369747e-29
0.9341602759336407,0.2900564589859447,0.09313437910554472,4.07047908390367e-29
1.0432649166027623,0.24929160279103701,0.07770616728252282,4.5151572288992934e-29
1.0967630366463226,0.28364902949817505,0.0946428012156633,5.256628637775469e-29
1.0634529074571066,0.26214717175895985,0.09844837285232003,5.617247790128094e-29
1.09396666665981,0.2755808119952803,0.09964690248027656,5.80961400178613e-29
0.9008780823745894,0.3018948293929491,0.10641315437907317,5.832140523739414e-29
1.102205700403756,0.25339196111996043,0.0781126528158781,6.296066955274954e-29
0.9693214898354086,0.29980386588591657,0.10285456235439629,6.551687640113774e-29
1.0706933265817469,0.28866913738459044,0.09775393758967638,6.60476075936922e-29
0.8031958758546853,0.26485783477808855,0.10641941105182098,8.277041329445542e-29
0.854666053589213,0.2998773662614749,0.11928815393464055,8.554188555808356e-29
1.0204180358451236,0.2435863287155975,0.08326540258429024,8.906481910425773e-29
0.8512685316895698,0.2876861328823457,0.09656998369952906,9.15899433891197e-29
0.9635652053862547,0.30009650879969096,0.1032186408859054,9.850282348532426e-29
1.1463640636808794,0.2601736903325551,0.0814069001392961,9.901884983781503e-29
1.034316520735107,0.2917361143584487,0.10753035430021132,1.0658642636709425e-28
0.8331972592504648,0.29737666128423035,0.11780111420092673,1.142233927835746e-28
0.8064216903474151,0.2619186244048608,0.10436822307423531,1.1469272094669939e-28
0.7988424344526379,0.25852002405764996,0.0954417114994302,1.230897600672788e-28
0.7997282002616117,0.28536673994189954,0.1144923657013726,1.3138440094316221e-28
1.0559498319165392,0.25895605071200034,0.09727728300447731,1.3192314630054752e-28
1.0447511490617156,0.2780799444515236,0.10563717946368742,1.6266913383436399e-28
0.9396640909667227,0.2865988689137602,0.11608579196812185,1.646101204064073e-28
0.8278604687609654,0.2759576668691548,0.09203362875311141,1.6496026995556197e-28
1.1435303473436065,0.2664525753675857,0.0900603970837945,1.6711825118740199e-28
0.9180536342536953,0.29682270947170064,0.11899183693398842,1.679554856060403e-28
0.7982367795976462,0.25917073059841944,0.09508314347842002,1.7020046483701438e-28
1.0330486253293856,0.26077305536312156,0.09992995771988182,1.8304147867507719e-28
0.8082400126942293,0.28673458315012423,0.11566559979362372,2.6327886918278955e-28
1.0015245681982456,0.2987411964376392,0.10476423207833781,2.7086496207158623e-28
1.0059472486898642,0.2774492765014933,0.08379923159358062,2.740499709540538e-28
1.145579668438021,0.2680327035269534,0.08516340998089045,2.8568821465125132e-28
0.8080079775827311,0.2840587817421738,0.11525652480919153,2.9283588856150293e-28
0.7856740400742765,0.27739607303404523,0.10097867666752072,3.0370700348645125e-28
0.9204995719335844,0.3018723633212388,0.11818345445898717,3.2658606383671663e-28
0.8861006646582315,0.263170414640983,0.10777618840595166,3.342931572168422e-28
0.9121815544278888,0.2988740544499191,0.11902948376957154,4.058628148798978e-28
0.9236114128023267,0.30264344544002864,0.10731093037140908,4.22537282007714e-28
0.8596451028135981,0.26204720698240846,0.10704300105924454,4.358890538163745e-28
1.0043359684345141,0.2552443495983787,0.07762077204740482,5.095238316104621e-28
1.0599758679352753,0.2608303306261712,0.09779074333408609,5.632276549741029e-28
0.9731796010813252,0.2987724323639567,0.1140649336078669,6.294266293415398e-28
0.88264038025814,0.2691033952980906,0.11107327831778635,6.43619935718895e-28
0.8162883207299281,0.29299316170363565,0.10808371428922102,7.14756039908881e-28
0.9078989653443124,0.24546317377790738,0.09062431642861814,7.308447052395981e-28
0.9344672204213982,0.3043907942641586,0.11366277145485747,8.753908859688443e-28
0.8881111008943723,0.2696316642978387,0.08455970997733177,8.977419768639445e-28
1.0983317191963895,0.2689578825642147,0.09731544371291756,9.919626577000185e-28
1.0255322152514807,0.2944359951256632,0.10686482416146598,1.0240909136190028e-27
1.1019582917483142,0.24910440812504353,0.0825809841980836,1.2866300538918753e-27
0.814757228981879,0.2920500767896923,0.11523792505984543,1.451347515064498e-27
1.1341381693691925,0.2725742515994585,0.08810017507632896,1.4562660795083095e-27
1.0607720817410176,0.2734803876031182,0.08230543489867266,1.455448005955702e-27
0.8565488234854328,0.27518990933452314,0.08909362501847093,1.4640840910943905e-27
0.9167680721441442,0.2963624583148081,0.10011966159357014,1.4616961622027473e-27
0.9928472934886301,0.2885541546147179,0.09184861624607397,1.5614572157842654e-27
0.7968079444617562,0.26914325723767574,0.09497400217618818,1.7009014918827402e-27
1.0343002722579424,0.25476937678410816,0.09591988007133105,1.849833359998766e-27
0.8873435696998548,0.2572492529194108,0.10350426328228524,1.8996872362115474e-27
0.816906558600067,0.2941302608662739,0.11162220182119005,1.932959789572935e-27
1.0265897894538316,0.27693274957317326,0.10667768033663763,2.1654671568287438e-27
0.9621342423976262,0.2599486058158531,0.07913450311917211,2.8889808947483033e-27
0.8994122416193644,0.25725199785084363,0.0818201033490802,2.9081876646461228e-27
0.9818549891708894,0.2713373239665462,0.08153557158721278,3.104374454730443e-27
1.0524705476325433,0.26271899186161907,0.09912819693181679,3.1792553199875924e-27
1.0158512590149709,0.28977380552172005,0.10965069934420567,3.185629108159698e-27
0.9835426648260643,0.25782837293823446,0.10086799772148991,3.77555570136116e-27
0.9669112348821667,0.2721707109054463,0.08223518355269946,4.295806967119916e-27
1.0079365398273818,0.29514770726997597,0.10002770679603086,4.543856415229579e-27
0.9738418620003504,0.27104141579385854,0.1082680833862969,4.640932767047666e-27
0.9494848493013013,0.2527592668980867,0.07951206994561473,5.055160300901127e-27
0.9699326823192553,0.2774744846102073,0.11097925282850635,5.2644954155576595e-27
1.056560487905129,0.28975903725470586,0.09917678445102644,5.25415474641537e-27
0.9677608510914197,0.25599075296404705,0.10035759000849076,5.3436879782085605e-27
1.0816858439581623,0.2813086230925288,0.10048046494265662,5.360326139388293e-27
1.1383095250395172,0.27049354659981284,0.0885237288274408,5.730646210432199e-27
0.8293598014428518,0.2812420434296219,0.09546439792267528,6.368980601041211e-27
1.0022243052500723,0.29782231861575004,0.10534902021443009,6.485754782012407e-27
1.0599779263135112,0.279324503052927,0.1036026756802076,6.509077246164344e-27
0.8688717556369703,0.25011755745205266,0.09582948947300246,7.712189324902761e-27
0.837663687539326,0.25191175636257346,0.09126053185307662,8.209908684576127e-27
1.1470404767193685,0.26390063653255424,0.08488363889117183,8.621318202878752e-27
0.8191866938959009,0.25888297802799465,0.1017663132457131,9.937941602156712e-27
0.996241168581232,0.26584735848989416,0.10446167454225189,1.11657924638558e-26
0.8001275168016662,0.2632682442355261,0.09443195672311278,1.2055124232834322e-26
0.8054497873247151,0.2664269679307225,0.09316311908221497,1.31447048950555e-26
1.1427106295877305,0.2674336193922753,0.08777816745779003,1.3886621733641382e-26
0.8115224334740194,0.2786864589030076,0.09684197245371386,1.710083509982385e-26
1.0352853481311541,0.24820074706864603,0.08983841056305496,1.8387973246110807e-26
0.946259745681612,0.2530083149479092,0.09876713977944646,1.883423970717656e-26
1.0663483539398086,0.251527106135095,0.07833827192726861,1.9476043587749694e-26
1.016149182175285,0.24596647143887007,0.0805121661544879,2.1071389504366283e-26
0.8692609519983794,0.29246988182876765,0.1185311102164589,2.1616595010327035e-26
1.0037976708349348,0.2943163436069314,0.09901214006509519,2.2022079082683506e-26
1.0819616994732737,0.28068901421556847,0.10015180104883097,2.259646203412905e-26
0.8177539758370926,0.2909173681921393,0.10662110629180868,2.4261212143604186e-26
1.0535086631023898,0.27052206593624883,0.10196494023569441,2.6366681689304054e-26
1.0822509419292672,0.27094948713002664,0.09918660889351537,2.693173058996217e-26
1.1114064408107982,0.2652649428063967,0.09400935545799279,2.820599779692814e-26
0.9055057676720626,0.2962127567338675,0.10127162502167983,3.4471865071789427e-26
0.9516389956212361,0.30148022738083835,0.1081226396121465,3.9956683126073275e-26
1.0855523739609954,0.24976282303690223,0.08004698123445263,4.124150828923634e-26
1.034891237212019,0.2813075263220781,0.10639374703397249,4.1773807552934936e-26
0.8717432905941163,0.2856763836129883,0.11710720495252556,4.3062249057575504e-26
0.786064030664658,0.27506944701278746,0.1052215342895484,4.496656365212725e-26
0.8869393406843376,0.24912246844003172,0.08511731307845571,4.746650739382443e-26
0.8667837463992267,0.24954470227123182,0.08785418649489081,5.891062869198252e-26
0.9109161120713445,0.24578504983322325,0.0866492952569453,5.948702573563041e-26
1.0941107756355848,0.2650781983792432,0.0801146704296778,6.147181098562405e-26
0.9337374115700943,0.3026577874787004,0.11267108538808411,6.278496739712741e-26
0.8290996976862992,0.25439947008847796,0.09648095517554285,6.644142815745914e-26
1.0175033847589905,0.2854931927340507,0.09028470302782245,6.863784015564517e-26
0.964980854245125,0.30040732362397504,0.11161914669186422,7.310635628372483e-26
0.9669070869533556,0.26459109476133813,0.1052447989690551,7.833996375248601e-26
1.0202268003338784,0.28310330234482795,0.10807407024106383,7.913403528042456e-26
0.8066115183634306,0.2886831831273462,0.10993773058478966,8.09383985600831e-26
1.1363133313220128,0.2569854784694019,0.08429568944994019,8.305611061980102e-26
1.0438304207667315,0.28748101041764706,0.09367500623671766,8.429201927932076e-26
1.1105991285220913,0.27704837091458256,0.08988028225996718,8.50045886703507e-26
0.9075777777927438,0.29736438209270566,0.10273359214562956,9.237208928263889e-26
0.9522690500650199,0.2989139474200415,0.11445408890294016,1.1027961085156787e-25
0.8543422448443767,0.2901623886535609,0.11757524156218759,1.1555415531473617e-25
1.1073297026251758,0.25260874948525847,0.08641660144124692,1.1815453846076144e-25
0.923463157984969,0.30095641587420796,0.11578965835886149,1.2041195277011718e-25
0.860061353965202,0.25697847286387066,0.10224509138922626,1.2052103548918778e-25
0.8026493978045863,0.2867844387943592,0.10895321247372258,1.2573430736483715e-25
0.8797537471810841,0.2782483639663085,0.0894221460361142,1.4341359108467777e-25
0.7874026762680089,0.2721099362918675,0.10271255212694053,1.4791348303445638e-25
1.008445095917386,0.24478030583456767,0.08352305422331935,1.5602200907248127e-25
0.9547230024523294,0.24508108712079246,0.0886486896173428,1.563115641194132e-25
1.0723812734755231,0.25764730626724264,0.07829899503126785,1.5610118163128661e-25
1.0356375616261193,0.2704520141732869,0.10325136149899525,1.6287122160388162e-25
0.8783966732192319,0.29852076562986385,0.11744560837482017,1.9012172736732655e-25
0.7994296653481108,0.2729800432652594,0.09720215199436424,2.0321457848865937e-25
0.8970152531560203,0.2896789143107483,0.1172770668990233,2.5066466022328752e-25
0.8072526593335407,0.2807436911824124,0.11212891063968927,2.679496125270083e-25
0.8739971803599964,0.27928405844716275,0.0905067669199904,2.723489834037222e-25
0.9009444224785188,0.28895348928054454,0.09524931172498434,3.097358592635628e-25
0.7900948666211569,0.27274900456395734,0.10514376751977718,3.1745031695509154e-25
1.0233647625992166,0.24813600679896486,0.07961112120042085,3.218536370204154e-25
0.9462075972197361,0.2500213601963417,0.09559219721848707,3.9713143768259737e-25
1.0168068104086423,0.29405410522023256,0.10586580089330522,4.379169122586135e-25
1.0831277038504616,0.2687398431915913,0.08143368443142737,4.586790168539069e-25
0.9682426053171618,0.2946981844863812,0.11339249689038691,4.871533877465252e-25
0.9113910725667935,0.2496986964537502,0.09560244090300624,5.035785327985887e-25
0.9548872716458323,0.2631769717132877,0.08045756251618062,5.221772969917937e-25
0.9786638422588201,0.24588656868854608,0.08192283436408539,5.363436937757023e-25
0.9727692183483683,0.2453414460051091,0.08283054727383894,5.383629429894195e-25
1.1344915980276777,0.26830959751499117,0.08881064804551998,5.873622549499788e-25
1.1027514121894946,0.26144080187348706,0.07989259827964207,7.123620140559886e-25
0.9524779344816725,0.2821364802474864,0.11279172249332076,8.09843626250796e-25
0.8214894966759427,0.28020745737132247,0.09711765147809948,8.496701805953506e-25
1.1006234667251498,0.2536801807613176,0.08805331325582882,8.484744186258008e-25
1.1040417484381173,0.27836278029012074,0.09285183654225666,8.507699000475537e-25
0.9688703617318346,0.285967969436445,0.11262351515148826,8.853777978410703e-25
1.0382073771772191,0.2906725439224622,0.10299951319303917,9.730435837284665e-25
1.0991483896869791,0.2693831305744685,0.08259188092684887,1.0269046448859534e-24
0.8468194320729072,0.2585544528001358,0.08741297792601833,1.1753556642066965e-24
0.9719281544894258,0.29836936192667585,0.10508929775671083,1.1867907999584122e-24
1.1375928866383909,0.260182063980571,0.08423088544995302,1.189304939164662e-24
0.9040290814804823,0.25591162130229783,0.08237152604880389,1.231691782072467e-24
0.9321930720864806,0.2973847236208458,0.10267945816928857,1.3541838638646086e-24
1.1100096743925523,0.25637937023323754,0.08012494229639425,1.4944310171643024e-24
0.9743534502188513,0.28105742643719767,0.11098868533075645,1.569021450468718e-24
0.888900515175898,0.2843815153290832,0.11586529385460578,1.629189933605913e-24
1.0472931285861034,0.24976946847229287,0.07937796364091564,1.759642444366206e-24
0.9567789193859504,0.2715251094007385,0.08296807433555443,1.7636446406751112e-24
0.9618935028297653,0.27065420705514387,0.0824904353869521,1.7942549783323134e-24
0.8000235853078959,0.2799781133680581,0.10242100383720709,1.971064989121441e-24
0.9790379937943179,0.24503946106142793,0.0863117814477778,2.4837539932852314e-24
1.0146877508623788,0.26690475733376395,0.10305697593377934,2.8198339047291838e-24
0.8985586723241692,0.2861926712920364,0.1160116777907764,2.92739278849745e-24
0.9589719604381219,0.28528106943281006,0.09067684031158654,2.9377609170806175e-24
0.9806991864286143,0.24663852449682855,0.08162270663969154,3.184126500569966e-24
0.9120279746456088,0.24671122602519557,0.08653440540087903,3.2857131724825607e-24
0.7984241264031979,0.2805083288731727,0.10429427023284257,3.4083435099920256e-24
0.8435904024650203,0.28979325037123016,0.10192631585019377,3.456221171669771e-24
0.913194718073763,0.2675494006622825,0.08350938187252419,3.451072761594837e-24
1.0117022336852148,0.24785287595646865,0.0803148988533945,3.958603403879931e-24
0.938169299636284,0.25219357012582,0.09745972734329957,4.308035951790243e-24
0.8776307351018442,0.29654223994912643,0.10536317800834857,4.352779252041277e-24
0.8461703032626513,0.25380221730799035,0.09679452204227046,4.69801375802671e-24
1.0347271169320678,0.24715008412844552,0.08123433739172843,4.725787503535449e-24
0.9185769590121478,0.2582226864387318,0.10264747823192388,4.730489736309451e-24
0.844250814047534,0.2545072489950402,0.09757601555342911,4.985312383678803e-24
0.9695489297638069,0.24710377314647514,0.09093233423669855,5.3207654336664604e-24
0.8321006447010593,0.29010078207771883,0.11463349048627447,5.507335514372099e-24
1.1169939761108694,0.2634874059345065,0.08169984546629053,6.027597128774506e-24
0.9589921421606622,0.25702487514425587,0.1005210509268299,6.1400416387738786e-24
1.1248067131414334,0.26319073821140226,0.08241483608636781,6.218437490493152e-24
0.8778025475346141,0.2515214207081924,0.08597065500808995,6.336499376763308e-24
1.0341199578444993,0.28752764054082713,0.09419521458507588,6.49471915065683e-24
0.8754945881300298,0.29317464245864056,0.11698951281888532,6.879559077760443e-24
0.9747045846383084,0.25051336439921523,0.08003996587696925,7.290807176461803e-24
0.8165435961106695,0.2656350235871785,0.1052260147167996,7.684668793053165e-24
0.9682886805603008,0.25287033845697704,0.09697962044851902,7.828649391991167e-24
0.9499039131174634,0.299945296957453,0.11040583142690227,8.013256587440754e-24
0.8753496776597718,0.2562564561570033,0.08490285175013812,8.575761195136633e-24
1.0390120367907407,0.2732303067277322,0.08302709712232383,8.611750827441813e-24
0.8370994914587335,0.29217297971231626,0.11446180542832798,8.615780413543208e-24
0.7950654174144134,0.27051071892521583,0.10037537491430679,8.632364674076487e-24
0.87535932452389,0.28200800451303154,0.09260853292150144,8.964718735437058e-24
1.1262596249583936,0.2635477743576131,0.08286372965341438,9.766528592657557e-24
0.9888898763455316,0.2557925719967227,0.07908877514715856,1.0183708921290606e-23
1.0363980357671796,0.24780840189548603,0.0875732049862579,1.4974197187469147e-23
0.8997167419664827,0.28492944168744705,0.1153497862463226,1.5409544487417417e-23
1.0726311172539518,0.25038069654090345,0.08046110584198746,1.600420107325101e-23
1.0381333403863149,0.2850759330334054,0.09191008381307934,1.6325594723638512e-23
0.9134525964445182,0.26093044641415264,0.10436666651909446,1.9191797386324023e-23
0.9446852768923897,0.27445119657469164,0.08489516665327067,1.955779074064667e-23
0.8978892215534948,0.28327557091025724,0.11489916889873551,2.0306438426873413e-23
0.9350289174593485,0.27031179460538945,0.083593956483313,2.0847831903804397e-23
1.1031952654910082,0.2627854567392027,0.09286817382551556,2.315808944219094e-23
1.0120846480156285,0.27585240022065816,0.08440647525720578,2.326277547796967e-23
0.99935489970205,0.27251418339292854,0.08282340531507346,2.353359684564445e-23
0.9222736426995262,0.2602020834213543,0.08184816362960538,2.4078561066926465e-23
0.8595416242700935,0.29122113839205954,0.11618935815143797,2.5886313493500616e-23
0.9218467427880501,0.2990682722446123,0.10689238185016744,3.244921520391085e-23
0.9864207958288738,0.26018776620451245,0.10103495297820546,3.23986095438551e-23
1.0211004908189274,0.24878723858092067,0.08021789941118389,3.322972536549544e-23
1.1032395417684686,0.2527338594937112,0.08221421466958861,3.531267233492977e-23
0.8497915313710074,0.2757474544801084,0.09170380446099695,3.601095388257053e-23
0.8734363343904477,0.28161768661655984,0.0927796369224445,3.877765585618028e-23
0.95403539187242,0.2645175543771643,0.10502380918833916,3.995563869405753e-23
0.8745107216332251,0.2930089916063441,0.11640927929762868,4.0850044738934126e-23
1.095234206095336,0.2713007741988287,0.09626290292217926,4.193666893181014e-23
1.0524431279540174,0.26503828324532375,0.09895066349421422,4.2570381244009825e-23
1.0034981393698903,0.2468737872887279,0.08179088947398816,4.254476020745021e-23
0.8123680490176461,0.2784956977166926,0.09901793146129531,4.5194042258403023e-23
0.9587079942663799,0.2816602580818124,0.11163281024385201,4.7587296014635636e-23
0.848472617253746,0.25631121298116,0.08856009704584338,5.927665664391006e-23
0.9856539902639128,0.2645729491489679,0.1033945546889421,6.368166670336771e-23
0.9203031718328187,0.29990226392107133,0.11215670902774343,6.504492917335389e-23
0.9070619452706161,0.2499102591511948,0.08438241455691517,6.530051599071731e-23
0.9135143168114475,0.24709815695254234,0.08776571159087583,6.555257689196227e-23
0.896468510039174,0.29869718369434395,0.10838924395015014,7.616369102180767e-23
0.9926468964307471,0.27887174985921903,0.0864126982760342,8.242648424842161e-23
0.8626065566663481,0.29072368211639854,0.11593313670413527,8.237407502055839e-23
0.8112240935086881,0.28448699155951207,0.10925558432939164,1.0058310752118239e-22
0.9874772114281427,0.26665634108715675,0.0810381830221996,1.03483745705072e-22
1.1031420038047592,0.264885561348839,0.09338896015160235,1.06081912264226e-22
0.8486596936891875,0.27459838547385496,0.09149617688553133,1.103908365713251e-22
0.8653463695037704,0.28856102489909086,0.11580447192253315,1.1030928027363472e-22
0.9030763635574974,0.2995562298522947,0.11235918065941256,1.1042048542486697e-22
0.8574824962875329,0.292014518681732,0.11547081401773156,1.153784572752971e-22
0.8937627917463011,0.2836561614686173,0.1147440872512059,1.2630792925256988e-22
0.9194265134224331,0.2543874515980853,0.0822576352826639,1.5314611813471317e-22
0.8559734879165841,0.2648243491099631,0.10647687998855049,1.9135107629347628e-22
0.8185344738456699,0.268585990228418,0.10641683809150042,1.932271546521054e-22
1.0392615356062311,0.2779983016335146,0.10390458810565012,2.150411857252293e-22
1.080384414653782,0.2723807211278839,0.09814605936147171,2.161466130790294e-22
0.8709712998317833,0.25126465650550567,0.08862172326008966,2.664575397856868e-22
0.82928620714552,0.2776268563840425,0.09578822866469539,2.7755170033895776e-22
0.867163051096556,0.2838529622682058,0.11476476547715536,2.7950701931343906e-22
0.9162604115565856,0.29756719098923745,0.10559888524280368,2.8194107691067474e-22
0.8069892449369078,0.28159711637129736,0.10534983225117757,2.939206777497671e-22
1.0115277662170143,0.24709409800887272,0.08229379902667418,3.2685961104152726e-22
0.8450530642502692,0.29353040085139503,0.11104002928663985,3.415102505517343e-22
1.0884791935845808,0.26622056117922055,0.08168965271743167,3.421826906723133e-22
0.8733857258705271,0.2655912179180422,0.1071063429722645,3.776775291103578e-22
0.9506232090020923,0.24972669892916777,0.08192618593479999,3.777335834445411e-22
0.960369959079733,0.2816854165687659,0.11114292888656978,5.243266904738931e-22
0.9812865376893711,0.29579010524059113,0.10503446669702315,5.273323722832795e-22
0.9309589375713969,0.24938422440228258,0.08333354946799841,6.036444177103429e-22
1.075100980457984,0.2689803788994436,0.09778392187680714,6.497288847128589e-22
0.9285750404877415,0.29285452234149556,0.11449082132660131,6.737222443305752e-22
0.913839317895178,0.2896046178774625,0.1149945227602841,7.07433787698907e-22
1.0856002480984355,0.2688590575414649,0.09647111315888574,8.081467501534296e-22
0.8058411679449087,0.2703242041097509,0.10440597509297445,8.399693457954526e-22
0.8175156897913833,0.2609817182663845,0.0957101706976038,8.681126006003832e-22
0.8561561629546617,0.2897395679483574,0.10195109457247564,1.0943363312325045e-21
1.123096080208322,0.25927418782478195,0.08424696934413141,1.1231478199039294e-21
0.8642797422887423,0.25271893131000134,0.08899991071972929,1.198371607754048e-21
0.9290369131923182,0.25746279020095497,0.10104328378129221,1.197220994125568e-21
0.9101903821198967,0.2678612919634409,0.0845271562140722,1.2245764807461528e-21
0.9120064080643235,0.28330008326737666,0.09194776874649364,1.4640285731705636e-21
0.9178194466106078,0.2910989908978885,0.11477229895664812,1.4862436732112757e-21
0.9607611458193919,0.29396892183674006,0.11170488549178721,1.5240667561795498e-21
1.1126564220716428,0.25756644056695976,0.08714587088591558,2.0720095037807482e-21
0.9150133327458168,0.29836337970328786,0.11157266661132134,2.1976596426986832e-21
1.0918773900695289,0.2638969141372982,0.09387055242069624,2.208378121290454e-21
1.014197958999942,0.2910545371210538,0.10464803122964783,2.251446505114702e-21
0.9030283915789568,0.2825109674528836,0.0920225430102986,2.7412822969180088e-21
0.8503000083410921,0.2931212822170248,0.1107980036679842,3.802506853392539e-21
1.1238818964091948,0.2655795240819472,0.08705464982987181,3.795423759960985e-21
0.8689366375017098,0.27537297410876627,0.11148899251884732,3.884993411863897e-21
0.8542541644583661,0.2562332371023275,0.09859473101260252,4.085314110579136e-21
0.9425223185408775,0.2975086364063477,0.10725936889711872,4.448694550088892e-21
1.1091867156267643,0.2560984195592342,0.08593611988925431,4.547853340221228e-21
1.0318900957905637,0.2625463965189072,0.098778151559828,4.647631308137809e-21
0.9830339723179282,0.2947808270289185,0.1066713093911443,4.709463146515969e-21
0.9022236194037845,0.26350258015407135,0.08417120383335691,4.930186993673771e-21
1.0641252200584042,0.28284033766607,0.09428647828684249,5.030626084326641e-21
1.0571444625975985,0.2528001819277663,0.0800860804133894,5.076202815778347e-21
0.8508796988688268,0.27004129664040666,0.09018194827838572,5.305655889796719e-21
0.8747609491248856,0.2854780133641217,0.09640499349715609,5.4219403181947255e-21
0.9057017064265089,0.2865578621304494,0.11435276938916006,5.4487783355557444e-21
0.9476133366895052,0.25470486901627365,0.08131155654736583,5.569504356228052e-21
0.9302009867440955,0.2912788925319776,0.11385221077763522,5.801716599320432e-21
0.9973537654589482,0.2926991145566169,0.1062782671031939,6.214301414270457e-21
1.1045988086235088,0.2585251793481751,0.08910294812523645,6.2364003379372366e-21
1.0903567952102549,0.26556297271259766,0.09445797896601775,7.052282853896014e-21
1.0617432569046414,0.2781998469723568,0.10041920866116215,7.340445817268007e-21
0.8644437406766006,0.2778586324721257,0.0923235246309401,7.361709825248135e-21
0.9165786341518771,0.24808683254676756,0.08918256093457849,7.517892114732675e-21
0.8699567775038783,0.29535551213994937,0.11178058761413827,7.537159895756479e-21
0.8541438260202252,0.25877409176983934,0.08840148154573695,7.568884813332884e-21
1.119994598051182,0.2674863017306972,0.08729075160730809,7.712523622518692e-21
0.9410802176694997,0.27851987826527935,0.11085143924412727,7.78820954749027e-21
0.8659521287730438,0.2521209545628833,0.09182982896518527,8.016270822534883e-21
0.8337281722036902,0.2807875332212528,0.09811214535121525,8.870624902299752e-21
0.8424395205816975,0.2559341739686709,0.09548586192926185,9.038995425433103e-21
0.9040650749196022,0.29766603816529424,0.11044135600734838,9.062322823767517e-21
1.018869934757964,0.2832911738883783,0.10593352632190899,9.690784028664058e-21
1.0579860490590214,0.27848624541712885,0.10084671698872805,1.1602846776494587e-20
0.8657288114768367,0.25331911394563966,0.0952794610466045,1.2573081533024592e-20
0.8118924182466483,0.275426509748804,0.10680347006031948,1.3225730146423689e-20
0.9792748872272661,0.2947146440899646,0.10672728591496924,1.3649731861656035e-20
1.063630862257595,0.2782797237904433,0.09996514075966317,1.3751994742174326e-20
0.9840146892612598,0.24695974737580184,0.08689282351629113,1.5081756739759753e-20
0.8178932144073041,0.2625398684713611,0.09781735354712132,1.6390831710459068e-20
1.030281511780828,0.24843691654263256,0.08664472666951516,1.8329330885771112e-20
1.037904526232218,0.25411940275196154,0.07977247186132039,1.9743352636680362e-20
0.8199224446441278,0.2838578431942196,0.10579905277243887,2.0361288808833902e-20
0.9780861017360927,0.2935108229456267,0.10859739947288244,2.0996659389055456e-20
0.946432715070662,0.29689010789710935,0.1081063873467625,2.1354865813863746e-20
1.0339019692295395,0.27921049987421664,0.10378088132834876,2.168835198723455e-20
0.8528297307493897,0.25596801728503316,0.0974474077338406,2.186541940172319e-20
0.8791177039475464,0.2955029306288377,0.11193635480058649,2.570698523214423e-20
1.0440632606964044,0.26915441801863116,0.10035511235897193,2.641038316894085e-20
1.056451582185323,0.28264429946701397,0.09316616053732926,2.727801063333563e-20
0.9094304685739871,0.2662898105608238,0.08457550451494807,2.8060280596782767e-20
0.8469709894850119,0.2911247972926647,0.11090024416333528,2.807732353184165e-20
0.9663427735286714,0.2575514603028408,0.09938983598077324,2.8044034136582325e-20
0.9680957846296767,0.2901701609351852,0.11076736972806236,2.927795546626506e-20
0.8160616750405207,0.2640393881212968,0.09724731142633394,3.037809772010538e-20
1.033164574278409,0.2742911132021253,0.10286297046919374,3.318659253733569e-20
0.8536956086306997,0.2661867584189632,0.0891886285566888,3.466641961282146e-20
0.8460078490528904,0.270039508674806,0.10800703577588713,3.4817703337096694e-20
0.93206657897308,0.29024162791279684,0.11326507580809297,3.5180560631309e-20
0.9833033324149607,0.27188864560708104,0.0837395402789029,3.7078939344086415e-20
1.014737157768753,0.26211303959783394,0.08029208245391183,3.810461117868667e-20
0.9479813239696089,0.2481632381173069,0.08449377217751693,3.9908509296042187e-20
0.9890720015484717,0.26263275246276074,0.08077348321043339,4.2460403151946696e-20
1.0731044745196332,0.28022820824201355,0.09660788141744257,4.2499834766413204e-20
0.8903769175243728,0.2699327621088039,0.1086016414153273,4.276276476051092e-20
0.9127683889318465,0.2578687897617451,0.10104505624431093,4.381484580780849e-20
1.0434872450991826,0.2826792262452076,0.09187871350293304,4.6436678480606676e-20
1.020610237719989,0.27854442084471653,0.10490962546893139,4.8539984622199977e-20
0.8175773661450876,0.2637514110005519,0.0970239415800104,4.875023757392434e-20
0.9138464488293447,0.2613846278859979,0.1034563897172207,4.8747549452313107e-20
1.0391270168092106,0.2611569611991593,0.08010379795554365,5.075952371618601e-20
0.975705897905458,0.2705523796242928,0.10580379793656444,5.2399392620431715e-20
0.9011532097533923,0.27742232761223784,0.11153627125801996,5.562047516659115e-20
1.061485058216217,0.2787003559891814,0.08926948702682126,6.767891858534165e-20
0.8963067596219485,0.26623146580207413,0.08553612002667103,7.285487993709289e-20
0.8738451021426119,0.2642204633301133,0.10530625292991608,7.669914535932977e-20
0.9530363150392933,0.2945002889703021,0.10289059885233016,8.448200006542182e-20
1.0430175911558166,0.28553426658252934,0.10026309238260579,8.586284469481649e-20
0.9496511863615567,0.24926739460097203,0.09190928614417587,9.245711945073649e-20
0.937952416679833,0.2509541064665961,0.09426142947030294,9.465512541043981e-20
1.068538472612536,0.26610224087927614,0.09666267902594677,9.973986186345186e-20
1.019861824584492,0.2551603021776512,0.0799354842735247,1.0689463177768438e-19
1.0255248883585821,0.2884197678565277,0.0995357673180744,1.0812649678974858e-19
0.9995760740261002,0.2901008277778405,0.09845172286585757,1.2230962073033018e-19
0.9549543855162064,0.2540695697783948,0.08157335549320893,1.3359764610487178e-19
1.090727944897118,0.25503017198336186,0.0821199672325279,1.419552601897141e-19
0.8175154384185799,0.27908945206102587,0.10210154967243285,1.4180270676187518e-19
0.9549423613740675,0.2605663274683623,0.08159230791464823,1.5546286698029721e-19
0.8811907240684622,0.2803477642288166,0.11249219421686651,1.679597023265538e-19
0.9244433798396479,0.24885192197125483,0.08648848104238219,1.861326574281169e-19
0.9273806983300883,0.249928846292657,0.08481484267625437,2.0470955479780465e-19
1.0458504469209746,0.25522840596499696,0.08011599386217436,2.0926609899318922e-19
0.8915209600524392,0.2721375452129202,0.10934173554786014,2.1223220622741886e-19
0.9130636419157465,0.2943206491797812,0.10385511483693739,2.3030944084576937e-19
1.0052478607827329,0.28610441312677515,0.10664106798056043,2.317576330980707e-19
0.9607236553680139,0.28754482717537666,0.0947277655614463,2.353721139447128e-19
1.094780408900652,0.25691166447049674,0.08827113630974587,2.7929376757294733e-19
1.0003341106401038,0.2896279961053565,0.0981355030331203,2.795394828741997e-19
1.0078716246287378,0.2660957570235565,0.10160122000398429,3.113647211733393e-19
0.854106004113671,0.29126322111905223,0.10871949548389506,3.130327159213619e-19
0.8710577203070038,0.27494790468193475,0.09092616095143218,3.4232541469395054e-19
1.019921220024763,0.2887575187919438,0.1019255372916597,3.4833513595623874e-19
0.8334574874163714,0.26923147079720433,0.10607292610399179,3.478295445619311e-19
0.9141531326812515,0.25352078052250104,0.09683500240201572,4.055985103627898e-19
1.0903697029882373,0.25572555846468337,0.0877263673795889,4.2374813284097186e-19
1.0952868327799123,0.2653803704330584,0.08326156628849271,4.681588965528442e-19
0.9803995334879367,0.2593272126514594,0.09949477070364694,4.901818566204687e-19
0.9899893851429376,0.2918379574746339,0.10590582288888106,4.9302972582067525e-19
1.0109545197747263,0.25338599536901674,0.08049889313019286,5.365945553993448e-19
0.8426059767685334,0.2658039787706965,0.10456133679019855,6.85772695233665e-19
0.8359480258151137,0.2808198823663741,0.09926768588030127,7.599577109066381e-19
1.1024524136670149,0.2671681880782373,0.09169231416906201,1.0317166675431258e-18
0.9842720641665696,0.283674553242494,0.09151783776991519,1.0508167106286359e-18
1.010820602309808,0.28860674989082735,0.10426076006353834,1.0663151799773972e-18
0.9997042294301437,0.26893201021699387,0.10320206713393958,1.0655299511975513e-18
1.1107040157114927,0.26755787416266186,0.08792222725655033,1.0813577234629902e-18
1.0472265728031864,0.2823683558822849,0.1004929490434762,1.1257727463830425e-18
0.891175609454292,0.283446776224336,0.09467043729118342,1.1477803765574997e-18
1.0338669694600338,0.2833482461380734,0.1026046487656081,1.208265532722981e-18
0.9670771867526398,0.29388587740757055,0.1049091803152319,1.2825539944100021e-18
1.0677389168607672,0.25423509220900886,0.0891562287898457,1.2937659069021273e-18
0.8643616282588553,0.27520811955115354,0.11010183230082654,1.5672738674187514e-18
0.9848737281885303,0.29202895385882166,0.10575196219940158,1.7411173679034895e-18
0.9567272090625725,0.25546419819196786,0.0817512959151925,1.7580428390203436e-18
0.9107270702120456,0.29044907901029404,0.0997957539123469,1.9409729910792366e-18
0.9751916811377264,0.24877966582668054,0.08943291117180047,2.0770160145165934e-18
1.0521296807408689,0.28103485246643856,0.09981255791687081,2.086994511561899e-18
1.0134277521836719,0.25759991628904677,0.09626874341716082,2.123421112446812e-18
1.0465681570388448,0.25161925003438124,0.08183529930032221,2.3801799249714247e-18
0.980579599567708,0.28165112320058827,0.10820844487974919,2.4355261151572904e-18
0.8586924558707736,0.2551250981242408,0.09260471924904827,2.5840344218470586e-18
0.8715064212074086,0.28997769382857785,0.10312652111856699,2.5868707487314798e-18
1.0898375466477077,0.2638722614337523,0.09256850334043693,2.9229739644002247e-18
0.8917120355783545,0.2897419112514854,0.11305637058158152,2.924578491943668e-18
0.9923330331884532,0.2897798818788633,0.09880608511237142,2.9976524730314267e-18
0.9022781023783448,0.2853529996684545,0.11275073611113075,3.216802261962755e-18
0.9967732753660421,0.26888195889376276,0.08296438335577802,3.6857768708821064e-18
0.9958402492179168,0.26820625113212815,0.08273817044378001,3.758221921438419e-18
1.0407260621266552,0.2842071512879467,0.09571320464768912,3.761216092153034e-18
0.8704717966343996,0.28425539868704375,0.09750297436633455,3.929849750971361e-18
0.978106017095584,0.250104530282395,0.09124072570328395,4.027409679334658e-18
0.8756832265315708,0.2896690268944613,0.1023491334710902,4.105384658310989e-18
1.0525876049768943,0.2732537230560319,0.09973015332038845,4.26663583569407e-18
0.8740719848698397,0.28156412996778357,0.09511175869324506,4.960226085758463e-18
0.8557282864843234,0.2655703724475973,0.08989129189156721,5.02275966792772e-18
1.0949867356078506,0.2691163259683911,0.08588292988529514,5.428511981622245e-18
1.0739277987198044,0.2648808878963309,0.09484129681990357,5.946582633149462e-18
0.8928925648426649,0.28599878478943674,0.11277002087689317,6.209536354739544e-18
0.8365358819501569,0.26720547984803056,0.09318961053125953,6.4533516268200914e-18
0.8698362448712338,0.2780114583448092,0.11085727475641262,6.913168000437865e-18
0.9027866736132442,0.2506801788331472,0.08945461369433864,7.142633685154812e-18
0.9917619718253032,0.25570330406330144,0.08091589514988366,7.331306404799056e-18
1.0707528731746798,0.2532773356480795,0.08275500739090938,7.518330012806112e-18
0.9734516847038375,0.24929771235054843,0.08992183850265105,8.262544090435512e-18
1.0032773307922067,0.2605941946735735,0.09855960081480843,9.175170998482422e-18
0.8984466508045852,0.26432048778201067,0.08573988428870495,9.89370364208914e-18
1.065418397541352,0.2534634792806725,0.08221558706417377,1.0682017464246703e-17
0.9606608730209132,0.26221337126814737,0.08219585419701347,1.0824738290561743e-17
0.8514303199313815,0.27230893251912347,0.10794665579610335,1.1557549827108997e-17
1.0023735287104376,0.26165021744816586,0.099185679189731,1.1567390780904527e-17
0.9681894978828236,0.28358262976371584,0.09201523182075162,1.18055097205865e-17
0.8445712670414416,0.2780740719186996,0.10957234815771673,1.219154917720476e-17
1.0117770393701768,0.25268872419960675,0.0812594561490927,1.22804547525164e-17
0.9919287055736028,0.2898002041978087,0.09957385365337801,1.2276916718433617e-17
1.0258545067652332,0.27925661124241374,0.08908140546029615,1.2325407605657006e-17
0.9091635395527824,0.2858450879525589,0.09593382410183418,1.3653925104148595e-17
0.9217525028525966,0.2630816252648738,0.10344623851555287,1.3699328934571291e-17
1.0034722056821543,0.2595091747524212,0.08087300691042923,1.44101106258013e-17
0.8224244936316492,0.27808911153128557,0.10416287134453617,1.4794658865422903e-17
1.0604449956662272,0.27804324091534083,0.09021482346583622,1.5937207459677412e-17
1.0929943657376402,0.2711360930716131,0.09263645143500511,1.8736654694417375e-17
1.000476908227217,0.2651316838635469,0.08197425469877964,2.0950818615095418e-17
0.9942039753276415,0.27686959679857015,0.08714118815582243,2.1248167089801482e-17
1.098503461530175,0.2647855938509436,0.09080912190157836,2.3810778455495415e-17
0.932351056785711,0.28515566287504646,0.11126108935682613,2.552002137253142e-17
0.9957023199569512,0.259635707767947,0.09824546161570359,3.0435606784368914e-17
0.941246878746492,0.2495448512412266,0.09003041370666916,3.175780612040244e-17
0.9013116074549004,0.2936459507177569,0.10917090863606078,3.352443510875351e-17
0.8442172087887361,0.2833605819219718,0.10966781144223613,3.3959066557849557e-17
0.83189303097849,0.28127401325448864,0.10719513268388674,3.4087049783243676e-17
0.9977957367708825,0.2890182119971363,0.09939831715097594,3.4823657559744176e-17
0.9194771280979666,0.29415410799030783,0.10809217991813734,3.513735559028744e-17
0.9621154943144052,0.2910233614487485,0.1085662553837746,3.7527509262290464e-17
0.8578091556011334,0.2565326074960823,0.09482417478953395,4.025308507249623e-17
0.9436652310296445,0.2909040189848713,0.110232342604087,4.075399871639111e-17
1.0820872473818675,0.2558947577698081,0.0830074118865679,4.6861566867665184e-17
0.8902947395609644,0.2926156452100528,0.10988729360538697,4.741745729907335e-17
0.9136819533326896,0.29298623309846517,0.11045083663167257,4.8792917971745143e-17
0.8975593555147281,0.26783009466540997,0.10624527889604854,4.947137008536074e-17
0.8629793404907318,0.2683330649759921,0.1060925511192887,5.2781940904712703e-17
1.0852164593641742,0.27404138118835863,0.09040472722189072,5.67273748056034e-17
1.001969457413276,0.26883355255755625,0.08328362898127598,5.715725958801363e-17
1.0454874348646754,0.2546833779927813,0.08131935465202725,5.828198694784941e-17
1.0682639652396002,0.2539013991169734,0.08286295493825205,5.833394977352773e-17
0.9083605024490442,0.2908514779875737,0.11158362144819402,6.397300846574675e-17
0.9125313594277138,0.25109726996278314,0.09170147608706483,6.394983492996481e-17
0.9943705218733978,0.25089411631240965,0.09072423311373337,6.446385280248593e-17
0.853723450886827,0.2590151382830934,0.09809522581791126,6.851504583196321e-17
0.9751826583995111,0.24898670240455312,0.087904488442589,7.007240944653494e-17
1.0595887674406832,0.25285842679739057,0.08708552849986208,7.138290636312181e-17
0.9892147260363569,0.2691745737100346,0.10334650450629917,7.236179927421877e-17
0.9583042251943645,0.2903161300469228,0.10897708588605577,7.384076262490299e-17
0.8975500096625133,0.2558097833080424,0.09769381554492561,7.490474919103864e-17
0.9063887594333728,0.2922121749076976,0.1040711449956743,7.981862239944274e-17
0.8871914412248874,0.2685573041707747,0.1065444781829985,8.322177958154277e-17
0.9923976552984097,0.25449981559496004,0.08145521927935419,8.360654181662857e-17
0.9127885821014026,0.29049651178848057,0.10110757909694496,9.289738099336327e-17
1.0563272119495561,0.2523605695414095,0.08346922639534371,9.478856736362973e-17
0.8274958858902028,0.2661918870811275,0.09747737534001243,9.600422293395581e-17
0.8858168511875206,0.2709200552247968,0.10765407722861742,1.012833925933169e-16
1.0108984355241226,0.25712065441925436,0.09545149584074868,1.0255526721905419e-16
0.8842420773568627,0.28871378557702854,0.10150061895219535,1.0841882595018219e-16
0.9744643137393769,0.2865623155563586,0.10812697279957371,1.1014874930481669e-16
0.942670646100991,0.2697425025614295,0.08518255120781007,1.1134029820104348e-16
1.058906623334174,0.279991703356983,0.09477714264006207,1.2957059393434081e-16
0.843069444745991,0.27982056715756887,0.09908699301137158,1.30664003593356e-16
1.032031311092421,0.2531799839796778,0.08172625762401288,1.3331649309885407e-16
1.1019669965227052,0.2663799616314415,0.08869531864221843,1.5037822225768756e-16
0.9482554842375315,0.2918552275619217,0.10865044097471611,1.5895678848718572e-16
1.0668945668493102,0.25542462571795244,0.08228297013798685,1.7453702190480925e-16
0.978109155608923,0.27933149815183667,0.08924706711736834,1.8195051111681527e-16
0.8312933927085666,0.2781475033974572,0.1010723776360951,1.8793829936722325e-16
0.9811163133618344,0.2784011174066665,0.10666562200767288,2.0679502166281494e-16
0.8625592536397715,0.28532585199380933,0.11064037724469326,2.222650528211884e-16
0.9821363743392837,0.26134163957247236,0.08191461897792537,2.85946981849032e-16
1.0385256272965204,0.2805953226701585,0.10062900461897638,2.9960907091245595e-16
1.0282360985837133,0.25571077909195483,0.09295876633138453,3.2393738410666095e-16
1.0283728113163004,0.25171943124816454,0.08275158128791991,3.340447646479151e-16
0.9661302441303636,0.28911811736315984,0.10800636411319472,3.5327680672079734e-16
0.838409365826287,0.2780576273270732,0.10746783119079398,3.6606880484199527e-16
0.951436934694728,0.2916734492962443,0.10785217015127127,3.9731866090009203e-16
0.9427584788467467,0.2834215692876405,0.09316900023601427,3.987765671352458e-16
0.8290693954349972,0.27533623775414173,0.10022160686935504,4.3429520466998054e-16
1.006317357912982,0.2642904690902741,0.09976121010025019,4.3640148795420223e-16
1.0703705708285227,0.276923502156152,0.09384259719565517,4.774829385006358e-16
1.0899718867516413,0.27027861716158297,0.0918998327329629,4.993730172112866e-16
0.8599455508409761,0.25974493271698096,0.09894445324708091,5.012014231927045e-16
0.9523640302204512,0.27682096176610727,0.08838673693911746,5.217372270864283e-16
0.9744255807431248,0.2501604734629803,0.08445336628527515,5.27114043770825e-16
0.915788708294409,0.28411874026650086,0.09498403093893902,5.564665385246028e-16
1.0955300186823678,0.2686265867509783,0.08995096156312692,6.15077683554661e-16
0.8753868780078218,0.26689119641303805,0.08902398364260151,6.921000964721137e-16
0.9981764552437706,0.2692170462137047,0.08385392708182876,7.466824085461603e-16
1.0820216255804773,0.2732442067177012,0.09265761421081356,9.128432997395257e-16
1.0980396175769762,0.2649037672597552,0.08653571914499411,9.886366101363576e-16
1.0521903351785138,0.2526630757509174,0.08648070590734282,9.97569782272051e-16
0.9782208426785104,0.26062982829910863,0.09923392122398349,1.0184947161330238e-15
0.8617264813853716,0.28665046114962567,0.10376624174057664,1.0647329138188505e-15
1.0699528749740015,0.25536053620894217,0.08330787102067477,1.1162834188176926e-15
0.8850712769985787,0.25892755097688336,0.08750145996124153,1.179626846402911e-15
0.8389946430758162,0.28072309428560094,0.10655651383297088,1.1873281817203586e-15
0.8930470146758829,0.2615719049642433,0.10183092883826106,1.2032950509521249e-15
1.0359153929937186,0.28235245056335323,0.09954785718531023,1.2175762504472934e-15
1.042409426290197,0.2518298199672142,0.08444017670813314,1.238331656570103e-15
0.9133803470875055,0.2774916304394712,0.09066330976002596,1.3449047998291796e-15
0.9769828595497732,0.2721450101491758,0.0855080919900441,1.3781316846437487e-15
0.9687040788073737,0.2544101973868851,0.09496280713498668,1.3885558520939027e-15
0.8958277582501744,0.26177129657462683,0.08648120211403386,1.4017207860920482e-15
0.9720273654582385,0.2785783875473513,0.08921088208481143,1.5156304732797001e-15
1.0057006198697014,0.2823260173469835,0.09236193299344521,1.529954327788901e-15
0.8927034532838434,0.2743472302999952,0.10852916859667727,1.6200158859087033e-15
0.8519820377240723,0.2727799924774481,0.09407525974529214,1.6275249878758105e-15
0.9625961251662467,0.27755006266036264,0.08875599930669274,1.7127890627945805e-15
0.9582914307870798,0.27500211430171473,0.10676348808178832,1.7490462618001218e-15
0.8811252248982626,0.28571731998977046,0.0995885639351788,1.7456628392128556e-15
0.9098584159057665,0.27232813193781324,0.08831595129715565,1.7922497828301268e-15
0.8523575038730549,0.26032723359636956,0.09277412968028323,1.8321744295322007e-15
1.0744922300416224,0.26971471654461454,0.09474954176098296,1.9320607384872002e-15
0.9310308587040268,0.29200423066384484,0.10779761883517303,1.961237221767521e-15
1.0364775612978985,0.27832626631558055,0.09002192862615857,1.9935475024397317e-15
0.9072509110736782,0.2700590646304102,0.08760918282441311,2.0534421160501337e-15
0.9662823454559923,0.28280390278216583,0.10796188351096578,2.1098040191536912e-15
0.983987296361482,0.2864793639106049,0.10618167062728515,2.122849221560533e-15
1.057439533274236,0.2764174536235622,0.08994514635594705,2.355707410430414e-15
0.8791738777067994,0.28975376793308016,0.1069067505357629,2.352826789875841e-15
0.835175980386321,0.2721873898271199,0.10425805289557818,2.350740310566109e-15
0.9688299754551188,0.28202004752114873,0.10766699311862941,2.3757620830562016e-15
0.8771471286283568,0.2635362936803165,0.08853032915245418,2.511623401146499e-15
1.0855778255658457,0.26289647814355277,0.0908326838199647,2.6044150887724373e-15
0.9128381585404082,0.2839287529890513,0.09539135191583603,2.6721879730757838e-15
1.003351760974187,0.2501491469398818,0.08643918311161572,2.6687459009466234e-15
0.858466683055509,0.2582260666938081,0.09484905230412138,2.817499066002093e-15
1.010968797978288,0.2506890467061704,0.08445149546927834,2.854652107134806e-15
0.8731249778952623,0.2567011719820844,0.0958000898639288,2.926098505724289e-15
0.8380540022930223,0.27792664651362586,0.10044533408151163,2.972770856934613e-15
0.971181531350803,0.2520560070857851,0.09217511851119614,2.9675972863335205e-15
1.0218249857638781,0.2755799077922847,0.08743329604818453,3.0233246680688318e-15
0.914445526413159,0.2857744519703551,0.11065155022746258,3.288802247018083e-15
0.8477131565404754,0.2614188447370207,0.0976560891857446,3.46085482458375e-15
0.8592875558756212,0.26099113773248095,0.09937985893263201,3.6264021511285416e-15
0.975182308048975,0.24987688582218914,0.08702509884687805,3.653529201840175e-15
0.8444525662469786,0.2680891436903865,0.10335586262673169,3.659351886984068e-15
0.9434986280691859,0.29026951575206694,0.10135052621557887,3.930472907909695e-15
1.0629075799472822,0.2541797379440791,0.08456303106908013,4.319694600569221e-15
0.8851072676692553,0.2696825724192893,0.10627224933500828,4.442461311912383e-15
1.049596924442854,0.2752727950594871,0.08840965501058984,4.706450922316247e-15
1.0954582923641443,0.26510024364232954,0.0873667235317942,4.717316440825652e-15
0.9423228433996105,0.29099735807006555,0.10750106404213246,5.4850630997294454e-15
0.856048565453321,0.2744969426103663,0.09468262140793797,5.634619387535992e-15
1.0493270919505395,0.2793422685819458,0.09744363814265293,5.710084020762776e-15
0.9252665469686665,0.27274227849555954,0.10709686170063294,5.881983363155396e-15
1.0625458598160087,0.2556697377313424,0.08313445382800903,6.328187620211397e-15
0.926904351508961,0.28441087048947145,0.09528495481457486,6.469266309439055e-15
0.902489291414355,0.26270665889375366,0.08635021527051323,6.924022575073043e-15
0.9288568884175188,0.27386238823375963,0.1073749086798426,7.150283358032717e-15
1.0486949101891003,0.2622754986725331,0.08234846848076614,7.400253979169903e-15
1.030816521987747,0.2556764989828062,0.08196854262464821,8.069335730966061e-15
0.9617466319298487,0.2658671586449155,0.10257556247622665,8.562141957286397e-15
0.9893108394565733,0.2566544130826438,0.08210228040012403,8.589237780276323e-15
1.0804080550781698,0.26463701051548916,0.08452190663924825,9.510269441466845e-15
0.8757509438939124,0.28839547530966136,0.10752824615261113,1.0442669767998169e-14
0.838469602779675,0.2788197964435768,0.10330441379718246,1.1925131971198856e-14
0.9899516485250892,0.271993330392728,0.10349862047018718,1.2552550988138125e-14
0.879859381396475,0.26479975291734825,0.08877758341350346,1.2677729935637867e-14
1.004238940514952,0.2864507549087183,0.10107046134108484,1.2926785122439273e-14
1.0415709471878944,0.2623249222284596,0.08233496785799073,1.3347396641657002e-14
0.9893250227794592,0.2513353485655261,0.08982041703007874,1.3517583234176659e-14
0.8857527786500476,0.2878174538683953,0.10251565860600619,1.3686288891764132e-14
1.0853647454500557,0.261189822191614,0.08919711344465614,1.4147963901391982e-14
0.991885914947197,0.2629707242956434,0.08258550316360595,1.4815335925618744e-14
0.8830779078817841,0.28197797437913885,0.09666133093706537,1.5651712049218893e-14
1.0646022262249222,0.27172033408095064,0.08711783657879858,1.5713659504713277e-14
0.9043484724247293,0.2554827372490407,0.0870330204879242,1.5768403802622864e-14
1.0762448822788322,0.2603394212482406,0.08356808590465835,1.592221642374704e-14
1.0632014611808671,0.25738349637942437,0.08291989646297006,1.6647920371048523e-14
1.06784804314454,0.2743272968044461,0.09001119872496709,1.7122953100167332e-14
0.927290637867161,0.2903423546466779,0.10832010896035077,1.729955109693662e-14
1.092023030608713,0.2644479311140533,0.08685407829881853,1.7844535503577645e-14
1.0345247779258528,0.28029021580638025,0.09978153550803344,1.803336234313549e-14
0.8519612170871422,0.2727522836871299,0.10592012658487682,1.8904645991792398e-14
0.8701975689182984,0.2654914466956191,0.10321067096796933,1.925668734432563e-14
0.9173719990661677,0.2594749436082655,0.09975197560603999,1.925402375828339e-14
1.0172832298396717,0.2824121059069278,0.10198842558763489,1.925036904851757e-14
1.0776786704976438,0.2718987830512012,0.09289844043031953,1.9425608804507703e-14
0.9922504204471352,0.2819798290071802,0.10515402764062068,2.0063058674622323e-14
0.8475991691959059,0.2707390604317488,0.10449354282421772,2.2459610275689952e-14
1.0083991686799632,0.27663372232926675,0.08836591863937923,2.3594766059240952e-14
0.8449733110502322,0.28079770576726504,0.10340216882379986,2.3670814505584955e-14
0.8705322751710831,0.2757401153661416,0.09387461319584085,2.3759587672317435e-14
0.8580113947658141,0.28330451648157084,0.10771464385507518,2.933051385287117e-14
0.8515909696549055,0.28234969172534274,0.10655298730527368,2.972462839347911e-14
1.0305968020589447,0.2520039718937057,0.0857210786865164,3.072133797369598e-14
1.0084753022371995,0.28070662461302676,0.09173862710050666,3.1161549269862546e-14
1.0534931856624006,0.2753604641725145,0.08942050848834636,3.183387569326352e-14
0.9746008570398725,0.25981328496870937,0.08269608507186904,3.218339692794976e-14
1.0390583022155973,0.279567616088396,0.09889993620508104,3.26873982375244e-14
0.8783005697431712,0.2665455672794095,0.08950034358513487,3.3443971002887937e-14
0.8888865509343091,0.27804179061430445,0.09346965001345836,3.339313634157294e-14
0.8782067886422347,0.283732015711073,0.10959275842748184,3.4536519130543964e-14
1.0770890544952731,0.2597484372183616,0.08398752065417858,3.496899230833327e-14
0.9562256846389321,0.28822182016291653,0.10727025866387219,3.513671463094952e-14
1.0818801417969226,0.2708558592385131,0.09006476556487793,3.517245375680813e-14
0.8387757354085448,0.2712664145797212,0.09762379079008367,3.842574306188912e-14
0.9316097444323415,0.2890599074163851,0.10854118286279972,3.8827131815133996e-14
0.9479063307912554,0.2784672456329762,0.10766191680280547,3.9402014963832064e-14
1.0735615843999806,0.2592766645213611,0.08372250173319731,3.975953668632281e-14
0.8983329255978578,0.28196105395345183,0.09552454403981721,4.0915476714924524e-14
1.0862904929796198,0.2614024804362267,0.08829180883665728,4.913361438371149e-14
0.9250804696219745,0.28641034051208325,0.10943050241647845,4.942917817408727e-14
0.9666768108680728,0.27991001101809565,0.09095099827948575,5.07977622973571e-14
1.076331099260285,0.2702958567812468,0.09314570883652382,5.272662628939484e-14
0.9017943961537949,0.2563842869828066,0.0965290919081302,5.3244326321471105e-14
0.8867082352152078,0.28188913192905773,0.09659824843763079,5.383827324881042e-14
0.8876825510825572,0.2576570656952728,0.08859118678164932,5.379238598188439e-14
0.9040404012319865,0.28905897858601937,0.10308225852980483,5.728188135153209e-14
0.9930549343155093,0.27742926076737207,0.08900818341752142,5.802602720998875e-14
1.076625763012716,0.25757013295352427,0.08583057091586818,5.938315219237529e-14
1.0254491201910287,0.2593579311410803,0.08213540913118558,6.504400804853031e-14
1.043290149091895,0.2706344088356283,0.09814658612073607,6.50591291717798e-14
0.9863439987544087,0.25646185090869733,0.08257433836396857,6.609615423885113e-14
0.9127280116680332,0.2532934941116227,0.08833952431498708,6.750551308020435e-14
0.8606445687207458,0.2751062615181583,0.10700144452306201,6.874857002908176e-14
0.9537595959282523,0.2583137657382908,0.09791085639763013,6.88202466657724e-14
0.97727640483477,0.26864364983138356,0.0847060129285133,7.181401942604372e-14
0.9089515821510332,0.2886172320146907,0.10199317971204205,7.488150478342681e-14
0.9641908234657262,0.2887610252733348,0.10098653405993258,7.503197394654688e-14
0.9208196425404527,0.2881090047430024,0.10038811110233402,7.629680725063396e-14
0.8781843368762914,0.2757141152423086,0.09332496421561683,7.749591786510818e-14
0.9908075731135995,0.2796461871283389,0.09072125692276821,7.769733217721562e-14
0.8708765652266752,0.27227408505201556,0.10642671990320669,7.910736663759083e-14
0.9055222341916842,0.25953755547585433,0.08649181058733188,8.071701209572883e-14
0.8723638021071984,0.2843076160484441,0.10868944712185115,8.308195181073518e-14
0.9233882962962685,0.2544557049007583,0.08620454375310924,9.060186162177928e-14
0.9255098909598178,0.25525047260644795,0.0955908341570334,9.261717608188769e-14
0.8627405631837419,0.2828380613188115,0.1012919962890897,1.06270207471581e-13
1.0246317257244595,0.2706691773355465,0.08535677928083275,1.1064812315439878e-13
0.8759054827754511,0.2581728674944537,0.09061809233637358,1.1237317365026036e-13
0.9702031831489482,0.26863236892901243,0.08497728945107609,1.3690340759496243e-13
1.0536398897096468,0.25861974251868003,0.0914264873538192,1.4611918183597749e-13
0.8745601384858119,0.27459599169347326,0.09327617684403586,1.470921218309729e-13
0.9556249572449858,0.2775366979267888,0.08978315408930712,1.472316016177046e-13
0.9358074147246871,0.2855288840466361,0.0969050242454289,1.4859481519915385e-13
0.9985202919053418,0.28150435914861216,0.10391947628900197,1.546445741894258e-13
1.0366644242865135,0.263639553250264,0.08301727739903043,1.613074848227337e-13
0.9774952281711631,0.28545756571367775,0.09655884575157873,1.6691367321539112e-13
1.0042826209698141,0.2717248936634933,0.10187996382459888,1.6732624233692882e-13
1.0500649692346435,0.2548611314343563,0.08413046224532826,1.8273346188676505e-13
1.0494266765674922,0.2729539012772384,0.08765040225367116,1.8513504860267682e-13
0.9466723924912905,0.25225050964327456,0.09136164483628813,1.9312875782522598e-13
1.0227840444594811,0.26266548622376096,0.09668067555987327,1.9698194065019942e-13
1.0786366556365845,0.2682982511779539,0.08735229219592419,1.9701941747567654e-13
0.8529990874345277,0.27743550823691066,0.09844772575180967,1.9773692437531568e-13
1.033663041876899,0.2807791049717532,0.09515644711509638,2.1242351796855964e-13
0.936592694140078,0.26921526278636976,0.08647625510414457,2.1241868082811803e-13
1.0648588012780138,0.2674744491790553,0.09434765435771379,2.1370207197357914e-13
0.8857062615879467,0.2866242841815281,0.10250374925013307,2.17542160932693e-13
0.9301761476605321,0.2881113172033849,0.10815521344511643,2.1829332968565323e-13
0.9832934816887207,0.2853782279602568,0.10470402219290555,2.2046636992248805e-13
1.0676469374377504,0.25940513252624897,0.09001516562605795,2.253205512572241e-13
1.0147750013665728,0.28078530437201277,0.10184428251974635,2.372260066664474e-13
1.0195205135633039,0.2786661236627026,0.0908616647221539,2.399546777278968e-13
0.8632003650180806,0.2826636009370467,0.101533392991084,2.4426337079239793e-13
1.0634457609585635,0.2611794309225972,0.09178872375656717,2.570330028492798e-13
0.9987018087927684,0.2848088457858915,0.1025502242823829,2.5939267186450787e-13
0.8458807259357606,0.2768946854230878,0.10023263784097239,2.646964563872722e-13
0.933754427476126,0.2817423311711118,0.09371751427882283,2.9862586129474993e-13
0.8608961202255561,0.27791322373676963,0.09747292117433184,3.114487954390761e-13
0.855078422565736,0.26489378863464785,0.0934374216127688,3.3240779972233544e-13
1.0597180399978203,0.25976474458132004,0.09127150894681789,3.3869056840738155e-13
1.0847946494120162,0.26589848753698875,0.0891793186161865,3.380141975777921e-13
0.9640474258455427,0.2588098248996291,0.08342185819795252,3.424212964572346e-13
1.0166755113088755,0.2586238352752992,0.09454750525032896,3.697673135824926e-13
0.8553566779042576,0.2619481063740312,0.09519088173977544,4.0609758953268385e-13
0.8758191277133065,0.2676927734260135,0.09067536457964502,4.2179764770090605e-13
1.024476812816152,0.2788472434188074,0.09149509425993504,4.231544290718256e-13
1.0491818522297152,0.2552742828340293,0.08822773744950084,4.3599463402681956e-13
1.0262523803307335,0.2537665237867017,0.08386919325796521,4.616324927156163e-13
0.8804698785399108,0.25999484375536297,0.09844878037356489,4.798733347456382e-13
0.8918473972018397,0.25557989466718256,0.0930706184715849,5.15562116360298e-13
0.9346229574251126,0.261229455836939,0.10005532780520231,5.881856496696626e-13
0.8709290712678666,0.2636789539092015,0.09079177883378517,6.067427359042362e-13
0.9401635472232428,0.27825222763091206,0.09106806962813568,6.210050374419397e-13
0.9736389968442207,0.28384854474618404,0.09508041877392544,6.36042940207333e-13
0.9127749611500509,0.2555006242214426,0.08736438439093318,6.498947374657209e-13
0.8430183884568496,0.274869532008144,0.1009691921065956,6.660847246543294e-13
1.0581175417797244,0.25600427482791854,0.08724352813035495,6.767761064602275e-13
0.9607912616351761,0.2546790489031321,0.0939846856140687,7.120480077493802e-13
0.8448330218674212,0.2713734585697085,0.09771123720714493,7.359773933137271e-13
0.8510151329104119,0.2640681375280771,0.09762035525449138,7.627937262318517e-13
0.8495507365263872,0.27882744519609326,0.10393599320944381,7.712333937998511e-13
0.8466228291236586,0.2774814598638147,0.10237275837649457,7.761241736135117e-13
0.9114090133587247,0.25482370584207414,0.09382789705004176,8.508904237821257e-13
0.9694513342592117,0.25182463957560874,0.08621718957813188,8.564539205346142e-13
0.9102672069457292,0.2822596732903253,0.09581725873035501,1.1394496893147353e-12
0.9967183898441725,0.26139339022477937,0.09742474487058071,1.2295177929498649e-12
0.8999941938357185,0.2600891270482819,0.08762139681069682,1.2566349071242789e-12
1.0609498286992771,0.2608646974233362,0.08389654932470147,1.4157017157000632e-12
0.867225374022512,0.2835263075910397,0.10576638343222157,1.4311121368100914e-12
1.0662656938359163,0.2721706185942363,0.09341324188509988,1.5191833595557513e-12
0.9702782047453624,0.2523887273270671,0.08566398421798248,1.6299784890552575e-12
1.0044597841932408,0.2541235337389982,0.09103524616126074,1.6356492875872098e-12
1.057839003494113,0.25639982044361176,0.0873581555184186,1.633634809220101e-12
0.9888243966385719,0.2521369279965604,0.08885503863483449,1.7374747918362662e-12
1.0648122250014325,0.26338369597028577,0.08456528019443776,1.7468081182186177e-12
0.8624325044276677,0.2811226785887535,0.10620855761012635,1.831092803652981e-12
0.979161993053415,0.27095490319525983,0.10290566447802162,1.8733469454315596e-12
0.9537392973014089,0.2738018297185725,0.105264605990677,1.9232749801136885e-12
0.9540267184354541,0.28791586262495006,0.10142451259358762,2.1291713259751654e-12
0.9988493735804145,0.25557489180934057,0.09285661403007804,2.2407312963571182e-12
0.939068216473876,0.27893787319480823,0.10725348187032764,2.2519598794985684e-12
0.9213065078768707,0.28687270232331286,0.10775833121921911,2.2755928995061506e-12
0.9063813189310981,0.2866169124552418,0.10787981829243078,2.307896091861909e-12
0.8762822807567314,0.2833687419631983,0.10734498719067974,2.3672562351859275e-12
0.9175521311967394,0.25554811699187097,0.09473386439957322,2.391734016728205e-12
0.8519576295022606,0.2650852321842827,0.09836196669311735,2.393426720925654e-12
1.070462980373808,0.2630607336835984,0.08512006436879946,2.4065014197860495e-12
0.9797745146243138,0.28651656429981043,0.10218390325752995,2.4432075243081186e-12
0.8751361251420651,0.2623697853920597,0.09963497041081135,2.6720408741730974e-12
1.0476947013099664,0.2755739531201393,0.0964905058852538,2.937250780820147e-12
0.9729924021327321,0.2569429032197299,0.09532672394682161,2.9953802942661628e-12
1.0263705151891287,0.2786167652652314,0.09213473649882277,3.0159226241031066e-12
1.072341460493309,0.2703400906283311,0.09009011237609248,3.0319296370968676e-12
0.8808031678025792,0.26014892841240256,0.09790634276985054,3.0351877945642784e-12
0.8610933792888069,0.27544836471432466,0.10565618368432221,3.0640250405492e-12
0.9367351154253623,0.2541772122733785,0.08648712715661339,3.3304037802488586e-12
0.9256346828560869,0.27782060607672077,0.10738313796726304,3.3795117219620518e-12
0.9756939151496784,0.25919426001825907,0.08348304802295305,3.37944201389026e-12
1.018925675451479,0.2656390599036018,0.08397337326855667,3.4045340373867507e-12
0.9315310326874009,0.28790624217729266,0.1063967796423772,3.5091583231805563e-12
0.9110098934007933,0.25566359263339056,0.09440366888577321,3.764834402854741e-12
0.9482793530399185,0.26767291256250925,0.08596118152109135,3.998694062906266e-12
0.9784766441179293,0.2576627461137597,0.09560543447945037,4.012286411662751e-12
0.9871522323428437,0.26732340382281583,0.08474135971060884,4.010007723665561e-12
0.9819619154293662,0.25200551035232555,0.08774508589111268,4.074777626998073e-12
1.0575264114508975,0.2667481004860699,0.08545683029512889,4.2453035774343115e-12
0.9440656504249603,0.2881106136447047,0.10492640494229724,4.253542857098618e-12
1.0536096857300272,0.2613763340405191,0.08386648332359023,4.4220905635381485e-12
1.0138331861204293,0.27076339807926186,0.10013332147019131,4.54002950881831e-12
0.8967318101466191,0.285633091953295,0.10132799386786048,4.6827322878430104e-12
0.8654046990812905,0.2608857663482891,0.09491004467040833,4.7126160441897165e-12
0.8654793620290935,0.27547979831089564,0.10588852856670174,4.71974775212026e-12
1.0217652563031727,0.255595051491859,0.08362354100460388,5.798021303110098e-12
0.886528893962371,0.2835152847429536,0.10759967948299264,6.456825394358584e-12
0.9618844478817508,0.28014511046989,0.10593944673922902,7.041466168745378e-12
0.8544204448382633,0.2740166315453545,0.10392519862178123,7.082038361936904e-12
0.9826021240989373,0.2708047642890561,0.08628890901614704,7.503707214618098e-12
0.9719897079864843,0.26915209946263574,0.08582609489026632,7.911919879241106e-12
0.8915803262730133,0.2857949964234119,0.10304538544682555,8.484671652867892e-12
0.8585111189904833,0.27217387106503943,0.10383085029405018,8.824496195633465e-12
0.9188316141681536,0.25581347690450085,0.09459691960117024,9.100732308899595e-12
0.997116694748982,0.28422614407657876,0.09900343057267533,9.092945422665274e-12
0.9929226774659003,0.27947029065958495,0.10331419532470194,9.792786799637146e-12
1.0527399146316618,0.26089268911303787,0.09187883027819232,9.990774212520246e-12
0.8501464512279782,0.27485835812977233,0.10228932496917505,1.0028212655835443e-11
0.9567712813905747,0.2852239765153002,0.09773880704605162,1.0362330971085109e-11
0.9706425316906255,0.2776225703760007,0.10490194693320047,1.0944214272891128e-11
0.9747417139068126,0.2537558944401106,0.09154358532648195,1.0965633603360623e-11
0.8500581883188758,0.2749411616728792,0.10086046023133535,1.1060160619349515e-11
0.8487333808052604,0.27193032718000043,0.1010293039353171,1.1484799116883288e-11
0.9902745054568456,0.25303797772404524,0.08545104214804106,1.1984076806442961e-11
0.9539400598228642,0.28538595023636226,0.09805161369768445,1.2400014228900363e-11
0.8879113495253801,0.2853581419399567,0.10584307563722128,1.2395631491540887e-11
0.9535732851014007,0.26521991299463354,0.0852698712765407,1.239896326020098e-11
0.9465512869358257,0.28688300949949563,0.10052835251807249,1.2947129790416042e-11
0.8967126039061242,0.2585574778394244,0.0967483928311779,1.2962726231261701e-11
0.891616502140419,0.2834998378236979,0.10750900286638763,1.3090606197806548e-11
0.8640859030695669,0.2811125097304574,0.10374954685600563,1.3109394652251487e-11
1.0059041320621471,0.27971627527241516,0.09260100497828964,1.3754974596794204e-11
1.0489836485083899,0.2715270353210504,0.08795543240470759,1.4315279505632952e-11
0.8518480571260518,0.26785684978390134,0.09950600041402433,1.4323940873210406e-11
0.9437007606250933,0.2724642707167033,0.1048201685567159,1.4789449156632772e-11
1.0120132996342068,0.2729998290340665,0.10060284724909008,1.549519972601721e-11
1.031104631325631,0.2638176356768498,0.08391653442618936,1.549269052560188e-11
1.05795324741365,0.27358465612422633,0.09301902377567943,1.618072860972874e-11
0.8868516231215242,0.2669348920339951,0.10284184536389195,1.6494245588780643e-11
0.9322968510986076,0.2869532543903348,0.10115758009749486,1.650614355909962e-11
0.9683304044568128,0.2524594370363482,0.08793908681473127,1.6590876760706384e-11
0.8663400144101789,0.26478758468134256,0.09288593513591241,1.7487744077482556e-11
1.0396984732739671,0.26167960833603665,0.08374713231256714,1.761394870343782e-11
0.8690867432308327,0.28150437555501795,0.10189793307170174,1.7979301398464798e-11
0.909935384408989,0.28711373466962065,0.10400714440485194,1.8028308158463094e-11
0.9970712155565895,0.263425604150908,0.09802481491502008,1.8332149381200692e-11
0.8835722599080196,0.28453820724057355,0.10341597066607362,1.8609606502e-11
0.9830544269287991,0.25540900696378044,0.08419737128760357,1.9944657558188597e-11
0.9037709942060115,0.263596120357809,0.08806982554799206,2.136775136642281e-11
0.9953760961066909,0.2813597664796563,0.10253923426925064,2.2472213056519425e-11
0.9768346389442861,0.2770809798056897,0.10419963429176403,2.242993283616575e-11
1.0666249987003127,0.270483641882139,0.09160081473115354,2.2534635830166194e-11
1.0314058602789977,0.27880599967866915,0.09457123993805315,2.2818579443065788e-11
0.9792045972834735,0.2755785881131605,0.10373090286080638,2.3087052348201122e-11
1.0172816210825122,0.28099122099779383,0.09836174966939207,2.7260696778314294e-11
0.9321357039804248,0.2863871087414205,0.10049424408185029,2.7417730715723233e-11
1.003232606886554,0.2576485748281965,0.09374664719599002,2.8850039353198634e-11
0.9338511593279542,0.26211323801443687,0.09981841604539149,3.0886691523535734e-11
1.069072388661663,0.2673786128892255,0.09138285619192357,3.2524270407779315e-11
0.9051918429850154,0.2736247083170391,0.10590755802874356,3.4193921689251524e-11
0.8751856845625134,0.26802052695317236,0.10272012280945111,3.432115000893665e-11
1.0113633530643984,0.2791469053270741,0.1007552592063294,3.438903675492587e-11
0.9641983864763155,0.2672325174621075,0.10160576398417152,3.6594093434941024e-11
1.0436372094494129,0.2566441774847861,0.08868812455264437,3.6972242625215e-11
0.8828172983311653,0.28125869397606906,0.09903581710599342,3.763328436024897e-11
0.976971898264571,0.26283676542083634,0.08423848268346017,3.780881379635552e-11
0.8541671792734871,0.2752153070695984,0.10226464034258971,3.780164977791846e-11
0.9965562503486005,0.25640120103564223,0.08385843288951686,3.8283158297119615e-11
0.8889172017361755,0.2601505499448724,0.09004607408621294,3.860570363934927e-11
0.9701384914849385,0.285557625703996,0.10308977695060746,3.905154333802821e-11
0.9426022960408211,0.28665854788154754,0.10496621794144673,4.176889068500107e-11
1.0062336262539144,0.2802097547464115,0.09362968440899154,4.194736374125921e-11
0.8915023644659144,0.2822833467237551,0.10712303369617346,4.224689050406231e-11
0.9958782432644959,0.2796768302585242,0.10251826791618762,4.251456890767998e-11
0.8670270844760495,0.26767882205664995,0.10175842511854734,4.3923319138669855e-11
1.024218981478949,0.2549753892975266,0.08496043638260037,4.493218297710567e-11
1.0483745529302304,0.2750549691053499,0.09241957707859091,4.554840813670755e-11
1.0428983345329623,0.2758259436234658,0.09222669439956015,4.5965755370446294e-11
0.9687062456716973,0.2787328419459858,0.10481426005173722,4.6863224747869715e-11
0.98002280649097,0.2530414093468589,0.08656665079429308,4.7570438444894134e-11
0.9267475144678183,0.25434306886409574,0.08912662602062661,4.773618059372148e-11
0.9933951493815165,0.2701733935868924,0.08626152642085046,5.311393478175668e-11
1.015767913943149,0.27978563776575593,0.09956482930020533,5.311283346801884e-11
0.9939838037099129,0.28340881726377143,0.10073195763280095,5.839489138264039e-11
0.9417884562531302,0.2575385796682479,0.09599102052892862,5.934800547392725e-11
0.9663265768686262,0.280907698364784,0.09362199024058122,6.493713605195185e-11
0.945010645508713,0.2534242382167611,0.08921652675398195,6.549430808986957e-11
1.0392839085654426,0.27307784482774333,0.08895181502537994,6.56939502535251e-11
0.8697558222695498,0.27650388434329853,0.10529083970031627,6.644398199207268e-11
0.8715246601123301,0.2675724137557409,0.09280610136083871,6.896084225715492e-11
0.857408615234716,0.26699409044534383,0.0962618697805857,6.978560707264502e-11
0.9607675706030712,0.25970160813592846,0.09722804973716082,7.209512152163428e-11
0.9768980721466782,0.28513356981062565,0.10051052292784263,7.226647279804269e-11
0.9124093250961725,0.26275505931667587,0.1002118429478359,7.302036224093967e-11
1.0559250937782885,0.26258908256844316,0.08507172461467616,7.715708922230707e-11
1.008576939753624,0.26756477637490295,0.08522034629454336,7.900538087736504e-11
0.864747547799336,0.2702984844092873,0.09484941516056805,8.244279401063099e-11
0.9421244041802783,0.28549778827372596,0.10549998762235517,8.945288717303891e-11
0.9448746315393262,0.2554587835129065,0.09361349352072595,9.02779072484484e-11
0.9928127205858548,0.26536739925198116,0.09895528165380248,9.293863929655631e-11
1.0202238222807036,0.2646129332524154,0.09658420481447191,9.337864185842072e-11
0.8699773039342702,0.2733146108287867,0.09532264633979944,9.3794920442095e-11
0.9634623857385325,0.2603063735148561,0.09750043216029687,9.372826087420481e-11
1.006238482747655,0.2546342917120117,0.08994976045938548,9.454504532954201e-11
0.8852596142595353,0.26652639574642767,0.09081575412348679,9.772259725636596e-11
0.9274268025736045,0.2814605979846374,0.09544330622760643,9.779646050260375e-11
1.0462349029895233,0.2740332583896441,0.09085816947952235,1.0096401069522453e-10
0.9214072828267827,0.265928627431689,0.08751781117494947,1.0473949906991442e-10
1.02038419635754,0.27811809672910637,0.09911479014112744,1.0640166564413298e-10
0.9821505855265329,0.2552542700349414,0.0848232837754008,1.1423868853402901e-10
0.9153043229704156,0.286205508635458,0.10300866672593463,1.1510090426137545e-10
0.925590621504158,0.25546965044604364,0.09313883985911664,1.1590261745031488e-10
0.9965418535562254,0.25435846374431703,0.09019655189513619,1.1831335786303726e-10
0.9856782570470344,0.26026827091852245,0.09639372888220188,1.2022830441333387e-10
0.8808180020946104,0.27241446332545793,0.09341503309806672,1.2212785894554035e-10
1.0052841758418651,0.26195558715217304,0.08390608293609671,1.2802507157176658e-10
0.9288011956917241,0.26128451055823443,0.08645134800349231,1.4353732864209837e-10
0.945546384125139,0.28369072836313847,0.09715081526199872,1.4668346956065954e-10
0.9648291216524747,0.2838343455089849,0.1042652684703125,1.4842383234502198e-10
0.856447403375098,0.2683378174097033,0.09867189507896053,1.4876328133437927e-10
1.0327922251474586,0.26424107281645015,0.09514092109005166,1.556455424739658e-10
0.9073427451181519,0.25648850350818186,0.09314214915106574,1.5621052877114922e-10
1.0223305574001493,0.25467576905208866,0.0868947724193034,1.5798664215054351e-10
0.9793152613639968,0.26024969393143316,0.08421085287170775,1.6524039323195018e-10
0.9647569028457426,0.2792370589951736,0.09246390142091279,1.6519230652918166e-10
0.8968937653570332,0.2838992786555061,0.10595463835435831,1.6718447690870757e-10
0.9306890724439913,0.28117067139545715,0.10659660515644079,1.7405622877142139e-10
0.9026808311038703,0.26782522957353994,0.08955428175163563,1.8462281101473995e-10
1.041035360650282,0.2594843801801625,0.08444556705374417,1.86730101457904e-10
0.9147753733076378,0.27703270162634097,0.1063597477843372,1.8691083471458076e-10
0.9036829463045546,0.2851372680666746,0.10277153413333188,1.9066619033846345e-10
0.9504427446537029,0.2839151720452089,0.0974754280378323,1.977854395721041e-10
1.0119847266717166,0.2741611054072639,0.08888879429815545,2.0128935934490098e-10
1.0517730270755852,0.27278111584048226,0.09093063694056647,2.0734697329751277e-10
0.9564219088640584,0.2815351730653748,0.10528285900407687,2.0805104429923983e-10
1.020544354337055,0.26362331405347383,0.0958765317925258,2.0957244374606134e-10
0.856731121972711,0.2716392067495812,0.10074915997511052,2.1188613887612115e-10
0.8901345263995424,0.259015665933813,0.09511559909042086,2.1429414289967e-10
0.8773905954487358,0.2805309581412083,0.10515889312596677,2.2784451944966928e-10
0.9172336825530945,0.2558168991320928,0.0926051305411665,2.368775055729044e-10
1.0113071390917003,0.2789756586433203,0.09990839971259231,2.4592886897021833e-10
0.9550570561397276,0.27111261874927073,0.08781495610362468,2.538427016888266e-10
0.9585194919819404,0.2662577367632124,0.08593807980989623,2.6044924806415933e-10
0.9794601582542111,0.2692597013151179,0.1012416166600507,2.7271489633248485e-10
1.009996520193182,0.2806156115838294,0.09882616744988937,2.789023609315925e-10
0.8883976879094089,0.28023704507293723,0.09821954404972891,2.9683251326849967e-10
0.9312701275464708,0.26677813543459306,0.10207800412543058,3.0737027230497766e-10
0.8775947212798201,0.2682201031110971,0.10217666558771603,3.1023250091160075e-10
0.9810988042634889,0.28086638617265347,0.09419018292002519,3.0976080852263393e-10
0.9292302894974505,0.25973210053734497,0.08664666916671994,3.1054585411235685e-10
0.9911176480954289,0.2776396455827428,0.10237201975758788,3.187101388270461e-10
0.9027632565135733,0.2829221656095138,0.09944142343414683,3.398473281343305e-10
1.028552805707763,0.2618531085831932,0.09406277721658049,3.4259930203934837e-10
0.9503049587629953,0.2564953094421114,0.08597592829659324,3.419046324351786e-10
0.890610094876763,0.2618370833467256,0.09031725118378872,3.4826480801872135e-10
1.061182407657796,0.2622175430569311,0.08644519349258087,3.706262349517099e-10
1.0039578740466162,0.2745830851556965,0.10082580948588452,3.714193137857291e-10
0.980174114365786,0.25626702523161815,0.09306209336551044,3.9005979070128185e-10
0.9063455021632745,0.2839432069483572,0.10586537798124608,3.9072915018282893e-10
0.8736697678330732,0.275674593921869,0.10463455867817839,3.9715795045920665e-10
1.0304489093954672,0.25978109170089914,0.09245772254105443,3.964050025350212e-10
0.8903346608733909,0.2779661042958963,0.10604750303384475,4.0255641200324836e-10
0.9456797473493452,0.25516666603726756,0.08710353411587814,4.1168411165556894e-10
1.0039937103585324,0.279544846637207,0.09373431975377415,4.1183973900004377e-10
0.9197016220811083,0.2713664712762762,0.08977345720601441,4.237260502396449e-10
1.0037975054828028,0.2812481141679435,0.09665150756272703,4.2592318837770506e-10
0.9066948873855427,0.27496839771102155,0.10563290540809905,4.300789358205685e-10
1.0600341124271555,0.26126933991340473,0.08654413451787336,4.309235547413206e-10
0.9955203010969225,0.2554785120442171,0.09125979890966163,4.316958962630266e-10
0.9212618881665602,0.2841072477809303,0.09941902222207538,4.5867491581769916e-10
1.0081058554719338,0.28089635584398454,0.09726365330891215,4.5899189072200695e-10
1.0049655624376612,0.276557065488628,0.09079252244558911,4.6102379846162873e-10
1.0538164164504398,0.26659068440786093,0.09311266219068852,4.695383596731728e-10
1.022782512277164,0.27845109392858736,0.09712950113238383,5.048284070916383e-10
0.8774148788979286,0.26370740389240077,0.09868073709388421,5.185145016767686e-10
0.860381930172192,0.2679655830828731,0.09751291180143198,5.359332495583238e-10
0.9065208341149553,0.2605169019546072,0.09776642460742688,5.436538309878372e-10
1.0509274705556315,0.269741565749436,0.09411230239333349,5.566041095739337e-10
0.9470741068548651,0.2550761751443529,0.08724008669548956,5.651884808118963e-10
0.9302878358534787,0.25818049460944237,0.08699127317573632,5.710855916521866e-10
1.0466914989109775,0.25845195326432435,0.08586748961648602,6.017075857637187e-10
1.0564295200347509,0.2709799872285532,0.09174367614596728,6.027044081791705e-10
1.0434765155720491,0.2692729481454166,0.08741805312710173,6.080687429924669e-10
0.8689813913584565,0.2650020469477017,0.09832087133275645,6.474337166305458e-10
1.0513911868249721,0.27211216239489877,0.09107584601438112,7.099050666932468e-10
0.8796327807700965,0.2646374810904415,0.09958689955451826,7.09980153362709e-10
0.8937664705576083,0.2833036921228327,0.10272767537256489,7.899968698539478e-10
0.8815713452787097,0.2669329596101848,0.09208860363469047,8.09689825715584e-10
0.9052388408099912,0.26400333688502364,0.10032042497894302,8.097131710239809e-10
0.9726793095342146,0.2560882004184706,0.08539771100686643,8.146239215368123e-10
0.9422693055912763,0.2648307166180217,0.08653036054088399,8.596170970762814e-10
0.9324177247732202,0.2569869203585713,0.0945337119303665,8.822177216049829e-10
0.9471162373419162,0.2782766139797921,0.09262907394677744,9.115976268560396e-10
1.005436512678628,0.2766311289707555,0.09111286384399629,9.62244133905071e-10
0.9530585197061985,0.25886886029346967,0.0856176514083316,9.977309999825406e-10
0.9639596333383711,0.2546117835449573,0.08690563622888291,1.0184236495737454e-09
0.9395511612252552,0.2854172301993172,0.10238505598452648,1.06033194058634e-09
1.0048645591240124,0.27922263638094114,0.10007638086457181,1.0682067867186803e-09
0.9505016284589249,0.27312483481765293,0.08927751385753285,1.105342450982751e-09
0.9268761948640254,0.2813111556301007,0.10600927517524283,1.115796605892596e-09
1.0371209160400685,0.27323429307047276,0.09009190592747511,1.1257308490183627e-09
0.9845189428445913,0.276452799231764,0.10246296180965493,1.154304649659132e-09
0.9792994331313203,0.2826123235048108,0.10198154482966024,1.1585577181969106e-09
0.8946752988522579,0.27851248737576517,0.09646800609500061,1.1566016095127692e-09
0.9909481183853277,0.28084192400862373,0.10140414682557305,1.1575382071732031e-09
1.0067106029973942,0.2800413163334301,0.09547135693041173,1.170739720095825e-09
1.0122329838817752,0.2717808780476967,0.09918424730283043,1.252950637696648e-09
0.9435146095659697,0.2772668046271305,0.10506874921170878,1.3021053479966235e-09
1.0233081363913143,0.2596118576420521,0.09264735874358468,1.308673547485891e-09
0.86626419487256,0.26599590531925044,0.09749319078956742,1.3957358210344272e-09
1.0039222021445635,0.2602214084683798,0.0843375672209398,1.4141425398010498e-09
0.991251409626182,0.28204041434412996,0.1000137149636447,1.452551060757975e-09
0.9333691518610099,0.28447807461276975,0.10460918994653047,1.4588131824531323e-09
0.9244241094941383,0.27320504916017185,0.09065068675580894,1.4576034504610439e-09
0.9671192063161538,0.254097395296075,0.08845287777791519,1.4654746712709748e-09
1.0081265468121323,0.2733791565207071,0.09984103485649361,1.4860154591591147e-09
0.8727031624361086,0.27458996680682524,0.1035819759087052,1.509363110572948e-09
0.9027675780767535,0.26254235296259343,0.09899236409425426,1.5475225065116824e-09
0.9926173756301839,0.27945158009961446,0.09363935112370343,1.5818953637220796e-09
1.0480416247240516,0.2648358681467051,0.08614112600849169,1.682941619916066e-09
0.966922244606538,0.2814851320808254,0.1036673608362823,1.6871416211371688e-09
0.9912763941599128,0.27860791861563294,0.09275190639463173,1.7618568262332402e-09
0.9963699087183944,0.2569402271772552,0.09233526592664222,1.7643170754106371e-09
1.0082710115334468,0.2719174321026072,0.09949311740384337,1.771269638903684e-09
0.9126432511919571,0.26132546508858034,0.09821896156912294,1.7842765869941182e-09
0.8890230702347957,0.2688869663773845,0.10248598523924905,1.9025543743134595e-09
1.0043697116206811,0.273394623070526,0.08885987196151883,1.9546466698946316e-09
0.9074904334370579,0.28343373192941024,0.10488241102918679,1.977138819091881e-09
1.0031550679248227,0.2629884566788807,0.08468647924585135,1.996148175806247e-09
0.9415320390918396,0.2843459484130142,0.10407195366894044,2.012389390722111e-09
0.8901220845214439,0.2679894206728082,0.10203790556839921,2.014593936628817e-09
1.0144080583450155,0.27833408609605215,0.09833700518990249,2.1083339412076213e-09
0.9646256628507999,0.28347260380957406,0.09838691265455013,2.130010459916772e-09
0.8853745757733176,0.2620815420800111,0.09717223031429449,2.1462552858492332e-09
1.044715603457357,0.2675019154549474,0.08703360733128111,2.1683870413188136e-09
0.905334799082528,0.28318217145898217,0.1009018688342868,2.1784582083528944e-09
0.9306526170995504,0.27881446223670925,0.10557320795225103,2.238273100114688e-09
0.8699366275807154,0.2725406379448718,0.09655064903305142,2.252235481052962e-09
0.9106370253103115,0.2781197967088369,0.10577320138633863,2.2616055348630727e-09
0.9151707564017606,0.27226251300972204,0.10423472907354289,2.3251215308804965e-09
1.019079751413427,0.2668712293575839,0.08582844306376858,2.3745352286905896e-09
0.9561972192220054,0.2696564124416281,0.10211210450898163,2.435882197103605e-09
1.0421447545604146,0.2734591258048298,0.09186404974969707,2.6295889763155053e-09
0.868308745836984,0.27483592300985804,0.09877260402718357,2.6507039572976843e-09
0.9481530416244066,0.26733682706487083,0.10138343080993234,2.6957876697525225e-09
0.895441042675337,0.2824174956821377,0.10179001264762613,2.761251226179118e-09
0.8664430593764525,0.27476012609910416,0.09969419538759185,2.7886185978263524e-09
0.9084496698727769,0.2747562578611671,0.09281899797155561,2.784230288984574e-09
0.9783586994478508,0.2697051512413533,0.08710424586042308,2.8759645750824855e-09
1.0094717758789074,0.27116726586780904,0.09904787680960374,3.1223215860014307e-09
0.9004519542469733,0.2609983970911196,0.09004503958590888,3.3497483981325064e-09
0.9575388405027105,0.2839451607625605,0.09959963836454354,3.418914283978826e-09
0.8905255943068173,0.2616015238041287,0.0969807806725871,3.470090171631873e-09
0.8922661139937453,0.26340232712773504,0.09887137043469811,3.544781615395222e-09
0.993671396837648,0.2592673102451406,0.08468734940943023,3.560630081143252e-09
1.05172703875785,0.263050140037731,0.09095486501621775,3.734315710878147e-09
0.87642422043427,0.27464701277106074,0.09678860236280891,3.803475764755963e-09
0.987142719525492,0.2638762659887621,0.09770876555783019,3.97165892358987e-09
0.8702970616627628,0.2765531143461031,0.10097472691981033,3.973716431044742e-09
1.0523961027923363,0.2702381877050064,0.0907982812929554,4.039457837414579e-09
1.056289684821916,0.2684942947757556,0.09060304348431386,4.33506126263728e-09
0.9219237892269305,0.25898363069556707,0.09593223083759239,4.413886682815047e-09
0.9713202475789586,0.2767153725415219,0.0913572202520329,4.533972311011835e-09
0.9669725572270345,0.25455645842813857,0.08867888452927182,4.6731612997042035e-09
0.9766003647971644,0.2789642859061161,0.09324244069741201,4.767899344136744e-09
0.943379386922162,0.2553306916866098,0.08900915951011935,5.226559960066177e-09
1.0114852835716075,0.25562415669014715,0.08806075068020783,5.466538827686951e-09
0.9521419915849272,0.27720487945180583,0.09219030533243819,5.666941245550319e-09
0.9906469056716407,0.28100818154278806,0.0965130626047858,5.745806457387332e-09
0.9128631945482084,0.2822068684533756,0.09913028156993423,5.790041068552676e-09
0.9446492121096011,0.28348448364148826,0.103763369459351,5.930703479062776e-09
0.9364666550391956,0.26933515037149824,0.08858116625639378,5.985356189825177e-09
1.05185433492192,0.2609177546145771,0.08766642051142173,6.0395896989765085e-09
0.9294366966788701,0.27132867059571186,0.08980048683468705,6.086478705972631e-09
1.0106284663803837,0.2736574088066648,0.08951894068379748,6.182804516803403e-09
1.0143870627799405,0.2558301273503867,0.0876157392837991,6.309170109236556e-09
0.9844178071623908,0.25735538338494846,0.09301096110579671,6.599783565517741e-09
0.8718435711680428,0.2754621901441918,0.10221074471185508,6.774285918795161e-09
0.9393424026183403,0.26909474092877383,0.08837272374404231,6.7630878452644206e-09
0.9755809336821528,0.27603116760687874,0.10256853904566904,6.816179204933297e-09
0.9849671692117781,0.27788280486870787,0.10190950687631559,6.838979217593767e-09
0.9563333880695666,0.25911637144487054,0.09571816841064947,6.955563203511002e-09
0.915849801584347,0.257144007314285,0.09180580651832672,6.980890429277983e-09
0.9965632461075611,0.2772954088639654,0.09216120668592778,6.991019573819256e-09
1.0152907505732678,0.27215491556692784,0.0984199265960726,7.27781509273715e-09
0.9751257482391882,0.2591008312484411,0.08528208929304529,7.498905040291479e-09
1.0513030904414578,0.26492288605546244,0.08720471104935468,7.581984849880992e-09
0.9814287364286276,0.2548743838400036,0.08924253330949537,7.640346900325963e-09
0.9234757690707962,0.2750046934552084,0.0921665831756668,7.646634743777483e-09
0.9076900017881755,0.2597110104587428,0.09587139772422795,7.66187084269639e-09
0.8898417272315982,0.2725486791821501,0.1035687212921341,7.781974530915635e-09
0.9516210473427762,0.275071120980116,0.10375552295288216,7.808142334208384e-09
1.006037791643191,0.2794388147357454,0.09627751065236255,8.158815216506671e-09
0.9759048931428325,0.2571029185128877,0.0857163986542981,8.193076771427791e-09
0.8716269268561163,0.27190876981699974,0.09671525081080277,8.360104139705174e-09
0.9404758011381151,0.2735383997178482,0.09041584311333511,8.467329336436239e-09
0.9536406958419104,0.2829014700658059,0.10325429414736512,8.625580858951841e-09
0.9958850747815973,0.26069898658016055,0.09501885245125925,8.795428984216636e-09
0.905432589280073,0.27284137773717676,0.09237412639790313,8.926027354246427e-09
1.00144355504999,0.2748092122528736,0.09026168138063638,8.90980685463862e-09
1.055008318309202,0.26657696711093637,0.08879191610898228,8.917881171989384e-09
0.9620309303527481,0.2799369264549876,0.09447085761832014,8.914166965100747e-09
0.9436206180834361,0.2718440565658433,0.10310815896446504,8.896113410529935e-09
0.8964308961195542,0.2609984316691809,0.09122042019155312,9.206592874801394e-09
1.0197596510680533,0.27731055955307515,0.09484478601938974,9.331079620800712e-09
0.88923888971099,0.27769744495055737,0.0975267431469226,9.585575066390663e-09
1.0221554687869823,0.2575067550254866,0.08982590936248205,9.96349437499255e-09
1.0090013368267439,0.2788868889209235,0.0972249460017541,1.1000288978299355e-08
1.0317888546926266,0.26751014848809085,0.08688011653122749,1.1117322248618308e-08
1.0493918323796603,0.2632157875749912,0.09085095763178974,1.1306860568353033e-08
0.9285013553471071,0.2688399003859572,0.08901485945409725,1.144975190984642e-08
1.052621450800146,0.26802662544805056,0.08944703743115252,1.1527514846063693e-08
0.9924831717124771,0.2805027868202363,0.09643716062952921,1.1804547657769254e-08
0.9742202845788839,0.26955727246065453,0.100794073288133,1.1798099002429088e-08
1.0032519740856412,0.2555848062614441,0.08735311422576732,1.1777068343028354e-08
0.891869882317522,0.2605941372291911,0.09349159424772342,1.1831517438264907e-08
1.0362284304236749,0.2588046554412009,0.08652483790787978,1.2831231957561234e-08
1.0048532163072998,0.27597519404258564,0.09148704467317854,1.3379107608324861e-08
1.001256504802603,0.2700088816672377,0.08745615927559675,1.4754405889242155e-08
1.041642397127875,0.26427399162957177,0.08643896499632006,1.5734105415358194e-08
0.8740743928375299,0.26947749538266397,0.10045045495037826,1.5886871656721936e-08
0.9975322279193168,0.2621663564992316,0.09571199931328528,1.6056286972158954e-08
0.9493080045382261,0.2576252335049416,0.09412527421466882,1.6084229617691114e-08
0.966779101343322,0.2646748040632878,0.09886460098692043,1.6427927668147976e-08
0.9792145926663736,0.2552863819081057,0.08748937090930094,1.6417252329745577e-08
0.9779268091302686,0.27620478501829737,0.09133697908499153,1.7869597627485734e-08
0.9842951595561455,0.25790367541199744,0.09320512567567035,1.7994776543653937e-08
1.0118745319184104,0.2616861622964477,0.09429993672235973,1.8338594440560778e-08
0.9263328711857408,0.26035714051826764,0.09679119896075113,1.8461126624914074e-08
0.9543248638036559,0.2826239373671766,0.09835653453225088,1.8603206207885282e-08
0.8962816150910093,0.26483198379514294,0.09952087283200377,1.8601600862789482e-08
0.9950109265071987,0.27799894314979445,0.10036950408736126,1.9482391363948128e-08
0.9930952487324429,0.25544569400968653,0.08870204272054327,1.9795076276319952e-08
0.9100082780004239,0.2789140629798845,0.09643871932524294,2.0244540639181864e-08
1.033228656913968,0.26931443789095266,0.08808522504180118,2.028704891541451e-08
0.9224889067904574,0.2786185072505494,0.10491788469159005,2.0429386796779258e-08
0.9062210733874458,0.26982199937508944,0.10258939551542068,2.0508305819011743e-08
1.043174507420586,0.26754003444223784,0.08791793784564417,2.1242795825127644e-08
0.9645720660385404,0.2594472056858883,0.09539503884200606,2.1544190913302835e-08
0.9416451004152844,0.26269730921503465,0.08701108148749671,2.2169744655653185e-08
1.020814053527813,0.2570845744312793,0.08848138620141462,2.246135898923781e-08
0.9742144758512392,0.2552323883826433,0.08928571523333871,2.2751884578667482e-08
0.9797174504222461,0.26058196222240637,0.09560328204017957,2.2897573670663986e-08
0.9882620478521567,0.25687438211888636,0.085973341992397,2.2960479590154068e-08
0.9185821161841972,0.26246403930583506,0.08864433310397163,2.3638851113504966e-08
0.8892256280587123,0.2739254008360317,0.10344185623966927,2.527069049667183e-08
1.0534425667323521,0.26530509400817714,0.0895494682046406,2.5280863625342825e-08
0.9563097477659994,0.2645081657899586,0.08660379921303331,2.537710672257618e-08
0.9808345670209295,0.2795263854358272,0.10150347095239766,2.558964990553315e-08
1.0246688414006915,0.27497722035888206,0.0924172320927297,2.5787360796103824e-08
1.021042402323598,0.26623268141235434,0.08630464533064015,2.6629335851634474e-08
0.9766546887506262,0.26240420556235344,0.0969411345129246,2.723168738797847e-08
0.9651923459518184,0.2824229708468884,0.09879523538145363,2.75670475271947e-08
0.9649711002251227,0.2715047712427774,0.10176114779421051,2.826497758645007e-08
0.8923970172677329,0.2758403933067375,0.0960816922057546,2.8272754392727536e-08
0.9340436033631594,0.27571122957855754,0.10416793910709157,2.8438648818110787e-08
0.9990580145971375,0.25578017545317167,0.08799252485523024,2.8789459061174868e-08
0.95287333806011,0.25655647452666486,0.08764118027881847,2.8805644200410463e-08
1.0069898466872313,0.2738239888183418,0.09006206439415795,2.8932252882809635e-08
1.028976379314141,0.27446520238033867,0.09527363681385491,2.9209156387413184e-08
1.0495370831023152,0.2641333840914404,0.08773002556458254,2.9668164460673868e-08
0.8770657767037022,0.27618503285596896,0.10023866617570891,2.9776342047954848e-08
1.0441127633618557,0.2654696779600383,0.08730216777814898,2.9799124864317506e-08
0.918791100874996,0.2820604059627114,0.0996033127224091,3.143674402173469e-08
0.910621697375829,0.26924784551183945,0.10223259918636442,3.1675152240351964e-08
1.02418603912942,0.2643778571312947,0.08591016820646422,3.221969561800249e-08
1.042785216380663,0.2692425696922083,0.0892033611591406,3.253073460514997e-08
1.0236530062407887,0.27550044769398996,0.09579718811603996,3.391495784471334e-08
0.9834455371157098,0.2722527011149485,0.10077840378004416,3.51340637313538e-08
0.9189888428209159,0.26476585768044103,0.09981525758190336,3.531529641573847e-08
0.9497472982748256,0.2829884504532423,0.09999347122289089,3.634458558305451e-08
0.9890642826019658,0.26700299720235,0.09856289188386846,3.7666086911134404e-08
0.9135961377392885,0.2797516926650845,0.10459023200490108,3.782398840122274e-08
0.9011121310931252,0.27674184379793565,0.09582026183479778,3.843630469110993e-08
0.9487627822863924,0.2798561189123787,0.09527649273328784,4.034337670450902e-08
0.9086465522129341,0.27877569554444115,0.09678377698746844,4.026483477763248e-08
0.8842729407262411,0.2679502342226874,0.10035202198060307,4.045546820285133e-08
1.0476362146664524,0.2663027369791118,0.0917786364214175,4.068721527431933e-08
0.9880612861851681,0.27998969867611967,0.09604717293575013,4.0674420120776144e-08
1.0299240088968151,0.262779109191428,0.08592379237276816,4.2718957079992266e-08
0.9624825114682416,0.2592304871671145,0.09504576999528014,4.44080525566713e-08
1.0306379454409456,0.2653412403484361,0.0865096164054917,4.492408391224735e-08
0.8839835709554986,0.275014805115392,0.09713854974404565,4.6655726837722774e-08
1.0127933992190172,0.2657590898566897,0.08617341434276019,4.7276072489808405e-08
0.8769471025093285,0.26681668459654584,0.09553455562899484,4.761265707193472e-08
0.910145441012407,0.27423645553896847,0.10389613890257582,4.991404649035131e-08
0.9205959493664313,0.25967450641680934,0.08915126154406386,4.985937200815945e-08
0.899758938901698,0.27324731673009595,0.10341507576707869,5.132932254269852e-08
0.9536040891122859,0.258839620672509,0.08679413194477874,5.198651768279316e-08
0.9442997984142654,0.25821642897953834,0.0875691160681088,5.2218497926641e-08
0.9732555633244786,0.25746330995077504,0.08638999800801721,5.382431696619242e-08
0.9284891449390003,0.2806113344939689,0.10422831001577512,5.375352168607385e-08
0.88882968706457,0.2773481517789862,0.1031950827992822,5.5036859326484273e-08
1.017364599585461,0.27235631747853506,0.09745952622553625,5.680714132478506e-08
1.0332656541273924,0.26888319983736153,0.08829364833772893,5.970591439135245e-08
0.9621062388442692,0.25580702484541606,0.08873056273063927,6.058935015379764e-08
0.9026254439231867,0.2599415339959448,0.09297454718911621,6.323323437927352e-08
0.9262110492390399,0.2670437200965585,0.08905033890302448,6.445380564018755e-08
0.9729826650720135,0.2571822672096249,0.08661872705272695,6.508251129064788e-08
0.8854257294556973,0.27101463086550415,0.10172097406253676,6.76921264977369e-08
0.951832538233468,0.2666404648857206,0.08754515106641618,6.78293037921721e-08
0.9419119769002808,0.2697489551769059,0.08908092756460895,7.035002999215345e-08
1.0262775708767933,0.2730945080811886,0.09593985939276214,7.127691663990293e-08
1.0164435445378555,0.2573707098484199,0.0886958534624638,7.144005125656028e-08
0.9272395116751166,0.2815582609003846,0.09869364995569421,7.194926938273442e-08
0.8986192272679574,0.26230467701570914,0.09676725610024496,7.725680521667493e-08
0.9620523905271501,0.265764644489352,0.09924773376632205,7.903969655505196e-08
0.9941449358697572,0.2739854391952339,0.09025446827300626,8.031925325419161e-08
0.9308863215339294,0.25858420552229244,0.09437214190461975,8.108713571841928e-08
0.972117537854599,0.2790183250908962,0.0944695348971014,8.330656550744671e-08
1.0468622691285105,0.2680615605424306,0.09023458990730404,8.441623926237571e-08
0.8821546530184339,0.2671629938598641,0.0943847670158238,8.458132319844956e-08
0.9035931733234612,0.26305596425117495,0.09783817488308563,8.69880487223561e-08
1.0353363300598222,0.26490282172337065,0.08691200187236196,8.855299941897075e-08
1.018404553701723,0.2617016873221303,0.08572890325867821,8.98527307333341e-08
0.9989089368263944,0.2608308937209811,0.09420089288788547,9.35917182453326e-08
0.8899781378257021,0.26797859310789196,0.09308464522586576,9.53055179639405e-08
0.9696630636414767,0.2738160254166706,0.09028801807668094,9.672368418037351e-08
0.8953471943407205,0.2703157879545901,0.09311222646670521,9.825471374106067e-08
0.9929876256971486,0.27956158588554403,0.09734774843092053,9.950510867219946e-08
0.8847846860587989,0.27512495166592754,0.09762636563447656,9.953029823384315e-08
0.9636886533203999,0.2612138352842721,0.09633631554382563,9.98726551265217e-08
0.9494048119095666,0.27599917488940373,0.1032482628641035,1.0107374124956434e-07
0.9159797506495515,0.2762832662587287,0.09444167863629911,1.0603826073960064e-07
0.9354079242360065,0.2573736854888051,0.08950713843277538,1.0799512593966414e-07
0.9359783150460732,0.28232652007866466,0.10008381259596691,1.118149970859093e-07
0.8898860946628915,0.2646480979831827,0.09788868339984406,1.117901757540654e-07
0.9985794003222761,0.25801134039546847,0.09161964138336129,1.1340254134975536e-07
0.8993281388665384,0.2625486224871669,0.09162249403048085,1.1342802817382766e-07
0.9996635564559284,0.26360904328411117,0.08584354547487026,1.1460978693080498e-07
0.9825795667852564,0.27323570498393446,0.10070856053775111,1.1800981010886463e-07
0.8928696618664009,0.27673883892134565,0.10315683555879453,1.1812216349637853e-07
0.9834892356926535,0.2673269423791118,0.08698471514231672,1.1843789697399895e-07
0.9724775834456203,0.25638114701219417,0.08769206386507875,1.194422128201596e-07
0.948095403262851,0.2665665157909609,0.08784395296658531,1.2305885827133166e-07
1.0317658051339542,0.27297075658069936,0.09269945498017533,1.2405335811399312e-07
0.9643169517186561,0.25730285436115574,0.08721885372401873,1.251104396059423e-07
0.9688403226174351,0.2814675995655065,0.09892224818018289,1.2540669190852044e-07
1.0178131389464689,0.2629995581079525,0.0859428702839605,1.2570813346074917e-07
0.936148244863233,0.2588252766013355,0.0945591013806573,1.2553438539269338e-07
1.0192599996169829,0.2724454395562177,0.09685437301288403,1.2698167706958464e-07
0.878633266394619,0.27421471800399155,0.09941803970804718,1.3050735084091606e-07
0.9114776881841742,0.2690048960379603,0.0910240667285765,1.302865818548328e-07
0.9267301704204929,0.2776525961982035,0.09480490987684237,1.3092453816697776e-07
0.9321062771328386,0.27961213553677444,0.0963263775208952,1.3693217836473798e-07
0.9632427620796342,0.2817705597299287,0.0999411217317901,1.367682013772663e-07
1.0110179761497537,0.26839025653009907,0.08744922127479589,1.3842746270112962e-07
0.9253447999854139,0.2762229261802145,0.103872969427283,1.430795865883439e-07
0.9987300186847747,0.27292124084708136,0.0992005670249693,1.5297085940388828e-07
0.9403568209467892,0.263548326712979,0.0984359378316063,1.5674683329209113e-07
0.9226404987146708,0.2818140114431624,0.10224827069818954,1.5857512069472198e-07
0.9047322430221154,0.28044687748041985,0.10180608886916732,1.6543092815754344e-07
1.0283795073366253,0.26732284418454966,0.08762800206736601,1.658668175545088e-07
0.9289651803725114,0.28019166913612414,0.10363988858187934,1.7284190426298984e-07
0.9309287703452664,0.28201335042646813,0.10202988371989762,1.7947375496526585e-07
1.0394915857255072,0.26402709869899454,0.09152422447562128,1.8461903903377806e-07
1.0308791550246035,0.26715075340199457,0.09421310970721113,1.8942445572274124e-07
0.993116324079697,0.25702171462500756,0.09033910731124278,1.9321985835249807e-07
1.0346205874264491,0.2622585973867688,0.09118745221592464,1.9400283675125912e-07
0.8966115982792999,0.26954674546684987,0.10133799106496622,1.937026745103989e-07
0.9724729286779716,0.25630242707539264,0.0900008525241142,1.9752226330408458e-07
0.904213096977438,0.2798917268456387,0.10009689147714643,1.9862158332931666e-07
0.9603984827018,0.2797103557190532,0.09570553614052571,2.0319995628749182e-07
0.8892551283890882,0.26387123631996356,0.09417074107723308,2.1590897575712018e-07
1.008063215371072,0.2739090739738459,0.09810159716334543,2.1826498917711852e-07
0.9989856051841723,0.2782717335401572,0.09728710319268949,2.2465275385074568e-07
0.9417744049476262,0.28145841378891734,0.10238409128455837,2.284465213972235e-07
0.9821661837346145,0.2744798370090127,0.10071687483650457,2.335800480126794e-07
0.9132593269653064,0.2639467890329563,0.08999879643918003,2.404239418344984e-07
0.884421886899764,0.2696691251004997,0.09511862971155124,2.4010671756025147e-07
0.9230483858175855,0.25960777889585684,0.08972434866987003,2.403150578059476e-07
1.0082729622862274,0.27634382438915495,0.09727511507970611,2.419666945860312e-07
1.0028935137216823,0.2627626047314042,0.09488993229656514,2.422490272862292e-07
0.9633668629451275,0.25945481601108167,0.08674610621112874,2.429077518783694e-07
0.9264596620517445,0.2767699243795565,0.09438114445483181,2.613951667628599e-07
1.0122060164244768,0.2609843680446384,0.08599835187434929,2.6125721827344666e-07
1.0197059866447002,0.26305454117459925,0.09351755930987293,2.6720963414155966e-07
0.9449655248718685,0.26289561761532076,0.09774849898972117,2.722308934488953e-07
1.0138913647467298,0.26833061259139135,0.09645834285296033,2.754240187699273e-07
0.9678414132707349,0.2797393662877947,0.09598738104703577,2.7793954502169744e-07
0.9724366634552108,0.2688778227551223,0.09980828869218795,2.7904373448997455e-07
0.9653625018391114,0.2656243657781736,0.08713241692314322,2.8263731257456784e-07
0.9860120285528957,0.2705318735106803,0.09950553094850718,2.913002048424568e-07
0.9239036180790912,0.2657499201026219,0.08935935387177814,2.9617924709374253e-07
0.9295128219140327,0.28172034560398496,0.10097518053376987,2.9571823685504663e-07
0.8840493442164412,0.26973240554013556,0.09998258053764174,3.088404424606963e-07
0.993349472551273,0.2572052809580636,0.09025849727925994,3.091308098987647e-07
1.0342570710497956,0.27045938921621815,0.09363203978300022,3.144121856159368e-07
0.8919783752441379,0.2776783022346778,0.10090980759311793,3.163973605810037e-07
0.9911059489609464,0.2688899590651004,0.08778403308487469,3.186292834818478e-07
1.0025735308126826,0.27515864555415437,0.09204366390378906,3.2370211359543717e-07
1.0238847659406165,0.2612729170520558,0.09169431771550714,3.273748521923686e-07
0.93017777368682,0.25810893576994753,0.09049443960033997,3.2746015203271296e-07
1.0077635553832494,0.26755804296678276,0.08732085144347052,3.338306144941372e-07
1.028382264551496,0.2633220648757111,0.08678191650532138,3.380883056598724e-07
0.8824250974859318,0.27031885534602673,0.09618315001746386,3.428397737388789e-07
0.9057770686967217,0.2669009953886874,0.09132879357354381,3.427767399391869e-07
0.9804947373807984,0.27854375833681244,0.09489690913616099,3.4679055123038596e-07
0.9811629393250563,0.2798401928531693,0.09886190367508843,3.4692216378427474e-07
0.8878815380056082,0.2752479653836324,0.10164907116246238,3.5140267726827996e-07
0.8892780383753749,0.2645881283592839,0.0942687449124962,3.5190864218247475e-07
0.9275486044744188,0.25931153041665334,0.08959959762173027,3.655951998585464e-07
0.9834101223645302,0.26838840305881906,0.09887422480567973,3.7263157045839385e-07
0.9928770597172729,0.26452003228621845,0.09648379539924062,3.733444436197027e-07
1.0326759281736173,0.26584040381931584,0.08769803874771841,3.732487637322882e-07
0.9881159705584626,0.26321855389383453,0.09605656881717695,3.754613977817854e-07
0.9182821850230827,0.2638774452001562,0.08969045766580269,3.912300512741073e-07
1.040914445208239,0.2659746648764598,0.08885965155486879,3.949686346893976e-07
1.0062187094796755,0.2576934431131337,0.08764011636063812,3.957182347476292e-07
0.928895072137367,0.26857609660816606,0.08987332889893039,3.9525797573449913e-07
0.9001934253143258,0.2729855892249202,0.09444929241545205,4.147039850266162e-07
0.8935281583630772,0.2669858096067781,0.09931565303090197,4.1615965641510545e-07
1.0085571836224254,0.2588475547606164,0.0866579949334455,4.1770019013937725e-07
0.943012409567503,0.257374832284085,0.09001089203313656,4.1801638671226873e-07
0.8880601884505488,0.27364262739323375,0.10154372554971797,4.175453194972941e-07
0.9351120226451819,0.2583975957430933,0.09318084755061098,4.190973238170021e-07
0.9646150413344667,0.26946438496637803,0.08855802567638307,4.2136167544209725e-07
0.9061445420032967,0.26705681453114205,0.10009163340123078,4.226302331007966e-07
0.8845777949003164,0.27433428386553027,0.10067218999128238,4.248444607778613e-07
0.987097850946725,0.26451476824659004,0.09681488148179125,4.2864732422127296e-07
0.9913348467913394,0.27835733952644337,0.09853897931703273,4.3265284063711185e-07
1.0304714235163406,0.26957085793474067,0.08953708614965859,4.3832376343834777e-07
0.9649017845101859,0.27627301328808795,0.0926451584810327,4.5399899566282305e-07
0.9822090125558312,0.27236362260627844,0.10010131912052452,4.70311989945629e-07
0.9193132253266043,0.26064403907267675,0.0901145682018715,4.73958585746086e-07
0.9369970753333501,0.28092965180309903,0.10226215947647595,4.7380977804906e-07
0.9537397074492446,0.27963151497073757,0.10219608120102978,4.876709589478353e-07
1.0423623990801545,0.26530637238525645,0.0897544145524285,4.920540703754195e-07
1.0203385486709724,0.2627033595048154,0.08651345509777571,4.919772393280438e-07
1.016366090510088,0.2736325727273081,0.09179735783968375,4.993447562859531e-07
0.9639912458157767,0.2708073135761133,0.08923567164540565,5.027594908637361e-07
1.0195011976643489,0.26244515396924784,0.08648688875036707,5.151424582589167e-07
0.9216831385465625,0.2710322966997838,0.10206653028367037,5.213761951429796e-07
0.9565290602444314,0.25919992467513286,0.09422764497114085,5.278544165133841e-07
0.9636452175889101,0.25869685594259817,0.09351427011231671,5.319013318178807e-07
0.988398438829142,0.2604180527147417,0.09394991550074809,5.658504575999495e-07
0.9201025977259487,0.26994808339066845,0.10160469209160422,5.861569756523335e-07
0.9578287434029349,0.27818239072786954,0.09461164873226441,5.988264716816925e-07
0.9535287568103961,0.25730700544886353,0.08910656221631795,5.997350211201566e-07
1.0256231935394116,0.2613497602205588,0.09114160875512076,6.082428749899614e-07
0.9898505383792706,0.2685250333413043,0.08783359378105822,6.175291412799001e-07
1.034617409117116,0.26793840596668295,0.09308595007706211,6.173722539371611e-07
1.0184601716094885,0.26872325382553486,0.09574957423508629,6.172393444409137e-07
0.9640019612112791,0.26346347004456927,0.0869889450394746,6.185105322217e-07
0.9677997160062137,0.2651447037820509,0.09807977697305541,6.489796832743689e-07
0.8896544832963187,0.2681102151656998,0.0993101942814575,6.489016474149757e-07
0.9945561760325425,0.25723767949175014,0.08856593984110146,6.541641978539039e-07
1.0332173092248915,0.2704769124862796,0.09132482559236305,6.589353512310428e-07
0.9133405495946132,0.27732098661825333,0.09642280469323034,6.634226972901477e-07
1.024641519601845,0.2615101070523391,0.09137507270204227,6.629266891189336e-07
1.0237029504220256,0.26322894997488877,0.0927594719625791,6.671027712934937e-07
0.9254047281597284,0.26952994061076296,0.09064600453865165,6.926505598168658e-07
0.9389859324337522,0.26602190384762525,0.0994623959512728,7.204635442727465e-07
0.9532690457755795,0.274548574232222,0.09182830808507474,7.241842085379045e-07
0.9971946187752003,0.2728569115670414,0.09031027669695352,7.390514906191389e-07
0.9673741466140751,0.277608538028687,0.10143405857259634,7.576578579387077e-07
0.9348439799474964,0.2787468115927938,0.10296721021111457,7.646433377994004e-07
0.9573500386037903,0.2597570490913266,0.09460335891791541,7.678578433520499e-07
0.9135772210702182,0.27711757773082635,0.0963072507365071,7.928033939616439e-07
0.9452506123139663,0.2596154177789247,0.08821220084870775,8.091896760337539e-07
0.941729265287039,0.2582450205175897,0.08939947064691187,8.248607122997486e-07
0.8883343016132184,0.26976441116110483,0.09523126074089748,8.293355723656983e-07
1.0215244991898427,0.2732978597145186,0.09274982696549533,8.413797829012972e-07
1.0159655925956859,0.2625622066360964,0.08658400749723869,8.484134704312183e-07
0.9866434872062531,0.2605936577382353,0.09404540242750083,8.486985105132022e-07
0.9255050457474194,0.27764837330912395,0.1031522018640816,8.505161914165214e-07
0.9034967821606301,0.2728309506862612,0.10217069466651692,8.51747853205251e-07
0.9705474568043808,0.2751201669742902,0.10114892424299494,8.892703729416341e-07
1.016027303824007,0.25935209989835073,0.08740415636350285,8.909210446854851e-07
0.9397676523283387,0.26784480040251313,0.10030523947213588,8.910141521942365e-07
0.9746055299884375,0.2767663973742336,0.10084747634595576,8.907607111453322e-07
0.9154102137543703,0.2793045343800784,0.09877591815168778,8.951562373353217e-07
0.9998537228988784,0.26332809821968617,0.0864419711799809,8.999420650978193e-07
1.0298295011718608,0.2683173996028485,0.0938258014790149,9.001512275689761e-07
1.029165157382943,0.26432647027944034,0.09248872403487998,8.987401776035854e-07
0.9751712775433479,0.2767895544557899,0.10078750417807804,8.992488954700923e-07
0.8987211653779354,0.2628176870895884,0.09393612562834866,9.161194465191753e-07
0.9625434771334049,0.2613670214468804,0.09574790139841471,9.423087975175118e-07
1.0093462755386682,0.2643745101109858,0.08672698512059585,9.500283466642578e-07
0.941447540084484,0.27648153001160236,0.10275180647530731,9.513025920495021e-07
0.9375376558140154,0.26558665853661023,0.0887664433300693,9.63973475912119e-07
0.9966472703121187,0.2648543868487985,0.08674995705932587,9.646965915933172e-07
0.9214193414159393,0.2790721487021779,0.10274939666365693,9.700737324437303e-07
0.9933667455518336,0.25768019342326975,0.0900002891313452,9.974740114898695e-07
0.9166274800919876,0.2741271678419175,0.09383040217304249,1.025042756108153e-06
0.9705519068358672,0.2660905308284587,0.09828853877110784,1.049995360050278e-06
1.0000114587715974,0.27277476944538304,0.09046818117394455,1.0533170161443016e-06
0.975604912441332,0.26428866257988415,0.08693633228187017,1.0681213459782733e-06
0.9402454335672399,0.2787170218775483,0.10261411807932115,1.0695725332275701e-06
0.9085920860004464,0.27849198439986833,0.10216485629979645,1.098363571807799e-06
0.9511904897027499,0.28002830227362074,0.09746954335178852,1.1079509744159369e-06
0.9593628570930797,0.266285264614077,0.08790794070668623,1.12380770441927e-06
0.8868031331484776,0.26805545020337895,0.09566884127752001,1.123255330652289e-06
0.9975999755947758,0.2746720376674483,0.09200929628539212,1.1667277444853866e-06
0.955824881701119,0.27978774823110486,0.10127400681231459,1.1840801105374457e-06
0.9306880812529492,0.2775279440899876,0.10290314182546198,1.245818661906711e-06
0.9006376404098084,0.2744158156856069,0.10210426531886727,1.275041177238522e-06
0.9343026464328723,0.28041423029863455,0.10158937260955332,1.293362621378958e-06
1.0133092860764723,0.2688773511873144,0.09606971277271013,1.3173409163820672e-06
0.9135158243426726,0.2631451008992727,0.09077769192794936,1.3423341958667264e-06
0.9230683810305003,0.2674834404047737,0.10015476252824028,1.376541367843651e-06
0.9105792356524365,0.27884791420065236,0.10177245098252168,1.3768916144950977e-06
0.9980802479235535,0.2713072646023007,0.08956274117248492,1.4509377666939423e-06
0.9599214579136763,0.2696369706073958,0.08913773349327363,1.45464752168338e-06
1.0286783089938893,0.26385197828912976,0.0919820074250044,1.494298884759992e-06
0.9152801415936143,0.27893130855152326,0.09878497129462238,1.5309978393793352e-06
0.9411031004796229,0.2604134370532347,0.09510674373352489,1.546222661671786e-06
0.9162201260507619,0.2738153237424239,0.10245159387021469,1.5670750608309916e-06
0.9815796469193216,0.2585055871518944,0.08737035165331446,1.6179884813650736e-06
1.0038416349041839,0.27565478099802676,0.09396052569687612,1.6408025848449042e-06
1.0069095048924996,0.2599485297945183,0.09153983334292408,1.6654232762301752e-06
0.8922672162883671,0.2722931219238276,0.09616255720966252,1.672793563915521e-06
1.0202354018934567,0.2598845696692045,0.08878816307259088,1.6780283281487353e-06
0.9400636864412775,0.2601067157376804,0.09473179965946478,1.6865359676079374e-06
1.0035858314233508,0.25959888417138477,0.09148140662691188,1.7127949431046078e-06
0.8996746823254735,0.2699971329273563,0.09376081632409468,1.7100944045566304e-06
0.9925671139156211,0.25905578924420314,0.08707135445061631,1.7411930364480896e-06
0.9554171233056543,0.27482868065670196,0.09227710326951533,1.7552443152633915e-06
1.0294862846383488,0.2624805610272485,0.08802182071373077,1.7835332419493335e-06
1.0233982474243,0.2707910242929221,0.09466985391752607,1.7806150455616682e-06
1.0299750742053586,0.2703490418228194,0.09277798570723686,1.7837314265546556e-06
0.9671528378688059,0.27294978820411653,0.0907417627804611,1.8308715832715995e-06
1.027886655977234,0.27017635389532546,0.09367996957161008,1.8326862167039784e-06
0.9708684022938456,0.2788483566546134,0.10003347275360128,1.8300768802957363e-06
0.9884715443590775,0.25770092324002114,0.08971835288008013,1.8303923951707262e-06
1.009720328520368,0.2736770375876121,0.09665160047259014,1.839719861725557e-06
0.9125440590153282,0.27611090614830847,0.10256216762188629,1.8654746489932108e-06
0.9098061547124363,0.2658989608800404,0.09884216243290782,1.8663471581076636e-06
1.0364298746599534,0.26488021425418773,0.08997540374952578,1.8937483647347594e-06
0.968296788487411,0.27035652029662116,0.09997237708737984,1.924708081299889e-06
0.8882856324618746,0.2674523284613166,0.09634543464519314,1.9465496571069285e-06
0.9280160153305008,0.26284752887203555,0.09706181631695737,1.996893444222978e-06
0.9044246335934094,0.2772105508556699,0.09849530927793064,1.9941870770400574e-06
0.9502918312903823,0.28025579634772635,0.10042891655585826,2.00086103235218e-06
0.9606969318083944,0.26618363780666887,0.09857759249177166,2.016834813867991e-06
0.8952082082202448,0.2758515644358144,0.09935953894542322,2.0498965890305545e-06
0.922373700680005,0.2746788132600817,0.10250628334216608,2.143301540314358e-06
0.9938706058218987,0.2697964559806174,0.09799700061697608,2.278919650779954e-06
0.9134895306387563,0.272641994966095,0.0935624290610322,2.2806294349709218e-06
1.0018641616306958,0.2759098129128976,0.09453672963815798,2.276378407713022e-06
0.9139387343941898,0.2677633628042553,0.09145676789265678,2.2946604327567315e-06
0.9169023268116927,0.27927788063869663,0.10009438215304217,2.302245111225382e-06
0.8952861695311274,0.27577927008812964,0.10005744558218739,2.30211637627116e-06
0.9558711343136608,0.2775819479372148,0.10163126750216415,2.3411583854835006e-06
0.9390059144564358,0.26956129571206033,0.10075014266466147,2.354688603854485e-06
1.001559106076824,0.2760090062704559,0.0965320686717307,2.4016201114048832e-06
0.8951093284666793,0.2731802284717668,0.10094107171011296,2.3976655333022346e-06
0.9011353841530116,0.27709872219756115,0.09984605983401419,2.401572643645413e-06
0.9332778687075756,0.26263098068617374,0.0890935484421957,2.4057456009806057e-06
0.9316083870953502,0.2658831034655009,0.08952798489817862,2.4098008254127944e-06
0.8966765738519342,0.2647445000364179,0.09416703956925006,2.409919079578393e-06
1.0111373309966378,0.2595937251907783,0.0901886545826503,2.4382792985753764e-06
0.9671982450175598,0.27007613958313437,0.09985762624033437,2.439608449142467e-06
1.0197972933982555,0.26659583463697833,0.09427309776216206,2.5474173126498247e-06
1.031531091957909,0.2629338526265168,0.08978457226409375,2.619344173895625e-06
0.9856168434087937,0.25834444130433654,0.09106754455299677,2.6290745822861018e-06
0.9900129528174979,0.25972500803251575,0.09252486059269845,2.631029837372294e-06
0.9944241568720749,0.258304540900794,0.09010240460985275,2.62959787804362e-06
0.8886163117922319,0.2716233314808858,0.09915508118551633,2.6271394798984957e-06
0.9641750588967142,0.2654003388274746,0.09793014591409227,2.6838921459120605e-06
0.9917038590101104,0.2772176585390862,0.09580395156281117,2.724027955220479e-06
0.9026628692037413,0.27041566208333623,0.0937821456602131,2.740858172550405e-06
0.9675260688684677,0.25818712082224127,0.09163476897374184,2.928883463202773e-06
0.9526456641769698,0.26443010198380734,0.08809382112737478,2.989019881632588e-06
1.034563935944691,0.26630553317350847,0.0907268808466053,3.0204354256113155e-06
0.9016857923842423,0.26862101776745595,0.09331504194168339,3.0249727065658423e-06
1.0238468930918625,0.27147191391279457,0.09354485316947202,3.046444511278928e-06
0.9811592957211026,0.27700813581540773,0.09939915329571776,3.044568084579318e-06
1.0270152835237543,0.26800212958784075,0.08943648465822733,3.0701550308886832e-06
0.9278505764795586,0.2744562376158919,0.10228142201896664,3.0654941657900916e-06
0.9626658783927677,0.27894723334095217,0.10035568619573,3.1164563599567008e-06
0.9308401447477195,0.26383319237317315,0.09763586199869302,3.1419233882017574e-06
1.0038836153650017,0.2755452148759683,0.09582536960686641,3.1879731351807474e-06
0.9825066229059036,0.25879994671643836,0.09181937283306772,3.1940305890353727e-06
0.9076787761237863,0.2621981292070754,0.09374085204510473,3.218288479111877e-06
0.9356483801857483,0.27984970932829634,0.09917039468342898,3.22094212904597e-06
0.9937319974856305,0.27305491385954417,0.09101010958531992,3.2230931462105085e-06
0.948516573954393,0.2599064005216507,0.08858894868010021,3.2400272831558387e-06
0.9587475715086331,0.2686522098932336,0.0996272185114163,3.295464503162233e-06
0.9440899821412199,0.27813996959140685,0.09593315070824047,3.2907934380823685e-06
0.9839373069371966,0.25792428535789336,0.08981382634053203,3.3469016929698564e-06
0.9259453558672686,0.2765442902572792,0.09546586449709242,3.366467332411725e-06
0.8940884218765959,0.26658051902838653,0.09727923552470753,3.3752547921089793e-06
0.9168475871460569,0.26592553176712763,0.09881091321418996,3.3692489288818705e-06
0.9127710450910413,0.27173552522107247,0.10145825932897053,3.411962428298739e-06
0.9007888715513808,0.26471036843048856,0.09333866467200666,3.425015370643215e-06
0.9738598501943727,0.2596192148866021,0.09320216619941374,3.436469516219448e-06
0.9474843963928414,0.27416416220055084,0.09237797587603011,3.4663554999399635e-06
0.9589451772441624,0.25792225305097816,0.09035191412828054,3.4688859116291127e-06
1.018770787268359,0.2659268175263254,0.0939607522913871,3.5524050339000932e-06
0.9717964381258746,0.2580742735239603,0.09099609396192214,3.6844082933745535e-06
1.006232589129576,0.27508292403921364,0.09518571867603043,3.6803510576637953e-06
0.9388087143491486,0.2588805410769148,0.0918570540010646,3.678707973476822e-06
0.9166533096082023,0.261088739543627,0.09222394651547453,3.6846061238990316e-06
1.0141586724051734,0.26117082169012273,0.08745524766494689,3.838366315699455e-06
1.0172968071152475,0.2729081093510106,0.09402341107672071,3.90922946227831e-06
0.9390000514175192,0.2630810949144866,0.08886491552310909,3.918461929187415e-06
1.0154111296318185,0.26158109398512575,0.08744176775526981,3.910916975839846e-06
1.0101286260369697,0.26602867035401334,0.08773808147734448,4.028961390468907e-06
1.032828799283351,0.2653452323337735,0.0906356441742033,4.0961069077707435e-06
1.0141129948365464,0.2689683416867341,0.08915651968161871,4.159000397782119e-06
0.9861938545895583,0.2582879352257743,0.09037369495421994,4.150728922254439e-06
0.9580473623123087,0.2789227219274437,0.10050195351982372,4.162245324292422e-06
0.9789499293704402,0.27179789820716826,0.09018443163958276,4.191292253152494e-06
0.9384745113348636,0.26658396342004664,0.08944323732800318,4.3514982345103246e-06
0.9191345771544235,0.2656375039529286,0.09855960326443335,4.398605692963933e-06
0.9012326141308211,0.26791680110180294,0.09349331911433,4.810668261139005e-06
1.0134955557145968,0.2733119064621816,0.09489099075176598,4.8201579410217576e-06
0.9500066601665473,0.2732554456410661,0.09181682877344655,5.009985943038165e-06
0.9356821857468773,0.26593461073939406,0.0895191314666392,5.008729379422532e-06
0.8983654830138601,0.2750822839034732,0.10031503638744389,5.004005542879464e-06
0.897957189723483,0.27026715885725405,0.09987341900111882,5.008839851288222e-06
0.8985785329546303,0.2736965741154658,0.10073285717609058,5.007899572415775e-06
0.9140083086624777,0.27781156118813977,0.10127462317204243,4.997826675500459e-06
0.8933064207861943,0.269826277511817,0.09576527683862565,5.0953000971101905e-06
0.9614047911670145,0.2633274600130169,0.08776322982398933,5.1063857707414086e-06
0.8936793318181984,0.2715715106525136,0.09658429532681086,5.40128947461513e-06
0.9097469583225841,0.2775804941909501,0.09989390027824148,5.5862197519715165e-06
1.0261589343059843,0.2694151065106516,0.0930075207481884,5.659737921632927e-06
1.017673317782748,0.26437741397324577,0.09309023165711841,5.7290326996859525e-06
0.9678550549278242,0.26717754672489624,0.09838924065943362,5.811784532242552e-06
0.9126052595262895,0.26259846274138887,0.09216824976841223,5.880944454886139e-06
0.9736605013876414,0.2616703409655814,0.09482137492643548,5.964386008715348e-06
0.9376542309865297,0.2601161987148011,0.0938568551660031,6.0237262517965295e-06
0.9364520328786377,0.2661790073642425,0.08958924606394685,6.048506500850688e-06
1.0223946937348138,0.2705191207604747,0.09144650421532963,6.038232717252705e-06
0.9634321049294385,0.2666693139700651,0.09834087422346502,6.028203086789533e-06
0.8960597189915838,0.2733788097221044,0.0974802966184092,6.1248500982273085e-06
1.0012938033477496,0.2727776295385751,0.09138665468633345,6.190283364838087e-06
0.9122471403960937,0.2707286038519052,0.1008067131109647,6.23259220175664e-06
0.9018186195410127,0.2668818068754035,0.09823208827923582,6.255681224625242e-06
0.9685578802107049,0.26956378028422545,0.08933338227062096,6.337785703484137e-06
0.9047401838558997,0.27478969373070217,0.0968283521240228,6.37364906870621e-06
0.9341875899655729,0.27809993737959005,0.10165853594118271,6.39288749770758e-06
1.010726178893453,0.2599604431109077,0.08873947282406378,6.395210101748562e-06
0.9467444838800638,0.26174551252098377,0.08861023753318051,6.444047740079343e-06
0.9355399379453377,0.2612868404133615,0.08959154734162651,6.580974884557644e-06
0.945878554368198,0.27075204183458457,0.1006282130268215,6.798668056005834e-06
1.0009210644749036,0.2717712163257553,0.0972196552104578,6.970239325734247e-06
0.9807604249946547,0.25986115634167795,0.08761037543247242,6.996211004429933e-06
0.9115943666993136,0.27029022042049644,0.09311093398702656,6.99967588940439e-06
0.9738554570420987,0.25888446710903223,0.08832311164729577,7.0093192899324265e-06
0.9320231537295545,0.26690724370607866,0.0901349233302483,7.107612275170658e-06
1.0096326316481274,0.2712997043180818,0.09604142640045317,7.261670127831262e-06
1.001776514199646,0.2609643263625394,0.0873822880419669,7.2620758164012605e-06
1.0216813306061088,0.26315621273736056,0.0881983331744,7.4158000613916514e-06
0.9023529765025522,0.27148052602952655,0.09495862458312976,7.412414886214856e-06
1.021814232849147,0.26993678048751923,0.09383332996095153,7.402014736552752e-06
0.9263076574308737,0.2698067102538637,0.10055713142143585,7.500557330263032e-06
1.0159277919650513,0.2617049000268079,0.08797328799640912,7.69129141529363e-06
0.9988939001720816,0.2735479559574059,0.0921013704243236,7.739018986728417e-06
0.9070013303739515,0.2673911963168383,0.0927991798426067,7.75967824830256e-06
0.9149454287213405,0.2743646548839611,0.09519705655767956,7.875055649113227e-06
0.9904527766812503,0.2743584791161675,0.09831188751647524,8.033461559516182e-06
0.895682174468293,0.2692616152332048,0.09544553227588566,8.071599564185967e-06
0.9462838667225899,0.2676423374176704,0.08952444601255413,8.229093274116275e-06
0.9405725287686426,0.26854279063289654,0.0998303693702848,8.337917836254848e-06
0.9310965521583796,0.26058722825302527,0.0938906781354698,8.323081667474884e-06
0.9656075307570458,0.2685840600219236,0.09896914998445726,8.345348649203231e-06
0.9050564458089809,0.2762175724592071,0.09938475909806904,8.501049376754959e-06
0.918687559554705,0.2638629089834883,0.09109224940079635,8.494848532836821e-06
0.928823203254078,0.26131741537588504,0.09475641244504777,8.599873350172716e-06
0.9305497904445748,0.27893350801131156,0.09967906865520246,9.017612897819023e-06
0.9608178117632136,0.26063513350107814,0.08816975923648299,9.120818730679475e-06
0.9473642128131274,0.2629641879249853,0.08866061212607854,9.146943028431248e-06
0.9926660127958034,0.2703651830094371,0.08967397246591204,9.183353211929496e-06
0.893881889072496,0.2694338564101435,0.0963979005278225,9.22740104269962e-06
0.9606274420471905,0.2783908006878226,0.09981302768996143,9.323506161408338e-06
0.9962081146852935,0.26791718706821177,0.08852651599873843,9.440697735266892e-06
0.9316271987213085,0.2665535417833482,0.09889880953525544,9.466586173568444e-06
0.9863050458630447,0.27568999246256354,0.09837440640057614,9.578217755565956e-06
0.9182139127876816,0.26230411904211914,0.0917179312075349,9.569390019714542e-06
0.963023081062623,0.27441444107600055,0.10054523666237909,9.670742601752191e-06
0.9853059830659276,0.2727738439579761,0.09116812121556692,9.698059807653775e-06
0.9023360198207229,0.271621427022654,0.10023946870939847,9.941643771726152e-06
0.9393163469886794,0.2597858425142845,0.09049740198115742,1.0181420400551781e-05
0.8969895272420487,0.2700268108726289,0.09895304302390553,1.0280643533645241e-05
0.9664008044572352,0.268545232708727,0.08912749896530635,1.0265966923759797e-05
1.0265237373028349,0.2664858359667992,0.08973178089816883,1.0431565163932517e-05
0.9597246932784067,0.27801888321561297,0.10010078278032854,1.0418923868422299e-05
0.967645929085716,0.27838624624993313,0.09821021911089407,1.0445485143488299e-05
0.9709496635194128,0.27361540039024557,0.09181935985919693,1.0474201220657937e-05
0.9842971007875789,0.2588345495310167,0.09054675683964149,1.0631508233680806e-05
0.9455255941419871,0.2631131062197436,0.08884271739403515,1.0639929657261774e-05
1.003017271280111,0.272679930953442,0.09175548703821079,1.0700624823916101e-05
1.0076215101294057,0.2713553798124786,0.09608004590401147,1.0682659681475655e-05
0.9327414086183197,0.2700180560665846,0.09132837902994946,1.0715603522290704e-05
0.9098426199870282,0.2631033807485825,0.09450746573010631,1.0784983406061714e-05
1.014963304502965,0.2722763787696345,0.09362876405655694,1.0844906882445575e-05
0.9065235882148315,0.2678113096497907,0.09318687442129753,1.103454258946172e-05
0.9155764488708211,0.26236209089822404,0.09250865311769738,1.125072095538729e-05
0.978871762916004,0.26208589828305184,0.08749809456758588,1.1324108114095407e-05
1.0158762852036176,0.26122670686219873,0.08969698679762064,1.135767152611562e-05
1.019292247921726,0.2618396762469961,0.08951310517646249,1.1717933260131886e-05
0.8976831857797478,0.26681853116102805,0.09548700537426857,1.1705210536232485e-05
0.9144282511657575,0.26445231460073004,0.09182212623146574,1.1696678740975885e-05
0.9033173331542308,0.2720022995120792,0.09547953112553093,1.2102325788816228e-05
0.9666373437148845,0.2707036659187143,0.09016765582315385,1.2216274133029109e-05
0.9620093552169102,0.25917344993327474,0.08907982756983017,1.2194023280102969e-05
0.9013111283741946,0.2708436245945509,0.09971663859401078,1.2186921738904558e-05
0.9232168802933423,0.2695266910713998,0.10021038652590013,1.2201104782000571e-05
0.9724622628203097,0.262047371152349,0.08769040767099129,1.228082099274241e-05
0.9910252449420884,0.27030929404853743,0.09768972112486735,1.2357293510129745e-05
1.0248543675457533,0.26357430331769427,0.08955856791911791,1.2344179809977889e-05
0.9881167395250525,0.2738329259061434,0.09835577675730008,1.231894944528278e-05
0.958993992982764,0.26201588893924743,0.08820278109605702,1.238259982655952e-05
0.9544957979001722,0.2752226617668492,0.09349233756055449,1.2623808921619573e-05
0.9361818685748968,0.27049129898435087,0.10050788777670516,1.2719795735496778e-05
0.9311731073061775,0.2631202464276452,0.0900374733782727,1.270673038548197e-05
0.9856542943722566,0.27627114856376433,0.09779189718446776,1.2681085732265328e-05
0.9001335529038386,0.26602057874371443,0.0961375778894732,1.2667394932936061e-05
0.9705575553688153,0.2597762709476883,0.09272686243096714,1.2697962534435666e-05
0.9017117399302723,0.2739417882771735,0.10003508485553436,1.273282407045555e-05
0.9210692982082627,0.26361626684683315,0.09108854305649759,1.2759114603999065e-05
1.0248112500503161,0.2685195171035941,0.09230409132966244,1.284726104687847e-05
0.9821839711344431,0.2688363988760767,0.0979176650727623,1.287136271953495e-05
1.0113136169021395,0.2724936625045684,0.09482872477830809,1.2879079711300562e-05
0.9628797785226499,0.26042120343268005,0.09370867719403107,1.2964261603699994e-05
1.0110611096243414,0.2706326396281351,0.0907377765084913,1.294078630073103e-05
0.9130390742328878,0.26782540386486886,0.09242214895152262,1.298885443196406e-05
0.9189956340442791,0.26629607219506113,0.09842497545248466,1.3067408040084091e-05
0.9959599739781222,0.2654841274255444,0.08785702965375711,1.3102452531585788e-05
0.8958710153012213,0.2683497590937569,0.09680740787284729,1.3210781095258156e-05
0.9309069989196193,0.2634235776941716,0.0966260819241582,1.3360939772311515e-05
0.9530683850307291,0.26647101076570445,0.08903813753623471,1.333773831991531e-05
0.9195672331970481,0.2651062207372388,0.0912514036207828,1.3470899521073638e-05
0.996445480521551,0.2747475228283116,0.09385821048251525,1.3564949702454727e-05
1.0116180470966363,0.2609476810867719,0.08879313978437399,1.3905794865552447e-05
0.9116385949326684,0.27558493057513456,0.09726395158015924,1.4053130028736157e-05
0.9386328236968886,0.2755938617227862,0.09457458152431836,1.4151515447104386e-05
0.9059720854296938,0.2669923798030487,0.09333989523320443,1.4183602752377003e-05
0.9062059217372909,0.26882930051617127,0.09917724903996389,1.4194886069332925e-05
0.9012561207155372,0.274330469762897,0.09904343344842818,1.4269359073087787e-05
1.010110768035453,0.27218397013992757,0.09519030437612243,1.4623209273349677e-05
0.9533454415767775,0.26599303319284373,0.08894290460553925,1.4734907660811723e-05
1.0211330472974396,0.26596777640025215,0.08912780599624227,1.5407369845521874e-05
1.0190345132045735,0.26997263279550543,0.09136607001771978,1.5470219704822466e-05
0.9950727279123441,0.27454869452781816,0.09354199730686837,1.5523416041100507e-05
0.9228215157971622,0.2613876594973159,0.09300192823582591,1.5550999293123955e-05
0.9471580735486604,0.26203347366301233,0.08899028714307514,1.5685488692279196e-05
0.9396479400470987,0.2697175509313525,0.09092669924542891,1.5914406768325346e-05
1.022255215070052,0.2639102531828361,0.09107911868291683,1.6151090747775534e-05
1.0254500986122572,0.26479893889319817,0.09002130956049233,1.614073654927077e-05
0.970130609881048,0.2608215067959472,0.08806896959433186,1.6152849921682452e-05
1.0144573711991267,0.27112131806429174,0.09182565423169095,1.6121026739927693e-05
0.9630364298397325,0.2687162123885689,0.09888556137984422,1.6171449078369927e-05
0.9340604459335893,0.27711916209344944,0.0965339128405544,1.6369805794430667e-05
0.9408738685833029,0.271874327280057,0.1007323220939946,1.6367810805470958e-05
0.9402895534048614,0.26337911365075195,0.09654747484059005,1.6355601455183233e-05
0.966522873939466,0.2725203664323894,0.0913595427186355,1.678385817588631e-05
0.9616729161967879,0.276405977768152,0.10020477610698866,1.68198970595711e-05
0.9132914672366681,0.27112178628554573,0.10039038917204193,1.7207558918530364e-05
1.0063980354471607,0.2680826729729864,0.09539864476478407,1.7350692952398768e-05
0.9493716751712213,0.26473143870502414,0.09733345748862839,1.7453621601996178e-05
0.9758824184043746,0.258999476573345,0.08929957477693315,1.7680893038901004e-05
0.9617460108622442,0.2612868590775208,0.09441968577066609,1.7792838238920744e-05
1.01656157105303,0.26256097154004143,0.09096750775459847,1.7760583501757362e-05
1.0029001778782725,0.26735843088044176,0.0955161487189164,1.7747022624844562e-05
0.9987534207233839,0.2641921568824661,0.08776396341748197,1.8089754675847326e-05
1.0143460993146007,0.262273349044297,0.088510482002418,1.8351172706471504e-05
0.8991276064745435,0.2723733635515324,0.0974361069825823,1.8350646304412914e-05
1.001511393814587,0.26271588512258703,0.09313586508149353,1.835218743553342e-05
0.9922589450915265,0.2702271233937663,0.08991530567188823,1.8344780032894358e-05
1.0047245092010062,0.27352568859690063,0.0952493006946967,1.847788511248673e-05
0.9728520293105731,0.26753982756168293,0.08882633303369071,1.868554526803481e-05
0.9522157357190135,0.27737764067442816,0.09607051296648654,1.8677638642515835e-05
0.900682901725748,0.2710849170965348,0.09595945923676821,1.8744847014576813e-05
1.0116790070105122,0.27142256335906745,0.09190275566282372,1.8891698589896694e-05
1.02298354012148,0.26547395873628044,0.09174877051176697,1.895530561476259e-05
0.9347419764294695,0.2739600433585938,0.10119753114520562,1.9491813808650416e-05
0.9925442608762296,0.273689250628977,0.0975247258781955,1.9467340010199532e-05
1.013517892442085,0.26979566383077547,0.09066881695659361,2.0376365808107082e-05
0.9702913221973066,0.2707072790300542,0.099078400297108,2.035771760813052e-05
0.9434912394113653,0.27536391660536874,0.10108014900988578,2.0465178444548327e-05
0.9587640761238134,0.27447804394742215,0.100397775275683,2.0462311613547826e-05
0.9924780052149984,0.27160486686381513,0.0975230614251778,2.0637437617091415e-05
0.9982119961871838,0.260406668467301,0.09104979829386092,2.077648086632761e-05
1.0062385018212225,0.2668595933753115,0.09488802736965195,2.0981950762526286e-05
0.993613454087031,0.2728682511807625,0.09188695012427353,2.1218242314156142e-05
0.9672375532839581,0.2601340727544448,0.08861119979775751,2.138678933031686e-05
0.9964700258617096,0.2721677064430752,0.09143224079516195,2.1839102786299053e-05
1.0238490393504875,0.26527562701958174,0.09101353133359161,2.1990982725596782e-05
0.9888399785729689,0.27574607572325793,0.0954676202552262,2.2318542221292983e-05
0.9979422427627096,0.26844903853192004,0.0962546652206386,2.2801800528468493e-05
0.9662976912962318,0.26552129583708717,0.09710987125376462,2.3086437203893344e-05
0.9396622003643866,0.27669597561263704,0.0959406600360218,2.3128155389594976e-05
0.984209158743889,0.273878689100171,0.09836132589207665,2.324999988141092e-05
0.9940118027742901,0.2680740328066953,0.09647848682851698,2.3265657008542245e-05
0.9032089268723098,0.2664406761378173,0.09653560097894126,2.3468815676865772e-05
0.9584379166182231,0.27460363599358417,0.10034711389024392,2.344849891868266e-05
0.9882562255991996,0.26507071534482063,0.08800546560991655,2.35280845880595e-05
0.9024875346441341,0.2663726939202067,0.09508188856442265,2.3561791248944254e-05
1.014948960633916,0.26552868477305736,0.09313661019760815,2.3595135018198655e-05
0.9506178322997272,0.2608581491122517,0.09397931866521812,2.35538565926277e-05
0.9913039652902018,0.26068126351194354,0.08809719519778225,2.3508984413857748e-05
1.016827810672483,0.26246340899386844,0.09007639743178458,2.3958164777984582e-05
0.9821366015478681,0.2598595063228928,0.0885425797411876,2.3947167622981802e-05
0.9443332315397281,0.2601067294907289,0.09264414417944615,2.4177053282043636e-05
1.0160683051650956,0.2707790395598768,0.09306458685576734,2.4200865173667716e-05
0.9952165560370059,0.2638116037152731,0.09428762578767062,2.4941413763137112e-05
0.9674790115326477,0.2629341606189435,0.09538895131454113,2.520005268674715e-05
0.9595649083075877,0.2757265383048042,0.09424956790204422,2.5270325300958483e-05
0.9222739762722618,0.27610539058999684,0.0969358079786479,2.5888105190305993e-05
1.0078889245466858,0.2660241981702469,0.088588563332828,2.5978183601139216e-05
1.0001339773375513,0.26112046567897385,0.09153145341378063,2.650307888558312e-05
0.9346160424707648,0.2704718271026849,0.10017921105584858,2.6675671331484894e-05
0.9773218202152467,0.26046409941163895,0.0926856469232429,2.6757669276537336e-05
0.9708524593878316,0.26777428776137113,0.08909686826171363,2.690385004517054e-05
0.9785857604511801,0.2611189872904598,0.08808672869681317,2.7195569506613075e-05
0.9754202025864558,0.2705789615706451,0.090282445090719,2.717870316478488e-05
0.9358618132275716,0.27126040254417516,0.10040633666097262,2.7395541546722374e-05
0.9361738706535991,0.26271216446082546,0.09566872662641587,2.7548239810160866e-05
0.9419893845544678,0.26275781958478794,0.08958520771374211,2.7539404776114226e-05
0.9864744807277024,0.2646750214430096,0.09542093933172804,2.7490571362580525e-05
1.0066324918231047,0.2641036081226158,0.0933034378823145,2.7648217643737807e-05
0.9764625090472787,0.26196674994061064,0.08800457610947264,2.7831918912902132e-05
1.0176948752071375,0.26767160162187076,0.09004821511609104,2.8784393248451263e-05
0.904795534615376,0.26642009091080454,0.09657847108608289,2.8903731503307117e-05
0.9292238198014893,0.2737830576429079,0.09420755123502952,2.891094181219046e-05
0.9657996773877073,0.2702606304348498,0.09032383414367486,2.8961669323754427e-05
0.9242687065005555,0.26286463482641653,0.09149346218800973,2.8944061708575335e-05
0.9416209521596173,0.2743217382829073,0.10087547452339567,2.9213839048864214e-05
0.9546531621910042,0.2671945105061595,0.098315723555664,2.9393090044255602e-05
0.9086401139751192,0.2729925893404579,0.09608441352954646,2.9496400022442762e-05
0.9734863099011299,0.25954848232004446,0.08922315991064272,2.976341279660812e-05
0.9351653857400475,0.26068263764683186,0.09217972887558308,2.9876487100859332e-05
0.9390508045790984,0.2623571075301778,0.08995388527130327,3.0438933256538454e-05
1.0211632594626145,0.26446299788598715,0.09052499315417664,3.071566287531012e-05
0.9969687286933908,0.27049225278603717,0.09667641916427819,3.066941480015193e-05
0.925325250334037,0.2718892333447773,0.10054961930930922,3.076875397112757e-05
0.9821471695596902,0.2663017670959129,0.09650530700535793,3.1241376063211504e-05
0.9711823575850715,0.2595499683427791,0.0914150585189897,3.1698457114568345e-05
0.944773017608254,0.2685259445788253,0.0904510970601337,3.170124457159997e-05
0.922424663453361,0.26643654060800914,0.091581177491056,3.193187090004338e-05
0.9113460791071866,0.2641597808745777,0.09469838337890418,3.187603172056556e-05
0.9341961907520773,0.27742649003087094,0.10012633493524342,3.2395282512033296e-05
1.0101990952624664,0.26885968154370876,0.09011215806156159,3.2368544376231815e-05
1.0078854481787918,0.26179704726415154,0.09097991010497852,3.244365945421713e-05
0.9080287276264407,0.26705261145751646,0.09371687836408947,3.251275043467788e-05
0.9804227943770325,0.2605878021912513,0.09248812923885694,3.246988544759588e-05
0.976163478473481,0.27232465780026094,0.09143445576973618,3.255007182549269e-05
0.9088860097207405,0.2748123563273761,0.0991664350336045,3.253101218122359e-05
0.9677173664145311,0.2593917416190692,0.08998353736972096,3.26969024491237e-05
0.9187574361874873,0.26392904701525954,0.09212698585320624,3.277903410151153e-05
0.982784288166556,0.2596797388566048,0.09081745922896861,3.298808796521014e-05
0.9200922397356379,0.26657573331391315,0.09808489176897907,3.296311220031214e-05
0.9439532023046251,0.2723157358186019,0.10041896392544644,3.335452120901323e-05
1.0099922918851405,0.26523193256354594,0.09341435824881747,3.3397768054994474e-05
0.9486653744929576,0.27774226007542624,0.09761104416132593,3.355428478555708e-05
0.9603480600871386,0.2595431744110104,0.09022086609921642,3.3507411949447945e-05
0.9541172555282351,0.27717055477400443,0.09974643733654052,3.3746378829991734e-05
0.9506707970493355,0.2777175433093264,0.09933758420210187,3.413363460058225e-05
0.9666841266802475,0.2595559549476776,0.08971839299513536,3.411390907704943e-05
0.9677255460271397,0.26486861539337947,0.09649611097024607,3.405608620998642e-05
0.9282814819135776,0.2691005627762202,0.09953087043948806,3.417895764219369e-05
0.9176687054188601,0.2718832349683755,0.10030661387102434,3.4173382272301155e-05
0.9114786270162867,0.2735278386008464,0.10016522279111072,3.451362562345251e-05
0.921334018211077,0.26938375354145827,0.09258689035268441,3.463621527312201e-05
0.9029235758142207,0.2689341276807673,0.09788272096234564,3.470561299080443e-05
0.944196814878774,0.2703579225088826,0.09982964108773797,3.4996966917391194e-05
0.9915316515137924,0.2745286851288997,0.0967199000838784,3.500698714466209e-05
0.9586278183560992,0.27599702766138234,0.0999245825565074,3.5147551813952436e-05
0.9673112346071484,0.27723687936443975,0.09782299439583096,3.543773615208799e-05
0.9975411840856836,0.2606084433021736,0.0889085420353307,3.575783559957796e-05
0.9507674741643495,0.27743946526014684,0.09702303931075718,3.606295780089935e-05
0.965061651714203,0.2768375269799326,0.09894660646840543,3.604848345704168e-05
0.9536839079412935,0.27777856927550015,0.09844417195283744,3.6357107264644105e-05
0.9926778927901463,0.2718247195736476,0.09715883861637362,3.679577389371741e-05
0.9851810327569126,0.27557998013519125,0.09683951955790115,3.6850125853552475e-05
0.9015133356855198,0.26877306284802893,0.0970411726488637,3.796711309738455e-05
0.9917225089666335,0.26969146845595215,0.08998237296864943,3.828814042651619e-05
0.9913041467807879,0.26502935854062937,0.09508523698980842,3.895295499431615e-05
1.0086472716793349,0.26201422540393837,0.08898392638563417,3.93330183411677e-05
0.9337936963746802,0.2739467250979353,0.0941840171536152,3.9493527904623745e-05
0.9759168373687999,0.2752764905443652,0.09418750712122981,3.952467785110804e-05
0.9687391430686887,0.26012200370482796,0.08911867079573747,3.944688988292026e-05
0.9181106095645468,0.2742811784040422,0.10049162290648635,3.9375056164130714e-05
0.9244627111855959,0.27261518349966996,0.0940282445972378,3.941071383642323e-05
0.9709618429273483,0.26034322504236473,0.09249850777528637,3.946296543738721e-05
0.989408623519374,0.2714390986427475,0.09742338592133773,3.9646808099281135e-05
1.0202683907164012,0.26715237766194,0.09184213816567817,3.9581241183327256e-05
0.9240032618552352,0.2768153948790717,0.09923753166546948,3.968600929379194e-05
0.9774183973842767,0.2605193799769785,0.09238863776773239,4.019836499937006e-05
0.9167418276612924,0.26408030694445483,0.0927205523362004,4.030242835197489e-05
0.9845965514386883,0.2754757611361034,0.0952439048261166,4.061516899711949e-05
0.9945317161158957,0.26900419926512686,0.0897054318487122,4.0881483191356735e-05
0.9450169424770749,0.2622773992283538,0.08968744469005316,4.1148392420114287e-05
0.928553960672712,0.2617836446960766,0.09219200813919227,4.159269880227537e-05
0.9186060614403591,0.2643569348724508,0.0922995919541421,4.2422717477832525e-05
0.9017822209755142,0.2701556640152867,0.09674771790059744,4.280949710673271e-05
0.9723987902988096,0.26940754988256055,0.08995111947553408,4.2872373747818724e-05
0.9376435960281206,0.27693852588578793,0.10014273012181517,4.313993760723089e-05
1.0159974452412808,0.26885359313433943,0.09317079785266708,4.380474764852127e-05
0.9368136671548939,0.2626642183048129,0.09036620732388707,4.3827652826759535e-05
0.9177351251425048,0.2662021377758381,0.09750785526811673,4.429036494030181e-05
0.9652127054371356,0.2761194661322295,0.09514605786390241,4.420316020852699e-05
0.9161502007523108,0.2732240677578768,0.09550259254302007,4.527359490117741e-05
0.934032524845799,0.27038327657435257,0.09208505960804234,4.533287387270301e-05
0.9089794885613554,0.27257188139543276,0.09620381407955106,4.526719959191787e-05
1.0073094112169727,0.2664665411113283,0.09411803848675347,4.522115396844524e-05
0.9324144439517621,0.26169980505468016,0.09374386534330008,4.565156385167216e-05
0.9926790676971766,0.2633948149121308,0.09386553478815089,4.599762958993782e-05
0.9648786718624969,0.25969729104423234,0.09108836970044361,4.609834159703679e-05
0.9070366852356475,0.2726074550705695,0.09919431586609467,4.602208158042893e-05
0.9595896723200887,0.2666218537115759,0.08931690821971172,4.602760580426721e-05
0.9358122643078897,0.2773895642331323,0.09907328532607365,4.609385674014187e-05
1.0169241133548272,0.2638229010576889,0.09028801871154192,4.601822561696264e-05
0.9311955450374256,0.2622519345065042,0.09450079560067418,4.6048086078361375e-05
1.019885025353389,0.26672636719694687,0.09128721882890962,4.638828823796656e-05
0.9873348837299343,0.2621477928856588,0.08818526938316326,4.695556907122769e-05
0.99547439484728,0.2621829919720977,0.0882788891559104,4.76352587171474e-05
0.9727795407637245,0.2652560768649763,0.09631033352461663,4.7603941001909414e-05
1.0178326336323646,0.26840241586000135,0.09169510921021179,4.819158880331307e-05
0.9375347854186984,0.2609915890926384,0.09178867712427083,4.864202320932581e-05
0.9178999100048557,0.2752566867723494,0.09992781201378288,4.884660942470802e-05
0.9915724935259274,0.2697242179759396,0.09013858440554652,4.9055426569687854e-05
0.9458456731549152,0.2695878209861555,0.09103435132498847,4.927797639967162e-05
0.9802781948987249,0.27494231820776394,0.094197482398453,5.013429197367624e-05
0.9824808021884106,0.2617914628168696,0.09327559042595848,5.02264146797808e-05
0.9430651554359102,0.2670038757257176,0.09028466924482043,5.021408652067638e-05
0.907883619758449,0.2735814276074109,0.0980775475225529,5.012516749434299e-05
0.9083957907273295,0.27138573235816743,0.09561204834334629,5.0274396352103814e-05
0.9693685110331494,0.25988919775815744,0.09142620067913838,5.031164390535071e-05
0.90307314643049,0.2706783405575406,0.09771814559897778,5.0249201668010056e-05
0.9728205980750637,0.2601412705035313,0.08931570732816119,5.218373680838852e-05
1.0007713135744734,0.26321581901500934,0.0928705658715835,5.263483621023214e-05
0.9438381557823021,0.267039742071876,0.0902784216315616,5.391407539288484e-05
0.9414060647912255,0.26624948466311227,0.09023960550386771,5.380399732422961e-05
0.9683308541782711,0.27597706697667657,0.09524485970112825,5.482082809363478e-05
0.9864944159313129,0.2619924944099308,0.08831257611600368,5.5037122863631604e-05
0.9813610034289617,0.27188667875430705,0.09802199108853644,5.500248679096265e-05
0.9036708364493435,0.26874294385218755,0.09673604128171057,5.573998839891985e-05
0.9146543609830857,0.2722635645625773,0.09982976103596058,5.6157982126601655e-05
0.9895975346105175,0.2606606653797554,0.08901323299650932,5.652706665924666e-05
1.0167454557037754,0.2678228242864471,0.09097977155840643,5.645514819585776e-05
0.9705716312433381,0.27196208610270944,0.09153720622355509,5.642979424247045e-05
0.9218220371047252,0.2631514968267934,0.09276393653326438,5.6658460367251094e-05
0.9848693247289582,0.27502465533735054,0.09496347959677878,5.719045777918497e-05
0.9623864915657165,0.2602773548209607,0.08974506996076982,5.731775767967117e-05
0.9648052012784039,0.2725829925195449,0.0992801936593637,5.760895129178186e-05
0.9374335392799011,0.2770184860842835,0.09948328940960548,5.7694446220368435e-05
0.924588510843229,0.2718558914129321,0.09380203505193138,5.801882341411371e-05
0.9852463151653303,0.26388900641221213,0.08829485720351311,5.80189047820387e-05
0.9484802212688948,0.27400189790104323,0.09362619286127213,5.800783575587507e-05
0.9071892949585241,0.2723547669672748,0.09878065100381254,5.806335622954765e-05
0.9859905699471181,0.27506680670556105,0.09622880116376868,5.892595698725763e-05
0.9660946263394532,0.2723494866007723,0.09915289003482532,5.8953417466512486e-05
0.9772188257880234,0.26164311214584646,0.09334129977368155,5.886455588397602e-05
0.9959270841211563,0.26728375953800976,0.0955079197281342,5.9177551227592454e-05
0.9762831405536705,0.2699238897727425,0.09795847683466875,5.945243702860355e-05
0.9359175233401089,0.2768912792629814,0.09782998804918884,6.025049465249807e-05
0.9684007232185561,0.2748043704494665,0.09391398957544175,6.0289961805413645e-05
0.9858201841382712,0.26044623293619296,0.08923386314270765,6.027609905069745e-05
0.9054232862756901,0.26799360785835646,0.09553439763599612,6.0348542305567015e-05
0.9351052734637157,0.27353430597589967,0.09407547507904082,6.086845451732396e-05
0.9350348749161892,0.2651324154584518,0.09706666003100131,6.0852757308639545e-05
0.9841683177412488,0.2731676797340632,0.09259426391398654,6.10889935007453e-05
0.9129491062565798,0.2740945088736706,0.09934224731008004,6.115426337615344e-05
1.0086117138091222,0.27001717819132254,0.09438020873557978,6.137834063708716e-05
0.9785233015497905,0.2719581394010553,0.09819181321390899,6.13249786112108e-05
0.9388337084042657,0.2705149311028181,0.09968910418102594,6.132923269075225e-05
0.9750782461995389,0.2655985396996132,0.08874190634478692,6.133488227466739e-05
1.0146049277696214,0.26492031391574766,0.09181535139910087,6.14370186822552e-05
0.917739974918554,0.27430982042314933,0.09662124345734023,6.132944326712318e-05
0.9898019794622552,0.27154309518951525,0.0970895272119648,6.19910432033441e-05
0.964996264991937,0.2727793274666426,0.09224909497380039,6.20973917793921e-05
0.9644655040935106,0.27679798457060656,0.09761844283094653,6.227430367134185e-05
0.9959396981456798,0.27350258777264025,0.09417178800218536,6.373705628286367e-05
0.9722918211513392,0.26091560914300893,0.08897540442370423,6.397211082094124e-05
0.9561376010808615,0.2756353257084616,0.09962663527280866,6.431097161591256e-05
0.938125661717848,0.27388276979998305,0.10036421999357298,6.521762127648304e-05
0.9181336616999403,0.2668363194007022,0.09762092972149344,6.671818845952836e-05
0.9727681623349937,0.26282870179995044,0.09452314554355637,6.698985918649473e-05
0.926008349860922,0.2726796317110225,0.09430147259478207,6.708638020015585e-05
0.9280442118968608,0.27578226118964144,0.09702964617456523,6.734068457848841e-05
0.9208545753955537,0.27400227458322646,0.10008935270849542,6.733046013159944e-05
0.9087945055549547,0.2689904568411101,0.09478532915153988,6.807141643189734e-05
0.9902386437619679,0.26062553054831605,0.0906042554518647,6.822839102500662e-05
1.0036678418901772,0.2700947277649308,0.09516163780251234,6.855785081002817e-05
0.9328697418707446,0.26853738917734504,0.09164371330100629,6.913797540140315e-05
0.9268436796000774,0.2739682122331897,0.09523541854115995,6.970426785563318e-05
0.9797713871765534,0.27388951853381993,0.09796406412441132,6.961548758886055e-05
0.9594847819146182,0.275547287960173,0.09935996587111552,7.012278285932415e-05
0.9334103335318495,0.26287969452695203,0.09497229116441411,7.01764007665832e-05
0.9638082917525779,0.2609361074936447,0.0929589449982082,7.05288576534127e-05
0.920218591236095,0.27350423616556996,0.10000250740481559,7.241375686410234e-05
0.9913966326366008,0.266528770822118,0.0954805077646828,7.229834164270332e-05
1.010032649238239,0.2659955773784859,0.09312716044859204,7.251846654737763e-05
0.9616286802634235,0.2750589200197642,0.09437306901855934,7.299351798010966e-05
0.9595846199871492,0.26158184912732274,0.08934145601446157,7.439713817414071e-05
0.9889324589913127,0.26358072376747477,0.08842524013802858,7.476361368622119e-05
0.9585273901283564,0.27379221244596263,0.09327483204105773,7.46952369145012e-05
0.9912625960450931,0.2733780225294087,0.09647212202982981,7.46358172650207e-05
0.9119575758444505,0.2732137019017078,0.09694153245993822,7.45493875237485e-05
0.9241496755871736,0.27500404835236414,0.09671239445246263,7.70227513642643e-05
0.9885436408078796,0.27420798592166107,0.09451483014320858,7.822793547050458e-05
0.9195812149696465,0.2648254870427813,0.09591370628488177,7.89313065188384e-05
0.9648494640832119,0.2602002489637545,0.09038548199675861,7.88306696115459e-05
0.9055902971544629,0.26947396892441167,0.09687512159026368,7.904814488515505e-05
0.9789834559863699,0.26919722281434044,0.09007308805686687,7.892998045922336e-05
0.987698702820829,0.260710348848199,0.08948123662728469,7.899850772830596e-05
0.9482245904469231,0.27534213126133,0.09987970626095728,8.010249582566004e-05
0.9370279850704115,0.26770029875769197,0.09113821509327577,8.105504072384391e-05
0.9449487153940197,0.26438380348518997,0.09636907765594971,8.117859560775851e-05
0.9388868631478626,0.26136392284901455,0.09230468267165617,8.142405399336222e-05
0.9202906571458698,0.2639064059327645,0.09319081878471334,8.19392000429205e-05
0.9937610873367628,0.2609867863845394,0.08986477288952796,8.201583053925386e-05
0.9178480066178185,0.2647297413015697,0.09319946171171317,8.209503553619486e-05
0.9818356383745162,0.27160662574134764,0.09767400511150418,8.433154533586162e-05
0.9322268270464065,0.2633630383005545,0.09125623681240304,8.502058093929214e-05
0.9466740892286047,0.27636322537949054,0.09659359590172353,8.567702037718314e-05
0.9974238908436703,0.2718815774246661,0.09240465970433626,8.580405320970545e-05
0.9522012403476818,0.27423860334454875,0.09394292121845046,8.590508593032435e-05
0.9665297814439064,0.2759450182149319,0.09825437915628146,8.581539918062451e-05
0.9879890351716085,0.2734655609868182,0.09342033115450975,8.570016689920825e-05
0.9531733065304362,0.27492011678293493,0.09967870815162128,8.62867483139469e-05
0.9224752943981773,0.2634956439665497,0.09317262465238522,8.650160345787383e-05
0.9178417226236295,0.269015491635189,0.09349142416792391,8.663905654147023e-05
0.941922660132235,0.26632354079682474,0.09048312635380219,8.711316337597218e-05
0.9364933567410869,0.27654355979603884,0.0990074090826547,8.856926668517503e-05
0.9623046341715416,0.2632188180052175,0.08905835671212226,8.903554562614831e-05
0.957047145847941,0.27317306389828366,0.0994956295590643,8.905372940458881e-05
0.996362525640393,0.2718000254766837,0.09593364543967906,8.910840546535369e-05
0.9923574816044756,0.2648281746863457,0.0886862680767622,8.895078405005629e-05
0.930403223055265,0.27487458632503947,0.10001682324614934,9.056314965916246e-05
0.9753038160745415,0.2755676478451794,0.09709165640102617,9.097625392650202e-05
0.9238637232177602,0.26614903911425136,0.09720048628926212,9.181604486949736e-05
0.9494959001519572,0.2677883163535715,0.0981874387405688,9.194317887510858e-05
0.9890802018339464,0.26753920671712805,0.09596066738143673,9.192435507329361e-05
0.94853059400738,0.2608368073500509,0.09175593657583297,9.27353714605446e-05
1.0126840651242848,0.2646832761226052,0.09136916600206937,9.295006612695788e-05
0.9593000415409048,0.27383860742370003,0.09344630198901265,9.281463751580514e-05
0.9596272789437403,0.26956495916442935,0.09073676528208877,9.27650541660442e-05
0.983269477589058,0.2748370726051139,0.09610234564487795,9.335095287108902e-05
0.9482116126367686,0.27639671119153686,0.09681169672743949,9.726100993178558e-05
0.97577403333581,0.26186422063461756,0.09325315938896692,9.714664188263372e-05
0.9295711368947259,0.2734092754995705,0.09478899130705512,9.737130192942653e-05
0.9497250427018127,0.2738780958474776,0.09978721134957938,9.736431800173834e-05
0.9800731252901524,0.2738390311369274,0.09354866778887719,9.778072088684726e-05
0.9504831285751969,0.26082489862129066,0.09196306783913706,9.849042168668514e-05
0.9435596597030518,0.2616953731594909,0.09348701982856408,0.00010059209834806273
0.9107875502147156,0.26711472770590916,0.09475030572602529,0.00010125904247136048
1.0134343657536888,0.2678094915345379,0.09228785769199363,0.0001027042033985551
1.0012974859429704,0.2648403732018372,0.08901366280631715,0.00010322814195934752
0.9948550444849822,0.27161279918872516,0.0960484774061052,0.0001035184216932494
1.0052722489836157,0.2642817984480086,0.08920688610722222,0.00010344241128010339
1.0120724204930323,0.2646918128820257,0.09016578962407723,0.00010363912621914336
0.93264736617928,0.26289092670108993,0.09449279215165646,0.00010350091083722976
0.9862368915510746,0.2738966507900993,0.09412572544755295,0.0001033849962792519
0.9167400173849067,0.2736770209816868,0.09691274742004627,0.00010335216759000121
0.9402186640629804,0.2702148933211199,0.09927113828014596,0.00010394536216599973
1.011224875099611,0.26738612835754516,0.09062502196373451,0.00010622232586706173
0.9259310215232404,0.2721144080843301,0.09428270706057765,0.0001064832345184261
0.9866887515686695,0.270143710617891,0.09077422735578089,0.00010649494184323882
1.0009916639400842,0.27117702036807634,0.0923538157278317,0.0001094192470312839
0.9985528174685303,0.26801297312201755,0.09508055076415112,0.00011110130204356478
0.9676546207294692,0.26051707865423634,0.09038366353253954,0.00011235018442546044
0.9824251984529848,0.2607252583328066,0.09077402552681395,0.00011242895309285014
0.9923768687942189,0.2727385848163948,0.0932543485212557,0.00011378084170714207
1.0046203359895216,0.2658165600631124,0.08945435983135593,0.00011365020475434192
0.9247760353596952,0.2740732060314197,0.09608410986588689,0.00011575365088860777
0.9158670328862915,0.2664484999991201,0.09364611466607714,0.00011651680235424905
0.9668094643202796,0.260640377591286,0.0902457166739601,0.00011837191129813219
0.9749790354675714,0.27400849406917027,0.09796916599375295,0.0001181535035389054
0.9835037874474466,0.2704793608855247,0.09100305234978695,0.00011913871462713794
0.9518400889952705,0.27579726007701755,0.09911443740460776,0.00011935353479972995
0.9942024267784344,0.26168910266832524,0.08950982742170499,0.00011932955695422415
0.9102627824191458,0.27034095160012495,0.09585354916397176,0.00011960242016731451
0.9691646087473149,0.2758042786269781,0.09689596703108809,0.00012036267244547175
0.9803535415397171,0.2742419131126128,0.09432162822596156,0.00012067246601183119
0.9214683445155671,0.265819449463498,0.09269474376939948,0.000120917782256073
0.9841211655484692,0.2661837048199929,0.08913321065359803,0.00012217778692743397
0.9342832096376608,0.27065194777112733,0.09935616065859493,0.00012342412338421662
0.9194262507621378,0.26516487392265553,0.09563315872873857,0.00012336690315444497
0.9976755136363895,0.2723487864101515,0.09462232290988973,0.0001267749871243201
0.9648290344993367,0.2647195817605317,0.09585002505899368,0.00012694342187112237
0.9505360738296904,0.2632511795841348,0.08991465573033812,0.0001273398112932371
0.9351937338662442,0.2760284527604544,0.09789391051676231,0.00012765109251368226
0.9196267310643318,0.26683656826863333,0.0930693688741707,0.0001290769349422215
0.9957799850233862,0.270954532175137,0.09575328674979271,0.000129612151207115
0.9526441738707536,0.2760465368743956,0.0987200895086971,0.00012948958934102682
0.9929652035126555,0.2614886598405535,0.08995055866991476,0.00012936778470887662
0.9711776897725297,0.26199401431448543,0.0933735457815511,0.00013214554864720153
0.9179520586131336,0.2740341699826363,0.098157864148454,0.00013286367530864415
1.0072322122480415,0.2690761169019973,0.09146649752360841,0.00013267964001870437
0.9542115391261792,0.27498219059840334,0.09921955409893696,0.00013256731196400828
0.9832766720054487,0.26317110714245917,0.08881040051963948,0.00013295563540254273
0.9822312357780945,0.26402601718212626,0.09442233134462705,0.00013302177445069266
1.0029355324027147,0.2632854861029923,0.09166042704354299,0.00013317442415946413
1.0108720805368545,0.26665574194038166,0.09060146478537309,0.0001337489299083156
0.9150632348479721,0.265834763826305,0.09507016154791423,0.00013375384318042846
0.9930826813152578,0.262651719855969,0.08902764698500094,0.00013367030242264128
0.9186597321860202,0.26493572989775016,0.09395085451893712,0.0001339359125971822
0.9254139564273647,0.2686598543393701,0.09840551296255899,0.00013560451185251873
0.9448345262847724,0.2699857257051339,0.09896037851087065,0.00013573424261606
0.9467851279300561,0.2742575246166965,0.09960871706780593,0.00013600609544931494
0.9449848382468797,0.2755443205858903,0.09610850397586018,0.00013631891650165624
0.9863760931880954,0.26109226132876584,0.09027763506980734,0.00013733742915403676
0.9767767693172917,0.261201199733466,0.08955907454490517,0.00013762548587424616
0.9817882316075757,0.27410189509583227,0.09678155036325846,0.00013935462127155683
1.0058597443205048,0.2640117449946435,0.09175840543534615,0.00013979176251463008
0.9175303866337678,0.27181747530461586,0.09545536581307791,0.00014144333580451006
0.9107110759309762,0.26817298587134686,0.09559379854436176,0.00014202653422200237
0.9585218505421729,0.2743585145063545,0.09428138728739674,0.00014291449989064278
1.004663959487127,0.26859989400364204,0.09413301173428194,0.0001427119603806912
0.9150690544826432,0.2692685161515822,0.09451335090227274,0.00014247401438126817
0.9687422372567731,0.26209752805181474,0.09351005587433366,0.00014245432104104165
0.9233907882973611,0.2647384618957631,0.09279057764845729,0.0001422105586009235
0.9233259361865791,0.2747057871098866,0.09779489963635192,0.00014347782096889577
0.9900616604002597,0.26473282219230154,0.08896040143137632,0.00014347346331927566
0.9634505935732367,0.2626266321491304,0.08939473163573985,0.00014352247087093842
0.9268760067300548,0.26808557545943557,0.09810758623842901,0.00014615582066427606
0.9556179127687656,0.2755535006772649,0.09873728388747503,0.0001464146597758696
0.9225206465442142,0.2743129271174183,0.09891394211377713,0.00014743942594254376
0.9673739730307709,0.2674899955836232,0.08990374196405672,0.00014840584278762934
0.9664775621881105,0.27354153084438737,0.09855700974363829,0.0001499550265144089
1.0079188760038935,0.2692702700395222,0.09302392931545275,0.00015236108247465135
0.9248219867854157,0.26459894672682394,0.09534228277786898,0.0001566217164480749
0.9223677099523719,0.26655479306015195,0.09283408321399947,0.00015716743493677943
0.993827150772761,0.27221006675589443,0.09322334556555295,0.00015704192677433017
0.9257498061166558,0.2734999682702619,0.09576079427443324,0.00015678053702604942
0.9991590988072687,0.2637517431396723,0.09249122379148098,0.0001574191957533641
0.9326798451435803,0.27152277072590403,0.09940640516861927,0.00015764305000319062
0.9525555792431017,0.27485106003205506,0.0950713530832573,0.00015809135847940587
0.9855196078161956,0.27388098716698006,0.09515485249653585,0.0001612964593527458
0.9866553381024907,0.2659928592329175,0.09513155356453347,0.00016232968599799974
0.9205309954371685,0.2649802981930425,0.09498551849414996,0.00016246162199444524
0.99258052588341,0.26873135535723436,0.09038654691987684,0.00016230665678476815
0.9111621830197709,0.2684881573446738,0.09618393383676467,0.0001626000185392004
0.9587057398065326,0.2625239079526389,0.09413763237176058,0.00016349787814804928
0.9184540666555687,0.26551581641400945,0.09399226816816347,0.0001648799553771223
0.9111381403149306,0.26866058889404365,0.09610570211251368,0.00016563658804585052
0.9282155129933489,0.26868890473838025,0.09266782831984129,0.00016548371129820178
0.9670169881012516,0.26676186527828216,0.09673658905443741,0.00016675184221790528
0.9882448988273982,0.27238451049926304,0.09635490031691102,0.0001670726681363303
0.9391862590220779,0.2726788427582756,0.09388844246278116,0.00016783845743705575
0.9478643934439379,0.2616163929913695,0.09139268539813092,0.00016955063935786697
0.9889674844995628,0.2694279825523267,0.09616350315741923,0.00017044793372730647
0.9384679519119086,0.26298876532372106,0.09437741471788295,0.0001717435596254405
0.9268283510983846,0.2749126950720686,0.09821313532272581,0.00017191686063391476
0.918570612328141,0.2733787885700165,0.09726360232520984,0.00017317990140338727
0.9304322015278714,0.2708513018936691,0.09346230233576107,0.00017367871369608173
0.9706797362343416,0.2728678846220942,0.09295790223658079,0.0001766781793402921
0.9286102970056831,0.26865218936189916,0.09266213400137163,0.00017660326361299038
0.9463755320468792,0.27575003621127503,0.0968447014905083,0.00017630854860043634
0.9895724297436672,0.2623713647680923,0.0893264135413022,0.0001763509392069717
0.9545286814500802,0.271170666666646,0.0921237537397929,0.00017657379124761958
1.0001234025585912,0.2711160826394674,0.09426306913865579,0.00017750506321654656
0.9273784325267744,0.2636725003820224,0.0937304619300453,0.00017849140706574312
0.9243666639955901,0.273236745818479,0.0991834078844405,0.0001818602888724175
0.974618748236658,0.27044614007409407,0.09124547495465232,0.00018151656764607573
1.0025386579320603,0.27061858107047154,0.09317302450159862,0.0001820904564075961
0.9923875761077277,0.27271691920495433,0.09458006796690789,0.0001837349741001199
1.0081245774009666,0.26496995127534095,0.09145131056282238,0.00018421051626871
1.0047961147572035,0.2679733552546548,0.09083092635934326,0.00018457056398702364
0.9553929660712264,0.27423410480049015,0.09447810213887052,0.00018497996242817477
0.9424223283929809,0.2739680240616109,0.09482062035858013,0.00018481103984154578
0.922545820490738,0.26472419048642104,0.09363400116108855,0.00018566841330124067
0.934410749834564,0.2627932375358266,0.09272829197530494,0.0001862719409070633
0.967620805494958,0.2726069510344096,0.09280581896480841,0.00018612727188256062
0.9278713299215244,0.26550393409308093,0.09222924265478305,0.00018589639627004568
0.9372700527962241,0.2649464838246287,0.09616211975865468,0.00018765338555714312
0.9297344987431941,0.2641207674568675,0.09228137669625466,0.0001891716160962805
0.9303770575227368,0.2640537471127491,0.09497261728078178,0.0001902506791266576
0.9950439940373279,0.26369818531151856,0.08927953617506976,0.0001905857785360632
0.9611808665154573,0.2727579063004193,0.0987083837140798,0.00019050433291539385
0.9208412143740574,0.2706649292510803,0.0945571499046957,0.0001905572878259906
0.9411379305720278,0.26528368425940174,0.0964389113569634,0.00019041060341007463
0.9590433025693272,0.2674712223447877,0.09031954053683089,0.00019226646636022877
0.9305276589143592,0.27062059557907037,0.09898162589781793,0.00019302166630150302
0.9191884008140558,0.2733132211247762,0.09741534625935758,0.00019421325003768085
0.9746470465215147,0.2611351814990348,0.09121307162733872,0.00019401679025944025
1.0056058704131683,0.2656777305585618,0.0901393553991026,0.0001944170412762578
0.9869438969511375,0.2731203956888102,0.09412728255814315,0.00019777461385478683
0.9614043428348911,0.27450325128519726,0.09846008791492618,0.00019745893105418378
1.0057207237443517,0.26476222141937367,0.09017418694789568,0.00019709432732237792
0.9986713110262713,0.26752206082382,0.09021049460669962,0.0001968387915212849
0.9451890582385403,0.27397088699874406,0.09473488937321063,0.00019859377708121467
0.9975182285758404,0.2653547247912702,0.0895037896462834,0.00019882296869476226
0.929930555962752,0.27365049543974984,0.0957132505114036,0.00020045444503698266
0.9800313571939974,0.26725874393376525,0.09607200773299829,0.0002013205451604989
0.9585570658665343,0.269150564753591,0.09800046850193322,0.00020222683104506754
0.9713358681771265,0.26146177469245657,0.09214234925128767,0.000202083672647345
0.9858424975182203,0.2694435807106048,0.09632868768062947,0.00020249660402537036
0.997494539710079,0.2709899665450537,0.09264223126916335,0.00020325315815679563
0.9929991358818313,0.2676732974774678,0.09510646958858729,0.00020311726206312844
0.930479026898487,0.2731140123945359,0.09931776982329152,0.00020271275146490576
0.9140961869042687,0.27108741382823576,0.0965008092587404,0.0002027033663383067
1.0034723282751816,0.26965163185725594,0.09218231146960182,0.00020233646857734482
0.9857059220476092,0.26385487838092847,0.08913931535966586,0.00020328350119535482
0.9962378025415664,0.2629027885542725,0.08972448299349656,0.0002041917752974597
0.9906439868605688,0.2651088605205192,0.09411693105435114,0.00020432623321673462
0.9456641399851762,0.2754639077153098,0.09858434152383354,0.0002046803345592843
0.9468785425252317,0.27190964866950273,0.09912176626341854,0.00020585479273460962
0.937601166534634,0.27361898540498464,0.0993722812485439,0.00020586728271186416
0.9750845254255669,0.2623437662542749,0.09307735749651568,0.00020779479918253774
1.0036678277104762,0.2642968665941099,0.09175458499062451,0.0002074879555962847
0.9214637680620399,0.2698882728528782,0.09832360720313828,0.0002073581641521258
0.9434735453261727,0.27519725016162044,0.09640418052299256,0.00020751749427815817
0.9899758312869924,0.26364121006923535,0.09313108273739594,0.00020793301931812578
0.9480160383362239,0.26177348259588595,0.09210151293236406,0.000208638770026925
0.98424653552933,0.26175289668047275,0.08991869805454329,0.00020969349900906644
1.0012476202143894,0.26382813016134277,0.09175939214692519,0.00020927767804506612
0.9219606082015286,0.2693659008460705,0.09390000904948705,0.0002092129916385352
0.9646986409588383,0.2715998104990611,0.09222262603041415,0.0002098961133435698
0.9959990626407915,0.26959253021014784,0.09130082764609038,0.0002098432538829249
0.9544255487152569,0.2617663026818453,0.09282100506819077,0.00020944637402873516
0.9607823403263875,0.2733717455025457,0.0986220677491242,0.00020995737124569254
0.9847695764264834,0.2734938497814292,0.09561139901542853,0.00021193317067655674
1.0039683695454205,0.2650966741319005,0.09232747763907363,0.00021331179702609366
0.9474821675448837,0.2618495464051209,0.09200987622025955,0.00021431574516644097
0.9752110309998212,0.273202052734032,0.09745847067839357,0.00021635085892293698
0.9271521102088602,0.27178108291514946,0.09903264449405189,0.00021591242756904383
0.9493273398990318,0.2617597419662778,0.09222782575786266,0.00021560450500962441
0.9334114397746145,0.2657878640169198,0.09654874870869334,0.00021653614587938767
0.9682533164936782,0.2627677596521121,0.089549436465491,0.00021631208927021072
1.0024083752050785,0.2657805578954253,0.09301264829557285,0.00021743261623094343
0.9872533902869414,0.2680470068051308,0.09571826072166811,0.00022022074617300617
0.9760477615518024,0.26630152358002834,0.09581396468333228,0.00022107300978808328
0.9925656624003807,0.26310417767307004,0.09225971607826015,0.0002224489630279377
0.9605302895936436,0.2653044630539887,0.09599596810824175,0.00022530283649806692
0.9678236682153205,0.2624609089157579,0.09346083572289124,0.0002269454968433408
0.9651620801605052,0.27114471415610675,0.09813593905347938,0.0002266990457512369
0.9727165003996081,0.27136922368828986,0.09203083471903294,0.00022834933888839776
0.9830895597018579,0.26168609977148183,0.09119896963354227,0.00023042042122049325
0.9347936267623407,0.26338704233605337,0.09408721286428322,0.00023104596066385032
0.9859758139635595,0.27047262430196395,0.0963699233476838,0.00023209560722438864
0.9252225019843721,0.2681778988113348,0.0931661141637259,0.00023327478993111006
0.945427678319442,0.2626578976882523,0.09378675408465363,0.0002347506009037562
0.987935221660841,0.26764148220473993,0.09546460898496392,0.00023526515249472428
0.9952418470426441,0.2687628812971241,0.09084687713418643,0.00023533543922334407
0.969459695883188,0.2744172130234035,0.09740824171193639,0.0002398010145830427
0.9204540567484294,0.2663896021197887,0.09385382748512698,0.00024009866133748386
0.9644735447635515,0.2639222582445555,0.08964128311520676,0.00024043811351450752
0.9160504431087588,0.2678935398854614,0.09498097627272946,0.0002404972461891928
0.9701529588266382,0.26770491422897535,0.09675765595468773,0.00024103975164960502
0.9272998684989702,0.2703637016711471,0.09860330514374803,0.00024107488803991602
0.9429726592416436,0.2625623297037256,0.0917125934868237,0.00024260974384576512
0.9497790114562825,0.2618694925575247,0.09185854508445626,0.0002421394897553834
0.9186211388387626,0.26955706323951967,0.09472099220615603,0.00024231573100518328
0.9490255903834406,0.27395952417644454,0.09896809479437203,0.00024205481244487083
0.9287932501360796,0.2686783946681832,0.09294973047831565,0.00024311035866905363
0.9297694540480475,0.27185529848486323,0.09899376300113259,0.000244996202706377
0.9749996846576874,0.27433881880632427,0.09580785070840522,0.0002497257180708673
0.9559985260171047,0.2674407425921812,0.0906142178080186,0.00025052107317166265
0.9268041162473164,0.2701652181050842,0.09382721425722368,0.00025028731410915456
0.9373027798702935,0.27323500826156577,0.09916741211480903,0.00025040404433595334
0.9917215809500313,0.26435126758911354,0.0894445724817303,0.00025042202176838726
0.9989848279285756,0.26481317986084396,0.09274468757322392,0.00025069451927806394
0.9497102072461079,0.2722284871644143,0.09892080103164513,0.0002505064860474454
0.9642748337324907,0.273187579151388,0.09823816263390267,0.0002504832963723861
0.9869854670551952,0.26196844090152016,0.09059787573581532,0.00025088998515054726
0.9589389882520472,0.2749050961268722,0.095761449059075,0.00025268526112846206
0.9293476042287079,0.26506806799758653,0.09248267847418695,0.00025326985898827746
0.9901208053935875,0.2653513105200971,0.08952026848164928,0.00025425005310737855
0.9465994592314981,0.2659406211764255,0.09079279748407433,0.00025650169556509566
0.9924997755665377,0.26301318153269104,0.08977710423143544,0.00025619820654640673
0.9614179067811239,0.2729179865738067,0.09345095568362827,0.00025568618464772737
1.004913587606973,0.26858593216353155,0.09224518965625779,0.0002577629341659341
0.982234610746648,0.2711374577006438,0.09669766721455554,0.0002599764550166327
0.939291930223968,0.27376268184985286,0.09526554612521752,0.00025959158956983294
0.9688705109927014,0.27443657782370146,0.09528216254388674,0.00025916714656018676
0.9804773779553262,0.26225193638773114,0.0922699407420276,0.0002613206423636945
0.93895699561158,0.2741886403843876,0.09894174049873923,0.0002615060199613629
0.9267096254073532,0.264536130676027,0.09371016987267264,0.0002612615120328103
0.920614115692798,0.2709444062809607,0.0952311301054401,0.0002613569875275887
0.9332758255067901,0.26372871888786564,0.09256067352573016,0.00026135434417563633
0.9400173163381051,0.26651380468641395,0.09139663416487762,0.0002609854313848882
0.9891432576531916,0.2648118871146996,0.08946794018514928,0.00026319524739773406
0.9378616341035961,0.2737844741345392,0.09902592113429601,0.00026306755922906753
0.9513833084347905,0.26406953445304593,0.09519228371818343,0.0002644092614862259
0.9517072039851051,0.2747333625819399,0.0984582171975366,0.0002642057488374097
0.9162561064789259,0.2678583689641356,0.09562488652559759,0.0002637162331494615
0.9591436525055457,0.26611238605496745,0.09640026540910697,0.0002633274497224556
0.9643246187088952,0.27202612843076324,0.09817220991680721,0.00026285405337922473
0.9773011261009223,0.2616121349305691,0.09065036806396579,0.00026235311968418064
0.9587609771306198,0.26162030207623355,0.0913879372103118,0.00026209883649712905
0.9601609507773308,0.2750814460355173,0.09741302314908364,0.0002619123488757679
0.9421156008414826,0.26300592018398006,0.091613651921635,0.0002634544383263441
0.9757432165218489,0.26858276136662407,0.09666429372777606,0.00026296286945487484
0.9449397789803804,0.27224875349659716,0.09362835434506198,0.00026246484913345367
0.9817738692695954,0.2619228133054874,0.09149171492593174,0.00026317528828742425
0.9880622797772229,0.26964776020195313,0.09123080294966344,0.00026533917528049516
0.9270763386349152,0.27169159949659516,0.09480899451992492,0.0002656472788951024
0.9832369178389975,0.2650349498450426,0.09444594557614874,0.0002683378342232897
0.9262155596103039,0.2654273665148983,0.0930943467102927,0.0002702620653248971
0.9491455035895004,0.2727669029045383,0.09889096056073846,0.0002702537320515847
1.0048727082295166,0.26537659450528306,0.09155616976810135,0.00027201624907196567
0.9743054355356886,0.2713502736550477,0.09736873697571062,0.0002730465701285676
0.985586852824559,0.2628789356354342,0.09247113778756527,0.0002749933829887891
0.9743774969168015,0.2742086626647764,0.09595565380949715,0.00027547730263597286
0.9940120401170507,0.2701715134274709,0.09510708062427711,0.0002756189467461779
0.927376398835408,0.2711005341137467,0.09441844049641114,0.00027505327074369746
0.9383398072999256,0.2749431654791574,0.0978064070860908,0.00027635567844215445
0.9774455775103856,0.26400983532048183,0.09411880040805198,0.00027790283341416235
0.9353946584314237,0.2716065434911932,0.0939375019822936,0.0002810286809479548
0.9406032460492231,0.2685168498302777,0.09791601228427106,0.00028358775091142854
0.9220637383618033,0.2686974719684849,0.09743175221915225,0.00028507980029560955
0.9358975683092154,0.2721296435498961,0.09428130185529905,0.00028956973919385504
0.964496874909532,0.26340697358667975,0.0898583055178319,0.0002892881711290866
0.9499139955358871,0.273359775524356,0.09878461706235,0.0002919732757889138
0.9894134441419684,0.2720790094979444,0.09518592804371069,0.00029253179647089104
1.0027712156693926,0.26669001071480647,0.09290339884129116,0.00029285839985057226
0.969298047168877,0.27180450553966273,0.09258945756366455,0.0002924041949036435
0.9534547827921571,0.27347176065405066,0.0986336861920871,0.0002921686030761777
0.9741075068984824,0.27397448056119633,0.09518896575037677,0.0002943934709402829
0.9862713849852511,0.2623309966749843,0.09140741049725612,0.0002950388002688869
0.9239901929237995,0.2731653096555917,0.09763753392483362,0.00029782285979850035
0.9324536765702458,0.2640457034760917,0.09284245623793497,0.0003033928160711709
0.9165018606543303,0.26903025504154177,0.09622062285855733,0.00030284541278082053
0.9282717446010995,0.2687323997233759,0.09325853498600538,0.00030276924775428425
0.9860916177496613,0.26223108000074813,0.09096934731916664,0.0003022080348727823
0.9975104967660009,0.26365107591322,0.0913761727352941,0.0003032906994415597
1.0008908610445726,0.2690598218828302,0.09362119624276682,0.0003034242294786691
0.9660594200700281,0.27312370151723697,0.09378142932875765,0.0003038313934853636
0.936076741197569,0.2746196618232837,0.09786504303106847,0.0003039190412788502
0.9210222539284967,0.2680045020713382,0.0941824342717125,0.0003041194519441676
0.9288133921416399,0.2664248505811089,0.09271521809059899,0.0003041791914903148
0.9556860658426931,0.265883772470104,0.09626014641706966,0.000304174339346062
0.9212844015024615,0.2682762595253556,0.09418974474524762,0.0003047991499658257
0.9379623908825891,0.27129285138502035,0.093604567973211,0.00030516543214183684
0.9473107763424835,0.2633208122735473,0.09427841603482186,0.00030597757740178597
0.9550478229365407,0.27031453865230404,0.09817891672578755,0.0003060379381134775
0.9391149381853836,0.27334450872342186,0.09511167173792169,0.00030692478246786126
0.971015149487366,0.2692725535164162,0.09707655932455517,0.0003081891637257026
0.922711995204665,0.2686899712622415,0.09735248278001314,0.00031085250618663246
0.9841597837380416,0.2662814722599318,0.09494448918650987,0.00031225639484280636
0.9963876387219894,0.26789620089847466,0.09430269686312757,0.00031192261789776465
0.9917512648118176,0.2658591181133867,0.09400657036723088,0.00031474494956525937
0.9850581755810577,0.27077634186065636,0.09209188569088558,0.00031413056688429355
0.9183381286894381,0.2711166204385964,0.09703653140728767,0.0003136631156943635
0.9845701883746703,0.2684756893285294,0.09578863343732166,0.0003135911891238734
0.9360142507846643,0.26418717600624775,0.09211168425177879,0.00031307183791391
0.9644979414629873,0.27465248568123424,0.09683370068261689,0.000312704227200153
0.9277360397083658,0.2667356680668529,0.09294038569777693,0.0003139490912658796
0.9666262586379339,0.2717201539079144,0.092632737213638,0.00031470728018363205
0.9303810144991811,0.27362945863516797,0.09656062729651603,0.00031467024698442816
0.976861917080754,0.267341001836366,0.09019606744119615,0.0003141125556037056
0.9946703128243914,0.2634645163432954,0.09023908189248801,0.00031395354122980713
0.9212006834324562,0.27220406992298374,0.09697391645507726,0.00031358603837078135
0.9647686187631823,0.2650075235698568,0.08992742609286077,0.00031363427267235434
0.9666433572765101,0.2667063575729214,0.09626331702353239,0.0003130219209723513
0.9441482848086391,0.27271271222658267,0.09422403051745457,0.0003131321085402703
0.9368264659666217,0.27367649729347354,0.09574248049360974,0.00031448210570181865
0.9822807159716138,0.27109813390782933,0.09227797383314881,0.0003159544620476445
0.9549607410645109,0.2637700234324991,0.0904056003781115,0.0003153872343415689
0.9542285504300736,0.2738419926664575,0.09481182624189667,0.0003153615811585914
0.9562754748518962,0.2643059119396627,0.09511545069645794,0.00031474589363939166
0.963450270335164,0.27308736086697305,0.09800057676079203,0.0003155623483942934
0.9917524089937082,0.2629701714872814,0.09041439452914761,0.000317470884624285
0.9309841618460268,0.26644721242470704,0.09251616423496391,0.00031847558596805444
0.9464599284365747,0.2672435857955471,0.0912840409602824,0.00031789826492050556
0.9671595931219024,0.2735070618701485,0.09430633923461164,0.0003184132564227067
0.9987225884299704,0.26590150394115786,0.09307398217853766,0.00031792230510074105
0.9861250014411311,0.26466937556758463,0.08963919301930677,0.0003197072582910316
0.9510745187146288,0.2744827941558181,0.09580965473115337,0.0003215662284236725
1.0019939979602608,0.2682948690700224,0.09184962340295208,0.0003224842505342884
0.9832208226615169,0.27002123756310237,0.09622709852162485,0.0003226446656027328
0.9271323361037549,0.2672343509940609,0.09676855236434583,0.00032208524902159106
0.9508437161813195,0.26913509026491655,0.09787205118338448,0.0003247953247922647
0.9632261112600169,0.27403741888696853,0.09764686288172085,0.00032908879438536164
0.9229859131529032,0.2702335044141353,0.09783979112656441,0.00033022045699005435
0.9984866337414413,0.26996461318977216,0.09322595210041386,0.0003335856451629042
0.9403791213405217,0.2638765218541761,0.09450704166485534,0.00033598479394286664
0.9312685657800106,0.2736286337406917,0.09662817666027512,0.00033821957195108806
0.9277093686060116,0.2733938691999205,0.097725745700232,0.00033765567644855734
0.9443125347926955,0.27136937184727206,0.09860873261748078,0.0003374600994851754
0.9612293713545252,0.27462335122544723,0.0962523246294101,0.00033880770590068404
0.9444951551415954,0.2686466716992999,0.09777255215023246,0.00033878679336256997
0.9317022141339191,0.26428140067778405,0.09380005245366056,0.00033910499721125586
0.9677600289827577,0.26187360530445924,0.09151854899037687,0.00034058635659444785
0.9869125644266283,0.2640485521606184,0.08973204385728277,0.0003409505767029619
0.9266927111703378,0.2659728880752994,0.09333651865531306,0.00034084409084201786
0.9550801677840646,0.2624372192107822,0.09295853780213936,0.0003416494848801187
0.9204327260170935,0.2706983491494013,0.09747136346517456,0.00034243318454700393
0.9466067120156456,0.27448852584442274,0.09815123846100435,0.0003417348383081774
0.9703184718223792,0.26645938924860935,0.09011400655560667,0.00034475810345524613
0.9358816590192873,0.2715173094941201,0.0940799858895445,0.00034456220881255034
0.9798588176227963,0.2712008596411146,0.09658656445082299,0.0003470356221763724
0.9910377853673769,0.26471446568575585,0.09320320674796552,0.000353218101578562
0.9826114231643057,0.26521267911930013,0.08975259679117414,0.00035278437372122305
0.9940980559491841,0.27064296463306836,0.09441163049413029,0.00035300020498903325
0.9477884631040805,0.2626138681647898,0.09257930745038394,0.000353685665590264
0.9843089547959103,0.2696379976074075,0.09596541086161846,0.00035304015018216547
0.9857828032322082,0.26334503623991457,0.09253037926232412,0.0003588706219858059
0.9577704508250271,0.2638211198050784,0.09454320423807212,0.0003617158388737668
0.935670132535785,0.2642157868387178,0.09441641097044706,0.0003618848337393743
0.9565022257105493,0.27444257288456053,0.09761308433287955,0.0003704827883516304
0.949873995912343,0.27275231359807384,0.09851769430990737,0.00037093940953982613
0.9636802317857747,0.2740923609530874,0.09535005666908515,0.0003704747328488952
0.9725969310220055,0.2707425850176788,0.09712887387405503,0.00037258896533929275
0.9786582152298386,0.2638631551657853,0.08976692494082605,0.00037278949115541945
0.954121213407845,0.2688454956228554,0.09153616398780899,0.00037294628999928254
0.9605940163267146,0.26838973666062715,0.09108672622176978,0.00037460311930391266
0.9654411223451369,0.2638274657876736,0.09428617254374005,0.0003762905673156517
0.9876653699647164,0.2657220176186166,0.08995243197501088,0.0003771828775076822
0.9646054357003617,0.26202894536324917,0.09141781460154164,0.0003768294886449414
0.9846436329571091,0.269828580185723,0.09161679197794471,0.0003770159247666234
0.9444623576168958,0.26939556386594266,0.0979706235985999,0.0003776117771957766
0.9928744849313063,0.264099001847939,0.09232095022563151,0.00037858203693787846
0.9966686810720056,0.264028395026926,0.09114876436959675,0.00037839976905662873
0.9506575966598447,0.2663229702853749,0.09642488852456234,0.0003838555599180774
0.9988826760000045,0.2664531068774709,0.0907792990221164,0.00038970675438776707
0.982771478943107,0.2646248894571166,0.08979448653428121,0.00038911240668755597
0.9261592674062324,0.2722947163063405,0.09791679217042876,0.00038858811825807503
0.9863433790044311,0.26477339472295647,0.08985314500863943,0.0003910814828089408
0.9513325411566136,0.2634281681277353,0.09101351999966023,0.0003935261170928726
0.9430852135212966,0.27323974032902676,0.09506693429687095,0.00039631114496124445
0.945253832737615,0.26605015389512676,0.09628187867631999,0.00039562967487738964
0.9745799384557472,0.2684831300754149,0.09637540475388646,0.00039515356074152524
0.9957482246530578,0.2640159789447387,0.09079783738526397,0.0003948870521335785
0.9479437157271331,0.2698342076768119,0.0980191404544944,0.0003959264755540941
0.9956484896576008,0.26582131130844555,0.09318366443348744,0.0003961370165508811
0.9300694147780924,0.2661523681260132,0.09294142625137211,0.0003956789234992022
0.9408892125337989,0.27296152565782683,0.09854281596283507,0.0003971544425775125
0.9644242800764431,0.266167909621456,0.09588689353932471,0.0003978882780527348
0.9460998884064384,0.26534103810678267,0.09118819934137298,0.0003980790440855687
0.9240397317637026,0.2716834428829511,0.09612639876082708,0.000397963179160311
0.9956322210111814,0.26507406354687,0.09033853861158678,0.00039757812259283854
0.9883549658793989,0.262981967543769,0.09108597275471958,0.00039847017229383626
0.9796742535476426,0.26507740748928676,0.08985680625296778,0.000399586779182655
0.9380023028525031,0.26743313019620296,0.09704435461473031,0.00039902032753890885
0.9614283769130019,0.2728058202578414,0.09787748112063556,0.0003987801300892614
0.9772091900616395,0.2637101822960368,0.09347769033847086,0.0003985080784940875
0.9834060374260876,0.27004900338782045,0.09598452990506634,0.00039784049241501436
0.9338594065483967,0.269083667061619,0.09312299012954284,0.0003995464209044776
0.9582390583652156,0.2730334172337401,0.09417664194691995,0.00039877287686414513
0.9317855040282073,0.26717386430440704,0.09671070692793882,0.0003981488363527022
0.9885102440966627,0.2632061945745281,0.09045621902559525,0.000398785572021479
0.959896557648193,0.26863156867222315,0.09127594035716718,0.0003982390138567335
0.9965279117654724,0.26991163395396733,0.09334887179273112,0.0003977998573994266
0.9934930275841527,0.2694699669547169,0.09458203444584465,0.00039716611024411745
0.9263628681799236,0.27215747470476126,0.0961408484899411,0.0003989331365104119
0.953143198326547,0.2634994520760803,0.09090155320283863,0.00040035340986647767
0.9272413392155165,0.27086669300291955,0.09485878071093143,0.0003995727199247402
0.9497519842382758,0.27378516698160693,0.0981774520404007,0.00039905929498554825
0.994926214555564,0.26415417475285974,0.09059078796660934,0.0004000273277432356
0.9250009824768277,0.2661816805940638,0.09448618542439076,0.00039954519219226797
0.9278845588322859,0.26850729225979997,0.09364129355632687,0.0003998255557103397
0.9490024426598591,0.2632339214350121,0.0936788291637971,0.00040470072266046134
0.9669811885085267,0.26293429150247105,0.09319647854225435,0.00040449371086266796
0.9305896430591538,0.2655412413286409,0.0952306194402627,0.000405633856385108
0.9515883631888364,0.262856661892501,0.09152024455691343,0.00040734375048002736
0.9296803481354097,0.2686575677014429,0.09737578375130888,0.0004077341487531253
0.9337415658251054,0.2674251373359253,0.09689501607808573,0.00040859182245689066
0.9429887928988734,0.26565688713653257,0.09151416489148086,0.0004095960924568145
0.940533780719921,0.2694733036962049,0.09274341419055722,0.0004092201998527012
0.9321436377143044,0.2677475839278656,0.09701293988075506,0.00040941602767851585
0.977372330261753,0.26971166292810933,0.09154139342957407,0.0004088520248994963
0.9500876900367121,0.2733975313722077,0.09824783025015696,0.00040825959725520727
0.989194523551232,0.2633567566580892,0.09051894412454324,0.00040871464479812436
0.9797547417818038,0.2706898102422255,0.09222470768724442,0.00040828584095357055
0.93993298850644,0.2734499446490344,0.09570313687802345,0.00040770456022334894
0.9984482873972294,0.26695795860198546,0.09313512663143052,0.00040865664791606317
0.9690380741692142,0.26221647459469266,0.09133245873127435,0.0004138513516517378
0.9606903440575625,0.26776926301585013,0.09095999244193635,0.0004132404759714157
0.9745977162800834,0.27185627116093314,0.09310291120270932,0.000414560224832042
0.9644086592530083,0.2741040692630037,0.09611992828838024,0.0004154784422730307
0.9478233163673586,0.2743404807011074,0.09755772433648713,0.00041462657766644335
0.9553908424172484,0.2687125231071559,0.09154401660437979,0.00041573256170909166
0.9553651335207825,0.26928796300790436,0.09180165018678127,0.0004163502907868766
0.9470719586707474,0.2647759214928751,0.0912098138109919,0.0004168317006635553
0.9436322356563789,0.264917370386196,0.09150464697282733,0.00041715279197067817
0.9279758229735968,0.2723596191340665,0.09781531859562789,0.0004167475713437753
0.9816007354541085,0.26999080089079097,0.09607136554188501,0.0004193878101331086
0.9515722021346775,0.2684972393867926,0.09165487931042696,0.0004200370871840972
0.9309111720479333,0.2668220519799622,0.09297100276809875,0.00041966019306600375
0.9614005237808954,0.27324121743514884,0.09765835466762895,0.0004216892980329464
0.9521664022167613,0.2742275305397466,0.09612584614139712,0.00042163522635732493
0.9786879042774643,0.2675307198679455,0.09561695277526963,0.0004244719704339905
0.9799701183376097,0.2674625573204359,0.09548779021400583,0.0004248343926390462
0.9463189620442112,0.27049220576183064,0.09292740894117589,0.0004322434547425506
0.986823949973985,0.264172474483638,0.09008763543820408,0.0004316954982821083
0.9513018433592002,0.26424498127944385,0.09473974298523534,0.0004350052821713063
0.9906834849313544,0.2659688606930801,0.09030922333649193,0.00043651148465979574
0.9648158737773773,0.2725879553860129,0.0937945881238806,0.0004361407000899502
0.9372430870140267,0.26902457388726386,0.09765887763346284,0.00043530036586184235
0.9535736174464873,0.2654035284527059,0.09081115464328333,0.00043518437892826466
0.96385662724885,0.264382639360762,0.09459885400263504,0.0004359688734528716
0.9655747045380068,0.26248474155273893,0.09099005097246687,0.0004358337601635085
0.9690650700078702,0.2668884587387743,0.0959244040344156,0.0004357893906907669
0.9762245856212388,0.2718999501521302,0.09327467477161216,0.00043617543663340745
0.9495016658428064,0.27431943526987257,0.09720241969937106,0.0004355691631702214
0.9315066270550432,0.2731793982674948,0.09711578557472227,0.00043467868114212233
0.9355578206172215,0.2714680539668888,0.09827691482667236,0.00043398616388109313
0.923462888581259,0.26745790749853904,0.09567572881554873,0.0004371431110393421
0.9243690865529715,0.27127921373240405,0.09608340849004436,0.00043662395682344347
0.9672461777847534,0.27354097588918624,0.09507970865982135,0.0004366417678300626
0.9821639630597012,0.2683229987134643,0.09557596336620859,0.00043830807788858885
0.95739984065459,0.2707226771909095,0.09255396414818796,0.0004382309500181835
0.923082167261537,0.26977507359625785,0.0969962727270028,0.0004385077661270009
0.9309965194196756,0.27207684216745,0.09550280060892731,0.0004418417103523846
0.9647376057968202,0.2628778809090848,0.09068295665589671,0.0004415125302913954
0.9856959460384331,0.268621588393283,0.09530780550034713,0.0004408377415883387
0.9354896861892321,0.2728472114868652,0.09569861200792106,0.00044338054599108963
0.9963025362811528,0.2671742980621643,0.09110250945634744,0.0004444394642856802
0.932629908857681,0.26626812274658374,0.09282458716491435,0.00044613986441429483
0.9791210136748489,0.27064308549479277,0.09230900220853312,0.00044830522313605875
0.9482972040423157,0.2699560601635469,0.0925685871375079,0.0004475978204103964
0.9975088666547247,0.2689435243448344,0.09289454218367635,0.0004473655602468356
0.9575545973315354,0.26257445742068186,0.09222447003353747,0.00044731906421258263
0.9395754894813031,0.2737248546904918,0.09776435498195354,0.0004465799010435087
0.9232135047681123,0.2686650823975254,0.09487122162968321,0.0004458186685370155
0.9771833898719606,0.2715963006005555,0.09306911837643657,0.0004460676336921057
0.961205088002302,0.26455842516170724,0.09043612959780488,0.0004467530169092305
0.9760367739783913,0.2643783874692214,0.09003837355471493,0.00044994320496063815
0.9985426173915588,0.26732462295145676,0.09158208446200893,0.0004514028568647056
0.9640843131474046,0.2739282860919612,0.09627046872967565,0.00045054627798101176
0.9270686215283881,0.27219802057967235,0.0969482249551954,0.00045351915631000475
0.9784110989337105,0.2721809716115715,0.09382399155666259,0.0004568989244030835
0.9849877586200275,0.26309106932899873,0.09131403713208126,0.0004571492514769526
0.9514351458217494,0.2711480661169574,0.09804533567102616,0.00045730538660601123
0.9479319094319436,0.27352265752603344,0.09799284404379115,0.0004575095340127464
0.9906621917721186,0.26406672327607095,0.09206014377442846,0.00045804867438709626
0.9445400325472306,0.267198682314729,0.09675200821412874,0.0004578842123981314
0.9389245885091526,0.26996267957721876,0.09791652839045978,0.0004580419563151841
0.9826265337321658,0.2642983589692509,0.09009248957288257,0.00045795871936053605
0.9836271920554509,0.2641849442853108,0.0901267599727631,0.0004570450966224906
0.9938555780325746,0.26664535446619775,0.09077271795691597,0.0004567475486515729
0.9391708416667495,0.27377962621010266,0.09723823895796946,0.000458014044801507
0.9796261327386802,0.26440176143621397,0.09006238637015715,0.0004581525879204522
0.9535417682722631,0.2737104449781067,0.09545587778233473,0.0004579961332938566
0.9438070798192033,0.27149309582370695,0.09383506406136191,0.0004609197679801478
0.981078547273702,0.26923671124563375,0.09584389441371763,0.0004614548235425044
0.9350719137483736,0.2648760333904716,0.09296627655846333,0.000468524788659263
0.9356231275850764,0.27342197697193704,0.09717714215794894,0.00046952414080550324
0.9640805332624538,0.26277559955357255,0.09266825044136541,0.0004692258401806042
0.9917790409769598,0.2685957403055499,0.09443242149031016,0.0004683204571351493
0.9889228440490303,0.26772631225734633,0.0945860439853635,0.0004696000421517835
0.989097884487661,0.2664544513127216,0.09402960599599391,0.0004721499629345603
0.9306225917608977,0.2704405696838086,0.09776623865090008,0.00047258318452988323
0.9816730852698807,0.2638841662027087,0.0902027800752349,0.00047162962627481585
0.9276679176243885,0.2690342650575608,0.09711234527419159,0.00047146532925397783
0.9674381322754577,0.2734522253683289,0.09524958057818424,0.0004718120589733968
0.9564081726249434,0.26749186374299305,0.09120063084183966,0.00047664397052542837
0.9435296488527705,0.273814399866233,0.09755227753973794,0.00047670489376743966
0.9668069404911819,0.27341271280510937,0.09669345558422687,0.00047610797493396963
0.9366100820117396,0.27178599217565047,0.09814984403590138,0.00047528212882997847
0.9381131499170081,0.27337545131171836,0.09634890347134743,0.0004746550408549322
0.9303399619800707,0.2665340991085299,0.09334602606218384,0.00047431980853587634
0.9860167121902172,0.26582741848594305,0.0939901648149592,0.0004794434426159874
0.9849297561692172,0.2715240454913832,0.09382536369574213,0.0004784694125986399
0.9951538474465096,0.26869101114926774,0.09207681098670525,0.0004785252922556196
0.9445968748251641,0.2637001467195783,0.09225152259778917,0.0004795468788027413
0.9958680564934195,0.26581081880663415,0.09258096487563768,0.00047857632673970434
0.9885586516874572,0.26461852515970197,0.09283188108376894,0.0004808385801667707
0.9543775003715709,0.2694529542644468,0.09209658591486235,0.00048261488000246865
0.9298216845078997,0.26579068726398325,0.09391861301844782,0.000482338539871761
0.9909584314012925,0.2667846783291672,0.09390714699079679,0.00048440796656232146
0.9948810066692779,0.2683632825601603,0.09182031124691455,0.00048487680438426056
0.9380531533885854,0.2734443115382439,0.09747123323132878,0.0004870750244585403
0.943962362027964,0.26850846128434913,0.0973055582007211,0.0004869845361736109
0.979893416632601,0.2633839983614359,0.09045456225571058,0.0004876502401846301
0.9328825036458444,0.2725343073084081,0.09605183512273385,0.0004890367569586864
0.9371318304524063,0.26939733097734697,0.09325379410831133,0.0004890437732008782
0.9358326898166442,0.26667209744994325,0.09617676109327603,0.0004926849220652684
0.969652773291358,0.2682363786644706,0.09108718368715843,0.0004925752859571914
0.9729482176024842,0.2664900693276486,0.09534485797506018,0.000492418472082295
0.9718133039973615,0.26324261323282094,0.09052295474506966,0.000492799211211153
0.9743893552461582,0.2633604649057315,0.09044599582492324,0.0004958372011344156
0.948048634474592,0.2637819257986427,0.09386457814364454,0.0004974527644506053
0.9557535556442254,0.2730349221497228,0.09769927782707172,0.0004998806008952638
0.9647912783923651,0.26663835435068073,0.0906919421437715,0.0005004878687246809
0.925979488792052,0.267432106965257,0.09569079113727028,0.0005007795419862838
0.9279202756549996,0.2672745760582902,0.09593856591556599,0.0005010521387163135
0.994445928675356,0.2680148267625062,0.09370177484763037,0.0005010246499087402
0.9357089574210651,0.2720093772394703,0.09512155537394504,0.0005002518703212372
0.9371263626396615,0.27031378576775444,0.09785217381176789,0.0005002289929506505
0.9271932207941767,0.2688919053222425,0.09684140151707749,0.0005030584448373153
0.9548447155060789,0.2738920511912042,0.09697937246026019,0.000503154827781503
0.9730951383005291,0.26372507466187645,0.09035874290625347,0.0005045544702735122
0.9631498038059778,0.2627616292487991,0.09141643939586439,0.0005062963106253918
0.9394693580553817,0.2715687907657056,0.094385678162714,0.0005053486278597166
0.9268980289619808,0.26786646441781126,0.09618953506828469,0.0005076485731530674
0.9491856094126216,0.26420097387084174,0.09436917080965601,0.0005081687017542046
0.9546352142117343,0.26320995278598724,0.09155726721718696,0.000507505151050428
0.9466850062229,0.26757271302635544,0.09679703701360942,0.0005086538940506381
0.9763739560713134,0.2632956061057823,0.09254490595855284,0.0005095752774442317
0.926077711365453,0.27026818480593495,0.09706349734949322,0.0005087023823570301
0.9568431660127974,0.2629415649746023,0.09254132411347885,0.0005104537818622435
0.9885732700114946,0.2689924401306152,0.09477903852286196,0.0005099041200534558
0.9788564057421905,0.2723441937587805,0.0948758385696217,0.0005113768023388417
0.9676823953397129,0.2646597014137113,0.09441098377807869,0.0005112045463100142
0.9910719384624134,0.26855306396760215,0.09167291253572313,0.0005112825543836395
0.9740764271763336,0.2628188209161755,0.09121260370060379,0.0005105778900829555
0.9284118500717593,0.26720135783131926,0.09391759183417503,0.0005105405182424967
0.9772006833076894,0.2654419286821108,0.0902779057170728,0.0005154339986639659
0.9738067464712312,0.2726533658281709,0.09604726710656042,0.0005147699851159072
0.9362946946042214,0.27206580229365107,0.09793554677262674,0.0005154311288378185
0.9744682683348191,0.2686855172369147,0.09609435146219523,0.0005148199658379196
0.9292109023307713,0.2701219714791907,0.09737512888099402,0.0005152501067229623
0.9344982570592979,0.2713508411439549,0.09480865130657361,0.0005222306638529951
0.9299550801843726,0.26601085559528315,0.09439741989230796,0.0005218793901711639
0.9475349281410246,0.2689868696139144,0.09736876298221317,0.0005214860207623505
0.9725901571162368,0.2699161951829241,0.09198973649970976,0.0005230949236514657
0.961214319424661,0.2656645561701678,0.09535262474298024,0.000522392522741348
0.968384403578904,0.2639873466066751,0.09376431010138586,0.0005216997337471628
0.9658034021788087,0.2723238613259775,0.09710738471069705,0.0005221169383959182
0.9530062808263313,0.27377690821067335,0.09701024451684091,0.0005251680479878798
0.983327416833264,0.2693162202088395,0.09177873671217494,0.0005247293320864128
0.9307212127341806,0.2721829897481407,0.09713633082285114,0.000529124288303867
0.959253302514286,0.2728727689894981,0.09457690482436697,0.0005299773693302349
0.9390265431936413,0.27121515558767895,0.09794085748901454,0.0005321148185662281
0.9426521038453117,0.27057648671554513,0.09785332192778307,0.0005341679875435736
0.9403947733126543,0.26426629006350355,0.09342543714797098,0.0005347447202049278
0.9836846962923786,0.26800752358612345,0.09503770018787572,0.0005360317878703618
0.9735432784460372,0.26301577684138366,0.092114594983842,0.000535056447920994
0.9568175418705493,0.26557659956801616,0.09093008002838729,0.0005344546015833512
0.9301965920535338,0.2720189215583577,0.09707395541696075,0.0005348678894285801
0.9733507060835702,0.2673288286625126,0.09561411652444028,0.0005344731034250642
0.9261185198660655,0.2683822975360708,0.09616499064813933,0.0005341530689360459
0.9620216283102394,0.2735011340634468,0.09657947944993475,0.0005347048287044745
0.9834202570225177,0.26354075224282036,0.09093995956992225,0.000537990614446961
0.9544712979822396,0.2634436212367679,0.09332132929820615,0.0005372702168021931
0.9887185009050192,0.27013252413561606,0.09452361904951544,0.0005377041874914365
0.9571879792048055,0.2691166236884699,0.09195235670803933,0.0005370475335020387
0.9767564388761496,0.2699872500044529,0.09210655691636858,0.0005380854795076378
0.9578711216006699,0.2630639852199388,0.09260268162621732,0.0005384752848616984
0.9340153897912717,0.26922800615412745,0.0936858861296177,0.0005412278140040599
0.9805249987561364,0.2719378507856869,0.0945960548173891,0.0005410309405466941
0.9527152421916103,0.27079468986812083,0.09308666728209829,0.0005412492458915593
0.9534251244909715,0.2649023044058696,0.09114664686126109,0.0005401772431350579
0.9509152313409199,0.26441345357710144,0.09446845914035594,0.0005391937179169259
0.9526829509991757,0.2720318933100574,0.09401220274681621,0.000541601855862768
0.9884651134745361,0.2670900587244791,0.09094201388776156,0.0005417168258542244
0.9494733876654848,0.27280963536138936,0.09776636665026989,0.0005410239480097978
0.9365847368198033,0.27280814039526047,0.09630461726754087,0.0005403786376434179
0.9785391929593636,0.2707889579896945,0.09597677769546639,0.0005405407574109123
0.9559819646385659,0.2630998090806085,0.09215641000321045,0.000543519548187917
0.9423916756336972,0.27336066211603005,0.09725831313443184,0.0005439354223078091
0.9276777500227205,0.2671116599081711,0.09519160270426223,0.0005449024337815746
0.941934115105056,0.2724744086784465,0.09785711128488575,0.0005457734018457759
0.9937871285653621,0.2664376250514007,0.09120187015294087,0.0005453632811508487
0.9410988789302461,0.2700022925462724,0.09339148588578301,0.0005451010928861424
0.9782322084181967,0.26682331120780867,0.09498310037841623,0.0005477894610993625
0.9948810904527488,0.26760110900955336,0.09182626269235969,0.0005470373042451925
0.9607082472902722,0.2709961390835225,0.09736347528723152,0.0005485963112672152
0.9532150315428698,0.26373847636045955,0.09154091669795784,0.0005486312415823637
0.9735995195116605,0.2649387742894094,0.0903886120768657,0.0005483906032144174
0.9855273891363439,0.26376598824620867,0.0915625721681101,0.0005478924107927689
0.9423335788540843,0.26788213304756225,0.0968228133111765,0.0005490877535104596
0.9841001951889083,0.2711749781446431,0.09483824364812728,0.0005486882749379825
0.9798262697970443,0.2657540944529999,0.09044185724980097,0.0005476291687281716
0.9425101632406303,0.26907834157978416,0.092846126908312,0.0005483498989516084
0.9658397648257822,0.2717707332751751,0.0934949141056224,0.0005478512489274779
0.9648642737542872,0.27301744616746126,0.09497516253346173,0.0005481360383621254
0.9658346899598378,0.26294113814175013,0.09158029687655006,0.0005509707770859262
0.944689110913215,0.2643201367184065,0.09222928347277208,0.0005510477008955881
0.9838665652628844,0.2667545896673107,0.09442225407898734,0.0005572781332740353
0.9790263973523956,0.27149370000965467,0.09565771536779549,0.0005592430683964175
0.9396849934759768,0.2725478505891292,0.09768727737391172,0.0005590357763994007
0.9800713778645562,0.2640832797292374,0.09054228055886118,0.0005582840616304238
0.9664257020073155,0.2681882370830486,0.09131495154306452,0.0005597531568416953
0.9584766003793206,0.2652676945255308,0.09091582805815768,0.000558743154803882
0.9619760716972241,0.26374111696382774,0.09356655366760161,0.0005579345037075156
0.9476510675634877,0.27098369721662885,0.0935608709380682,0.0005596273244272902
0.979418949638994,0.268701486613095,0.0914668857408196,0.0005585414700763875
0.9857415217945658,0.26435748569820805,0.09248370097240402,0.0005577286337347105
0.960324773361469,0.2634670436567199,0.0932243449585316,0.000556879048990049
0.9952117181663134,0.2679725310713512,0.09271927145521101,0.0005561838873251842
0.9268587318586974,0.2680071630440337,0.09571089334585255,0.0005560419716008071
0.9928497613491274,0.2690373107625368,0.09278941249136602,0.0005562567079091597
0.9320014410542026,0.2665228229308827,0.09536790781775767,0.000555656600922359
0.9279728482579266,0.27017517707059113,0.0969001008812056,0.0005551652212372801
0.9864001884175035,0.26800388371330186,0.09131575485389988,0.0005540451824416024
0.9831711030065406,0.2687399875645673,0.09157925947078914,0.0005543359413828216
0.9957387180380497,0.2669477827753577,0.09225849142353104,0.0005539947662671005
0.9439865407439818,0.270653160014499,0.09360488557873767,0.0005530799577566792
0.940966922320186,0.2669832710528164,0.09236998583635335,0.0005523178647781766
0.9316956618467636,0.26708033091178085,0.09582998135303243,0.0005518769446174876
0.9720845268761558,0.263039009274612,0.09160834247166971,0.0005551790758874667
0.9711884320702833,0.2630334675116066,0.0917677155422542,0.0005575551324514609
0.9922405921224904,0.26855087847380466,0.09374919471152082,0.0005578853639038354
0.9548416459842475,0.26331202683133204,0.09263024784072425,0.0005588344684126484
0.9447335841220532,0.26706218620426436,0.09633724547190071,0.0005577915783470052
0.977871124680064,0.26933830040566087,0.09182458365917767,0.0005573088633958473
0.9902541878893647,0.2698463717451034,0.09336002977451531,0.0005590218078874755
0.9349052276128962,0.2722538537136814,0.09603280660229127,0.0005584778755385368
0.92782694732945,0.26744627510617125,0.09527120252036865,0.0005591064291362945
0.9859365937333777,0.26973372391637906,0.09489450439289653,0.000562248424497823
0.9288179609148912,0.2677675340586687,0.09589173801716862,0.0005638363953094803
0.9939808188081116,0.2674564574548468,0.09181464633455451,0.0005648593027105402
0.9781629962123084,0.2698669002985321,0.09585477320259116,0.000563836217181847
0.9764153014206425,0.26364574182228284,0.09077157651582728,0.0005627297671735674
0.9487388362792029,0.2722819156448848,0.0977258454797637,0.0005622667398273517
0.9609963934070187,0.26939958867601144,0.09206176320632424,0.0005619836675145603
0.9814149860438057,0.2708780577062324,0.09539415396339565,0.0005647116873300301
0.9397117622055742,0.2703418867126255,0.09381670977980833,0.0005645730490152407
0.9373948066455249,0.2651602387996621,0.0942748067574674,0.0005634802508126257
0.9481361879556953,0.2731043110635929,0.09564661497125287,0.0005623581015658772
0.9544407892931197,0.270282406013582,0.09280639968668289,0.0005614753435975189
0.9923405298861638,0.26771777274792385,0.09170330572696128,0.0005623903795099897
0.9437074800109695,0.26530107095998345,0.09500396837368508,0.0005619264732698259
0.9761660043518958,0.26384986892192464,0.0928627291595225,0.0005611249061189222
0.9383563338779553,0.26566707445403814,0.09506247090765414,0.0005633321756378011
0.9592924304765607,0.27010560672824613,0.09252265606205613,0.0005656299476492142
0.9924159199886198,0.2688780185066044,0.09268357746650119,0.0005650603243620954
0.9503693051908133,0.2720691174013079,0.09768561563090598,0.0005646246200494658
0.964373819672991,0.27317100069428846,0.0958853507301334,0.0005650840412815503
0.9317156588360387,0.26865259839180533,0.09397018855718088,0.0005640779632214293
0.9748576897129677,0.26891372394302016,0.0916101351551746,0.0005640632918452168
0.96856979824015,0.2680622065652196,0.09128220290221564,0.0005643625534258592
0.9728127019345401,0.26527243653204935,0.09052605662804497,0.0005644150766846994
0.9414470685913514,0.2730515925965966,0.09703272375179356,0.0005650376530686943
0.9708984843637616,0.2719715532103475,0.09640669967905642,0.0005644824631399087
0.9799387202800123,0.27143130126829984,0.09385078820855185,0.0005647338192486322
0.9334116840368676,0.265863965892255,0.09389248341719607,0.0005643737649036326
0.9773174822134507,0.2676063017007342,0.09528099127426302,0.0005664359975924206
0.9667860957506722,0.27196705860998205,0.09383856144009523,0.0005669065273614639
0.9273805315228802,0.27028268884254913,0.09615471605589043,0.0005668613887609467
0.9544804536444538,0.2690287234052906,0.09217735487867486,0.0005662787280777183
0.9461673735984739,0.2722996806320792,0.0976871799333033,0.0005660157272685146
0.9353392601096857,0.2667561256808568,0.09311565276226591,0.0005650860585478348
0.9500431292696181,0.27332063207948876,0.09700921911756459,0.0005661776308316149
0.939958899353174,0.2719596072655748,0.09766552841560493,0.0005658969347895307
0.9521743475705513,0.264042312836156,0.09170050193755278,0.000565414668441239
0.92780199629264,0.2680313923538937,0.09483262031457747,0.0005660741933265058
0.9611829742534201,0.26413819647633896,0.091003771496953,0.0005653278157295708
0.9866043646175466,0.26657726886217126,0.09090721392000313,0.0005646135633138189
0.9754531468198202,0.266454354358177,0.09486774436181115,0.0005650190264805039
0.9395532271553648,0.26618214522180894,0.09554502570315893,0.0005640637472608036
0.9896779247928293,0.26703368251136594,0.0937017198731482,0.0005646775664719427
0.9350695078174862,0.26553502852852895,0.09393695770901717,0.0005652971337656664
0.9589394694750446,0.26482892880713504,0.09101185403326123,0.0005648141258159466
0.9554080417791369,0.26403770984362507,0.09142774193923695,0.0005637079179682146
0.9735528884215707,0.2636878634320343,0.09277310714583092,0.0005637019839796702
0.9525938819025512,0.26358368613212013,0.09287091313652125,0.0005625931038229242
0.929042198172306,0.26875844496270096,0.09458296899653058,0.0005626185300098615
0.9801990598695642,0.2714594677679265,0.09405814869605203,0.000564332549834809
0.9276925911845932,0.27005916289548293,0.09640016065069766,0.0005643001412476099
0.9600720474650082,0.2694068668158689,0.09215604522954764,0.0005656262585819689
0.9939300124491641,0.26670947519595845,0.09256267640414595,0.0005655872645118936
0.9558680759805327,0.27130196187633615,0.09349810541934425,0.0005653799163560728
0.9513319818064421,0.2714364501651103,0.09760671800131726,0.0005644341120872344
0.9381300270643127,0.27198276706827107,0.09536987171890322,0.000563498820431248
0.979453519251507,0.2708451795509115,0.09557952744330298,0.0005627184980277725
0.9389529264266141,0.27276917651995936,0.09683126953612475,0.000561901756387887
0.956895659456654,0.26334880454411835,0.09232704274329459,0.000561115144620381
0.9316446784549335,0.2708184104765008,0.09716362716173059,0.0005612976449301139
0.9923668833278025,0.26840054516127876,0.09235503250663861,0.0005604215372698403
0.9497351370821399,0.2727439042820472,0.09744389068831436,0.0005629573351339204
0.9689829771632876,0.2631860125766259,0.09174714799115138,0.0005672352224938464
0.9706270169509885,0.2699449661562796,0.09641528296679885,0.0005695248499077181
0.986123511320832,0.27042047347195997,0.09353079950772798,0.000568439400721956
0.9756326138451108,0.2699308380672565,0.09228877136528925,0.0005675283534059027
0.9616513648441707,0.2643207439058146,0.09400136302145592,0.0005666208229081022
0.971196577989426,0.2704005444733235,0.09643032865983392,0.0005660624632204524
0.9522143447840055,0.2732227391126101,0.0969445542416199,0.0005652610186635412
0.940227805706515,0.26519040675600203,0.09450370525194975,0.0005665447550499535
0.94311746120386,0.2717141613150267,0.09461957375529,0.0005654625100628997
0.9901893477580685,0.26940756457745185,0.09366275558178787,0.0005675418656473238
0.9333701391878577,0.2682190813039549,0.09649097992055959,0.0005668684749432005
0.936527496231605,0.2677212117832408,0.09316030816971904,0.0005661386561304077
0.9704104827573623,0.27247953543236103,0.09592450565996911,0.0005661007303994638
0.9276479153449149,0.2693570456057002,0.09613309180185443,0.0005665072178390429
0.9364908020764027,0.27108344930525274,0.09480225640857029,0.0005656473566247896
0.961298975541137,0.265161881615785,0.09093530872669853,0.0005646520460533243
0.9711475638016864,0.2672654516634807,0.09102397076851802,0.000565966269236644
0.9741746067033912,0.2643938119342011,0.09065447653227894,0.0005661179551783266
0.9720913390471662,0.2664780939044975,0.09079652259574714,0.0005660504967511998
0.9791795643300496,0.26637181718099945,0.0907533797472694,0.0005683705875579316
0.9519148308475778,0.264148544848273,0.09179414341591419,0.0005673878465104583
0.9620449293593829,0.2715542179387678,0.09708558651717951,0.0005683190782373598
0.9633577682204706,0.27215211647756177,0.09415209513578422,0.000568531734177143
0.9783013103420135,0.2697853525546918,0.09227524021700555,0.0005675289660884213
0.9625423390111933,0.2672127164649769,0.09591934609691263,0.000566720783648679
0.9655362758208224,0.2660887329408721,0.09517232324003752,0.000566774767606855
0.9742597690088193,0.2708212013482323,0.09298284766715112,0.0005664005662639766
0.9448973028868757,0.2730862687973392,0.0966065392835553,0.0005667527331431574
0.9897665794105031,0.26830643976839896,0.09393763456024963,0.0005669539511381586
0.9522716437260907,0.27192081491257314,0.09423714765070704,0.000567331722875099
0.9456838284241389,0.26460767704531674,0.09410197438151854,0.0005678564501478856
0.9753999180559116,0.2662238550579836,0.09073346813877696,0.0005687403688834996
0.9598891892050645,0.2729322528801621,0.09527124469968005,0.0005685100432714182
0.9639876189690515,0.2633632529538983,0.09250551276899704,0.0005683333383272143
0.9376088051715161,0.26863552738022634,0.09685220793206624,0.0005675874559958382
0.9913550607821726,0.2672580254682728,0.09163444817239967,0.0005670921829715924
0.950037395498363,0.272345336656584,0.09479444306663495,0.0005674253491396858
0.9640552758226839,0.2690171042636138,0.09655380301813019,0.0005663111653941351
0.9812118786553263,0.27111236923713666,0.0949396396322137,0.0005683290588381591
0.9559847562136667,0.26438048780421664,0.09407677068281124,0.000570264330932992
0.9438955976360859,0.26793210894079533,0.09253108600339759,0.0005712381858996506
0.9915922185079005,0.2679971212617416,0.09209483001799722,0.0005700739519665354
0.958425684432541,0.2731481799926736,0.09598401401349861,0.0005747143569521861
0.9334993519113848,0.27097426524095747,0.09716711988040379,0.0005745108315129831
0.98987507809559,0.26670958275514756,0.09132721650761476,0.0005742832014037368
0.965695701006533,0.27245985456828437,0.09647494775007287,0.0005739255250300911
0.9434637311059895,0.2721090529612402,0.09508323765958072,0.0005768789161551345
0.989850797160484,0.26518464633957106,0.09153778528987594,0.0005771734272108261
0.9606407170215352,0.26452961432059197,0.09109440083229996,0.0005773252007031193
0.9405728644275548,0.2722700256360788,0.09561272823449378,0.0005762049366421414
0.9597703832276263,0.26354781881827494,0.09282518374116305,0.0005764678256642883
0.9617046942182466,0.26813020096016227,0.09161460992916941,0.0005761884540901917
0.9489413209673732,0.2712040281932364,0.09752715246537891,0.0005757132595493354
0.9335174800285593,0.2681533240330696,0.09634418266864639,0.0005775130932240845
0.9569634799676621,0.2728200852378744,0.09691751153906236,0.0005765671513885822
0.9404975649564449,0.271852019937852,0.09746501590141607,0.0005753838193594024
0.9844006918896557,0.2701858120525975,0.09309511228250983,0.0005743895716343787
0.9685304449301988,0.2706175125729935,0.0928324456123749,0.0005732752690532727
0.9914045543504493,0.26565865011029044,0.0918414969976094,0.000573044097772545
0.9637104450303475,0.26882785413612775,0.09185863210213405,0.0005738343659728034
0.9925470411310542,0.2665329799144689,0.09183503962079363,0.0005728144580945197
0.9363990043320598,0.2690723475785086,0.09692745724987417,0.0005720631879901024
0.9408335681058606,0.26498300746300396,0.09310854559784774,0.0005710682611776793
0.9748035679231037,0.27043855335941536,0.09600126350019657,0.000572921796375728
0.9710136972037269,0.2679519423127996,0.09134317428926406,0.0005740769554554833
0.9467765673317352,0.2696463558617255,0.09724624358322728,0.000573062352270533
0.9818371989831256,0.27090382016974845,0.09378185327353275,0.000575246121257186
0.9390563723927539,0.2694770744962205,0.09362947154035278,0.0005740945344324841
0.9386365297979378,0.2714252712304315,0.09497990197450563,0.0005743597214897462
0.9690312898292266,0.2712374092665861,0.09336306806841595,0.0005741703084661
0.9866021090112493,0.27003546360128583,0.094074855021739,0.0005763836142543202
0.9748746147459624,0.2690761175460237,0.09187208864013932,0.0005766478071319019
0.9803862232843592,0.26401589708190043,0.09215178600880668,0.0005764091895441766
0.9619962764055536,0.2639666492686086,0.0934244521393722,0.0005773970258613606
0.9572613426866887,0.27185414343383707,0.094079205812049,0.0005764863355138684
0.9339466436968156,0.2673229111427031,0.093643835446355,0.0005755170445632129
0.9355576558699727,0.2682501232630996,0.09647726127754609,0.0005805209498060799
0.9338374802121105,0.2713684267218288,0.09692006007600114,0.0005843534092944284
0.9916368654176431,0.26824215487286107,0.09307138751086534,0.0005834861298619247
0.961546777063548,0.2634597654821167,0.09206859610187162,0.0005838590596633774
0.9396236969102141,0.2721374763723108,0.09719942566541925,0.0005831776832023192
0.9804269960891343,0.2688201937101742,0.09518636670411883,0.0005831145587741909
0.9786993578485941,0.26765576774155164,0.09499282036231664,0.0005842704881107333
0.9523306617750151,0.27264259514248446,0.0971264743753704,0.0005835481264589791
0.9871380109003667,0.26984651539397686,0.09347400402595078,0.0005871644674332331
0.9763146786763954,0.26547507050661334,0.09074022308332504,0.0005863397444326248
0.9489766568887941,0.26605582886110923,0.09543019527802125,0.000587524140749793
0.9323927695244247,0.26837734711377914,0.094155322326241,0.000587502717217718
0.9518128078451884,0.27261807886713996,0.097128389450221,0.0005872794861418697
0.9310548685177977,0.2685233077217126,0.09613897102694258,0.0005861627584081059
0.9522632694563278,0.26888239813934534,0.09685997839193689,0.0005854023351490996
0.9431747092311085,0.26780330293063126,0.09265060786954933,0.0005843785900523379
0.9848807897139391,0.26489036660113197,0.09108303491240925,0.0005865485548031017
0.9626090456326146,0.2647045129012977,0.09106782548644259,0.0005864540350394079
0.9411254832917209,0.26694230312416445,0.09590370686620125,0.0005861267992934087
0.9458153294530174,0.27041798935415917,0.09737214033613127,0.0005865170144993731
0.949355663654174,0.2724038794343464,0.0951103457882609,0.0005879370380343741
0.9413168942699617,0.26811967938014747,0.09293043042198242,0.0005868464600765785
0.9754521428925873,0.2651287942996816,0.0937955336186938,0.000587848771245541
0.9342375184439966,0.2715509864615191,0.09662278696406304,0.0005867649603968402
0.9497875271263538,0.2724966898024117,0.09720011832896035,0.0005859197725378537
0.9756250299366833,0.2717440655000014,0.09460633450418175,0.0005858353028078923
0.9537781538162449,0.26866967346617,0.09224601601754161,0.0005846551950427548
0.9483393947922067,0.27260673564326776,0.09548583695399475,0.0005847102377653236
0.9697449101266127,0.263500843807825,0.09181280894265391,0.0005846968405180705
0.9354223320655581,0.2717790252927652,0.09651358533078931,0.0005865997531178694
0.9727426513834061,0.26401585647660064,0.09106071754718205,0.0005905494976502467
0.9781226312368165,0.26424634070571407,0.09102940873787671,0.0005901081718490826
0.9914765998508308,0.26698787650271116,0.09200197949447345,0.0005949891550664242
0.9414525445654309,0.27135773127496643,0.09474622483555764,0.0005950372083380907
0.9610430324838841,0.2726759179998457,0.0964327016018194,0.0005941171494443238
0.9534078001960982,0.264339175066175,0.09377077227681255,0.0005960976515768948
0.9874847239784952,0.2653169199692542,0.09134018623198698,0.0005950894253171125
0.9373948956440152,0.2720165666443808,0.09658947967515835,0.0005961021328805439
0.9726159003175336,0.27134813870085805,0.09369927915728031,0.0005951748524429741
0.9369026451864517,0.2719223718069075,0.09658916278892313,0.0005988746202724713
0.9604166665164051,0.27263020071647404,0.09650376924316811,0.0005990315574982058
0.9713747212808084,0.26363892796511323,0.09158869306183207,0.0005987856318960504
0.98081491419474,0.2703000911963609,0.09309075149205444,0.0005980703464380398
0.9503341882473872,0.2686682984501112,0.0967631261355785,0.0005971318010969715
0.9728351371253865,0.2658265641048754,0.09441938606009369,0.000603913280462831
0.9547088086237707,0.2711269903112665,0.09368072385459728,0.000604227661604577
0.9521105735078166,0.2645797053966559,0.09400483498088688,0.0006042110853365994
0.9466582075367871,0.26638964104282126,0.09215826640510927,0.0006037549413485986
0.9599701828197507,0.2654794008073007,0.09121946137122901,0.0006034027804772567
0.9753338374398979,0.2658016684618121,0.09421756985896723,0.0006041215228191603
0.9756780367329867,0.26994619586869373,0.09256575256672452,0.0006042601298695551
0.9665367504024491,0.2654658058152328,0.09097152514787483,0.0006038305632292522
0.9611497887915501,0.2705044460158934,0.0930166242466566,0.0006049889048618005
0.9393109112688531,0.2708444918203039,0.0946219841671854,0.0006038336435342204
0.9827899655453187,0.26466461225542104,0.09121159730546285,0.0006049438622695818
0.9511796069018406,0.26584515512541995,0.091776551151328,0.0006040213208181602
0.9501750107851077,0.2662846340459275,0.09187792139794153,0.0006032315002127477
0.9495451795044669,0.2676831603655925,0.09220582531032988,0.0006032710763158323
0.9629383867751216,0.2664402337217828,0.0912136799752122,0.000602255102388286
0.9320983308536981,0.26814591287123357,0.09584270720515074,0.0006051237309482595
0.985765009029592,0.2664549095685349,0.09124264229680347,0.0006053717034419354
0.9538065377287541,0.272241914603115,0.09705979739152056,0.000604863007658228
0.9437048335751967,0.26514215386936413,0.0942165407158874,0.0006038144266054327
0.9816002611948367,0.26935554976340526,0.09497460737402523,0.0006057824376794926
0.9863084168090133,0.2683155850947092,0.09202186057549488,0.0006054932983263168
0.9564798103960364,0.26738364629106925,0.0917271738984509,0.0006048294974850244
0.9321586098621921,0.2699097341091077,0.09514835274409882,0.0006048083836129447
0.9302382038163781,0.26899228121298124,0.09537002632042081,0.0006060639463840937
0.9771050653371027,0.2648367539195351,0.09328080011404763,0.0006059663471977604
0.9631526283995822,0.2699689616398109,0.09664303556427223,0.0006058603732233943
0.9353789285287064,0.26768443511585316,0.09592091056926647,0.0006046592996928366
0.9551434740165483,0.2671085178614998,0.09173281394947104,0.0006060573385240098
0.9530458587700803,0.26680650904640757,0.09178750321220182,0.0006050789739266768
0.9450903680525187,0.26878423336701696,0.09294947719502132,0.0006045681221276813
0.9578879297581899,0.2658854478695347,0.09138732576713494,0.0006055265227518091
0.9690922170877414,0.26718233649939394,0.09536324100950054,0.0006049830904951691
0.9810933744658588,0.264425844465209,0.09135931296174057,0.0006070560615201281
0.9611243931845728,0.2725306442292892,0.09521143983687338,0.0006079091855081
0.9658672734397573,0.2721264181641927,0.09462268798194981,0.0006074442615710993
0.9746495855344488,0.2662590018419426,0.09098122999230512,0.0006085690083308397
0.9587357917247044,0.2680642740739354,0.09187237559245295,0.0006078570498368759
0.9701541917111189,0.26609461852666505,0.09100031895257261,0.000607215063694721
0.9764497749747978,0.27085985043770844,0.09350317822140615,0.0006060504363339252
0.9405616655957054,0.2719048045571413,0.09699323295898908,0.0006051157461307518
0.9849588467826944,0.269393294306995,0.09276752428801338,0.0006049886475071045
0.9331759682775118,0.27083764291818335,0.09604551561552079,0.0006053761161785346
0.9771543256663833,0.2640955445851132,0.09222456469004292,0.0006043056575413341
0.9705194132344896,0.2673201340384459,0.0912965139560394,0.0006075989676637113
0.9473408222889645,0.2662467793329566,0.09539227782415163,0.0006066982508148118
0.9622996886216377,0.2710786580810596,0.09676014631680438,0.0006076927438581939
0.9362589026244272,0.27022238120430897,0.09467235685609342,0.0006085062028370338
0.9895082859558375,0.26787196968119886,0.09327282684739907,0.0006088659024298046
0.9760533760724748,0.267584752716981,0.09137316527720282,0.0006091725337573108
0.9823220512529751,0.26780991174495083,0.09449061978485965,0.0006124827693156922
0.9570040949682923,0.2726958325644333,0.09627791329914318,0.0006122992769082979
0.9433309842303235,0.26755931357275786,0.09615405349278491,0.0006119248332506712
0.964808111937165,0.27198050096672866,0.09444814465632682,0.0006118385572665965
0.9439704338719253,0.2688579206902011,0.09676362743946405,0.0006116281124965943
0.9831313858710722,0.2661470158752828,0.09115190806641267,0.0006117688223959909
0.9449184226234504,0.26566134244601103,0.09479539347715438,0.000612536078575404
0.9565001607993331,0.2641057749603928,0.09202031061618492,0.0006122390880685866
0.9626944763546117,0.265395448273658,0.09119618446170238,0.0006112746555240013
0.9341975534846636,0.2668983638820601,0.09437201995464935,0.0006160976434717661
0.9546942153463238,0.26751472010635124,0.09606330497511244,0.000616442620288051
0.9353685289498141,0.2697953122492023,0.09672042638533934,0.0006163390959241283
0.9800525860017739,0.2692412273206617,0.09505097848410186,0.0006167066273313958
0.9579133234007351,0.27007409375405467,0.09684330052176876,0.0006165241743431094
0.9397886693030806,0.2718126284377729,0.09583701287288285,0.0006174040425631284
0.9482764496627833,0.26737928019242885,0.09606585017830686,0.000617018310314583
0.9495291013894835,0.2715313912264856,0.09718332153366765,0.000616473561437887
0.9724824289134428,0.2695467026499283,0.09237068086736809,0.0006154480720247807
0.9532958888929581,0.2700082397870207,0.09698009207092284,0.0006154835036480158
0.976336459583699,0.26412341744213474,0.09219442841658197,0.0006147915339756702
0.9538508897455387,0.2718092012590294,0.0970337779694379,0.0006136183566208081
0.9784158548660855,0.2662887347043754,0.091072971125793,0.0006126030436652144
0.9644331070711534,0.2715935861236334,0.09402572094491253,0.0006123689088735072
0.9614218963628165,0.2645386228496931,0.093754567197429,0.0006111230230945228
0.9478169985535132,0.2709885041653175,0.09410613006652602,0.0006111668311388605
0.9682357091518536,0.2719096061815107,0.09455959425732499,0.0006106759420768545
0.9573384854793119,0.27016265337767,0.09687031182190571,0.0006096892986591293
0.9825467753297783,0.26651919493458043,0.09123262412825331,0.0006087605092971786
0.9314847088195872,0.2692494834676127,0.09531583666572747,0.0006079209415702051
0.9392850401920434,0.2718513191255154,0.09618328951784358,0.0006077206854678358
0.9324911899652246,0.26964473414314827,0.09516792340419603,0.0006071975343514051
0.9571024620761062,0.26565466984759656,0.09150315826357949,0.0006062535852984031
0.989635141533741,0.26750007315624513,0.09233143094528254,0.0006053070973683585
0.9714447572168083,0.2718263807535908,0.09483521935914854,0.0006051551962342509
0.9730969613146847,0.26677851160960286,0.09482544819918796,0.000604766755029513
0.9591483414515647,0.2725966080866691,0.09591248247388817,0.0006057249209500429
0.9349421803458338,0.27084575285034207,0.09652978422414148,0.0006098770001545875
0.9347875681218341,0.27038028192399044,0.09663658026079454,0.0006093011490440387
0.947027035355827,0.27232040997807516,0.09678518510186401,0.0006103202267660025
0.9727417427004799,0.2678946705871219,0.09155281635788769,0.0006097883278995556
0.9451973587651636,0.2659892819207774,0.09248512202876688,0.0006108476377428602
0.9501492489124796,0.2672788248244813,0.09596997116525174,0.0006101518630109368
0.9441017564646081,0.2722533350086669,0.09660081378835031,0.0006090608690020304
0.9670142294635671,0.27095464771808153,0.09633398487278219,0.0006111023824793076
0.9653403052070075,0.2664943362712937,0.09510061930689157,0.0006109159385131089
0.9342689055168769,0.2674652118042329,0.09533106678919745,0.0006101446652782079
0.9335119986215563,0.27049615043566533,0.09585657504896405,0.0006089084043924943
0.9674883365131208,0.2704588160134518,0.0930457217062727,0.0006111399171336766
0.9348423388036977,0.26927942371863844,0.09449946482493243,0.0006111159831791531
0.970071676372358,0.2707538849874749,0.09331046045695136,0.0006123492407489637
0.9400506522383871,0.265840127144628,0.09435942964218842,0.0006122585563745627
0.9377589468646299,0.270759419414631,0.09687572810033451,0.0006112947460918458
0.9431500256714838,0.2721452296588487,0.0965259538215785,0.0006131015978543893
0.957542954573821,0.2650839426791278,0.09156811800773797,0.0006119400822739977
0.985762013554373,0.26566908859203386,0.09263662281573361,0.0006149853121231407
0.984250596238331,0.2688521115019813,0.09430217454075072,0.0006150726589554775
0.9415160643286917,0.2655019967686636,0.09389341298327541,0.0006150181118291444
0.9655826898190956,0.2638733005220415,0.09226315973478745,0.0006154632725675537
0.948726356554964,0.2718124459361544,0.09489456630401538,0.0006147295971582145
0.963633000138012,0.26835571327810936,0.09192483167008297,0.0006142848938784064
0.9514325406501953,0.26474961112426065,0.09224072360714372,0.0006161179356902545
0.9541905607762544,0.2644588632771354,0.09214651000549907,0.000615112794241859
0.9598346336135251,0.2658229718793943,0.09484319409637912,0.0006149027283279554
0.9834098098246109,0.26735216396951844,0.09404772203961557,0.0006146285786978578
0.9583221564493485,0.26696546843724,0.09167175865182761,0.0006139403658021694
0.9744091911211132,0.26968025224217174,0.09560918893665493,0.0006131477733076639
0.9491850090081417,0.26585711537369816,0.09215075438146243,0.0006130581732213259
0.9352213936136913,0.2669362891841842,0.09445317645358603,0.0006199308574525755
0.9621756768337022,0.2689827862569256,0.09227322126518707,0.0006191395160085676
0.9441882323297932,0.26929418843106956,0.0967849689531672,0.0006235307621798262
0.9614850599083464,0.26562622770616784,0.09462327200138078,0.0006226471701082045
0.9383941429339338,0.2693829105331347,0.09409891584543782,0.0006239211952287901
0.9773362212876098,0.2675046676338926,0.09149552199534566,0.0006226479831638332
0.9849148908184979,0.26922902894078793,0.09399466931218907,0.0006217549215446898
0.9593555747149178,0.27019147457931814,0.0966953323637587,0.0006206400626998646
0.9774888100934156,0.27025029999645445,0.09320243126911122,0.0006207436768793911
0.9690035206250034,0.26405008751643266,0.09251140462718019,0.0006203484496446363
0.9612091272883685,0.26605137797978373,0.09492614056958454,0.0006211026688990862
0.9377292746867774,0.27100233492602865,0.09667690855220384,0.0006198673351465978
0.983683653415973,0.26975682733675543,0.09393850040052691,0.0006186416419739901
0.9499527003071737,0.2658303075047934,0.09491176505889694,0.0006177523269430465
0.9848538334027008,0.26712106272404457,0.09166644554155073,0.0006166586283392647
0.9703569681630846,0.26471995416751914,0.09340401668752991,0.0006181653932548456
0.9466868771557628,0.26693823571959374,0.09246834504716757,0.0006169344187759185
0.9880678415954769,0.26638804361828483,0.09242523539497875,0.0006156978695469042
0.9533859977310879,0.2724797707354001,0.09611277861181965,0.0006149713688974116
0.9728417349702578,0.26603779618499135,0.09113137223470687,0.0006137474891881319
0.9473800111468904,0.2693561326970142,0.09322477861904666,0.0006138149696527625
0.9826116101172548,0.2652866930076683,0.09143316198482064,0.0006146512155597814
0.9496940763966641,0.26688521976050383,0.0922183703710686,0.0006142817657665832
0.945353564510155,0.2706188951864381,0.09415918031695278,0.0006130657631424887
0.9329839790939154,0.2683171856364821,0.09492020492343452,0.0006118718634993274
0.9383645500886733,0.2706672508078263,0.09679026973445387,0.0006109264338334476
0.9529590054433061,0.27070184258879504,0.09370915586461803,0.0006113459806913672
0.9498255631584929,0.27006358102938033,0.09693995902175145,0.0006112275538952621
0.9753109654670542,0.2693148406796675,0.09240802183474435,0.0006196936612323926
0.9356483601322712,0.26813882414537216,0.09582299831523809,0.0006199827375098433
0.9482555703707956,0.2665597115701932,0.09231501117887272,0.0006189049618563538
0.9395081336755613,0.270185305792493,0.09449346463413287,0.0006186520497864486
0.9330077975717099,0.26841335964630897,0.09522015277259806,0.0006190556547785169
0.9416475850273027,0.26567210290321763,0.09358190829586964,0.0006191886862109283
0.9810139053868969,0.2665611444426721,0.091360991064613,0.0006184734150114321
0.9345525169320581,0.26844097167354697,0.09582093476825151,0.0006173233409672289
0.9798543147227399,0.26690841477978,0.09417019576482683,0.0006178541124840272
0.9832179830448453,0.26521726672889323,0.0916815197660457,0.0006174163783376698
0.942657298887358,0.2663547506610342,0.09293943638221917,0.000616204828646355
0.9847750969490132,0.2690253338705568,0.09288868004970471,0.0006152498830880318
0.9760055107070293,0.2703772262888757,0.0933151786651043,0.0006146698052260996
0.9866575963878876,0.266489892819477,0.09289331364752727,0.0006166294357326866
0.9358910639997031,0.26966652720402196,0.09474275865026636,0.0006154322811838214
0.9517904053329609,0.2715766564358917,0.09457963827143273,0.0006146799395564867
0.9821927657391889,0.2667555808096549,0.09146909622602431,0.000613578536581079
0.9431765868996234,0.27188382266787947,0.09593755860528154,0.000613276789377695
0.9670991094272434,0.2719422598982264,0.09524073798924902,0.0006122240867636993
0.9610727368290153,0.26754978537669394,0.09573322728564154,0.0006117493075897757
0.9756656744017214,0.2692650729642836,0.09241017622201442,0.0006112205445035893
0.9831334919146304,0.2694087787917483,0.09304526159587141,0.0006109745492276474
0.9644005788685028,0.270626140919179,0.09638749463553596,0.0006099484298107074
0.9399091756459512,0.2692892130506437,0.09659740437238468,0.0006103548944850529
0.9639507517863439,0.27087280987984785,0.09640727894353474,0.0006104509285600742
0.9367400149661087,0.2699064825044786,0.09477177190374916,0.0006116086294738186
0.9770909173372928,0.2679023615561704,0.09484149222841635,0.0006111244955010902
0.9593367715540513,0.2668806354541411,0.09543991584978166,0.0006105033316554467
0.940285122392396,0.2714080844009583,0.09567345607786026,0.0006097826515950945
0.959857114758071,0.26712299958835484,0.09172585114230938,0.0006087333440727541
0.9412799412190793,0.26976006187903856,0.09406230709120778,0.0006108953381263549
0.9587521071053988,0.2694659288022929,0.09272322103240979,0.0006139488849180825
0.9349815179656691,0.26756774486953416,0.09448003463596981,0.0006132920165504117
0.947111215003444,0.27182258532229664,0.09529156874366555,0.0006130571329944492
0.9533473321442152,0.27221295061164064,0.09642550923909368,0.0006136307136990344
0.9517982264523681,0.27190938939890197,0.09672303827033846,0.0006129970073334742
0.947524145066911,0.2719627773586617,0.09665685065736365,0.0006121914024463715
0.9654570963525657,0.27195955890700674,0.09511135698234598,0.0006118723991023956
0.9456879554089248,0.26727984027572016,0.09270982640065904,0.0006152053635115985
0.9706235706764623,0.2648139465161472,0.09335655242813519,0.0006142462682844879
0.937684952647114,0.2683101769287335,0.09601771061502615,0.0006131779180364274
0.9858366782318075,0.26789362360010127,0.0936032592472986,0.0006124158951653953
0.9406923811995487,0.2697612230922868,0.09670615712062734,0.0006119268735816897
0.9483476183946955,0.2669605398898942,0.09561482211092222,0.0006112657140580577
0.9824882689161019,0.26793877525933474,0.094195818790677,0.0006122991970123066
0.9652694817249152,0.2649850652177548,0.09381389788523624,0.0006112963932148911
0.9597238983130207,0.2720517364804822,0.09504859498107089,0.0006121391470310227
0.9375762520451758,0.2709833086185214,0.0960720845773583,0.0006113482454744539
0.9808022414929845,0.2688286034673639,0.09460671918818551,0.0006105544514562888
0.9467065776834094,0.2663775966447999,0.09253949759646732,0.000611668749578102
0.950828404199104,0.2720932862306795,0.0965179274565473,0.0006105621672314345
0.9852409788331329,0.26758717376148655,0.09362048259226755,0.0006095439826789748
0.9849534039511507,0.2689418270786146,0.0931024110433315,0.0006121678851074084
0.9712244443907387,0.2711532667277121,0.09407796704654499,0.0006117830049336749
0.9782514949803804,0.2670884750283764,0.09150097967639005,0.0006111252323721788
0.9605453650368911,0.26861356865751196,0.09226516434020958,0.0006104800232821589
0.967386205792069,0.26415065890174017,0.09227434961151623,0.0006117301527660119
0.9755421966924445,0.26828451966418077,0.09505468790749899,0.000610543363324912
0.9638293317369033,0.2674163083404315,0.09549329174127912,0.0006099053477242763
0.9536694871518261,0.2721109514267528,0.09535842598020108,0.0006095178956589415
0.9506409473202702,0.2704576512403427,0.0968747969147896,0.0006088252496006398
0.9669455956326445,0.2710752759591386,0.0960501874137358,0.0006098694633970777
0.9536470724125063,0.2722291183783374,0.09614342496781866,0.0006109621164769966
0.9737300652155216,0.26696540066536345,0.09465810507023287,0.0006105601890370184
0.9576332414586339,0.27190671723507287,0.09489155466331606,0.0006109848631574307
0.9621924293174953,0.27149857805728184,0.0963050242029,0.0006118362077453994
0.9365728113059841,0.2705211323458343,0.09615618291777718,0.0006115741173522011
0.9652356446206234,0.2715770138407452,0.09598337437170006,0.0006103663511562822
0.9743531929953217,0.27036248658398043,0.09536784539111252,0.0006102706277621558
0.984254690879677,0.26823649186990783,0.0938959387365327,0.0006101644442508448
0.9728431272321814,0.2711095032066242,0.09425152239234547,0.0006089139107873276
0.9397355840293677,0.2694065075355092,0.09414505476455919,0.0006077862950805821
0.9707637512632896,0.2642676373006987,0.0922344800605853,0.000607948581013022
0.9582900418131537,0.26437896610555445,0.09230284776528438,0.0006070805533842847
0.966698947405872,0.2713973412397559,0.09425233927067313,0.000607704382102779
0.9431549389303822,0.2716602022017083,0.09587322850932618,0.0006070728505016501
0.9359300030940592,0.26807768797270515,0.0943242793398225,0.0006059591069545193
0.9811446990896648,0.2662791766277972,0.09147771624706819,0.0006071186138245385
0.9677307701966402,0.2675764196235402,0.09532996807423853,0.0006092832709025736
0.9379366342189197,0.26699185605392683,0.09395853883490818,0.0006091792428185833
0.9537556912941803,0.2664645808977104,0.09521836341499111,0.0006081741574273416
0.9598411714092983,0.2721083707562115,0.09548737275558784,0.0006076593030377201
0.9614522252206488,0.2696851663739035,0.09634936167759756,0.000606766278760108
0.979402978781426,0.2650920527128242,0.09261938691414207,0.0006057645481080086
0.941714213465648,0.2707642838889426,0.09672334403307081,0.0006058711967485411
0.9668418878569351,0.27150689533347006,0.09446581182294868,0.0006060865642519488
0.9497244820185955,0.2715046949449569,0.09482536931798903,0.0006053398067761155
0.9738525633662842,0.2659113327613871,0.09128854199912058,0.0006041689342984054
0.9722507749257012,0.27045079909284864,0.09556621540596667,0.0006046914132567992
0.9403311829567755,0.2710446990535753,0.09545156949802745,0.0006056044134431915
0.980065056629007,0.2661529665726061,0.09144380357070227,0.000604392246845498
0.9779181149292651,0.2686685646251439,0.09485422719892041,0.0006036903744117737
0.9433364083646989,0.2699195610632792,0.09406936068363822,0.0006026869298698323
0.9510741858267355,0.27087907135651057,0.09413974484557279,0.0006026202223071275
0.9835916210230824,0.2690577917300099,0.09309601385217411,0.0006027288126075365
0.9495790986554038,0.2670170964275196,0.09241518343088255,0.000602883358566743
0.9670303108814355,0.271223009288343,0.09409542398874352,0.0006026457582169764
0.9825048103452882,0.2668935933662644,0.09364550704662436,0.0006048952441364163
0.9503952106677076,0.26677723843329115,0.092321980686892,0.0006038580926055393
0.9822338451204349,0.26907309496042164,0.09421433201611731,0.0006026888694841521
0.9658967315931246,0.2705602604653625,0.09612607592053388,0.000603383032770098
0.9523591013082733,0.2721191735287207,0.09585862507443502,0.0006023177129647093
0.9524484814439429,0.27209263583631405,0.09570435869526585,0.0006022581656842765
0.9539220300355495,0.26571686671062045,0.09460958512153617,0.0006013578864307178
0.9638555910475635,0.27186631591940746,0.09516718706865519,0.0006006059095437702
0.9742230230567284,0.2663801760177822,0.09136948829577704,0.0005993988722437126
0.9757937419704366,0.2686675057208976,0.0950521354130221,0.0006013005829948715
0.9421911133850305,0.2659786444967307,0.09362633464178213,0.000600973046099856
0.957603411654949,0.26728487028092895,0.09559389284774589,0.0006002426101646888
0.9621741471715559,0.2658890977723469,0.09458275324472684,0.0005991793288629848
0.9711650987664431,0.27044983923855037,0.09340981115783203,0.00060132776959994
0.9571578886351659,0.27192149137094646,0.09514188970983159,0.0006073431635385715
0.9704251053822013,0.26440288348907415,0.09200014153373064,0.0006069565548099172
0.9511602974266555,0.2700684985174493,0.09358660491130245,0.0006067826039502083
0.9718848400667355,0.26454076845606256,0.09179525676915667,0.0006074837283616622
0.9465445716401444,0.26875547464020144,0.09322459270475955,0.0006071433718839837
0.9697396629495074,0.26474898492516186,0.09311227730682106,0.0006077013523452969
0.952934149801921,0.2720362504573983,0.09609805409951014,0.0006065984351887165
0.9807466485706193,0.2697743392133647,0.09367604882146971,0.0006055167205690605
0.948759406395558,0.27091268112436584,0.0967736429569063,0.0006062938740458954
0.9404194802509735,0.26652373808787355,0.09457004691088514,0.0006058252897197145
0.970113248824525,0.27118471497052976,0.09538421281045951,0.000606017261081652
0.970229568877178,0.2710842885811313,0.09545610043297872,0.0006052023637101888
0.9756194231883093,0.2674656475400954,0.09170351167235033,0.000605121326697497
0.9648634206873457,0.27032636376044494,0.09614932499870069,0.000603884711641124
0.9681017298230579,0.26872632091198234,0.09224421310220506,0.0006027747885093936
0.9590274875507276,0.26955756606071546,0.09290910555231076,0.0006025010630697382
0.9634310602586158,0.2664627476440202,0.09160453650545239,0.0006030887652325879
0.9621142153207547,0.26836811727306786,0.09221164018456664,0.0006031094649945751
0.9737464099837805,0.26823194948409634,0.09506993078192824,0.000604763404487918
0.9400684862237654,0.27013853872012183,0.09648371289505843,0.0006038075212127922
0.9696102744181054,0.2647239986769554,0.09164003045821724,0.0006028768726836069
0.9534253652835591,0.27152704042136677,0.09655653669254048,0.0006017956641566945
0.9392436427633317,0.27059435090035344,0.09631669918817017,0.0006009350433109957
0.947114693676232,0.2707309853798374,0.09440738140779467,0.0006014343838638771
0.9635607982649592,0.2707527931979341,0.0962078163286081,0.0006002030315598457
0.9647610478731732,0.26604776465414304,0.09152645866886529,0.0006002509946816873
0.9466391185363072,0.26792546861202093,0.0959797568579986,0.0005999366202365483
0.9828048745690623,0.26877571626068586,0.09394913623379386,0.0006014509820904781
0.9830008699398842,0.2657717236641577,0.0921083032752226,0.0006006252577310175
0.9657215374240806,0.26735626036764093,0.09525068552518201,0.0005995428818269919
0.9682051244269569,0.2700081025288308,0.09305964319345583,0.000598743870274823
0.958385654843056,0.27084464718934087,0.09648634694628123,0.000600209725538729
0.9423777686800427,0.2661472924353667,0.09422795816334224,0.0006020948164619518
0.9581478004953414,0.2714299896587695,0.09636998193906778,0.0006012004286239376
0.9841908719449783,0.2684417633271421,0.09289668656545279,0.0006014444205734863
0.9505431671670213,0.26506527730474105,0.09344448159210313,0.0006017267610274079
0.9775973522660895,0.26979720842093324,0.0932488375386297,0.0006015458282471734
0.9736465329625137,0.26580745305901177,0.09141545316874579,0.0006010113084827677
0.9407688721459255,0.2679849822989131,0.09364669651577526,0.0005997815977912733
0.9506590860596003,0.26644506805950297,0.09508165727643414,0.0005998264213870958
0.9632776196894675,0.2648370953491146,0.09345296427034698,0.0005989886777537948
0.9727058268894702,0.26564376800395717,0.09142418411051643,0.0005999739732187423
0.9460455219521329,0.26913926485386974,0.09643557487391737,0.000600653851588474
0.9410388248102599,0.26890183692303893,0.09620776314767739,0.0006000787688992972
0.9631128597591339,0.27080784996601226,0.09378050618681634,0.0005999210484718561
0.9632208154594419,0.2711077609574202,0.09408835555260035,0.0005990295442970285
0.9742685012675736,0.26527430282045783,0.09151077691181875,0.0005980357396507723
0.9503708526725951,0.2682960946949273,0.09281125376474693,0.0005968962455048003
0.965917314331568,0.26471715218553493,0.09315695080593653,0.0005981314679287468
0.97504271724954,0.26903112177043753,0.09251877515638961,0.0005973875693771032
0.95467533113227,0.2688104465826875,0.09276812896197728,0.0005984618470523847
0.9409714749789639,0.2670141215076147,0.0950619446469508,0.0005980505845117533
0.9361450545899608,0.2688602179774726,0.09496295794032968,0.0005976987684647486
0.9621157900680419,0.2700105872606724,0.0962267297917096,0.0005970683446236501
0.971741153830056,0.27051887395590857,0.09366673511770514,0.0005983196197243762
0.9530908279607093,0.26699925802897106,0.09542153273928237,0.0005973964760162115
0.9752802037837203,0.26483446282782297,0.09198420693290592,0.0005966962427136625
0.9678754895403561,0.27132588002741387,0.09537360338319396,0.00059574340398236
0.962055260649036,0.26994657005256206,0.0962165222186947,0.0005946764936699632
0.9772143003819753,0.266934309773591,0.09165228819938608,0.0005940316612742905
0.9634001808189794,0.2691619100401115,0.09262274474062804,0.0005947084132455134
0.9536472444022,0.26489739383567423,0.09329148940734412,0.0005939245926795722
0.9551168959373708,0.26650902772553997,0.09208434380896025,0.0005940164294413264
0.9486774594258307,0.2661763129397585,0.09476787864278198,0.0005982918898076468
0.9704494060667095,0.26838978598998,0.09214582751754424,0.000597550949068878
0.9744429268661232,0.26505816373722113,0.09288425041835258,0.0005978155537260315
0.9786452200168014,0.26922260036856027,0.0945890124515465,0.0005978533976447573
0.9391412984168035,0.26990889563503884,0.09489276278480382,0.0005967841217192308
0.9472722249659551,0.26801663519843943,0.09595209739507704,0.0005962001977322037
0.9701521939234592,0.271144091185624,0.09498541657553033,0.0005958712243234828
0.943390556122182,0.27003537022827695,0.09651670140121996,0.000596765895621528
0.9414532255809842,0.2675065955215792,0.09543960766682492,0.000595798885524092
0.9446188643149025,0.26822903216221716,0.09599793842561302,0.0005956042945780605
0.9493918778655654,0.2663176402716194,0.09255841787272197,0.0005947399385668092
0.9773293595982757,0.2700241056880699,0.09366600304583278,0.0005939757260606668
0.9383809302678365,0.26995142808166883,0.09602204831597684,0.0005990376509094436
0.9789812996757767,0.2686090138333792,0.09447554986044657,0.0005982604008167368
0.9845150558087248,0.267121265839837,0.09290157355834529,0.0005980475961661964
0.9641944180360014,0.271581322588472,0.0952356358356892,0.000597498746056807
0.9490752490607122,0.27094279265346755,0.0965845065173471,0.0005978570403570464
0.9558121862425892,0.27077568632460736,0.09648419361366163,0.0005966642272291601
0.9651382814773708,0.26454917660225363,0.09259035777386276,0.0005955119421232723
0.9450141388708317,0.2695693514545634,0.0939142146560912,0.0005945190264780392
0.9815709434661191,0.26576877315936165,0.09233828763192384,0.0005943464328572939
0.9391342938828409,0.2694424487762894,0.0961005888166766,0.0005937845135189778
0.9734721913100444,0.26508578191092913,0.09170018757135967,0.0005925956672047655
0.9528218549870413,0.26861437773108743,0.09284321971705119,0.0005934162205077393
0.954264113515908,0.2649118175677576,0.09283453136577136,0.0005924332502183205
0.9809363669251123,0.265693510694637,0.09211899140233262,0.0005940727913509445
0.9669088590274466,0.26482040219919245,0.09185532183636284,0.0005930168690603328
0.9517601117413808,0.27160388126690926,0.09624337178713073,0.0005935778001446341
0.9728352134536387,0.2663505866485898,0.09155213349665829,0.0005928080688962084
0.9621851121636649,0.26668875010311544,0.09495045546503045,0.0005928804226555408
0.9556246756873232,0.2656391316249529,0.0921399890772968,0.0005925076121341709
0.9566994687550512,0.2717723312270459,0.09544543026231816,0.0005915111687415161
0.9740063542144686,0.2701544245892642,0.09352363399260538,0.0005905186364383542
0.9472455317813804,0.2677504607234251,0.09576567550374922,0.0005909881600232297
0.9803937485434364,0.26883277412498163,0.09283008983362498,0.0005899703512257055
0.9822446313697757,0.2674958744248026,0.09221933049198172,0.0005892481782535095
0.9799149417461397,0.26606959317739065,0.09313957828804421,0.0005886043893329589
0.9535138912273844,0.2649969524816642,0.09319924087826807,0.0005890723775570154
0.9821316130496598,0.26614926189401533,0.09209288603092722,0.0005879717522810892
0.9443488665519642,0.26885310915318383,0.09619528054005252,0.0005876245484174011
0.9446531240477789,0.26847684103195,0.09346842338810399,0.0005881852992595812
0.9771237955981853,0.26665545898102194,0.0916862999311402,0.0005878979930657418
0.9702056218364916,0.2670725201100439,0.09172218163444178,0.0005879708293274616
0.9788152193435504,0.26971767107345457,0.09370275523261594,0.0005871646131690882
0.9679102387257448,0.2657438892164692,0.09158867055694069,0.000586031856301183
0.9440978417708923,0.266082136131236,0.093722083359996,0.0005848322115051433
0.9727766696941593,0.27022007658787106,0.0951869204342515,0.0005844640637759985
0.9645721070917332,0.26605506586172645,0.09440937727193704,0.000583451750046341
0.9413180818541065,0.2707819261326041,0.09587910899647985,0.0005822546298519374
0.9460517100538759,0.2694594565610098,0.0937977174011314,0.000581464040079753
0.9837691056082729,0.26677007962963684,0.09245886204116492,0.0005806555561325718
0.9539230296568082,0.26974537263498943,0.09641886038493164,0.000579884556691101
0.9741209763823431,0.26653244377163055,0.0916152344181029,0.0005795918750200764
0.9548447423453084,0.26503583533442665,0.09344102563456928,0.00057967815867926
0.9822241637046254,0.26637776664117574,0.09289391523738263,0.0005794417070702678
0.9705629064123134,0.2673603654593719,0.09482605569104262,0.0005784744941422144
0.9662180244925818,0.26975261002065154,0.09583498988463617,0.0005782867918556907
0.9719254771009993,0.2680553710544553,0.0920722135578034,0.0005784235290714498
0.9521481399414249,0.27080984284728915,0.09431817255305935,0.0005791438309429736
0.9378652982474431,0.2696553276352551,0.09541434601560146,0.0005791712278227271
0.9733671513430906,0.26489753584476317,0.09239468584461777,0.0005780251793280349
0.9614911502365171,0.2715925729927591,0.09521316330318735,0.0005769632170241219
0.9679821682128313,0.2650314736760484,0.09178935812534722,0.0005766654461741189
0.964809902452398,0.2667110889423807,0.0948071446739522,0.0005789178364464914
0.9533063320624056,0.266655861993514,0.09232918208204431,0.0005789166214730955
0.9518039717795652,0.2687245116026642,0.09301021886821745,0.0005778673142482318
0.9594570771587243,0.2703022992261366,0.09625831502051853,0.0005775900001540913
0.9584890073685255,0.26479712263360233,0.09264267484939388,0.000578177852053196
0.9375676250595113,0.26914940141245913,0.0951263997859413,0.0005776040318896367
0.9595465738212177,0.2685452251971008,0.09588325748794406,0.0005771198372883718
0.9666718282299307,0.2647146236817639,0.09219506956356438,0.0005764018775738337
0.9419629186609288,0.27075488826257854,0.09596604195816709,0.00057614726087358
0.9788577645286267,0.2676604750384799,0.09210305024713782,0.0005755008211248827
0.9712213677008013,0.2656714639485036,0.09161536321947321,0.0005763228700516138
0.9485531692822295,0.26799507315568105,0.0929901979345257,0.0005756503563824321
0.9567551748977312,0.26948088690392713,0.09314050373360296,0.000574737115007869
0.9572858633739862,0.2674277713341764,0.09546650631959679,0.0005737634205672523
0.9520625040710904,0.2662681717940112,0.09243664329231127,0.0005735528000795724
0.9486253381655168,0.2666704255150514,0.09275577597554596,0.0005728136854226799
0.9491240048086933,0.2690102916494481,0.09335155827267941,0.0005719158055081354
0.9534886219463399,0.26935481501147684,0.09324029769081915,0.0005720459551330568
0.9670322363620514,0.26498132930871177,0.09317475653566083,0.0005722333487896483
0.9408039956521819,0.26693276177337344,0.09423468603160806,0.0005717163550561791
0.9813540487371721,0.2669543355406314,0.09340168395955371,0.0005714709411815736
0.9511365145460839,0.2705276947866373,0.09648073694275369,0.0005718573265105196
0.9438344569604258,0.2699478941014437,0.09635172683182153,0.0005712927420238554
0.9731899291096369,0.26661921283016765,0.09417715728326728,0.0005717012544080795
0.9426259482865795,0.27019685408853156,0.09478915623286994,0.0005707551594443423
0.9439864675519622,0.2679797135784794,0.09346679859990402,0.0005695988549563246
0.9407552836738962,0.26838613339047024,0.09404170582374365,0.0005694341845510719
0.9541411335512393,0.2650825195764104,0.09293031145531215,0.0005682954943792304
0.9816132367994843,0.2668517006759248,0.0921303308240744,0.0005675451303757989
0.976598678914927,0.269734833894268,0.09346270949531986,0.0005664458151994815
0.9535030357447862,0.27157840781180087,0.09594622623543635,0.0005652870016461454
0.9589902375840893,0.27023594874889945,0.09358068905852308,0.0005642866695886925
0.9769169111223359,0.2660176985761218,0.09337403959192088,0.0005644911643483297
0.9395275173258089,0.2674406052542866,0.09437900879575288,0.0005634837751635779
0.9554657575024113,0.2713038495355382,0.09619220736919047,0.0005624832743877571
0.9522601400327684,0.26919442465562415,0.09625851892798373,0.0005614736317725628
0.9815681285343221,0.26639342988651515,0.09215872960018034,0.0005607391390867065
0.9790814672574513,0.26948393929588144,0.09368019009826965,0.0005596585191351294
0.9704930743121611,0.2652167764958764,0.09320930764366922,0.0005595084435155628
0.9686329690475226,0.26491134518498427,0.09289522290254293,0.0005590053987596207
0.9830321397713586,0.2675386861995972,0.09262234018229319,0.000557922846042345
0.9825263397713595,0.26816590153783615,0.09290740564216507,0.0005569059410164999
0.9463407487876125,0.2663147759133513,0.09313495120306546,0.0005561412613869257
0.9539834120955675,0.2655448774595599,0.0940493667332786,0.0005550165786191973
0.9582927139084152,0.2679656461211286,0.09566725702329294,0.000554220009871094
0.9603388805687363,0.2658231165537439,0.09193064196565355,0.0005531240592193139
0.9389641400133222,0.2689777468042167,0.09465997808354158,0.000552368192292354
0.9413564944578798,0.27030722872877555,0.09518060942579316,0.0005515950839994078
0.9476076733670045,0.27134261070906507,0.0958844644641324,0.0005516107477182808
0.9556334030324898,0.26551089448663867,0.09403136217526885,0.0005507813337819834
0.9639155636437486,0.27137301711610595,0.09528280340343859,0.0005497844075023786
0.9511471084097209,0.2711392569996147,0.09484444594872639,0.0005492507425261048
0.9471900078689739,0.2701665743866797,0.09643158111245555,0.0005497202022401427
0.9617972323544244,0.2660275076117862,0.09186438434185924,0.0005493290674135658
0.9615048794180758,0.2711141705729323,0.09442213056558066,0.0005495377006236617
0.939688519148115,0.2687366427328026,0.09441063108559754,0.0005484355679170787
0.9562835866681514,0.2656615894503078,0.0922289953381968,0.0005483154893573723
0.9420913529215458,0.2703793152831626,0.09611771063612046,0.0005472648748455491
0.9614837226790645,0.2687190028771502,0.09259618251385068,0.0005462863923346211
0.9389391995017817,0.26823323235070795,0.09529100453771111,0.0005456264615298373
0.9512968212539334,0.2682022777420401,0.09289263605374416,0.0005449477432078437
0.9437367177919231,0.26670895971511155,0.09467773040145815,0.0005442514541071747
0.9767898271053124,0.2660253733231843,0.09335579616770581,0.000543448885112492
0.9467420053674562,0.27067784916850024,0.09476255107335671,0.0005423362150267958
0.9762527564614008,0.26680698460581453,0.09396258366768197,0.0005416422180477094
0.958223338354605,0.2715653909134581,0.09553978951440938,0.0005405784033354493
0.9443218662420954,0.269250936345532,0.09619348807704815,0.000539871304599422
0.9744522522372847,0.26915591234008485,0.09492716662929195,0.0005400933600845597
0.9722560905084645,0.2650756110077832,0.09200593500538265,0.0005393377907863273
0.9577806659584809,0.2698208502490649,0.09336268989287697,0.0005392650968864044
0.9515766368181868,0.27134355750332384,0.0951629279013582,0.0005385085779131729
0.945773866832047,0.2711206253200589,0.09592027477898508,0.0005374651049480018
0.9776064621168867,0.26967457408084394,0.09369996709264909,0.0005369066492926296
0.9790077985229857,0.2680663697413199,0.09239071805646162,0.0005359617045046694
0.9619463556549466,0.26865188041856825,0.09575804701323279,0.0005350412097780552
0.954796850707913,0.2688428971490677,0.09606629287162777,0.000537869037513712
0.9748260338862131,0.2652159687543605,0.09215316001723386,0.0005376868459900905
0.9643703639384054,0.26516049464375024,0.09197470342878711,0.0005369484482571732
0.9556025449908017,0.2697170631567767,0.09340358031918715,0.0005358455504275226
0.95457037949644,0.26935450025289365,0.09323940460377089,0.0005349342130369272
0.9691555337588085,0.26621790780253884,0.09170240879059158,0.0005352336729636132
0.9455111570771049,0.26646006569569614,0.09454122296790754,0.0005351532223303015
0.948291599693114,0.27126622418175583,0.09597173562953334,0.0005353373829982321
0.939132891155678,0.2691491119618945,0.09561563794312247,0.0005373721642936106
0.9798853390705684,0.26776457671745035,0.09235616348754237,0.000537724658594781
0.9814055680225842,0.26638631873877694,0.09257419688704747,0.0005369350222244543
0.9697867229625032,0.2690255881528798,0.09267984924123344,0.0005373577919352812
0.977198688008647,0.269283559165705,0.09445565176081416,0.0005378001571494845
0.9565568350566718,0.2684517764140968,0.09271535353427493,0.0005371990425102277
0.958171654553686,0.27017599595226716,0.09364149971811365,0.0005366800366593192
0.9512811117425048,0.2713376838263082,0.09531496559781477,0.0005359838989126555
0.9505784439301692,0.26564444666759,0.09298690838592637,0.0005351508419700023
0.980653432935366,0.26728206951904987,0.09352919413963652,0.0005354489479653854
0.9606138442776224,0.26497794900721794,0.09312765228733622,0.0005346788059941742
0.9503815749458333,0.26956742254675725,0.0962882154241058,0.0005359250433719257
0.9704653478628504,0.2655831913336981,0.09177938976915505,0.000535956981086043
0.9727391197863735,0.2659250250316505,0.09174457443991715,0.00053505255979707
0.9703013105954401,0.26806124605411386,0.09500212797819849,0.0005344442128016368
0.9392789185367061,0.2695042967658927,0.09533030958508788,0.0005334552105837083
0.9815557981529466,0.2682896491420106,0.09343991850129815,0.0005330452040289937
0.9622212586967205,0.2648940364606298,0.09256400232391486,0.0005331184267774117
0.9632135431540334,0.2649112604585162,0.09288264191204157,0.0005334228535827092
0.9797255575661374,0.26648149524442233,0.09210196255711499,0.000534070129265438
0.9731212916497292,0.2655495154008598,0.09318394172217173,0.0005345761329844986
0.9550511148255882,0.2692902082793547,0.09613536589975982,0.0005340232763292271
0.9508848856140766,0.2673256507938606,0.09275118131071658,0.0005330471822958461
0.9571508999950691,0.2669358849019905,0.09225464193976358,0.0005324598197068099
0.9587647075215688,0.2673082863945482,0.09225092576908683,0.000532226214967736
0.9758840932082204,0.26943259747533976,0.09459685374258553,0.0005313035783152643
0.970024741829814,0.26509244324285985,0.09281466919926759,0.0005309499547916424
0.9605101231073334,0.2708211406629861,0.0942144267093195,0.0005306249235627836
0.9472591990392729,0.27028832854381335,0.09630283837329227,0.0005305172832067534
0.9543705015580404,0.27103821820736496,0.09615111584320717,0.0005299765418706789
0.9397150329595654,0.26857340447077327,0.09458901142039773,0.0005297885777000294
0.9495686871900162,0.26696764073224766,0.09511052040530599,0.0005291884963321371
0.9397400502358764,0.2685013270875971,0.09534973267844028,0.0005287052625411779
0.949467713260816,0.27049969016025255,0.09631487984768797,0.0005277772271014547
0.9486976260364077,0.270635186492187,0.09628016522081158,0.0005271799539023034
0.9653583930372918,0.26594854839518245,0.09184685827873741,0.000527041708840871
0.9772829467927497,0.2695131440714902,0.09366441335297078,0.0005275360048052111
0.9746857896755454,0.26722136083866843,0.09422978761883685,0.0005281782752948398
0.95807279452616,0.2668525798434138,0.09498690111152129,0.0005272272763815485
0.942811149327488,0.26732758013210156,0.09497130624228774,0.0005264117236153238
0.9732124833676732,0.2702726416129342,0.09444751168289182,0.0005253734497697532
0.9430709074836017,0.2700352471580769,0.09605966472701105,0.0005243104901555032
0.9463787074915047,0.2663787854194195,0.09436326149411883,0.0005236149241922459
0.9601691978393649,0.269496184172902,0.0959725516189488,0.0005226815115165488
0.9746405993965599,0.26539258244180886,0.09219482153270882,0.0005224249416880554
0.9707089835514378,0.2698387938877731,0.09521630881316376,0.0005222950505494742
0.9814439261457668,0.266856500432356,0.09283578095081015,0.0005214014377576443
0.972760084081731,0.26654609247762684,0.09401704888239344,0.0005205161393357065
0.9575598573337718,0.2651317996313016,0.09316251848776502,0.0005197620933382567
0.9498915785816546,0.2663225738417887,0.0928518785359268,0.0005191054530264614
0.9513687556963788,0.26562586802223676,0.09370548862387372,0.000519205618781089
0.9719656577423734,0.2651934503526121,0.09263661180356868,0.0005183844801662875
0.965524814302313,0.2673685319714638,0.0920611502417503,0.0005188572536449253
0.9754652632338807,0.26610541557463385,0.09340356685005424,0.000518104484821701
0.9459149333772245,0.2699784866689623,0.09620925565826069,0.0005190907207283311
0.9763237550630937,0.2667025554577913,0.09373856194031349,0.0005182670754246614
0.9402861859039042,0.2694952125442631,0.09558380607563556,0.0005176568869848047
0.9396853298202466,0.2691686198745178,0.09537194444291706,0.000517089272175938
0.94219008735808,0.26907065957361853,0.09434489125836928,0.000516642197615
0.9680389639261673,0.26501790946439874,0.09253594286789778,0.0005174066203652028
0.9486074092854953,0.2674137011012785,0.09303063582787519,0.0005182251679300098
0.9522884138137169,0.27040725082269224,0.09422294281702519,0.0005176555742567381
0.9719201224673277,0.2675120735159684,0.09458296345642499,0.0005168205035109141
0.9586542155743167,0.2680614662351368,0.09253615951583036,0.0005160318160354783
0.9489178274671293,0.26587389025976216,0.09368864019341899,0.0005151492516848799
0.9438239505771175,0.2700535808021465,0.0960542473435253,0.000514450326620712
0.9496779556418637,0.2667621878550823,0.09287048412651303,0.0005137585957519318
0.9803307178953098,0.2665176917841663,0.09247205091074437,0.0005135384292463097
0.9656729393239356,0.2650361299123625,0.0928449116953929,0.0005131931726675629
0.9542828300669584,0.26924236108592936,0.09330360932153635,0.0005127827099929315
0.9648807340621381,0.26659343070852537,0.09194169283449098,0.0005135897072579973
0.9771500360818752,0.26861084214365993,0.09431915487021346,0.0005125631842452109
0.9795136364769874,0.2671269510721819,0.0934776713008636,0.000512034613459801
0.9460566886459585,0.2693226973273599,0.09608542225546775,0.0005111053330523919
0.9570765368296072,0.2701350870975867,0.09375999672704444,0.0005101175816618406
0.9714871112008439,0.2660278592740417,0.09183865553315425,0.0005094334677224622
0.9414694470323681,0.268382823324572,0.09424727032433425,0.00050981718322072
0.9620864385400623,0.2710376952696927,0.09467124816999747,0.0005103540363543189
0.9582145989404367,0.2665091279533742,0.09221969682910602,0.000509673014644744
0.9564127547131189,0.2655767285958732,0.09249816623491333,0.0005095040297382154
0.9499851024027759,0.2673479670432308,0.09529124699755974,0.0005090306239464418
0.9755804181227674,0.26952668177022,0.09444153190784875,0.000508469026062009
0.9418768889482347,0.26741797920851207,0.09419778291175593,0.0005075984273791268
0.9663402218980544,0.265736228898132,0.09192680991331269,0.0005065782302311615
0.9502910954522275,0.2672046666774781,0.09287072496448312,0.0005059831338413448
0.981186503893662,0.2675273728048937,0.0931301938989597,0.0005051289488047698
0.97591034873445,0.2656315319188276,0.09243724784654654,0.000504691251278192
0.9559675600722457,0.26728396988160785,0.09246818144034588,0.0005037731062347545
0.9485873578335173,0.26857381879681075,0.09341005899450028,0.0005032450642354208
0.9433008641159404,0.2676326100284583,0.09379530794811401,0.0005022534488553043
0.9543416521314452,0.2699548884221339,0.09617519490883826,0.0005021793559280375
0.9447957881169167,0.26868939986932894,0.0938576005804208,0.0005011509362370905
0.9572149764839555,0.26732256805579735,0.09241089207506946,0.0005008822116119698
0.94967482650015,0.2705708063152472,0.09463759743111412,0.0004998756785025327
0.9462076665253978,0.2687299571959725,0.0958824618776975,0.0004999460350451372
0.9537031528702435,0.2710785064056338,0.09594669441183529,0.0004991454101927839
0.944319938352006,0.26978649663582943,0.09602862310093638,0.0004997785785969178
0.9503459140003674,0.27030795780022654,0.09620817487373055,0.0005007290078456275
0.9732074249121183,0.26789211940297464,0.09457298772323605,0.0004999160377622618
0.9590064710246793,0.26909426764492994,0.09586365640481544,0.0004991145941296756
0.9520457882212856,0.2699816029058064,0.09619873328856796,0.0004981099936175208
0.9608733650015164,0.2684828912830475,0.09560483987931383,0.0004971420758879736
0.9560471238669308,0.270010976664244,0.09374955609955035,0.000496817121471762
0.9539196030592052,0.2709339428312689,0.09602189707162415,0.000495891397222534
0.9472788875061884,0.2706646216830402,0.09506875512686637,0.0004950579485844588
0.9519263250741226,0.2675899926936771,0.09541830312203446,0.0004941958012961056
0.9648246906126889,0.26655652325668644,0.09197672549692455,0.0004935179734333942
0.9715663917160278,0.2702288260076944,0.09408264022088915,0.0004928315668855915
0.9561781031362155,0.27112508265796054,0.09495864554583365,0.0004920796256281623
0.9459868501394659,0.26689237066150096,0.09472805313934061,0.0004936268684524589
0.9732478232848454,0.2658792581343101,0.0933123206554154,0.0004945926466024949
0.9753703689842474,0.26621885093012976,0.09337914862405886,0.0004937406783890414
0.9584949629595023,0.27047118850692153,0.09598619008502658,0.0004933920090150666
0.9445597950980531,0.2704394112766504,0.09537068632145822,0.0004933183293222246
0.9739233699852221,0.2698137409651413,0.09452537366047034,0.0004923378318860237
0.9665965683349551,0.26512201195216023,0.09257531834845928,0.0004929507897289499
0.9461928044899857,0.2686870171793292,0.09374166966456812,0.0004922363183662038
0.9777375561867387,0.266595719346189,0.09332458870165222,0.0004913601263661813
0.973282354892282,0.2671772905050911,0.0920602538268374,0.0004913738219339168
0.9504527407213708,0.2660934066929501,0.09304140011175352,0.0004912766283864055
0.9643773646881293,0.2659633805540784,0.09401402566544231,0.0004910494715259757
0.9672930550822212,0.2701938135199189,0.09376583194355344,0.0004900727177193729
0.9542411421597539,0.26604161042373997,0.09425049998577266,0.0004900429276295671
0.9500543704673383,0.26606146192313385,0.09404218113379706,0.0004903827238953749
0.9724160215971231,0.26975710201128744,0.09481889835555289,0.0004899884692367795
0.9759644083076022,0.2658348666356456,0.09230889286728745,0.0004889830665838219
0.9781238055245947,0.26799305086832437,0.09261829677781809,0.00048823917274879255
0.9733313371529722,0.2694977908951055,0.09473728164813648,0.0004889740673796365
0.9434294700620747,0.2698469474696994,0.09488910562788161,0.0004885075907861897
0.9544354205713166,0.27101094478324805,0.09495671951961514,0.0004883394522267706
0.9794296434488725,0.2684578658064176,0.09346616348931386,0.0004882688915051493
0.9437430684093489,0.26892671625784437,0.09420507138890404,0.00048791387170311066
0.9602236514452756,0.26526351400128423,0.09317793487295865,0.0004869894733077932
0.9415969403406379,0.26816818658202446,0.09438822353192351,0.00048605160102234505
0.9447940820017635,0.26986466661484454,0.09467136569999766,0.00048565482544123167
0.9664492716471251,0.26751038357402024,0.09487936303024468,0.0004847800283636399
0.9477220596030449,0.2700633917658537,0.09445992676050645,0.00048383463625379416
0.9442057720948611,0.2700151645976463,0.09585597995891659,0.0004844712691425828
0.943974158669926,0.266982462297215,0.09420340385917905,0.0004837167348146721
0.968100777370843,0.270359353148135,0.09405810198442487,0.0004832981331955499
0.9636415680042596,0.26596526226330486,0.0940137985111805,0.00048240589494082006
0.9603210112118337,0.27067650054065906,0.09430254951383556,0.00048146764861095755
0.9434555791674608,0.2701270938108662,0.09541875408364173,0.00048099934509888243
0.9552643312163731,0.271094573999175,0.0956674997820238,0.0004800332748135478
0.9796664590727548,0.26699163052082797,0.09256999686612372,0.0004795218838757579
0.943784436365565,0.2695142932301138,0.09584307818018593,0.00047880262772071044
0.9496120573107394,0.27093129445062014,0.09555801983362097,0.00047814027201495754
0.9693610277710665,0.27041949498818707,0.09434689580331689,0.0004773440249823203
0.9433055459355995,0.2697356352728211,0.09577718749961793,0.00047638288316757794
0.9794774707789635,0.26775859618963005,0.09274223856824776,0.00047563847510336156
0.9578049092412719,0.26953730271487153,0.0959373644242206,0.0004756771292983132
0.9759526034692456,0.2659845663066769,0.0929021181997696,0.00047484163740539847
0.95689015539776,0.26557881471276557,0.09366551338492833,0.0004740019703375945
0.9554208221167251,0.2656871447243805,0.09377929643454923,0.00047357131833032363
0.9606553952456167,0.2684548492868388,0.09271485407973239,0.00047260478111625155
0.978769205440587,0.2665126928108039,0.09253314673769608,0.00047243395127036816
0.95043648605626,0.26594193718527204,0.09370727115058966,0.0004715975479794607
0.9753573618623186,0.26910918762802605,0.09441671898543215,0.0004707272532021396
0.9526462373097999,0.26806206118547493,0.09558503388611256,0.00047020012423188817
0.9743095260426724,0.2685120661863365,0.09270802723127718,0.00047007590242245087
0.9780332050114122,0.2688722786210993,0.09362736960945502,0.00046968231474013724
0.9727461498647578,0.2698653372137889,0.09458945001590349,0.00046988268690458846
0.9729418772588438,0.26935155992622817,0.09326600735738656,0.0004697062033616804
0.9561263922313916,0.26793066636174023,0.0954687311767391,0.00046879135783791786
0.9708692912869186,0.2668576070375994,0.09419853832916074,0.00046790723653627515
0.9464060793001146,0.26674959099752615,0.09355636414570903,0.0004669834552490606
0.9638103104178644,0.269660849140247,0.09562459586029533,0.00046875950089254247
0.9527923876667046,0.2702514371102691,0.09608103147381607,0.00046783342242894005
0.9481983336429902,0.2663159834931763,0.09403278776084457,0.00046710357374132774
0.9513225374509737,0.27020381494293444,0.09429970628004082,0.00046631477529911295
0.9422809647817729,0.26889330722662774,0.09548757886384175,0.00046563776537708384
0.9513596306216936,0.2698949118763494,0.09608903987899509,0.00046472305153865865
0.954332851235101,0.27000227003067123,0.09605819806362988,0.00046415490417353665
0.9700381763035999,0.26550829470443493,0.09302765779646611,0.0004636125835772392
0.9430503810454631,0.2695316870840059,0.09567855171464852,0.00046282351878708253
0.9602505887430954,0.27086459369384586,0.09464642279195586,0.00046191655682581033
0.9466509610061813,0.2668260381608314,0.09350259446778227,0.0004617953340194561
0.9735397131765797,0.2688905835832418,0.09295149745186004,0.00046168569488509183
0.962612635772853,0.27090427077804713,0.09487235179766573,0.0004608256456198576
0.9438649060647624,0.26765795214426547,0.09500590470089498,0.0004599102046488077
0.953060028691743,0.27096363444867455,0.09515563326756747,0.0004596310291289175
0.9701565651848281,0.26747367193562455,0.0945600380034731,0.00045977126787550936
0.9474399622802636,0.26793770415831775,0.09344022240022393,0.00045901937073519386
0.9483701954285042,0.27067857205155965,0.09524806965608168,0.00045810096217863274
0.943038472415104,0.268907752670273,0.09442023899143118,0.0004578466086523353
0.9789320209035441,0.2683744161567936,0.09332548062255079,0.0004572508944327002
0.9605897257971794,0.26773094132450703,0.09247286765407108,0.0004574727318358168
0.9587206210547699,0.266192390695976,0.09429388574770473,0.0004567523498677286
0.9769170327587844,0.2674753612051788,0.09240655457496315,0.00045601055763811935
0.9574547700157066,0.26726116380531884,0.09249487229200197,0.0004551478831988743
0.9440977199775951,0.2700965130169355,0.09540247354144166,0.0004544112040072468
0.9570903263500945,0.27035843449078434,0.09412891141109939,0.0004537899718954087
0.9501555180397201,0.26946727840611673,0.09387416617365314,0.0004530567465440118
0.9592092259836313,0.26961318496597286,0.09584486950086983,0.00045264744248119874
0.9664508460528367,0.26946298462569485,0.09322189372983518,0.00045207811543377296
0.9692483305566135,0.26638694569644117,0.09397147318771448,0.000451338683249054
0.9672686368261605,0.26803952067362635,0.09242507895761969,0.00045049129471045257
0.9578507708146411,0.26821871119871243,0.0927718993379904,0.00044982831639030647
0.9788235739277944,0.2677925897335178,0.0927806058645502,0.0004489389208764647
0.954403833576297,0.2697605911594312,0.09601165698251975,0.00044851190225289275
0.9495211423376801,0.26740580098699174,0.09515846132004088,0.000448414839942011
0.9730934948296959,0.2698354032819663,0.09410801038292241,0.00044787426601578694
0.9580318223254576,0.2692177553874828,0.09581736635641414,0.00044696067432160587
0.9779604353039613,0.2683284186367998,0.09299406085688328,0.0004461597473302165
0.9632385886937413,0.27077928635345305,0.09526455110241358,0.000445412342478302
0.9443024888943246,0.26722746559192356,0.09455949645650238,0.00044477409396882414
0.9703667748216418,0.26560544479329207,0.09306903409633789,0.00044421789974896127
0.9444806235942469,0.267130718795189,0.09404847300458705,0.00044547107698784185
0.943107737982082,0.26821949865224615,0.09522062948873583,0.00044475006921849546
0.9633589832076304,0.2689032025871838,0.0929162680310466,0.00044418910271680994
0.9644208631815374,0.2656152719318223,0.09350900545991614,0.00044334646908951745
0.948180706822999,0.2679174503978323,0.09540806932356273,0.00044296511059804
0.97904227248838,0.2670998536082463,0.09269878623110316,0.0004425444572281946
0.9750817226031625,0.2670109483251455,0.09379938927993435,0.0004434452215539813
0.9423729560485015,0.2681253180803933,0.09495953406190238,0.00044280669152253754
0.9781187497640129,0.26847108261313424,0.09328839619209571,0.0004442779086382966
0.9620587930678823,0.26936719016357147,0.09323871105247948,0.00044342306782261387
0.9452438177867908,0.2682960950184108,0.09544651298753638,0.0004426110099484086
0.9442700822659962,0.2699276754542794,0.09513042633927848,0.00044178590057269334
0.949823062050168,0.2662592235790806,0.09334101002789773,0.00044097710510435046
0.9626320330974121,0.2660073342877265,0.09397938865547695,0.00044036957228078436
0.9567533494398699,0.2677705748660806,0.09269950227487303,0.00043959136113884097
0.9788558609848064,0.2673376104586018,0.09325744831979402,0.00043908193836885405
0.9527027756252426,0.26903760005274036,0.09347540978888569,0.0004389601079701514
0.9685860328162565,0.26605819777966655,0.09207693226905654,0.000438789216930787
0.9544022552606961,0.2700523096074805,0.09598133268800693,0.00043800401241141936
0.9731956365274197,0.26783235753317625,0.0924232611990386,0.00043782222004029364
0.9489956726567073,0.26676119637779183,0.09457329882129521,0.00043781564488975204
0.974019423276987,0.26935866198855773,0.09353236676322797,0.00043702270770781755
0.9436105249983608,0.26769237213963115,0.09415052696416275,0.00043643022475576453
0.9595009619416306,0.2707282152395132,0.09459221007861889,0.0004366741367774907
0.9489778544465928,0.26630570767359996,0.09366169971364158,0.00043583072167649353
0.9444931837561352,0.2673414883792651,0.0945990347112286,0.0004362203201349983
0.9447505422061866,0.26776187920926997,0.09504555748868729,0.00043617155000379393
0.973347297361908,0.2668720182019677,0.09387235848962232,0.0004356618857262038
0.9598707924616168,0.2707280197147386,0.09553875209248512,0.0004348142193088818
0.9496626170222697,0.2677048724475235,0.09323027619689032,0.00043394927799988514
0.9676281716148321,0.2701895602719604,0.09403782474164665,0.0004341054612379194
0.9429808213404769,0.2680597714312254,0.0949466717690032,0.0004336073343189816
0.9528980351165419,0.26967111318547476,0.09387703775201339,0.00043369462297440924
0.9469004850204303,0.2684601172319667,0.0955660239329786,0.0004329090810555092
0.9668364718421376,0.2704806545858569,0.09463091719872502,0.0004322771752438693
0.9709889903217821,0.26565318255226833,0.09240453014730847,0.00043198501348436875
0.9468800396292334,0.26860328201216066,0.09561677226435111,0.0004317444026550042
0.9428996450815195,0.2689919676759309,0.09534731784182754,0.0004311120387420572
0.9521646989593613,0.266212927768559,0.09304206374016558,0.00043040513498085085
0.9722425684819775,0.26586992601710446,0.09306623808428587,0.00042975041172695105
0.9726673257203942,0.26817887206297875,0.09451417648531978,0.00042894929520720225
0.9733249393982888,0.2693301839783224,0.0934743985023915,0.00042883228047254393
0.9713939081142904,0.26965171850658676,0.0947141005830307,0.0004296505713477742
0.9509903373636881,0.2683688317450623,0.09333764210434388,0.0004289651747740541
0.9468496859434659,0.26721218798090485,0.09357650759472798,0.0004286663294492468
0.9474660703852837,0.269908263749699,0.09585417452577047,0.00042802168528100344
0.9456048011856257,0.26742320840926803,0.0948165960563979,0.0004271705890561146
0.9617754412130939,0.26575903039965887,0.09240080495483882,0.00042725447125904596
0.9465805251267074,0.26692334801294004,0.09375395079208493,0.0004263894876801955
0.9498058820185591,0.2699342398833522,0.09593217536695173,0.0004256658042193557
0.9514479406206942,0.2662754362014803,0.09410485470037502,0.00042504058976018774
0.9700449560729183,0.266686640034578,0.0921252400563953,0.0004242901259237719
0.9465367937732942,0.2702574615608646,0.09549249029262231,0.0004237862724914071
0.9574186167435688,0.2688010502452396,0.09565618392826652,0.0004232537143193824
0.9669626813919905,0.2655050424565677,0.09298905039337141,0.00042258113051240275
0.9782842547033272,0.26785058183848864,0.09299905593738622,0.00042222488263422977
0.9672801135983544,0.2661076687527566,0.09376684133059231,0.000421430194648464
0.9427659855828558,0.2682594896449324,0.09461543421615771,0.0004209407337119386
0.9498015845808272,0.2685246093286411,0.0935172223453863,0.00042021434269943217
0.9502749898512093,0.26668537790424707,0.09449721068170959,0.00041950471029691234
0.9463877105561185,0.2698014152944668,0.09468111698027315,0.0004192403742619031
0.9685116851867548,0.26722487222036606,0.09445431370423987,0.0004185880457814593
0.953558497913555,0.26954311557951005,0.0937806456860796,0.0004180163778453515
0.9445243759705946,0.26752381314545737,0.09468188513703098,0.00041725882631466187
0.9445883128090262,0.269512824357937,0.09559198267524704,0.0004164259126697125
0.9772257557644721,0.26811928471997826,0.09376924574952754,0.00041566900210916237
0.9559396785540901,0.2688685326862368,0.09570287528399948,0.000416539677896864
0.9527523925651682,0.2683716345418572,0.0955791940866886,0.00041575143072060015
0.9783192572461239,0.2672036119210659,0.09299225571329024,0.0004149776537159298
0.9529264802549022,0.2682006612834311,0.09550656106619142,0.00041434626443874413
0.9505677753081709,0.2706355421924216,0.09524123710735441,0.00041353653573224534
0.9748863813147235,0.26918674469165715,0.09407237010934955,0.0004131994231627295
0.978055945714841,0.2678164268592842,0.09296457279463242,0.00041239875157159
0.9433887121728084,0.269075889429109,0.09534562971714851,0.0004116295154702856
0.9757589435293266,0.26848385250775175,0.0940892750650309,0.0004111728988258775
0.9554389660112985,0.2698766941726556,0.09392419690762017,0.00041041611177127614
0.968114083266773,0.265779590953372,0.09332233886033955,0.000409694111312743
0.9600398689551888,0.2676124984098234,0.09508426655486016,0.0004089818220571309
0.9557172046199973,0.26780944626969183,0.09283850234979214,0.0004087660721684621
0.9515168168169819,0.266496227516003,0.09433821016778578,0.00040800093693828444
0.9732720777135135,0.2695210878615839,0.09424244623640139,0.0004074697341528267
0.9648573701458307,0.2684772735762606,0.09519948434035244,0.0004066466708631169
0.9584511546923071,0.2698639321189278,0.09577315882517878,0.00040595875386551823
0.947382163975421,0.2677874191158425,0.09357348771788178,0.00040523767343640074
0.9556674852026532,0.26668020509833656,0.09265674774244147,0.00040464731852469393
0.9685687349524024,0.2656845071877061,0.09311705711565452,0.00040443643898860967
0.9778958539269897,0.2680151926906946,0.09347082001860775,0.0004039131691274407
0.9707173475321405,0.26606802151257747,0.09221757127799655,0.00040388152135292083
0.955475957418864,0.2664289194065159,0.09436738274461885,0.00040360349875405384
0.9639025386323947,0.27053036215933624,0.09454530495256538,0.0004032187460286487
0.9660635859732523,0.26928788088515443,0.09527090058777861,0.00040350068654983667
0.9501541710124393,0.26748908018757445,0.0950861630155349,0.00040270108307645185
0.9543531128362517,0.26655091200414827,0.09445665162906049,0.00040254235920091287
0.9482866703866843,0.2689418497444642,0.09390106012868096,0.0004017507512632742
0.9723906867562135,0.2658943658632593,0.09287421360842545,0.0004011388376842229
0.9452686993962764,0.26973484556342386,0.09493374477994913,0.0004003948061345855
0.9543124676059289,0.27057114012676897,0.09474151088046037,0.0003996011561638019
0.9669117507370846,0.2671777705474867,0.09450445281809344,0.0003987895844720493
0.9649362539628044,0.26623301058012205,0.09396554223088571,0.00039810065118000675
0.9591172150612888,0.2706224784669504,0.09462078460806421,0.0003978049099585284
0.9682329541909738,0.2666450674175749,0.09217407677369605,0.0003972694339027298
0.9647097920603276,0.27043756823969334,0.09508959541725566,0.0003966709963125974
0.9757883841969601,0.2672336043507506,0.09248045919405125,0.00039647144050987496
0.967927589506349,0.26647403932171754,0.09217279254566466,0.00039588655939683666
0.9516603922956204,0.269601433741407,0.0958715322840127,0.0003952504108256938
0.9773344345136952,0.2680372419823436,0.09360563991912656,0.00039497006965682525
0.9586440515820431,0.26686769026615664,0.09466195821997953,0.00039438876924027566
0.9636578098026458,0.2667114318855066,0.09227280702524127,0.00039359150921944053
0.9462464619183404,0.2700065507587077,0.09511700718184206,0.00039307825707800953
0.977003529492265,0.26733383184039927,0.09265958349978314,0.00039258623756007453
0.9673255735653399,0.2672275493837106,0.09228584471178161,0.0003919553431841191
0.9714293225239423,0.26629097107044064,0.09351215748060585,0.0003913926364173407
0.9568599894166674,0.2689105537462979,0.09326190613647567,0.0003907302002701637
0.9760276947320694,0.268603713655297,0.09326623867344341,0.00039011332949656733
0.9472768090260146,0.26695260367523654,0.0943743382119418,0.0003893578062352014
0.9737386242067263,0.2671529016269991,0.0923537320502792,0.0003898063262470934
0.9440194654318628,0.2687958840239353,0.09452517274466467,0.00038908394231450147
0.9734007491155889,0.2687661381247797,0.0930950760305196,0.00038832752910769033
0.9755624362988495,0.2679826183279419,0.09397041036760984,0.00038779081580815264
0.9555259990274276,0.2706475199192677,0.09484342558583485,0.0003870539263507054
0.9555009868522717,0.26627923186070634,0.09276730224108519,0.00038630405892083703
0.9751624395235332,0.2669340128216602,0.09353709574418992,0.00038593544115660925
0.9552808162871447,0.2706367597382948,0.09484733848351352,0.0003855128842561203
0.976728235175214,0.2667425937585792,0.09295907982196377,0.000385137914426212
0.9755548074324345,0.2670074580843744,0.09245929809908729,0.0003844955763264016
0.9514990685309108,0.26637120275540505,0.09408125326377313,0.0003841963702138186
0.96344436767518,0.2685095691248194,0.09525090915533782,0.00038350371606916836
0.9554908890358202,0.2674834030609945,0.09507878791723293,0.00038303422602590533
0.9516430675428538,0.2700343152332245,0.09584052090077148,0.00038244443437936365
0.974158964849531,0.26700988069737885,0.0923647216766898,0.00038181037960241586
0.9598494528738559,0.2695297313414686,0.09564219644632564,0.0003813629523939593
0.9658738965964488,0.2667993966189235,0.09224858440196815,0.000380745561370665
0.9439658277211382,0.2689223486563743,0.09527132544064218,0.0003799788252913584
0.9457521499394002,0.2684675255322644,0.09406425088235239,0.0003793583003958912
0.9513525502782869,0.2705786334420437,0.09542161691444363,0.00037889267794339704
0.9751424419326877,0.2672708426072927,0.09372543503850647,0.00037853063757828864
0.9646803842535174,0.27041089765814985,0.09501624367915977,0.0003779525843950943
0.9582965371394536,0.26760775481474686,0.09508527003097357,0.0003771991734700985
0.9543599837223002,0.2659691624635325,0.0931805759740286,0.0003765941250235154
0.9479778300959563,0.26946348671139586,0.0943092279434164,0.00037638221031265583
0.968341290623794,0.265733745376342,0.09247954912033271,0.0003764509288981267
0.9606748642766263,0.27065332328059855,0.0950725928064511,0.00037744468689004934
0.9575152061042207,0.2706850458080414,0.09494501632813637,0.00037672040738514974
0.9618237504867402,0.2681391281430201,0.09518512899154571,0.00037618466324804937
0.9444853401114965,0.26777599435982324,0.09438124131240777,0.0003759204790581593
0.9437004319717683,0.2683789795943601,0.09463274172169647,0.00037530142570432496
0.967469736598698,0.26711193144225587,0.0943792592279994,0.0003748659950378634
0.9474456291942861,0.26874739773909306,0.09554159805772663,0.0003741956069986712
0.9730722533779694,0.26860038554200605,0.09440523661883526,0.00037412647552572943
0.9742115921709722,0.26696748083404276,0.09240376630911021,0.00037350247099651084
0.951476280151649,0.2669100923246617,0.09462220355264611,0.00037298692915166057
0.9532777955343708,0.2698252337313174,0.09411305149799201,0.00037242305010287994
0.9680728530075395,0.2673004287040661,0.09443574012757426,0.00037167871327492595
0.9703908168114594,0.2660869293490442,0.09332965661647755,0.00037108219563472257
0.9729204870694783,0.26856859427032487,0.09298275663056893,0.00037064834943890506
0.9529396393928717,0.2696391146101622,0.09399663886237064,0.0003702368746710083
0.9602316593562712,0.26626108909808743,0.09408823033866022,0.0003694984602709418
0.9685409937146137,0.26581221829415314,0.0924625777898637,0.0003693002984788621
0.9683902603119297,0.2665712918035368,0.09394765958949784,0.0003685755012172517
0.9665835050663105,0.2701592532091215,0.09424626227830407,0.0003679815126985844
0.9470951650505075,0.2692408673198303,0.09431249482090909,0.0003673518995510796
0.9457591562118282,0.2695881263363278,0.09547255383307295,0.000366812653357311
0.964443261968313,0.2656061350749599,0.0929738049560207,0.0003660634840086631
0.9445338174731148,0.26869571243100876,0.0952280231172466,0.0003653217404966403
0.9617680802256938,0.27048526098862324,0.09523441398279092,0.00036468038932364823
0.9742688269386548,0.26628989980223206,0.0928736263344721,0.0003639729286159979
0.9772110381766428,0.2677357422587814,0.09336583179811736,0.00036344836848895733
0.9658476842989234,0.26878676988981987,0.0951361305549195,0.0003628636692903538
0.9450646977541908,0.2685911196605282,0.09430903132148077,0.00036255098405476406
0.9559259457787306,0.26820888274281307,0.09538564797217626,0.00036222790032736806
0.9497379223419369,0.2670557393984403,0.09335111590260142,0.00036148812302724007
0.9580063011692967,0.27026266799239185,0.09562185877996099,0.00036096807027429585
0.9675332251301612,0.2676152797114053,0.09461606677144531,0.0003602381538139188
0.9518680442258933,0.2665707756955231,0.0942792794240277,0.0003597059095831927
0.9618252097710354,0.26773575991022724,0.0926074470852255,0.0003591880413181866
0.9710523294694262,0.2690437008377773,0.0932518536425869,0.00035860859093737125
0.9443447568879737,0.2688880511981595,0.0946680968787843,0.00035829604407324096
0.953616632411256,0.2705519894316566,0.09500114025157064,0.0003578884437572998
0.9723154955104185,0.269445483879198,0.09388405684871569,0.0003577112465548006
0.9700331451282747,0.26969626423059223,0.09462465660963952,0.0003576214811091146
0.9655703607193153,0.2699321561206307,0.0951545200856348,0.0003570747526735057
0.9486666154697634,0.27022564416388484,0.09532011917024087,0.0003563646976149874
0.9518664446356677,0.26936068290702453,0.09575291930249684,0.00035571459746647167
0.9697148392917718,0.2698588208834558,0.09447718751982444,0.00035512596175003337
0.9541208357048543,0.2676722377436107,0.09514028459892707,0.00035462482590820657
0.955215887648734,0.26603004923039375,0.09308538640031523,0.0003539247149710067
0.9751956288638262,0.26759561297538825,0.0937873005994245,0.0003533968880070591
0.9570354055234453,0.2658383935313242,0.09336113690332114,0.0003529152227901081
0.9486290554984205,0.26901467103401977,0.09401502612145084,0.00035238118609231265
0.9441558962753636,0.2689539406280961,0.09494180638469459,0.00035200311914422637
0.9495159935310564,0.2668808551198303,0.09346296800601528,0.0003516932845279621
0.9652166968670635,0.26921244373506914,0.09327946386884554,0.0003510056782430925
0.9732444526042681,0.26632112233533833,0.09249285573945328,0.0003502872087570701
0.9722975315492413,0.26648780699550056,0.09235847877128214,0.00034961278617078636
0.9671422078545611,0.26621003705806556,0.0936949628253721,0.0003489727806610913
0.969899161244907,0.26907782737236907,0.09478532540296652,0.0003483405809317411
0.9484053279673486,0.26680210144913596,0.09399405600304633,0.00034768680260641594
0.9457213761649612,0.2674844986840217,0.09443804106457215,0.00034709148743707817
0.9716832314949926,0.26619554368064713,0.09322228460267351,0.00034671062730553425
0.945618845344887,0.2675953744808466,0.09415671909607178,0.00034621228683679134
0.9701030239695232,0.2661411915372025,0.09236946515348538,0.00034587410136378285
0.9570632753632804,0.26746879927015854,0.0927717910978642,0.00034526133578807733
0.976024203737559,0.2671691759993957,0.09336455759757992,0.00034475604264036947
0.950122386963713,0.27026475603647526,0.09499604665845139,0.00034418222289514625
0.9476730425717363,0.26816908345435686,0.09378600120566251,0.00034389237920810626
0.9572417282237247,0.2678632709494595,0.09518071829533947,0.0003432220432372103
0.9561666936886972,0.26618935881059036,0.09286884301553762,0.00034298231100331417
0.9610586795717975,0.26795669631360397,0.09273335143531261,0.000342277487627943
0.9590849108129582,0.26630203736645486,0.09409481586563946,0.00034161272021033466
0.9596778007673894,0.27053316610044975,0.09474706898838188,0.00034095236636168296
0.9533663212127177,0.26985006296675795,0.09575631064350527,0.00034039040147396056
0.9449342156938574,0.2685876259786293,0.09515552385097333,0.00034005844060886305
0.9667692025585577,0.26571641986634886,0.0927523264807014,0.0003397754454377471
0.9697964270917296,0.26749156132679786,0.09434734499643643,0.00033925549597761835
0.9617838306895656,0.2699020181746621,0.09544383910275481,0.0003387520934948111
0.973403282088027,0.2689959814552769,0.09420671114924038,0.0003387214364058118
0.9626417900753097,0.2688513517480493,0.09310662180754496,0.0003381609704521891
0.9666088833935191,0.27005810888568194,0.09487052566626508,0.00033825875953882173
0.9574786363791734,0.2704840099347292,0.09471054359143594,0.0003376091576614693
0.9573005065424169,0.269444851068781,0.0956473987368626,0.0003370083178881745
0.9559414851183021,0.2660891838113906,0.09299282106659185,0.00033632686075622933
0.9714868370408034,0.266150519104158,0.09312043839360129,0.00033644904378581016
0.9632516922315499,0.27030940954260974,0.09443720717956149,0.00033580091048804675
0.9767362066650609,0.2677116550212586,0.09326802119826909,0.0003353028078971084
0.9677338410876661,0.2690050846524441,0.09496693736727091,0.0003347817525305392
0.955100092798105,0.269668650975464,0.09571423115767017,0.00033413847644509057
0.9658821518989402,0.2695578534093963,0.09514255199111578,0.00033375394453465167
0.946540099539023,0.2684788457592773,0.09409098025180467,0.000333076856763882
0.9699947200085894,0.26619781707816736,0.0923927923127078,0.00033244157527498536
0.9749534574949088,0.2682506577128745,0.09393408292815338,0.00033217479493660994
0.9492996532326572,0.26988371083698537,0.09562972283409676,0.00033149970152694983
0.9567625629508516,0.2701338337470518,0.09428192654995197,0.00033099277777122357
0.9643336281740318,0.2702610703746777,0.09498276956636514,0.0003303336960392871
0.9655650360195356,0.266798433744746,0.09422994537232053,0.00032967801210748447
0.9628819601968122,0.2704102738670793,0.09472534354176322,0.00032909692606318726
0.9629177792936154,0.2657265743730186,0.09314759259669873,0.00032844340272763915
0.9529820313707038,0.26840629367447155,0.095443921023958,0.0003280568474141627
0.9495777376948595,0.270005184710731,0.09476892509740158,0.00032765164115899535
0.9446760360887936,0.2686098636895917,0.09461014614998804,0.00032705854267355575
0.9539571126325672,0.27050342806252514,0.0953415412998513,0.0003264248415811927
0.9608630429033749,0.26576088633632144,0.09322551157208323,0.00032592011551004207
0.9562148748253438,0.2670488564496356,0.09278887972483452,0.00032527282914713185
0.9663744680984223,0.2701567554161193,0.09459416662065494,0.00032469500445420757
0.9697927284357011,0.2663561369019707,0.09235620444163771,0.00032430035498985036
0.9445600744170921,0.26834500681338835,0.09472295107744098,0.00032366416105234364
0.9499285622487701,0.26984552152517094,0.09565594153335162,0.00032333336371757985
0.9612363723826043,0.26635520110374,0.09406129491015212,0.0003227830931612931
0.9588942296936196,0.2696746061259412,0.09558289601101151,0.0003221214726691041
0.9605755834306855,0.26618717760298516,0.09390921428834607,0.0003216020611450669
0.9609152647244077,0.2698130811639998,0.09384804629489778,0.0003209483785194478
0.9747884117898078,0.2672892862702374,0.09361636216369251,0.0003204561129510172
0.9582459877246166,0.26617548498818233,0.09274104364056014,0.00031984747621378314
0.9519022127953605,0.2664073971489074,0.0934736472178546,0.00031966780877820656
0.9518190187684876,0.26671966339068054,0.09324234739298355,0.0003190490568395876
0.9529634814176582,0.27042033176531666,0.0954029436918037,0.000318894815743922
0.9692324116804851,0.2685602821980462,0.09294236791754866,0.00031842889669415534
0.9539836464543825,0.2661620688983577,0.09356836516703028,0.00031796454255107276
0.9520559025638864,0.2690420660413262,0.09562468432150485,0.0003178859226872001
0.944969272210697,0.2689643855377275,0.09479805372804648,0.0003173899819528115
0.9450586625069075,0.2689961910506402,0.09478807514298693,0.000317006376542238
0.9761475394514925,0.26794319537894284,0.09318991886269311,0.0003170231822021488
0.9491156651383346,0.2686378276385688,0.09544470043819292,0.0003170209122158982
0.958413029013192,0.2700886481141045,0.09420946984608505,0.0003165159628039222
0.9685176216638336,0.2664071852085048,0.09236127550717448,0.0003158907452820938
0.9723185409159232,0.2662682721120475,0.0926287453857883,0.00031546222088777896
0.9633578123607318,0.269498054942376,0.09530623094758214,0.00031516091434230465
0.9475363736613538,0.2682398906218102,0.09518948071398799,0.00031492642515684304
0.9522237437807135,0.2698127940898425,0.09567742420937944,0.0003145871660687502
0.9539671316442977,0.26868456713199795,0.0955054994856376,0.00031399104196526065
0.9618826933075084,0.27035750329315555,0.09461019196524964,0.00031352251680816825
0.9725600946163695,0.26755506403397455,0.094033560455144,0.0003129559729068077
0.9533858988588442,0.2688977182664569,0.09556984225254808,0.0003124303575235026
0.9522930128563711,0.268135521895833,0.09529381139031393,0.0003118202236658213
0.9658167548619776,0.2676230945450795,0.09255080347120503,0.00031119422478348495
0.9648118802098722,0.2668736047134266,0.09241004195270458,0.00031090191593512086
0.9700790385211899,0.2661174588516799,0.09254200045654437,0.00031033616555159785
0.9742143330727284,0.2669968540644938,0.0934639670802779,0.0003099732632963141
0.9568204759473087,0.2665200175086746,0.0942328152040713,0.00030938915468580873
0.9511597808983048,0.26859684494208746,0.09546462865429872,0.00030877441877271675
0.9685460734142612,0.26926176198136,0.0934537528401193,0.0003083615699097799
0.9608741762388711,0.26799626373891194,0.09506827922646503,0.00030773271809044297
0.9670630011600387,0.26750596183569386,0.09450756837193731,0.000307269441983587
0.9680083284855012,0.26670280960622095,0.09236505050171746,0.00030694210495588734
0.9475825113245868,0.26948236688283855,0.0946222662303585,0.00030647387565203675
0.9630882852280251,0.26930186625144037,0.09530104071373734,0.00030588202338183433
0.9707658776729691,0.26819693673453293,0.0928132034441862,0.0003053341882636486
0.9680043113347079,0.2661386628446616,0.09342050693406698,0.00030475011109651687
0.9679989192067548,0.26918841749761646,0.094890786177853,0.00030424875025345107
0.9583318734194464,0.2668087377877195,0.09446072109126759,0.0003036298155338296
0.9716077942745507,0.26732038555062787,0.09250752778634806,0.0003031426293570263
0.9673178356268917,0.26655596930695014,0.09237301824337839,0.00030285700868593784
0.9554149552948186,0.27021140011573963,0.09554434439187412,0.0003022799721839327
0.9752237227070442,0.26714542561728716,0.09278033906114938,0.00030179559814607287
0.9627624397461663,0.26760781424656943,0.09262470472891739,0.00030120934658586524
0.9597293310455033,0.2677723971887205,0.09278627253609051,0.00030068581901184605
0.9563147409175752,0.2684310642661625,0.09320305786154302,0.00030010945629691427
0.9624561504344431,0.2659130117833486,0.0934225291565093,0.0002998360930435823
0.958570918544579,0.26803910651743035,0.09515805628341821,0.0002992765555182168
0.9459904549157194,0.26825902660707523,0.09425057431663,0.0002990274714160934
0.9597040073254952,0.26586808479768553,0.09306270040410618,0.00029871057754720244
0.9629674635385985,0.27028732840910275,0.09460843453771835,0.0002983859141787463
0.9621259225240841,0.2683469435295256,0.0929259278308894,0.00029789943018217587
0.9738034106530744,0.26798092325812584,0.0939837992205349,0.0002976177312984076
0.957664695203718,0.2699144457507252,0.09555366537150507,0.00029701284096520685
0.952822798483977,0.2699501159372266,0.0956208338224146,0.00029649112955322206
0.9621615960472045,0.26922317154569675,0.09342015916640409,0.0002963166216243779
0.966654378122497,0.26975398458514666,0.09391792077757226,0.0002959217762696414
0.9487589678745145,0.26714451341480583,0.0937404334359362,0.0002953285260960135
0.952488620160242,0.2703145360173629,0.09530024972536073,0.00029482269955920725
0.9453984446629153,0.2682962023315849,0.0947962496320782,0.0002946122443297119
0.9488331728456139,0.2678416928528107,0.09368273555592246,0.0002942616014582252
0.9688321559552691,0.26972942028321256,0.09414022442736711,0.00029369115708041547
0.9477188415760569,0.2697356421411614,0.09500984238413619,0.0002931045806723086
0.9689957420182402,0.26768914681211586,0.0925920062286437,0.0002927455689666712
0.9601053356522318,0.2663648429113974,0.09264262357933596,0.0002925375364009793
0.9546150600552359,0.2676714053768967,0.0930728827211244,0.00029198394066469257
0.9647284203302693,0.2698781597752935,0.0950694672598339,0.0002915123842305893
0.9603417247949704,0.2696787715803539,0.09381943103214331,0.00029104019375073356
0.9462012304943475,0.26785502234730196,0.09464643467451099,0.000290537314519371
0.9733836111851133,0.2672646374964722,0.09262158780800427,0.000289976052891421
0.9538952950676496,0.2672197526489015,0.09474500964047497,0.0002894687748137449
0.9739908996828088,0.2672628472839169,0.09267442094039377,0.0002888990686916792
0.9505114164103876,0.2701084180613482,0.09500942407692776,0.00028833365269779543
0.9586766754532654,0.2659711703776688,0.09304686818348946,0.00028829009702784113
0.9731537327465833,0.2688553917162577,0.09406297097545678,0.00028796152530263905
0.9470070646874014,0.26951633748931125,0.09493069652456498,0.0002873929515579719
0.9513763304997571,0.2667777229552264,0.0934216193128852,0.0002868410428437085
0.9689818541828075,0.26901344007314476,0.09331516713102632,0.0002863869666612794
0.9530362052148309,0.26922243533078105,0.09559558832206988,0.0002858701631760974
0.9655587038982176,0.2696562130579232,0.09504220752110717,0.00028537365462977146
0.9573603159045003,0.269753286573271,0.09399706106052519,0.0002848853402487278
0.9633512200117895,0.269517112017742,0.09524781709382665,0.0002843900759690055
0.9468346351237571,0.2693082085159977,0.09472939239514103,0.0002844271698883932
0.9592298123933052,0.26799014713330216,0.09291110582774233,0.00028395739358846867
0.9576783396644011,0.26600563714316916,0.09325995172948909,0.00028347886226074754
0.9464576466841361,0.26776667118721287,0.09424503455625885,0.0002829217569207765
0.9492759234300667,0.26980953511219097,0.09544488100427602,0.00028234544360173736
0.9563014692256964,0.26784493448897617,0.09301977135018513,0.00028178820579442273
0.945921737985028,0.2681540009093131,0.09478755239849447,0.00028131494014881417
0.9476379271774285,0.26815458572641626,0.09396296786197006,0.00028108334073956076
0.972106094139729,0.26720127768744506,0.09255754064207397,0.0002805824496888649
0.9653810011809334,0.26814543110262123,0.09484862599455163,0.00028002973963332567
0.975619807898326,0.267622682004492,0.09326998818907321,0.0002797037099958493
0.9735309739867013,0.26682365806564023,0.09332419882845812,0.000279232650602235
0.9566438438669778,0.26773808029436474,0.09297264504986578,0.00027867963006128883
0.9517887092374835,0.267611565682754,0.09494440735088311,0.00027873563789545397
0.9665538724460312,0.26954218891125503,0.09493893533648416,0.0002782868343433886
0.9570850156232389,0.270060599479087,0.09548225482620587,0.00027791269962649726
0.9683289631244474,0.2667228078482333,0.09243009398803935,0.0002773667173738518
0.9693172947381843,0.26949259570533934,0.09386174028114298,0.0002768121799375441
0.9700764064762648,0.26951734626122215,0.09410969455022312,0.0002763015665809391
0.9540516615008467,0.2693822735021849,0.09559245217229244,0.00027577149355618324
0.9629878116344237,0.2667097106577516,0.09419377517382536,0.00027525820469271754
0.9557852720206803,0.269809810203121,0.09415259926989862,0.0002750657917752591
0.9709819672267894,0.2664119607184685,0.09257451247831801,0.00027481500257401254
0.9701097849278604,0.26630409216658957,0.0925725213571661,0.0002742788150572806
0.953124131960374,0.2695699541998946,0.09413777528677857,0.0002744172681135954
0.9579759756681145,0.2684744035578521,0.0952956095810686,0.0002738866255209291
0.9752435207331036,0.2676964939786106,0.09343721440443006,0.00027348954518113344
0.9527430827684089,0.26773927574096135,0.09327742337398828,0.00027296981489804967
0.9469929051695622,0.26778544969258955,0.09466454237831588,0.0002725344080513457
0.9569211471648664,0.2661723278520427,0.09365996860278673,0.00027219706825960387
0.9621282734206904,0.266157604072641,0.09266612787478158,0.000271768738433017
0.9649887208351533,0.26885978631741025,0.09504807899083607,0.00027130756275663343
0.9599736921768134,0.26720978890705305,0.0926947639930625,0.0002709652356460231
0.9661771020769852,0.26824032499771167,0.09285590618366188,0.0002706823184843172
0.9526846374733662,0.2665174088212341,0.09349805641906525,0.0002701698935984553
0.9592213430286609,0.2664206997606533,0.09274371670718806,0.0002697406901149828
0.9469836124471822,0.26935300803538387,0.09516254257923651,0.0002692906485577546
0.9710485659322856,0.26803871675029245,0.09282791489095961,0.0002687634124747978
0.9714188602660947,0.26795361547711005,0.09422357407366454,0.00026859908669199127
0.9567504374123921,0.26962831759513906,0.09553163122512387,0.00026823918698323253
0.9609083805190153,0.2702779519075511,0.09499342239700169,0.0002677087648545485
0.962594403247552,0.2659062884394472,0.09306823390287784,0.0002672442916360626
0.9653014814090373,0.2696666686329552,0.0938581365042894,0.00026669938367175855
0.9579410807745816,0.2691651724598989,0.09545865460197048,0.00026620216759182946
0.9658581571951039,0.26594966613526605,0.09284594119654763,0.000265742100729526
0.956126409407128,0.2688600130971115,0.0954427694684658,0.000265257864291074
0.9739870387682661,0.2674495856013981,0.09363088102497068,0.0002647223291069
0.9686859942399657,0.26928666017916414,0.09469155510994809,0.00026422681428052983
0.9749158731279213,0.2672617314318766,0.09299932344015185,0.00026382698008036413
0.9656438446619866,0.26621646212967565,0.09255827950027153,0.00026329628064136187
0.9688957417827844,0.268571364913359,0.09465145414667396,0.0002628581788135084
0.9729838442894625,0.2678140520389136,0.09284246175139602,0.00026238836660866965
0.9651202007729456,0.2696353936982909,0.09502614742394726,0.000261923657182071
0.9740846114536712,0.26779644465075747,0.09294722932140675,0.00026145594065036826
0.9733941624367013,0.2677065858025338,0.09384901685726772,0.0002610121851744903
0.9623909030395481,0.2678005696347756,0.09276146782732829,0.0002606431019381617
0.9554133263458535,0.26744281221694655,0.09484173431787545,0.0002601540733543499
0.9570135073523627,0.26628163094163226,0.09381564612613515,0.0002596805026023534
0.9533843246510312,0.2672635361169451,0.09470818810370366,0.0002591912303311474
0.9554747300257453,0.270193933207308,0.09467417376402584,0.0002587082183607775
0.9692003780389378,0.2661467718702597,0.09304299841156333,0.00025827029852512336
0.964382541941772,0.26597974088460874,0.0932516361370969,0.00025778802232941697
0.9701560152534423,0.2667396246145557,0.09367506886121674,0.00025743915241233106
0.9708897204944424,0.26883472504027695,0.09334308448016614,0.0002569511855850279
0.9519688828772974,0.2667438694311548,0.09345472589449452,0.00025645528203235363
0.9675421292309352,0.2694618748269779,0.09478171401887052,0.00025626420767516187
0.9562726036722662,0.27010795635431606,0.0945038979480709,0.0002558184268362095
0.9646733843229143,0.2660009241389889,0.0932663101450461,0.0002553270450743099
0.9506385829014405,0.2684424761659643,0.09372810380102313,0.00025481340605944177
0.9646455593361001,0.26633092776133127,0.0937331461176193,0.00025451618054475134
0.9663648123569928,0.26977995714428626,0.09477358788987952,0.00025438343072226163
0.9688606654556331,0.26611550446064824,0.09292361586320447,0.0002539278406539489
0.9636282256303801,0.2693648768825705,0.09516500365271638,0.00025357289154350084
0.9534612391195498,0.26706731701342346,0.0931747388486095,0.00025331993020684005
0.9677998024389911,0.268431831954824,0.09470270452640174,0.00025326297444543306
0.958153979634714,0.2666975666479714,0.09280438556219073,0.00025285571495795706
0.9724112030411067,0.2677001609296066,0.09278788131531068,0.00025237184767653556
0.9690082204044206,0.26956635327404155,0.09415833343828504,0.00025210560142166787
0.9635928759728056,0.2661158733197104,0.09270247531709098,0.0002517360768935368
0.9701883137213052,0.26757638352758883,0.09417229300453556,0.00025128683793165574
0.9602011698424864,0.2700446978202258,0.09431461996381549,0.0002508820700685476
0.9548169346995419,0.2663241203976099,0.09354581627219744,0.0002503857469967061
0.9548531726583587,0.26656812677132935,0.09314293550392161,0.00024989340803820164
0.9620477721931433,0.2684574758778737,0.09305783056961575,0.00024947589423469745
0.9723250863320132,0.2672560346782451,0.09374671777324531,0.0002490360469174014
0.9475833846531074,0.2682104994480179,0.09497218562589434,0.00024869723939066775
0.9573485558256003,0.26623476557052506,0.09307676470962768,0.0002482810675280172
0.95472581029588,0.26724927649601193,0.09468846894361052,0.000247786257631404
0.9539606241812777,0.2680696223856749,0.09331228797687635,0.0002473573239184185
0.9606201028848567,0.2670219106784195,0.09445293336317861,0.0002469481006771077
0.9749115742153158,0.26763522537179596,0.09326917824236285,0.000246442598249598
0.9562149391105201,0.2701052830881514,0.09537944723781507,0.00024595766410746785
0.9537987920852391,0.26651036964175656,0.09388880236433524,0.0002454994762999866
0.9563626364850961,0.26964127705336005,0.09403842136050522,0.00024511704007195627
0.9736580239480102,0.2680708290352234,0.0931061097941563,0.0002450883100861392
0.9701873368472906,0.26656916716157864,0.09346472577165434,0.0002448295611886625
0.9726951883625272,0.2684971104367502,0.09406763677864279,0.0002443823726243181
0.9588744736355093,0.2662128705074962,0.09368607531937459,0.0002441005197225324
0.948432925801912,0.26904600222227537,0.09436127878402871,0.00024368557417148292
0.9702019192225215,0.2667850764804993,0.09365968705683232,0.00024324792473369458
0.9524740245379846,0.26980923068300156,0.09547362037490018,0.0002428536427637953
0.9722005300714205,0.2665604399621391,0.09297692336299047,0.00024245516994366999
0.9648685742555347,0.26726107200655136,0.0925902474305883,0.00024236669446311106
0.9645217382410642,0.2660130574866457,0.09289096454910105,0.00024217484837380835
0.968648006425358,0.2680041844281651,0.09281001766050065,0.00024167708866885688
0.9547147968077425,0.26677032164789516,0.09312480091005022,0.00024160230997383322
0.9724600945197217,0.26869208967826363,0.09405353479391722,0.00024112210266626291
0.9464133261333618,0.26844348582413136,0.09468099016065797,0.0002406869053960611
0.94688444518167,0.2679900924753884,0.09439820847956529,0.00024021547260547315
0.9638446626723791,0.26862232135360675,0.09312528669630343,0.00023981377829595691
0.9670464832986241,0.26623965598676924,0.09264679054453495,0.00023936388897750674
0.9579219159158594,0.2679146078297818,0.09501575927892478,0.0002389559159198968
0.9560915375233581,0.2673167653883628,0.09471259004846823,0.000238505853296522
0.9636133400420892,0.2691029111037708,0.09511408816606057,0.0002382099213691937
0.9564946241420884,0.26853861747084706,0.09529278248501132,0.00023776630904188557
0.9700363145845969,0.26761829179018837,0.09417540172651807,0.00023728680962379196
0.9511385664201324,0.2668574145061875,0.09401405400088422,0.00023682865386666986
0.9742105702083919,0.26816670246453267,0.0934152889970846,0.00023639433362072606
0.972339404993571,0.26817481978120816,0.09407131402890259,0.00023631802729874625
0.9738187112824921,0.2683488946716095,0.09348429375453934,0.000235842477616577
0.9682297506941477,0.26639600229053384,0.09345704330316106,0.000235519889854072
0.9527943501791345,0.2700988442536032,0.09514106657370013,0.00023508096710901858
0.9504221917267017,0.2697082613783506,0.09535778986053074,0.00023469623653555978
0.9488966639850958,0.26740778215341265,0.09391822880777423,0.00023434985651384557
0.9659590672936549,0.26895551026058984,0.09333136964489286,0.00023399818974913114
0.9733010374233455,0.26688814772650393,0.0929491091477673,0.00023356457594425828
0.9559905209271804,0.2701177195801763,0.09465422465261321,0.00023313220125993937
0.9477810748988382,0.26934559559943727,0.09504604045822927,0.0002327065881902889
0.9558276887219037,0.2693587905294528,0.09547121476428383,0.00023228158196325824
0.9642824664894682,0.2684726111617921,0.09305158496739478,0.00023192488086449506
0.950327542173028,0.268350850200302,0.09518254660135474,0.00023152110019260196
0.9577724369148921,0.2685931876962018,0.09331954797857696,0.00023109484982388164
0.9721396266565119,0.2671250228835451,0.09270390293437765,0.00023088507669880717
0.9628510933131214,0.2668357541593125,0.09419991647173478,0.00023047062228264532
0.9669607879866664,0.26616862196805613,0.09322467907480533,0.00023004166895814512
0.9527252886961328,0.2690048449982212,0.09543396474475509,0.00022959723370623907
0.9488685983013951,0.2673817585143792,0.09398029694605177,0.00022921067561675843
0.9617628199032762,0.2684039111083487,0.09505478342877557,0.00022874727980010088
0.9546007170311164,0.26699547411694935,0.09312846604988827,0.00022838623628001098
0.9521664123219278,0.2667623502788463,0.09358545195351939,0.00022802936870309421
0.9551959878167757,0.26797391234196843,0.09506951910119185,0.00022757643454393084
0.9541961444127178,0.2700485300972404,0.09471291977186079,0.0002271403978360809
0.9717860852821882,0.26822899264172917,0.09306995172990376,0.00022671378584781263
0.9562576080619323,0.2702090118226279,0.09490635577840906,0.00022631234742634623
0.9496639305495638,0.2692896676676926,0.09536417653994118,0.00022595807147436167
0.972317037252731,0.2673000536558232,0.09370032222387371,0.00022562318871418438
0.9548970225821769,0.27015399064211776,0.0951790378120036,0.00022533810090856487
0.970975147585154,0.2677076235049609,0.09408570625537384,0.00022490887345194397
0.9641756920421116,0.26605144159161354,0.09294995417146555,0.00022452209073316136
0.9570159882196467,0.2700769710344182,0.09528062917186612,0.00022414104216901215
0.9631368918004899,0.27003729370710317,0.0945521435544513,0.0002237277556820112
0.959962908017383,0.2688518317543309,0.09337598623089573,0.00022349516843615021
0.9620221742917501,0.2695134433870119,0.09379627833619888,0.00022314524351756942
0.9585327480206782,0.26827160714441667,0.09512512147749921,0.00022284087022285686
0.9483204293974623,0.267611252903162,0.09406873291484341,0.00022242196673174133
0.9654949838792479,0.26614038537331175,0.09279785233704088,0.00022208346664173294
0.9572314668383974,0.26640620451759656,0.09306235786197813,0.00022172044062024866
0.9490110292579779,0.2687771515591961,0.0941798945043472,0.00022134325456336115
0.9698018877406884,0.2671244782755311,0.09261197328411583,0.0002209146547578666
0.9580396724606892,0.2700780295314047,0.09522692033158671,0.00022048834780222538
0.9561337260317586,0.26647038311609417,0.09389297247324623,0.00022004802160759967
0.9685928065083758,0.2664200218237398,0.09339431398529441,0.0002196771302705047
0.9599611769770195,0.2693027794346592,0.0953082821059818,0.00021937464421194384
0.973879479309355,0.26724063264982667,0.09321272162057428,0.0002189667039807733
0.9674907214410933,0.26905451983161366,0.09346406386612306,0.00021864377183668818
0.9689572788692669,0.26860812215362717,0.09318371650286185,0.00021829294306375334
0.956710339110316,0.2693635708760378,0.09542485090846291,0.0002179986930842553
0.9594564811230999,0.2677544543614214,0.094865402373874,0.00021756916717789417
0.9687405608251662,0.2679488562823942,0.09439909918739087,0.00021732950096494796
0.9486248647678028,0.268926943437263,0.0943456236604021,0.000216914475231387
0.9711579741624057,0.2671674748392381,0.09374997975516537,0.0002167560330945743
0.9480587442212975,0.2691212510554819,0.09462765796019508,0.0002163978971478971
0.9734402812522358,0.2670762341878554,0.0930389429486698,0.00021600966707078728
0.9523705767754347,0.2678407005286987,0.09495661800634016,0.00021575499898140885
0.964305090414447,0.26661547699354715,0.09391724087642839,0.00021532899928738207
0.9603011161384138,0.26796583800951823,0.09296790880470765,0.00021492912973182168
0.9507962194475574,0.26933332125777265,0.09538575518555045,0.00021468877789673492
0.9733473194515092,0.26707836346007285,0.09300595326418779,0.0002142781403977819
0.948016390134196,0.26908882369165754,0.0946230976014762,0.00021385236417067078
0.9526409853268412,0.2676910227472804,0.09339859603760495,0.00021350503266516138
0.9728506208806849,0.2671159926263116,0.09285765756034789,0.00021316936908638478
0.9710395549519326,0.2690467420222331,0.09393976581858961,0.0002127602341793899
0.9739439202933511,0.2679912397477622,0.09343250317589755,0.00021244556771007574
0.96128846832916,0.2662263306103989,0.09288738991730137,0.0002120993905993026
0.9492703714972617,0.26755811097099835,0.09454650745190142,0.00021173299231300573
0.9673861209920513,0.2689636587881268,0.09341153112068089,0.00021162321714264867
0.9609731154480983,0.2679862443959449,0.09490328975276281,0.00021120852506730723
0.9513026826101516,0.26847494381519743,0.09378184562539514,0.00021097479753981273
0.9611940399410805,0.2700235097718602,0.09499161995110664,0.00021061413425710936
0.9668391233406872,0.26883974085372486,0.0933122481370613,0.0002102865277157739
0.9658270199379899,0.2672371987468456,0.09426578439709357,0.0002099006234986374
0.9485175791013187,0.2678284090381853,0.0940352611824014,0.00020948919259774872
0.961497129234818,0.2661817376613118,0.09346497852255092,0.00020918803404956253
0.9498850729523394,0.2683237037304633,0.09508943083684497,0.00020878469497334867
0.9730273943458236,0.267165518856711,0.09291735503221435,0.00020836986831047192
0.9653815973953019,0.26634764182849024,0.09269258764958363,0.0002079567271459586
0.968876489026183,0.26654854375412973,0.09266687335945394,0.00020762130962534165
0.9553040882502462,0.26697687131893866,0.09438285794191721,0.00020764046152765207
0.9689864513838451,0.2687506342530519,0.0945247144277907,0.00020730054069907026
0.9634754254449724,0.26660036470912574,0.09266531317836486,0.00020709313847897315
0.9502031612726594,0.26773968394059566,0.09476402768129498,0.00020700278018013498
0.9590242046565631,0.2701102824613737,0.09471946721208589,0.00020665826710925548
0.9484562662312896,0.26882013738224053,0.09437646077157053,0.00020637163599454257
0.9532481552837062,0.2682027683728059,0.09350827027051341,0.00020614401982939324
0.9584007698157517,0.26931112244446154,0.0953291487357306,0.0002060565881429508
0.9730133848406588,0.2673001075667367,0.09343882977623577,0.00020566787979340198
0.9716156673552554,0.267107160723121,0.09357914205153355,0.00020536384502520852
0.9686755791070478,0.2680653779183815,0.09292437160157406,0.00020508796014603818
0.9680682538960159,0.2682659906466103,0.09452108224054458,0.0002048876397736367
0.9525342902563363,0.2669481515426513,0.0935122521557889,0.000204475092421745
0.9605701167701373,0.26934246634677006,0.09374072994256373,0.00020407712750560928
0.9736284545965379,0.2677487062376631,0.09324474633442355,0.0002038532097862374
0.9528140604823339,0.2689200286501052,0.09389189518297764,0.0002035350728697878
0.9542397969939564,0.26724464110923307,0.09455835300501422,0.00020314593226598493
0.9594180102531116,0.26725593329908737,0.09454198276926908,0.00020287210323068782
0.9520667221155339,0.2678058371867553,0.0935257098757889,0.0002026468348846847
0.9682552334770911,0.2687965189156243,0.09335524020402929,0.00020234411835044208
0.9695604527579196,0.269228228411307,0.09406903008415433,0.000202052473907004
0.951563484094871,0.2679831038573546,0.09495975930163124,0.0002016531772029923
0.960580133630426,0.2667706748633927,0.09279180462811061,0.00020144156961024006
0.9610810871028761,0.2671229418570058,0.09439845799595262,0.00020109320794754152
0.9507327277744899,0.269239863961223,0.09530745244807934,0.0002007781815214325
0.9586379885016303,0.26776476677571726,0.0948454806176868,0.0002004364561713902
0.9666543795140949,0.26915978292827325,0.09474420171609353,0.00020017969896187791
0.9668933532173636,0.26627235110099123,0.09316534239129097,0.0001997846565412284
0.9724767291405847,0.26767995532936517,0.09299638923153573,0.00019946278893523962
0.9631037219688583,0.26902861608729567,0.09347886510839627,0.0001992867645221672
0.9611500157998876,0.268905172054545,0.0934354995224034,0.0001988781028194626
0.9604694945632932,0.26683135282758275,0.09280118346324305,0.00019849756384469772
0.9581981651468432,0.26945285252531304,0.0953134606016189,0.0001981294385003789
0.9562753554403738,0.26826230259106465,0.09333060862513809,0.0001978016107932553
0.9563528661598202,0.26894018298486655,0.09531277397304813,0.0001974673469527736
0.9476726863315115,0.2684677656744441,0.09452430305377414,0.00019718711689218688
0.9686893421984966,0.26927478817693484,0.09392584305199626,0.00019678696644545026
0.9699773040650772,0.26827567639397243,0.09310101516496849,0.00019638332259748706
0.9507212704578016,0.2672511708941485,0.0942849079335709,0.00019605221319581492
0.9614605855986369,0.26830198515910375,0.09496298771316335,0.0001956805860286988
0.9476182413166736,0.26842396101511845,0.09465123050764442,0.00019535317636336624
0.9625702533734639,0.2691755646208456,0.09359806282791855,0.0001950360065720768
0.954078286384652,0.26726430486044017,0.09454577009150478,0.000194643796361304
0.969590283226653,0.26838580545009494,0.09435866246680036,0.0001942693579421962
0.9595905223577361,0.26838000116498484,0.09321439756823274,0.00019399510842362818
0.9526337990557963,0.26987514939635737,0.09504931252246068,0.0001936357510812529
0.9547386723558713,0.269065960883047,0.09534877594614558,0.0001933693662243835
0.9614531916013895,0.26815795817927546,0.094907005519334,0.0001930162581415451
0.9686258101073921,0.26799266925962395,0.09435338784392898,0.00019265282931300642
0.9687058528724606,0.267135859471219,0.09268132943413501,0.0001923025614140973
0.9656520628211478,0.2683983388451132,0.09308973390954393,0.00019191627327495376
0.949317661557453,0.2680301037044679,0.09398316524576213,0.00019156186238943857
0.9562407334525265,0.2666536553886809,0.09400027832447622,0.00019125200278873196
0.9587706002633514,0.2699249998045832,0.09444288638788027,0.00019092674068183478
0.9579654122523067,0.26649085843083364,0.0938330292785155,0.00019053434925633874
0.9648133104885215,0.26949067617287303,0.09484505110246975,0.00019055710572721515
0.9722495430075409,0.2681524465007519,0.0938737350717606,0.0001901914925691416
0.9477566213166853,0.2684994044598994,0.09469206818839748,0.00018984329620080233
0.9500754117433079,0.2687969428857748,0.09518125061080526,0.00018946848268410922
0.9498601767567489,0.269191050913991,0.09519523404907929,0.0001892442162759589
0.9728690574923231,0.2674753160705132,0.09347684745972534,0.0001888821945281128
0.9703519642393861,0.26762269290223273,0.09400237389195479,0.00018859211188346922
0.9533623623226415,0.2697131877902026,0.0945440906975293,0.00018822301253520874
0.9719857416619018,0.2671619584422802,0.09290416512903404,0.00018784294526495035
0.954206519924373,0.26984995461346384,0.09464776212109982,0.00018749449925853842
0.9672484416063565,0.2688375917962387,0.09339075444063905,0.00018712467521647712
0.9514222261758416,0.26954868387545217,0.09460376340453115,0.00018679093559134067
0.9657709835788069,0.26678973740245193,0.09388625766742646,0.0001864714602327206
0.9697670655157751,0.2691096760125249,0.09398443608614529,0.00018621783396180334
0.9725360619153598,0.2672831004670131,0.09341005595216748,0.0001859930688273282
0.9515040862694004,0.268865948598471,0.0940382394599956,0.0001856973219351318
0.957163232672686,0.2691109361946189,0.09529877088521986,0.00018540965267662007
0.965388044051112,0.2690716493634542,0.09354082309887903,0.00018506742728762078
0.9487292000568637,0.2686313222727823,0.0949860166653499,0.0001847659080144872
0.9720982513193412,0.2681677583855504,0.0938814293276976,0.0001844704925704464
0.9630143166055269,0.26986570886248384,0.0946955771801177,0.00018416279626106964
0.9497011744975055,0.2693827503028434,0.09480743541812665,0.0001838390737451322
0.9589011738073054,0.26637229552783803,0.0931457404139464,0.00018358106369442684
0.9499036521491,0.2674437130271454,0.09401267724934967,0.00018324789022323426
0.958523727641774,0.2674212465400405,0.09297967179856219,0.00018294330999514628
0.9706446337125101,0.26884416623548035,0.09407487123437706,0.00018258318429901482
0.9616665738133996,0.2663693785143937,0.09292242476134131,0.00018220865683537656
0.9631064820818551,0.26887044730513554,0.09499127337364448,0.00018185005451429567
0.9615596239001718,0.2693111614948769,0.09511753280119256,0.00018157092331285433
0.9550832937155409,0.26909579247509297,0.09532388583855081,0.0001812196880860712
0.9645139560463871,0.26910923560656275,0.09357051007505497,0.00018085000590828642
0.9712979358530589,0.2675216821583215,0.09379927156184925,0.00018060539818335187
0.9597084122999426,0.2668735096689496,0.09287991362184417,0.00018030728120756387
0.9559652198199959,0.26889393873888046,0.0936925218118113,0.00018001724324845188
0.9631355234641141,0.267329640614149,0.09277406512350939,0.00017968512726976657
0.9512079456575862,0.26858329133923253,0.0939376738964048,0.00017934823314316793
0.9554720061612141,0.26668434961243226,0.09394436850606296,0.00017898619853888264
0.9683510527809052,0.2677836570551797,0.09426893475735008,0.00017861923483463614
0.9638511181255254,0.2697888968701978,0.09464949893295545,0.00017826604942225156
0.9480489326942525,0.2684854355455071,0.09471613271670179,0.00017795793405877628
0.9587166245513536,0.26687507015792855,0.09421732633356825,0.00017760772765671026
0.9652256907974284,0.26857544509952835,0.09478234008058571,0.0001772868955438821
0.9649308988360836,0.26655697616970464,0.09274241706238945,0.00017701013903545637
0.9608873417083874,0.2684081255052386,0.0949930649073596,0.00017669018561510203
0.9611655221594901,0.2677434448854892,0.09471229399528881,0.00017642000354339214
0.9698115270480052,0.26711818223131223,0.09373899513702964,0.00017616380308746072
0.9567858026398461,0.26706867197466844,0.09438223622245336,0.00017587356313334052
0.9682524717228418,0.26760366222485565,0.09419002392807843,0.0001755212955837006
0.952612029306751,0.26937086468632887,0.09430716979181156,0.00017517562997286374
0.9543527851518618,0.26931681555317644,0.0941031358053317,0.00017499084329853425
0.9496336067840883,0.26932128673291555,0.09499120903792778,0.00017465563571773525
0.9512500115726645,0.2679789311610976,0.09487430041942614,0.00017431970513359074
0.9531121576720398,0.2685047760418515,0.09371491802715438,0.00017396639530434016
0.954222379388252,0.2684223005185342,0.09514248166032319,0.00017368011965729935
0.9481494934941157,0.2683229426869038,0.09451581543342727,0.00017335033820430306
0.9559083795143426,0.26655392493182806,0.09366610239806994,0.00017317685032157767
0.9567976977775903,0.2665832281974869,0.09323789989878473,0.0001728739434880905
0.9630858733298613,0.267354458046829,0.0927930477377481,0.00017265221602841388
0.970440393424612,0.2683867494518226,0.0941737704028552,0.0001723522900056536
0.965172514755503,0.2673870773654967,0.09275872996219912,0.00017201903510417833
0.9696838998422201,0.2674787072846687,0.0939664035760834,0.00017174872860549324
0.963443515603414,0.266287012079198,0.09300642124220329,0.0001714430890728275
0.9702762497658082,0.268188559193016,0.09416364611842042,0.00017115174847479403
0.963172316805931,0.268740706864556,0.09334366111282827,0.0001708316255553141
0.9508914560367767,0.2685459714069387,0.09398532425036281,0.000170703860452202
0.9726978589600233,0.2679678678482973,0.09338571029673282,0.0001704122370100685
0.9578213872429586,0.2684373909508868,0.09509327160355506,0.0001701408225115628
0.9721234306403002,0.2671511428366524,0.09322217329269948,0.0001698132599863826
0.9655781636182628,0.26961019390453234,0.09443027077026926,0.00016964421023880875
0.9562136931237273,0.26659732802485103,0.09334902417834226,0.00016932752578588473
0.9694655646050041,0.26895468663946187,0.09423681946553945,0.0001691868928868129
0.9650625611246113,0.2666807836477936,0.09274455697439812,0.00016889936272645643
0.9485605715951007,0.26874962233312183,0.0948366434068768,0.00016855845990097656
0.9674596572865521,0.26655656157287533,0.09342552644618635,0.00016823321064117272
0.9578565013917011,0.26850309195149236,0.09340218924510021,0.00016791169316480005
0.9625432118972963,0.2689548356653342,0.09350173600414591,0.0001676595330901726
0.9508365921398774,0.2678640120503484,0.09379814386292523,0.0001673714690252049
0.956613055734433,0.26682442498376635,0.09412101180615445,0.00016705730802856516
0.9497307441325198,0.26865605585448393,0.0950319360155405,0.000166728058288421
0.9485499961557604,0.2682949482580441,0.09438480031100342,0.00016639909438907272
0.9506004761031708,0.26798820268260193,0.09385572031473079,0.00016608511019827212
0.9493657953550034,0.2689299117014883,0.09502213205405878,0.0001658070786813341
0.9575651658207995,0.26657065996836815,0.09319655584296359,0.00016555992324621303
0.9580629851641493,0.26644415748628236,0.0935716719445703,0.00016530369199432228
0.9551857762070739,0.2690016778277271,0.09526859636835504,0.00016505580823748852
0.9653884654322038,0.26665600693554414,0.09275834119374052,0.00016471952825427986
0.9666711062476399,0.2689327779164419,0.09351287593948372,0.0001644211062127474
0.9653852176935978,0.2680433984387378,0.09298227785620045,0.00016411505330218617
0.9623313329700647,0.2698360211188895,0.0946542502974251,0.00016381964195695707
0.9489275060246403,0.2688551833828523,0.09457242634032506,0.00016353623207023105
0.9587658021823415,0.2699082295772013,0.0949750337416964,0.00016322758495042707
0.9698468565127136,0.26890567597327397,0.0941256745644673,0.00016293643950996258
0.9570877642845765,0.2669470134406384,0.09423667284977252,0.00016282673808079643
0.9554889061057512,0.2695688143949644,0.09428816227290358,0.00016251126028349927
0.966247780244947,0.26870351454826724,0.09334111431821544,0.00016220060314946222
0.9541036078150196,0.266816658913577,0.09357894803127437,0.00016190581712621907
0.9694260460566078,0.2683864031039196,0.09428186175222504,0.0001616305493248549
0.9495248704983368,0.26915744113908,0.09492587045640717,0.00016131834995839842
0.9614118355877945,0.26977863842157657,0.09490275677639314,0.00016107277702069267
0.9566052479697902,0.2672539598489929,0.09313640948897327,0.0001607887994110845
0.9521053940969395,0.2671161492542409,0.09407711597484407,0.0001605167606493255
0.9654178681713628,0.2687871302096969,0.09475645039920838,0.00016032557654461504
0.9485460617713954,0.2685652713816402,0.09461383167228107,0.00016004975342262428
0.9508688769439839,0.26831357886185137,0.09393494374085042,0.00015996961645659572
0.9536640390588573,0.2697509622108263,0.09506745847933494,0.00015970789561299764
0.951747124679331,0.26756651748349825,0.09456124473600391,0.00015942766789979994
0.9650642243277989,0.26914247738434716,0.09478753394085503,0.00015914549538149935
0.9709846971097864,0.2685004312635588,0.09397243440499461,0.0001588403795061209
0.9701880350360064,0.26826414179315416,0.09413719846086252,0.00015854878357017551
0.9636738826174671,0.2665063204519216,0.09287026295790803,0.00015824502700784564
0.9527253172528134,0.26707235770833915,0.09367348126237675,0.00015796579647443896
0.9531179884900425,0.26942909253238545,0.0943853385655587,0.00015768515199851546
0.9581738268947255,0.26666679131176596,0.09311627435479537,0.00015753352475918542
0.9632304357583372,0.2695106673529786,0.09402544018028482,0.00015723421452454105
0.9541999082293362,0.2693125686556952,0.0952647712887167,0.00015691712616652494
0.9506701593308957,0.2684466684535707,0.09402587312760824,0.0001566524278271752
0.9582414194228761,0.2684249413875597,0.09504596701435994,0.00015639757310683227
0.9573393605200948,0.26893192040029223,0.09369320647594936,0.0001560841223975992
0.9680185113723248,0.26783583128153454,0.0929382337690226,0.00015578911147769498
0.9705722413550468,0.2672293534474359,0.09290711163084098,0.00015553628624427775
0.9545205755181634,0.2697425731990246,0.09511579999913816,0.00015524366541396238
0.961435318358518,0.2664173566747572,0.09304933091246534,0.00015497998562113535
0.9513262197008938,0.2687320629306571,0.09511724882212366,0.00015468133947371915
0.9537324502798246,0.2696728846271732,0.09463477972138376,0.00015440811116452266
0.9644732090319259,0.2671218803087101,0.0941360867259277,0.00015413867916062607
0.9660493528622993,0.26657832382176005,0.09283766476187007,0.0001538271801070286
0.9554600347291995,0.26686426790826245,0.09333537902221771,0.00015353416647015492
0.9548261357170489,0.26675392350780536,0.09358852110773791,0.0001532190252277349
0.9714835683904415,0.2675312753528827,0.09304817070835275,0.00015293167658950155
0.9654451660437342,0.2664354793897701,0.09334733536557947,0.00015275471747579127
0.962474989939798,0.26974167166233864,0.09474253385277194,0.00015247619079251378
0.9689641811077152,0.26873502628999546,0.09432220810996997,0.00015220252353484345
0.9513015065355184,0.26896284197528764,0.09514788622686636,0.00015195028072924221
0.9535050756709733,0.2694370559862693,0.09521938482215302,0.00015176324092723822
0.9672200814758387,0.26829185170685377,0.09314085549277624,0.00015151814475827005
0.960621224279361,0.268357783882728,0.09493166840402481,0.00015122035683289248
0.9652630334984753,0.2692553485167377,0.0938142899103587,0.00015092988813708062
0.960982642377278,0.2675669095153441,0.09457028053336457,0.0001506680384627713
0.9558903535238059,0.26910985311159386,0.09391002987367805,0.00015040722630244545
0.9603474237347527,0.26970878186638036,0.09429481092327303,0.00015015785479467088
0.9687929002373075,0.2689777504206601,0.09378266522387295,0.00014988034810656817
0.9666218736616514,0.2668645676986292,0.09377050838710789,0.00014957900668222213
0.9529912391368214,0.2693345636416917,0.09433977713135652,0.00014934656774264976
0.9718826798457094,0.2681100327978312,0.09366302592767328,0.00014915044523557664
0.9658254671405082,0.269268227128888,0.09463692028847659,0.00014885353692196027
0.9682389023685882,0.2669357558648777,0.09280949468820247,0.0001486356934041948
0.9667656470574872,0.2689813531277989,0.09361756950388692,0.00014848221935209724
0.9568195309421341,0.2672277318642131,0.09315655203096769,0.00014819299310420858
0.9631800844012925,0.26800384582538994,0.09303479578273165,0.00014793202534813142
0.9599105631798093,0.2698543361992347,0.09476605721430498,0.0001476664320339916
0.9575643064003305,0.26867344817597694,0.09511749908401644,0.00014736698078492407
0.9508099995628481,0.26851670831659025,0.09407031648694676,0.00014708082522417858
0.9546715179830532,0.26910352621458467,0.09400381890732143,0.0001467791678839786
0.9714372786826413,0.26835872572798003,0.0936285481953029,0.0001464812646408181
0.9622654410369265,0.26952602461187514,0.09406902668403774,0.00014618735357832248
0.9627591085207978,0.26651928317633344,0.09363310752954236,0.00014589497962001332
0.962667277117129,0.26959708967846874,0.09483725985475915,0.00014560619448159983
0.9718672896251981,0.2681112646909427,0.09362829304327726,0.00014531794163481667
0.9704233012315022,0.26751337868906,0.09296791535365213,0.000145067077566525
0.9658067417555731,0.26852671387811533,0.0932681171162818,0.00014483022149064804
0.9495222399245886,0.26806265449927835,0.09459564860696831,0.00014458821971455945
0.9561855053217734,0.268409413468502,0.09350641153044695,0.00014436191350064028
0.9701176013144437,0.2669270126709262,0.09299307518219362,0.00014407090176067196
0.9543455510705972,0.2690460550577607,0.09521962164765743,0.0001438389020085309
0.9501804519368324,0.26898359562795404,0.09448642675087075,0.0001435616006654398
0.9501587759139412,0.26847664785904124,0.09491550646460287,0.0001432711320296546
0.9496109016530774,0.2685755780372747,0.09487025895520783,0.00014305234292554884
0.9580695232236067,0.2672788708898013,0.09307824866499224,0.00014283684617720293
0.9582876034359025,0.2698643011996744,0.09476251875281408,0.0001425620187685056
0.9695725885924418,0.26864056998512775,0.09418488643787075,0.00014228826265637255
0.9638984049074697,0.2686581355150508,0.09481136557869514,0.00014209468516055787
0.9719676000144002,0.2675864023364951,0.09338472942254515,0.00014194344995354047
0.9606495441330889,0.2664461394658537,0.09317547389091921,0.00014173721705079088
0.9708017286674551,0.2681207410974835,0.09327398704847434,0.00014149590139603412
0.9667711467074991,0.267941117857877,0.09300074934238671,0.00014145645339467324
0.9549862561331341,0.2673312039221556,0.0944615916633007,0.0001411779888964867
0.9692605576274875,0.26859090670229624,0.09422974718008588,0.0001409154919872789
0.9560113401832204,0.2690406818312565,0.09519827283707595,0.00014065163221810214
0.9707591187082478,0.26749770648118654,0.09302899081576238,0.00014042301606939157
0.9600668726423365,0.26838791091461767,0.09493820868801829,0.00014016068017894568
0.9632320642866343,0.26892661009479935,0.09488456142130092,0.00013987756931967057
0.9524820966120586,0.26926941915368574,0.09515237353344048,0.00013961004916779768
0.9522375986195151,0.2675360271635554,0.09368475398331137,0.00013932919399178186
0.9697832115596849,0.26842540413085203,0.09413557321348051,0.00013918198974425234
0.9513249390698224,0.26915555830460214,0.0950784240816134,0.00013892752888828802
0.9560135639534284,0.2693906825963306,0.0951952527027988,0.0001386847932533799
0.9500958542848217,0.2690758104744717,0.09472606381983041,0.0001384782523256319
0.9655473022015322,0.26751372049558797,0.09426481680489844,0.00013826769120079744
0.9520024687259614,0.26782910814896144,0.09373813693801995,0.0001380462103553908
0.9514178189095688,0.2693405175887269,0.09498072825339975,0.0001378612400607304
0.9511921468771494,0.26845429993946124,0.09403134841634199,0.00013766274408854695
0.9523996965785084,0.2689651150093495,0.09513765045318197,0.00013740448921001464
0.9617716680751425,0.26922973742345047,0.09381132374754372,0.00013721900955197607
0.9514596244466578,0.2693394051358253,0.09469807645045242,0.00013693848360578478
0.9668194699198764,0.266759778270504,0.09286546884090793,0.00013667468565539703
0.9498420834129391,0.2688395671110648,0.09486289793763376,0.00013639608067174177
0.9706638163027925,0.2683636543579746,0.09392136971318135,0.00013614399998877012
0.9717315559599928,0.26787093009745777,0.0935283556864942,0.00013592275470764153
0.9582041489068303,0.26670231691966184,0.09319900392631718,0.00013565635342218765
0.9543728937989666,0.26778780542704284,0.09474225739747932,0.0001354507650554885
0.9547954125271048,0.26684975012899503,0.09372031513103855,0.00013527862658646136
0.968313081724105,0.2690472399353765,0.09398963906026346,0.00013500422460075456
0.95660569484021,0.2670445391210139,0.09323448902469539,0.00013478080730938916
0.9527022990257539,0.2685386190645622,0.09389206584022819,0.0001345126455438108
0.9674228292296831,0.268801552682318,0.09445797730625384,0.0001343043799105119
0.9578264429306333,0.2685246020416998,0.09503356309404754,0.00013415739453210193
0.9649250198257331,0.2682415417602504,0.09460521038338347,0.00013389085488434098
0.9650623418529793,0.2668923029531549,0.09283581761902117,0.0001336368377211357
0.9553969874846722,0.26685695074035065,0.09349289981290487,0.0001334101992037516
0.9546223872189632,0.2687099069108372,0.09511863059367688,0.00013318199540190444
0.9703568473078334,0.2681816513013646,0.09331662881839069,0.00013292709666870274
0.9577501860897168,0.2697562421630615,0.0945816328416622,0.00013273947906848472
0.9645866364283417,0.26661739130931483,0.093580307721954,0.00013247909265052266
0.9624549434956293,0.26646955621479806,0.09312920712013148,0.00013227601115681
0.9530271685063223,0.26937521424348576,0.0951040294678363,0.00013205654163522606
0.9627439953304631,0.26833175840734347,0.09322633908766217,0.00013180950854450253
0.9633656447307946,0.2667928295281905,0.09385166034297251,0.00013158130804939047
0.969705840692642,0.26872361098468023,0.09381466635956327,0.0001313995220641668
0.9533093734992306,0.2671596579967095,0.09368443430429649,0.0001312038118206557
0.9713185919570044,0.2679373673003682,0.0936660312517698,0.00013093451450805699
0.9706108659736881,0.26817587630206097,0.09336524754324119,0.00013066662139622979
0.9542163419890439,0.2692952005326088,0.09516114337929274,0.00013039926256341864
0.9636764177300048,0.26805677942126427,0.09461613329510181,0.0001301359316638585
0.9631293665524154,0.2694415765586551,0.09406758354166778,0.00012990991022916032
0.9674874857542299,0.2679642033008929,0.0930552223541208,0.00012964612150146582
0.9550584396727597,0.26693431172563775,0.09350755793015796,0.0001294036431749271
0.9525078962945663,0.26942517547370515,0.0950046183945809,0.00012916852767403991
0.9596552466412263,0.2676476459412671,0.09460430954328068,0.00012894480091906057
0.9662819101263622,0.26915377170568155,0.09450804013398273,0.00012871081683004296
0.9702805527763747,0.2680735248710826,0.09394887500743246,0.00012845571566559856
0.9508624102155299,0.2685831358959154,0.09493159077888136,0.00012820712770072448
0.9571747410344535,0.26977268731257076,0.09477577397694428,0.00012800644966087793
0.9608104478282389,0.26938715633206045,0.09400289382408783,0.0001277820101329486
0.9534196836845137,0.26957502643086717,0.09486507711617427,0.00012754676795947214
0.9658359798031277,0.2680564965156522,0.09445928749926955,0.00012729106904188663
0.9654717015586716,0.2689534674512353,0.09362575417832904,0.00012704906540673177
0.9653508819081367,0.2668987967078169,0.09381588694355018,0.0001268101326318583
0.9689725474881463,0.2668885621465591,0.09301258278904834,0.000126551606201053
0.9617854954770344,0.2675043317118808,0.09444421058714149,0.00012629297234108318
0.9541560851205979,0.2677083564145044,0.09350132939047662,0.0001260343316826911
0.9623307245264492,0.2693795091770763,0.094873220228942,0.00012578144701579642
0.9682721478437912,0.2679314092215215,0.09307047097335508,0.00012557378129158514
0.9659936414852073,0.2676622606557133,0.09427723312584968,0.00012533577875559673
0.9521206898522259,0.26738281937328945,0.09421478858532861,0.00012514057442787152
0.9676473878826428,0.26672359793891354,0.09335234031896152,0.000124896524031538
0.9711184036412028,0.26750834685126357,0.09349957761331694,0.0001246557804014825
0.969273997431948,0.26770524081868596,0.09303285400680854,0.00012441430631380583
0.9710347124678602,0.26735104492953465,0.09323690221745436,0.0001241861052218671
0.9611570022447857,0.26697119993523155,0.0929589532756891,0.00012393885011367987
0.9617622643883497,0.2684033798017944,0.09329648410584528,0.00012370554632800253
0.957591681377723,0.2667117405058419,0.09378642239125323,0.00012350449491208915
0.9535417482265593,0.26900426679253986,0.09411030169610765,0.0001232706623627123
0.949894375489718,0.26812720266916323,0.09431240338086978,0.0001230353970446314
0.9700799991870408,0.26729132437993375,0.09302851998025052,0.00012279355822575536
0.9574788232369489,0.2696158831919928,0.09439327592471673,0.00012256328944949317
0.9600091955738694,0.26789159301676957,0.09315104735496191,0.0001223265669892397
0.9616377210839993,0.26837791856764426,0.09328955651052294,0.00012208221488456013
0.9667437471298097,0.2666074538959713,0.0931357379503271,0.00012185711530761671
0.9688728627124039,0.2675104436661364,0.09391125384840164,0.00012161599368556792
0.9595393315301575,0.267816726991174,0.0931519485516364,0.00012148376845207201
0.9691304292906775,0.2670012979117544,0.0929963794833037,0.00012132427392343223
0.9648064599741097,0.2669610110999405,0.09286573449680487,0.00012109275911202832
0.9682555203157506,0.26867093413950194,0.0943004485819365,0.00012086748504042931
0.9655164073414007,0.26759933583821516,0.09293512434431278,0.00012070410216901354
0.9675683141870159,0.26805270933102854,0.09311716592695887,0.0001204754629216751
0.9613439319897896,0.26931962721289104,0.0939495866928841,0.00012026814487846768
0.96872485124881,0.2685175217040232,0.09345403750704753,0.00012012149647924911
0.9675310993248338,0.26894045551198276,0.09376019877604501,0.00011989022372795746
0.9646380961515,0.26914120343023784,0.09468894237129334,0.00011971717586318649
0.9612840048282116,0.2677276365782919,0.09306124787241146,0.00011948722536089634
0.954642318056484,0.2681591042339839,0.09359085162409962,0.00011927358839596934
0.9568715901407803,0.26711587901416856,0.09325212436999626,0.00011913463758474515
0.9688240596768161,0.2686314152439473,0.09418805105079674,0.00011891129872024246
0.9613798592021148,0.2680449634673596,0.09470805886480395,0.00011872760160642787
0.957900409659203,0.2677723742370042,0.0932400384691416,0.00011850380596712502
0.963709930887779,0.2678840294079945,0.09451704347911796,0.00011828846153697416
0.956678582316437,0.2669251411986211,0.09333202064330108,0.00011805629164138956
0.9514021322789414,0.26832643122658406,0.09402758879202171,0.00011781833682957198
0.9630238022509037,0.26948170073444633,0.0941880457742504,0.0001175778181122677
0.9541138455182523,0.2685826953843966,0.09503915805388992,0.00011736157003220502
0.9516597012162169,0.2681597269089655,0.09393706221300527,0.0001171932733880535
0.9663202042936483,0.2689208456997232,0.09366513850204655,0.00011697901160552964
0.9662830991049418,0.2680207865402344,0.09438271144061171,0.0001167456829006551
0.9500048721163825,0.26842610304255476,0.09441336884655589,0.00011662918627943141
0.9525123133117877,0.2679717207588388,0.09377528023832848,0.00011640789892033973
0.9584390394041531,0.26742515058104877,0.09314647518732813,0.00011618420881320971
0.9695694972497115,0.2686408648816194,0.09378892538561441,0.00011594580578807688
0.9499396799516635,0.26844270034015527,0.09447344904460757,0.00011573638318167091
0.9690960029596649,0.2685210241724445,0.09413483001241849,0.00011549885872695811
0.952117736137513,0.2683847647590494,0.0939568619931076,0.0001152929500982529
0.9543062374753877,0.26951875928767266,0.09499269146116296,0.00011506422558564578
0.953280591780377,0.26747110318027345,0.0936434381283127,0.00011484880551224935
0.9617175438484011,0.26692437994101903,0.09297281875382023,0.00011463635585810362
0.951097672524357,0.26911603354487657,0.0947589547680066,0.00011440447689843688
0.9705446991994666,0.26745508997995726,0.09316603685180179,0.00011418119315649871
0.9694709417958016,0.26812107496668913,0.09403752963433488,0.0001139889446918507
0.9582262044203151,0.2670698197083199,0.093159689383745,0.00011375660512663023
0.9579369204914592,0.2670551845289775,0.09318454934649333,0.00011353024751857175
0.9578499172820418,0.2687792035418366,0.09367942013442344,0.00011334491489148884
0.9698154189342176,0.2684970331023515,0.09363856063173838,0.00011314799170086859
0.9612100380160875,0.26912717609088044,0.09494413482542978,0.00011296007169777558
0.9557801454124757,0.2694916753774148,0.09440823638179026,0.0001128211422098148
0.9621742811949403,0.2685425642583612,0.09481730367546345,0.00011260822811673767
0.9571833460091224,0.26904581501185776,0.09509809886721701,0.00011238367782169253
0.955012873358255,0.2669447286324702,0.09380080893055422,0.00011216248276279732
0.9578619984633043,0.2678161777713097,0.09326744142763842,0.0001119351669000924
0.9579922415167434,0.2670033931804847,0.09411927826970941,0.0001117244104004134
0.9631429064331574,0.269520999458319,0.09434958944292969,0.00011157029770940599
0.9604550450687874,0.26660218325492524,0.09358084004708415,0.00011138347723131163
0.954590967353532,0.2683110863235796,0.09367527012960326,0.00011117827040268573
0.9563738113918365,0.2691452652609214,0.09402620060284186,0.00011095089504114854
0.9640391240031363,0.26888037481534055,0.09473386974625653,0.00011080551821449373
0.9584511071055832,0.26943772001529487,0.09418849181934805,0.00011061903673369284
0.9569663851775463,0.2691215204008821,0.09397423440895585,0.00011044470543166126
0.9684608882014398,0.26694508731725564,0.09342288249286934,0.00011023702872230406
0.9594534755607498,0.2673996791866635,0.09441361133490665,0.00011006387159212385
0.952968660491198,0.2674370814456484,0.09430694042310327,0.00010985438591277321
0.9662290913435925,0.26794938681904257,0.09433950717526472,0.00010964761180148278
0.9501639772132009,0.26828066633018266,0.09441977762014742,0.00010943196411461164
0.9598236070117441,0.2685670567072931,0.09348346313882076,0.00010930783433125297
0.9579316307451862,0.2669106569859454,0.09324919877511792,0.00010911875373507369
0.9568612389577495,0.26767142279190215,0.094615260414636,0.00010891304189286704
0.9704832697561105,0.2676121573734336,0.09360788983256633,0.00010870140280040146
0.9681342975867402,0.2673427934365824,0.09383419599990529,0.00010854085190503496
0.9692669852181357,0.2686528089871023,0.09385855840847532,0.00010839164751245773
0.958147436185607,0.26711872209944554,0.09420656099709437,0.00010824298777000081
0.9653094046937891,0.26832619335837027,0.09453070587845812,0.0001080428833979782
0.969010461594193,0.26734233910814,0.09370861019546374,0.00010785195670173379
0.9657748243763127,0.26897709193414143,0.09453245304281135,0.00010763975349692298
0.9657740683115676,0.268182678759739,0.09445005256951837,0.000107424448095155
0.9544876189371312,0.2678107669282892,0.09467079435187238,0.00010721340005012349
0.9617269338381185,0.26677049344059056,0.0930512725449165,0.00010702135295961105
0.9579613448202053,0.2694962664319023,0.09430504757325935,0.00010680200051423569
0.9557359906229106,0.26765317633068264,0.0934068672762117,0.0001065941816148951
0.9562394380758743,0.26953063041390335,0.09498672756797928,0.00010637609683941202
0.9506130705002835,0.26858298218017707,0.09438421401204261,0.00010616457184212053
0.952495054932756,0.26823341577256476,0.09388858277682671,0.00010594690615920416
0.970300520060503,0.2676869226615124,0.09322643686214843,0.00010573639612098674
0.9695833529383382,0.2683571332867085,0.09350631028572652,0.00010554961011710379
0.9609068293401712,0.26688395262844034,0.09394392805916149,0.00010535797221920815
0.9670763041611341,0.2690638569973245,0.09419670765908408,0.0001051578450941837
0.9694994311445235,0.2680463231536232,0.09328093185943427,0.00010496100845653009
0.956389436393172,0.26691351968925936,0.09390482819560561,0.00010475510661114127
0.9601362082353209,0.2676086881120976,0.09311586449121621,0.00010456418810292837
0.9655752148791112,0.26717252874582886,0.09394852956466723,0.0001043539804438538
0.9681102321703126,0.2680351724663721,0.09416350808662376,0.00010414446633461496
0.9534927680277896,0.26751296762354393,0.09365675382950978,0.00010393331744156694
0.9571922107006401,0.2671959382055886,0.09326589666284435,0.00010372655757713891
0.9650606972732909,0.2693202833643218,0.09437502088866286,0.00010352566803692964
0.9658602364648772,0.2692143937728573,0.0943389668620922,0.00010338011657876916
0.9571167005537298,0.2693989156352343,0.09424660262102164,0.00010321700778063289
0.9614886531187707,0.26715031694958213,0.09415653837531367,0.0001030480569415995
0.9681721893695574,0.26693041237396553,0.09339212207716636,0.00010284887531706338
0.9602264901648994,0.2686033269330388,0.09350313518599031,0.00010265013130807771
0.9585235677659707,0.26733991361461373,0.09436873160129744,0.00010245666908190404
0.9547302928166292,0.2695246218977847,0.09485570538069468,0.0001023128044426139
0.9588069466113609,0.269383477571957,0.09498628304542495,0.00010214641099328061
0.9689936174703586,0.2670349547473756,0.09332695257505347,0.00010193660548413624
0.95404405247338,0.2683865444963587,0.094923551471315,0.00010178273067214778
0.9646586938795316,0.26806420219876936,0.09448433845737388,0.00010159636231641009
0.9685977461961368,0.26861260654780117,0.09363783717239928,0.00010140278495374483
0.9702276533713263,0.26747700924651197,0.09351220974101564,0.00010121965400433079
0.966003649786149,0.2684005030020029,0.09447007159708927,0.00010102704869225802
0.9621775305953477,0.2666378505338569,0.0935463221875893,0.00010083847014516371
0.9664953759020172,0.2679830114306927,0.09430227258204445,0.00010065148311445111
0.9640267412828347,0.266879294664778,0.0937844938796114,0.00010046800593311336
0.9587055292435469,0.26933781229725895,0.09499475788228047,0.00010028260689624487
0.9508724159135937,0.268827800685165,0.09459580506378934,0.00010007697789606692
0.9589709415060614,0.26777973421085566,0.09462301544263531,9.993533106148486e-05
0.9554051675978705,0.26947141681146713,0.09496727613724648,9.974396352583687e-05
0.9650662025630208,0.2669442566233031,0.09295417402558541,9.955758849434982e-05
0.9568516638789362,0.26886621881273376,0.09383317088981556,9.936737580588577e-05
0.9649091190079346,0.26848458932244235,0.0945793562912323,9.916433712876805e-05
0.9642290512382683,0.26933849209790117,0.09417672744460924,9.900787691332794e-05
0.9640275130540967,0.26699254953875884,0.09388842763673999,9.881177656255168e-05
0.9522906225838064,0.26901542038793425,0.09440240162506762,9.860912100564576e-05
0.9640521970507727,0.26875749928989245,0.09468684838426795,9.841825377884853e-05
0.9516612671088449,0.2683658992632647,0.09409317557954998,9.823147558840721e-05
0.9553566265112075,0.2674561385002574,0.09345123760467478,9.804963947459954e-05
0.9618374972953827,0.26888014238573277,0.09364825096330683,9.785436667661324e-05
0.958490277396228,0.26677880545806176,0.09376171936931495,9.766499051072073e-05
0.9694317216132013,0.2680010600848166,0.09328549252555597,9.747415266412736e-05
0.9559751400147665,0.2679837375980765,0.09348405721094062,9.72768035417784e-05
0.9599336319103884,0.2689984149592266,0.09495972019032477,9.711369726749766e-05
0.9573543914372795,0.26790112992597837,0.09336199855228246,9.693058655740285e-05
0.9521643452279207,0.26916070777716494,0.09483579108211201,9.673321601981451e-05
0.9672061370028295,0.2683702624711064,0.09335421483643583,9.655568627716135e-05
0.9665875294165645,0.26848042674020034,0.09340372488835287,9.63977285955075e-05
0.9515470317728312,0.26771884774677823,0.09416224388563034,9.622546256323211e-05
0.952473482774721,0.2675387464723613,0.094254774379938,9.603478128987462e-05
0.9524902553580148,0.26917958488969007,0.09488794499400202,9.583738646315551e-05
0.9538842418430082,0.2676893634605655,0.09363448395540777,9.567463608748217e-05
0.9591919663104047,0.2683625770712772,0.0948560930289886,9.550755191896702e-05
0.9620001912614207,0.2686306438228392,0.09480156015550266,9.535992987759642e-05
0.963735906028381,0.26697460939451023,0.09387717819229702,9.520740724950664e-05
0.9640835243622004,0.2671529933091161,0.09400772314026945,9.501517143280434e-05
0.9671291511285425,0.26859938095115976,0.0943489419014179,9.482056388539503e-05
0.9541988727529898,0.2678263189872201,0.09361896001817151,9.463886698839839e-05
0.969558276292048,0.2678484340036438,0.09324508983223223,9.445999526306413e-05
0.9608772270602266,0.26838270157253485,0.09479511273945276,9.426896616280705e-05
0.9564425665479295,0.2669490395935399,0.09389510566339979,9.408398579323896e-05
0.9542883234288642,0.26897717292050793,0.09503733596516402,9.38955105367268e-05
0.9533645128432724,0.26730384105800087,0.09401150448693656,9.373635551229682e-05
0.9650835921082042,0.2686410219335664,0.09457386753301755,9.35574090116801e-05
0.953130777980089,0.26915564669804626,0.09443432427870523,9.339468622836978e-05
0.9670819075597361,0.26844429555361216,0.09340883863637733,9.322214252195548e-05
0.9642088459279012,0.26846526591000797,0.09337221063203278,9.306906739431104e-05
0.9664121636552068,0.2681919590290205,0.09435657181426287,9.294230495735961e-05
0.9632836852213469,0.26885889840762833,0.09473639588522227,9.27682284456264e-05
0.9634347521756688,0.26940305505048845,0.09431167296707268,9.262356073318295e-05
0.9586482233964446,0.26786070936541906,0.0946534492510512,9.247095879921372e-05
0.9567169121207257,0.26954367065483664,0.09457135514686123,9.230669636261732e-05
0.9661248153576629,0.2679614087750055,0.09430253921656138,9.212280230556703e-05
0.9513642902372368,0.2687643177081751,0.09479281386919117,9.193593569913946e-05
0.9537877024412804,0.2675662281081357,0.09441474367844382,9.17538086997394e-05
0.9625501401657957,0.2691291523080763,0.09477474676672051,9.157863060715818e-05
0.9675234058538376,0.2672575990288155,0.09377621735816868,9.142948618000123e-05
0.958547600198294,0.2671889796309468,0.09320442696763535,9.124645743581968e-05
0.963065653463552,0.2668818807840494,0.0938043596137129,9.105957404997769e-05
0.9647075241787189,0.26778908143357083,0.09433932380435552,9.090395100702249e-05
0.9573308910823055,0.2694217326333559,0.09432291163952596,9.072225201177514e-05
0.9638541481527554,0.2693657335282893,0.09430751658858742,9.054182325108622e-05
0.9642951693178627,0.26772895605514235,0.09306268842127115,9.040223721281667e-05
0.9588542795826491,0.2672853945342104,0.0931845667854999,9.02486904289444e-05
0.9580743023925766,0.26748589209937923,0.09443862748793928,9.007500067751762e-05
0.9509961145703674,0.2685115819822501,0.09466994993071473,8.990088796576521e-05
0.9534011408434857,0.2692783812122965,0.09487743078255678,8.972331144295325e-05
0.9596138575520179,0.26792716701402974,0.09326248157565799,8.95442535202628e-05
0.95800704004089,0.26957596534654416,0.09458221619520513,8.936570239162924e-05
0.968446455851625,0.267696154287248,0.09392901517100515,8.919217999812754e-05
0.959599358857016,0.2688837482038411,0.09373693621142376,8.905626713474423e-05
0.9671550916231748,0.26887578006138857,0.09384653227109993,8.890165025905958e-05
0.9661350404656126,0.2684612340812962,0.09442957085462213,8.874195942132327e-05
0.9555936080739169,0.2676071806213618,0.09450726592092204,8.85613105093133e-05
0.9606017627765642,0.26954600784047744,0.09451541287059968,8.841119215393818e-05
0.9547518138219289,0.26712002482496633,0.09385783091998856,8.82469554542372e-05
0.9690739432517468,0.2683160481742628,0.09398092970878785,8.813583631670054e-05
0.9682741726710713,0.2674098736472432,0.09377445983038997,8.795900531571864e-05
0.9562518038436849,0.2690640525462067,0.09405400370096749,8.780587433810305e-05
0.9627759607830129,0.2691145811510245,0.09387465400109087,8.764779284221257e-05
0.9625018151347504,0.2690462319399136,0.0947704881044436,8.751231531391313e-05
0.9519927884734614,0.2678411924855333,0.09400786932647234,8.733605126265816e-05
0.9559515326943124,0.2686345531790548,0.09379199811497034,8.716714260469074e-05
0.9688749428394061,0.26804237031478384,0.09331301966020344,8.702934091995352e-05
0.9589113342110522,0.26678045248825755,0.09367441555663368,8.6881757085936e-05
0.9560120507762075,0.26800176350831895,0.09352088664497972,8.67143028559426e-05
0.9645150573205399,0.2687094456700334,0.09460166963163444,8.657303428397461e-05
0.9610529496955511,0.2682933183850582,0.09336072797513385,8.640266071010348e-05
0.9604328365340375,0.26870133226507464,0.09486625693007628,8.626255806782074e-05
0.955657536530186,0.26948092899893683,0.09479453012348177,8.610720468524779e-05
0.9554465092855775,0.2678053653443164,0.09461809537516222,8.595339752600701e-05
0.954596378230578,0.2690211088172103,0.09417354391196213,8.580699944229925e-05
0.9632809355885072,0.26830451295700697,0.09461171646970644,8.56894241263091e-05
0.9523262273911328,0.2682193355928677,0.09470630877497328,8.553675106545954e-05
0.9649247990960284,0.26744570094666553,0.09301281336763427,8.53643355384191e-05
0.9577389168074948,0.2694699189207641,0.09441923415438272,8.519954533119468e-05
0.9657102724737889,0.2673064963485168,0.0939622393543771,8.502953911998417e-05
0.9644826709889323,0.2675451646267111,0.09303516841539403,8.487253202829811e-05
0.9651197014436512,0.2691593907990799,0.09408498976431087,8.474988623688412e-05
0.9677419120993402,0.26838221049085376,0.0934532739964145,8.464617142813815e-05
0.9621213956657986,0.2676443723309372,0.09439335283801624,8.449712258566623e-05
0.9651516507184787,0.26691986567122594,0.09365462077130496,8.433212579053137e-05
0.9530222187988446,0.2681370007356101,0.0947069382863729,8.416997348750366e-05
0.9673740960561421,0.2685506805607982,0.09355879598620671,8.399814596241059e-05
0.9686054662033765,0.267142138655728,0.09336600088455317,8.383967788219076e-05
0.9598241571797299,0.2692082765428123,0.09402168543689936,8.367148086047364e-05
0.966737686668468,0.268955194272555,0.09417646236311371,8.350419525233122e-05
0.9618089210857672,0.2694397319229891,0.09458213078805655,8.338355535012867e-05
0.9541973256364216,0.26915490584653123,0.0943643738506822,8.324784552657298e-05
0.9596554257556438,0.2676649682733223,0.09321425281152773,8.308318626645189e-05
0.9529413899733932,0.2682609594525207,0.09394086872650884,8.291500414322435e-05
0.9527028745753547,0.2677170844598469,0.09437543647008094,8.275852992187797e-05
0.9558561715318739,0.2670366612922679,0.09380071798368225,8.262316554596897e-05
0.9623630052457912,0.26941978062414074,0.09444041604200974,8.24656394512529e-05
0.9686985859949662,0.26720149880777977,0.09342277983717964,8.232460028282298e-05
0.9511503763963969,0.26831060033611,0.09440873766004287,8.217130164187167e-05
0.9533143036663585,0.2692008212473671,0.09461331574579523,8.201563403171207e-05
0.9651100340595242,0.26904271202849284,0.09445776469385554,8.187519832995707e-05
0.9583555136980237,0.26911984837771286,0.09495470682017813,8.175283561437355e-05
0.9687410630626871,0.2685124132404657,0.09380610497044975,8.158788353595159e-05
0.9636094048158395,0.26826174353226806,0.09456159801154423,8.144765151022895e-05
0.9571569867035876,0.2693963544718425,0.09438178936755529,8.131388997645141e-05
0.9557786407732465,0.2672294279087941,0.09352958193358969,8.118202532339892e-05
0.960924677334738,0.2694723399784682,0.09447354546557708,8.106927929038922e-05
0.9611700974348398,0.2688237471496093,0.09482043958537217,8.094937532263804e-05
0.9540511957523847,0.2686699092421645,0.09401771816011237,8.079876662588743e-05
0.961749714844462,0.26943511582186064,0.0944858096809407,8.063361808084906e-05
0.9554638995963174,0.26804562367974794,0.09361080071478925,8.050810765078249e-05
0.9636393944428843,0.26718544894231333,0.09399265233988013,8.036352406669334e-05
0.9514828519074996,0.2682000306630552,0.09449566809894894,8.022214262658645e-05
0.9514563475143767,0.2681799277696766,0.09446681441581578,8.006157519077605e-05
0.9647417407954677,0.26677363559794576,0.093244526131925,7.98971367431724e-05
0.953046601828234,0.26910266906663627,0.09455434940010148,7.973707575693551e-05
0.9642208289566785,0.2691703662013223,0.09448490401210934,7.958660842408743e-05
0.9645448362605951,0.2683317210352729,0.09450272290641439,7.944656980876836e-05
0.95162983031938,0.2687254764840896,0.09464008461297013,7.928364129811787e-05
0.9645119950129004,0.26844327183146244,0.09341594084513977,7.91239926359499e-05
0.9689622095506056,0.26733925774738676,0.09326557186876215,7.899849460499388e-05
0.9545396856975223,0.267590632493105,0.09440131457058952,7.883761286695996e-05
0.9616646488311638,0.2687342078017616,0.09362206375762834,7.870297445312353e-05
0.9581001272789536,0.2688604499368592,0.09383444588899405,7.855388400423406e-05
0.9665830185325746,0.26787247183174956,0.09416489292957775,7.841617938172423e-05
0.9594757637640008,0.26695061964256017,0.09389377854859289,7.826660080085156e-05
0.9588618533995863,0.26745549227744414,0.09435809456200242,7.811049214060798e-05
0.9652590187029553,0.26811501915328284,0.09325327722186848,7.796814686617281e-05
0.9584235251924174,0.26842835673839516,0.0935673022270201,7.782146992464343e-05
0.9611667729772311,0.26682464592256117,0.09369901569403481,7.769056654951995e-05
0.968109905049447,0.2683700444393551,0.09352773553764326,7.75603283216422e-05
0.969009813261918,0.2680885216266027,0.09386976668287411,7.748355423910623e-05
0.9514937588729584,0.2685352467927973,0.0945564455970505,7.734616153089748e-05
0.9528327540453603,0.269061002439561,0.09463451546478181,7.720812214437062e-05
0.954983399974699,0.26898634779943276,0.09495309462792167,7.705477844842066e-05
0.9546967446629449,0.2678227154723334,0.09365060021563812,7.689664776859802e-05
0.9649521270084804,0.2670709468194674,0.09305263336021544,7.674877571026481e-05
0.9544941850276079,0.2680987660816607,0.09373694752731544,7.659169509262224e-05
0.9549911528236255,0.26720430760733094,0.09380827213145279,7.646302394863079e-05
0.9616396969978815,0.2679477673367301,0.09324037476271893,7.631050660487259e-05
0.954024345268575,0.26924969170078894,0.09471330242661948,7.615365250177871e-05
0.9540126842332022,0.2690029716484026,0.09490943618862607,7.605577939625876e-05
0.9527104455659376,0.26901488987195066,0.09459885694741221,7.590261321389563e-05
0.9541322094641753,0.26737703621572284,0.09407747454661826,7.575241149497086e-05
0.9631461069599663,0.2674254509796914,0.09417558217885261,7.560494821264347e-05
0.9655302774758532,0.26838683298821553,0.09341191109493256,7.547212132447955e-05
0.9676689544367125,0.2673474573200971,0.09312928946216985,7.543389680240551e-05
0.9551129793679944,0.26929607698421143,0.094527819564292,7.529959180719053e-05
0.9599977765613428,0.2694550533523157,0.09454840160151856,7.516707343616631e-05
0.9557884814516271,0.2690222623512808,0.09494894537076999,7.501897702717747e-05
0.9657656966329426,0.26706836122344124,0.09368274359587112,7.490578017275382e-05
0.9673728907308927,0.2674774150744399,0.09384356256406307,7.475950080623017e-05
0.9625449229593865,0.26779294592550995,0.09440894731280464,7.462276664831683e-05
0.9534705486567105,0.26883694611999154,0.09486906119727002,7.447043005059939e-05
0.9622789676590724,0.2679456949975674,0.09449382779418407,7.431943842278347e-05
0.9543287364020134,0.26740721944904666,0.09414025940777426,7.417037846247135e-05
0.9640930414119637,0.26694177362713467,0.093114814375077,7.404306834130498e-05
0.9665211141009493,0.26863973468797164,0.09429679359696722,7.390014371013856e-05
0.9656197032489082,0.2669284882601959,0.09350451430693534,7.375422053614509e-05
0.9672329777294646,0.2681129313222994,0.09332710006418711,7.361029741174934e-05
0.9588450498769632,0.26936138867006365,0.09480262053505091,7.347651380696972e-05
0.9558213948181908,0.26712912850468884,0.0938513640163259,7.333180726444974e-05
0.952778227448217,0.2687515818469257,0.09429946580122411,7.318844626698493e-05
0.9612564840526332,0.26689401125349055,0.09375814624329566,7.304370344834291e-05
0.9568203085446516,0.267975687563903,0.09466053638131351,7.291511629324869e-05
0.9681696208056252,0.26784414696450454,0.09392109734311992,7.280680195397041e-05
0.9538156693536841,0.26856127066584157,0.09402820017006105,7.266251506659254e-05
0.9593210466485331,0.2678506248295982,0.09455938974217429,7.252698025450892e-05
0.9631114865118011,0.2689466273225649,0.09380881306720101,7.237993148287113e-05
0.9631102456476128,0.2692788418404719,0.09441991975475159,7.223332959271369e-05
0.9611698611471109,0.2688359299216452,0.09373235537120096,7.208701439576774e-05
0.9550059025418811,0.269263013739405,0.09451909106898446,7.194597577144673e-05
0.9640510280205579,0.2677287578174168,0.09427975831573489,7.180773084595004e-05
0.9596990973999358,0.26726891588262514,0.09417446980187937,7.166760652536723e-05
0.9645890375947523,0.2676625228846856,0.09311822887917966,7.153196211632742e-05
0.9539679449755596,0.26905601559793824,0.09485703210058335,7.138559693895287e-05
0.964196060707442,0.26772538167069926,0.0931384449614978,7.127463233469658e-05
0.9637066329685826,0.268769165537206,0.0945995417263475,7.11315860989968e-05
0.9689766389586882,0.2675066936093573,0.09352101440157339,7.098689029203786e-05
0.9671305393551677,0.2687668507195924,0.093993254980611,7.086170765723627e-05
0.9660011752232176,0.26889719320311856,0.09426814532785602,7.072091700329967e-05
0.9525426288802237,0.26791549915353086,0.09440471293011761,7.05773967471851e-05
0.962878406040037,0.2677691867091412,0.09317107456927869,7.043482663471376e-05
0.9554091098060287,0.2675940102322971,0.09439625444020078,7.031776002177148e-05
0.9623589110140625,0.2667889421110723,0.09333091191027737,7.017399859321797e-05
0.9553724475374601,0.2682529728639358,0.09373137339648206,7.003490360446834e-05
0.9673023351852628,0.26718194766884196,0.09316898177894012,6.990860090422296e-05
0.9650051535924735,0.26854932906218276,0.09446315089288809,6.976658804417102e-05
0.9626716751645663,0.26702655892899707,0.09385051987189867,6.962973360091722e-05
0.9684481519683779,0.26809868202235876,0.09393392336051269,6.950426765377236e-05
0.9625335688350329,0.2668977095972864,0.09369717727710357,6.937872636772945e-05
0.9668755975604064,0.2670352257939561,0.093246946124777,6.923655175278811e-05
0.9607329818076202,0.2693650888039134,0.0943326736864338,6.909557695305773e-05
0.9619512472084359,0.2669207417152608,0.09319519653069651,6.897861672409734e-05
0.9554396600544965,0.2681038144554977,0.09367697497176605,6.88732025804559e-05
0.9555618012383214,0.26802782039851714,0.09466589372701277,6.874783473713163e-05
0.9657452123731378,0.26881885656475046,0.0943463298630722,6.86150237014641e-05
0.9646237977776391,0.26902773505700006,0.09398208484319669,6.850689777473743e-05
0.9534248527584559,0.26892359144666544,0.09481362354355452,6.84035079018263e-05
0.9638957243489106,0.2680883822200175,0.0932794951390674,6.826480148821481e-05
0.9623365075525285,0.26727714244017253,0.09311532251661764,6.813963486198748e-05
0.9584236326582474,0.2671536242071173,0.09334415843644828,6.800218938576922e-05
0.9569675168233029,0.26740710965363546,0.09427387267598586,6.788534513030704e-05
0.9604200334655335,0.2680390755346591,0.0933442388507048,6.774891581426389e-05
0.9566729531513047,0.267116485416494,0.09358885340236497,6.761619621848818e-05
0.9613387151877628,0.2672264889576219,0.0931544608522465,6.749612201542563e-05
0.9522258367961278,0.2680039102761198,0.09420275849065679,6.735978182308223e-05
0.9567184331426581,0.26932881349185567,0.0944565120616408,6.72217919637402e-05
0.9571037506816538,0.2686525890291762,0.09487916952610503,6.711324309587594e-05
0.9569958882074214,0.26737748795025174,0.09344143315226767,6.700141176140066e-05
0.9526773600192868,0.2682026747557391,0.09407915232011714,6.687002528917709e-05
0.9590581371949103,0.2689902601847076,0.09393920802100382,6.674061481928786e-05
0.9525662924841072,0.26827330454723564,0.09412511866339135,6.661390675050299e-05
0.9623633577123698,0.26706409545568865,0.09314446997616485,6.650156059761613e-05
0.9620391540201538,0.2688187727924849,0.09470752387864755,6.637334339435125e-05
0.9611099939942527,0.2678506538339098,0.09326088696728782,6.625182440259448e-05
0.966766096706877,0.2671323560094092,0.09318273489298104,6.612204748018167e-05
0.9561272335213236,0.2687046842409697,0.09488905139389645,6.599872773274557e-05
0.9618551246034048,0.2688381079254243,0.09471841962649456,6.586848034744224e-05
0.9567405752723861,0.26785497812391457,0.09457131886934399,6.57454555728679e-05
0.9645955855871495,0.26831199786823623,0.0933971151870958,6.561726337335037e-05
0.9563561422526679,0.26895200472204084,0.09491001351993536,6.548323320338298e-05
0.9652097809157034,0.26717872315241187,0.09310216399151713,6.536649727063919e-05
0.9663453378904929,0.26877911766903284,0.09385387424582227,6.524218848130893e-05
0.9621822257732848,0.2682936092954735,0.09340742175171843,6.51110554924701e-05
0.9578564037875896,0.2687254111599713,0.09487292531848668,6.498228879801725e-05
0.9532504429816022,0.2677769598174302,0.09433981420935637,6.484894704984892e-05
0.9628951064232467,0.2675111760262945,0.09313258903672497,6.471797398112707e-05
0.9588529017983998,0.2672962441822775,0.09417858045338683,6.458689819759393e-05
0.9577581453371273,0.26720664740284694,0.0934095399096319,6.44763455745001e-05
0.9523304921056326,0.26868953244104543,0.09448294372084845,6.43828949742896e-05
0.9613414760092152,0.26928976741379174,0.09425767208166755,6.426020929698362e-05
0.9632318752800444,0.2682152088264389,0.09335642760710922,6.413898334351102e-05
0.9552782930031984,0.26924680341605645,0.0945600273972851,6.404220782158353e-05
0.9555711944554233,0.26742815083882476,0.09421621959816985,6.391907466158861e-05
0.9603266802516828,0.2690359638399098,0.09395048322220663,6.378790733024543e-05
0.9593920208714355,0.2693867108784984,0.09461468299469035,6.365764764419143e-05
0.9677151419725494,0.26805616730197857,0.09401165286010965,6.354354753497916e-05
0.9652790781919052,0.2669869041134958,0.09319993875264435,6.342791978382392e-05
0.9589846835850739,0.2692807663719228,0.09426728675733669,6.329964513245897e-05
0.9602261598376316,0.2672476968909463,0.09410988526877292,6.317169811416684e-05
0.9677689120445372,0.2672344539648206,0.09335494492913646,6.305558806555339e-05
0.9627438170584917,0.26922975136660976,0.09446485072419229,6.292728039841376e-05
0.9560038798857935,0.2685423899672399,0.09384094221638056,6.280173964117659e-05
0.9629879926913656,0.26722963524938326,0.09312129408692131,6.268203698980721e-05
0.9689256476118029,0.26796434978310235,0.09355526035501407,6.255936518142283e-05
0.9579368180649244,0.2686413159604457,0.09484757729029739,6.243218843955465e-05
0.9636836608176811,0.26787438669399233,0.09434287993601123,6.230404482406902e-05
0.9614401711038685,0.2692308127723806,0.09463792576725874,6.220404459143648e-05
0.960683689237138,0.2668573858011787,0.09344886131026517,6.209113601529481e-05
0.9665766937973892,0.2686904753652388,0.09418445103584017,6.198956832295032e-05
0.95788286081482,0.26702217109682236,0.09355529919778353,6.18673432898472e-05
0.9651641567207001,0.2687919158836283,0.09378285004388774,6.178534937243576e-05
0.9611157090624491,0.2679865172960809,0.09452665006311899,6.16812571620414e-05
0.9674046329212054,0.26802080082608426,0.09403504529271632,6.155469584069419e-05
0.9611453440564617,0.26686521061755664,0.09357263720616184,6.143466406727962e-05
0.9653452497992507,0.2679292171768253,0.09324462777115672,6.131911009553554e-05
0.9674229092865598,0.26725792719305375,0.09325190582709922,6.120317428590087e-05
0.9684279952358512,0.26773437617530105,0.09373346083418178,6.108198186044722e-05
0.9583547477272187,0.2686935903962704,0.09483919305190447,6.097218439116013e-05
0.9524380057474904,0.2682329078025456,0.09421060780945592,6.085673509253899e-05
0.9552621876771621,0.2685407600260272,0.09391723190807304,6.074966997896776e-05
0.9680310629178539,0.2675118041719031,0.09327567209397696,6.062708025816869e-05
0.9684350439244138,0.2674666491389013,0.0934367637483184,6.050924383712779e-05
0.959656043723303,0.2672223524845285,0.0940819841025734,6.039192737392544e-05
0.9627925368541899,0.267140527283263,0.09315122973299692,6.029863200264572e-05
0.9554916767922847,0.2679142984764904,0.09366052230111784,6.018120365605838e-05
0.9559233431319143,0.26772448859506426,0.09445503026036875,6.006646721794857e-05
0.9624554129807894,0.268502004565476,0.09461670303626615,5.9943501787590156e-05
0.9573466765162042,0.26878307246989763,0.09390447971869907,5.98246870620651e-05
0.9537415299637502,0.26814520847388024,0.09461206956661837,5.97086151819611e-05
0.9657186240487636,0.26741652642045044,0.09391037133533146,5.958624715739782e-05
0.9643812390627033,0.26692992423648465,0.09349855938383704,5.946753614865838e-05
0.9681829129862987,0.26832449337296427,0.09384958750881908,5.9355184026780146e-05
0.9592651988841681,0.26935776816728385,0.09460400104202875,5.923398424647541e-05
0.9610658993460142,0.2685914933345377,0.09471233910969785,5.9115290498162945e-05
0.9629484981078225,0.26801025524755184,0.09329007787894211,5.899827201893734e-05
0.9565725371088654,0.2672624304520166,0.09357061647529043,5.887861964097562e-05
0.9592940731090618,0.267507001125191,0.09329972087887135,5.875829256100386e-05
0.9568907732959175,0.2692291452753517,0.09436184072921586,5.866728057227115e-05
0.9660033738062843,0.26883004362996177,0.0939694766804045,5.855473162749233e-05
0.9685860418792611,0.2679183161484118,0.09374220455288314,5.843452633587406e-05
0.9605395062750102,0.2669309365303998,0.09336552684337429,5.8317734936427495e-05
0.953831112822952,0.26792527617896766,0.09387954570809678,5.820432995573386e-05
0.9547353222176032,0.26822418485569566,0.09383553557865003,5.8091312796846133e-05
0.9546719233163241,0.2675489500998076,0.09377075332197057,5.797313506170008e-05
0.9661068633506371,0.2675653121818635,0.09316912983665042,5.7896092867820485e-05
0.9579274833107938,0.2682352272624895,0.09471152760312779,5.778669624242913e-05
0.9578994945988697,0.26924267048490114,0.09478306146217566,5.767061487164667e-05
0.9627445773339947,0.2689732632099602,0.09390544386423974,5.7553413125405104e-05
0.9565200450659681,0.2692883662501748,0.09469236893115955,5.74396735012462e-05
0.9676156967652947,0.2684171733214691,0.09369155278332482,5.73353437037398e-05
0.9652096788863886,0.2676557727366,0.09409780999643483,5.722456868585406e-05
0.9579789628620077,0.26731926724880606,0.09415907729039268,5.710780232154556e-05
0.9595186907469575,0.2674628548639437,0.09329059277084915,5.700356655351635e-05
0.9678936929624076,0.2673560846896881,0.09346523223852517,5.6893358937335263e-05
0.9684700344747394,0.2681582884712812,0.09367587428846198,5.677790147337448e-05
0.967894609500151,0.26771353342897686,0.09380173362058138,5.666383116866744e-05
0.9674463952483041,0.267673201692731,0.09325878484763561,5.654943515074972e-05
0.9634609425768037,0.2684195102832534,0.09452072657486947,5.643459270210124e-05
0.961732863191159,0.268936257069776,0.09468283442241039,5.6325792932147006e-05
0.9679570943178799,0.26765333288815407,0.09330559326109363,5.62133438585047e-05
0.9601164406011637,0.2670299730626804,0.09384515916214733,5.6097878168141485e-05
0.9672347213314154,0.2680710437693383,0.09404862218464499,5.5986738680340205e-05
0.9530799881117353,0.26883406798856924,0.09457417816394874,5.5897959853485584e-05
0.9582752777349413,0.2670288742746558,0.09355210767389119,5.578531148813059e-05
0.9551470188179092,0.2688194684449603,0.0941272552693401,5.567814553097579e-05
0.9525517355134934,0.2685609800256059,0.09440787521947405,5.5569961851190935e-05
0.9651804096794372,0.268887368752563,0.09429687823206821,5.546227773652073e-05
0.9665198935485897,0.26731181073708044,0.0937138882177464,5.5358458725683294e-05
0.9576344257409204,0.2674335769585645,0.09424937053981838,5.5248850133511815e-05
0.9562115739637722,0.26897163129866297,0.09485772750660604,5.5135839497625705e-05
0.9548824548864445,0.2687707540484907,0.09482990225963281,5.502606515823858e-05
0.9639783918487623,0.26844464782628874,0.09447955702246259,5.493434914937968e-05
0.9659469133745642,0.26709287952632144,0.09352275297661083,5.483963236687486e-05
0.9656097942286106,0.26863166414691886,0.09369338429596168,5.4736465302816716e-05
0.9685984414519524,0.2679779775511584,0.09360712178697776,5.463180890736681e-05
0.9525689641189423,0.268576657349787,0.09451245456721599,5.452518000999938e-05
0.9662140252417117,0.267788230862293,0.09405888487291311,5.4415755839406844e-05
0.9542177678024597,0.2689990977750685,0.09445148663218869,5.430492317410068e-05
0.9584379551620401,0.26843155443916533,0.09475583150949905,5.421963948119727e-05
0.9627167617860231,0.2689157175099637,0.09386429893225232,5.410948215373366e-05
0.959995824196989,0.2670222913067941,0.09381451250607994,5.4010086159210307e-05
0.9594892595437923,0.2692580330490897,0.09468994569657367,5.3900353652995454e-05
0.9646762143440757,0.2689030768840459,0.09436495000735483,5.3792753845689034e-05
0.9622432030536192,0.2669836326812196,0.09371222021055967,5.368319072750509e-05
0.9571868862178761,0.2677193026915019,0.09349233340662873,5.357640780083513e-05
0.9625322595667676,0.26889474090034415,0.09384498972510512,5.3473783605852394e-05
0.9684149810899925,0.2681040303873974,0.09372448586492485,5.337194098861718e-05
0.9552685405071824,0.2675143132732829,0.09421625740190269,5.326292853345194e-05
0.959983593109575,0.2692588034604646,0.09465366110516546,5.3162990403296684e-05
0.9581437013674581,0.26927921329162774,0.0947081721214159,5.305571024221647e-05
0.9635867440931705,0.26691330212503517,0.09340393323865775,5.294682965694797e-05
0.9634205212865226,0.26820218585608724,0.09338491021366908,5.283917837363773e-05
0.9622138765463646,0.2689983140782226,0.0939472595774084,5.273326528206741e-05
0.9647778315509346,0.26886921247011797,0.09436220319370875,5.262981445749744e-05
0.956648711021634,0.2672254484439729,0.09363818680758414,5.252829875715832e-05
0.9588112354186276,0.268803098795136,0.09386096667886987,5.2425459231329485e-05
0.9657440533972714,0.26881127672883753,0.0939456247781576,5.232322607850587e-05
0.9658082343191108,0.26824632136490023,0.09425557926470612,5.222285754254923e-05
0.9680269582391698,0.26760819656109347,0.09334704832894132,5.21241582099827e-05
0.9545645803265312,0.2675260152322927,0.09387544113851683,5.2060446503314404e-05
0.9549135328391856,0.2677196684298664,0.09437206959414517,5.195773616062491e-05
0.9632157870998856,0.2670574750125003,0.09374600006927533,5.1851937207018124e-05
0.9562980896407485,0.26814061042506254,0.09368001915072603,5.176050396577849e-05
0.9619704247329199,0.26888119265927135,0.09384146146668113,5.165438057090584e-05
0.9630480081879966,0.2682056050601702,0.09447559210706244,5.1553347790745116e-05
0.9536738262507054,0.26771347948542457,0.09403874837497089,5.145933165151614e-05
0.9584265141235022,0.26891517604456316,0.0939732953591611,5.1369644009871075e-05
0.9609016482012347,0.26922417765050044,0.09425582641264409,5.1265216254127064e-05
0.9530874238725566,0.26825779207270695,0.09413612946572049,5.1168078921411414e-05
0.9647053576752107,0.2689497647624848,0.09428176787352033,5.106941503675494e-05
0.960211374794369,0.26697157544844985,0.09369141888498986,5.09748573508061e-05
0.9587163535687431,0.2672909334528395,0.09410743521900317,5.087424331811055e-05
0.9586713762377137,0.26747404009248066,0.09426279097251328,5.077674704501095e-05
0.9642190672176394,0.26728637236069086,0.09389889146262237,5.0675905374225906e-05
0.954016217314928,0.2676387412365415,0.09399299182704676,5.058988615872764e-05
0.9642943363692194,0.26740270039274217,0.09316038596691988,5.0488013248091516e-05
0.9538419137364755,0.2682919473439871,0.09401615263539952,5.0398393036687974e-05
0.9627705578496304,0.2669877937157794,0.09365861143885709,5.0295899890007196e-05
0.9618099674543057,0.2669176842085492,0.09352536177599395,5.0193516870807126e-05
0.9660732826522427,0.26867061019508265,0.09419333323354398,5.00904006268348e-05
0.9573105029709197,0.26905241359050547,0.09417190257843158,4.9995287409270765e-05
0.956626468034413,0.269246229041159,0.09457402073157803,4.990506297953716e-05
0.9550531752833642,0.26907873521101466,0.09472083867742515,4.980458905619761e-05
0.9587654930537415,0.2687137561644284,0.0938152158756308,4.971967628596938e-05
0.9671033323985352,0.2684769641107918,0.09402553980727407,4.961925862242848e-05
0.9683497667067176,0.26785423508897566,0.09352350951767245,4.952849181062334e-05
0.9552679614178725,0.2690261563215235,0.09435767423171695,4.9458016280128965e-05
0.960001211984574,0.2692710253096757,0.09456561152864687,4.9362508703525314e-05
0.9567117328849069,0.2689826384214149,0.09482180986449401,4.926975690520038e-05
0.9549427488932736,0.2680687864835345,0.09380605249686656,4.916911297200908e-05
0.9616682109713075,0.2691436780439893,0.09416042410456309,4.907810809232192e-05
0.9549075738380974,0.2683981951904644,0.09393376676070946,4.898339491100859e-05
0.9600648993342737,0.2674549402404305,0.09329266100772024,4.888322417726601e-05
0.95537014486389,0.26738252700896714,0.09391010821134964,4.878425392393854e-05
0.9597042188314475,0.2671322114896375,0.09392341726585189,4.868463147589033e-05
0.9553622377232411,0.26913530712298583,0.09456522901624873,4.858822947983363e-05
0.961686970052055,0.2676496909846233,0.09325001277777947,4.8494565253030465e-05
0.9569790535637299,0.26789629650610003,0.09452841039876875,4.841197671509508e-05
0.9594371092054885,0.26704884254333505,0.09345028676723285,4.832353579671832e-05
0.961504789033631,0.2691446444228738,0.09457105954840431,4.823536398548129e-05
0.9553621630115927,0.2677181164688611,0.09436969826605766,4.815469632924192e-05
0.9619999465292342,0.26824823508821694,0.09344880619981495,4.805613442577109e-05
0.9535954516841709,0.2678177980931251,0.09423613562874662,4.796542991802858e-05
0.9573294813870792,0.26721167189831907,0.0939330321544706,4.789628761866964e-05
0.9623387488374338,0.26887622338813655,0.09386254300585366,4.779807172903053e-05
0.9558684612037123,0.26772272612940573,0.09365136831367535,4.770386102428474e-05
0.9623614015979971,0.2672817563716692,0.09320708412449737,4.7611057418174086e-05
0.9630952177814738,0.26702919240258494,0.09327366716007283,4.7513837123590374e-05
0.9670080741932665,0.26751132687855605,0.09327604886626437,4.7432350640345795e-05
0.9654289123683935,0.2671315879084135,0.0932722898725128,4.7343450408091626e-05
0.9649163636711542,0.2689088555502974,0.09413116750700118,4.724913663245359e-05
0.9536409643846628,0.26779722591007316,0.09418171547105682,4.7160273456774134e-05
0.9538169588602496,0.2687970878683412,0.09466915514689804,4.7065595449363994e-05
0.966530537938942,0.2685543669251762,0.09377844632953074,4.69701468443774e-05
0.960845725619528,0.2681678643594876,0.09456156524225451,4.687978893815565e-05
0.95559978829721,0.26811441089679966,0.09461292976483224,4.678596417609653e-05
0.9634167842479453,0.26904066014046246,0.09437996831724653,4.669661698894193e-05
0.9584039853679371,0.2690113323571144,0.09408903134472914,4.6604639783741735e-05
0.9680985904625512,0.26795534941152166,0.09355012958924269,4.651269431176686e-05
0.9562705583945004,0.26766235276604355,0.09435505577476348,4.64229131302183e-05
0.9667006430304106,0.26738597152672305,0.0932690809301549,4.6333200164269937e-05
0.9603400870405423,0.26698251026119135,0.09362114482495461,4.6246270066348676e-05
0.968005793234548,0.26812923322379567,0.0936905402528684,4.615163483454343e-05
0.9528876784142692,0.2682477437995443,0.09431381163369841,4.607546057263819e-05
0.9556811483828991,0.26764361008907,0.09431074715536278,4.599107842684119e-05
0.959886513670595,0.2679072917832712,0.09339951045790247,4.5918876656959e-05
0.9533428657617211,0.26810468043872415,0.09442927959794105,4.5827043161755596e-05
0.9627347489835305,0.26828890553723905,0.09346735761268458,4.573483654603627e-05
0.9529209077653693,0.26832593420203144,0.09432916752615772,4.565486240699006e-05
0.9656698595747049,0.2680048319348116,0.09335163257240775,4.556683690905991e-05
0.965192040021698,0.2670865197003638,0.09334852967774605,4.5481255802052975e-05
0.9644701223771683,0.2688982896274579,0.09429925546300064,4.5402256172777113e-05
0.9534389596768502,0.2684688891615368,0.09422416982350015,4.5309301206777215e-05
0.9575298175454119,0.26795986912476844,0.09454494986636941,4.521661836557255e-05
0.9534923220452178,0.26823934269392535,0.09411196677607603,4.5134143148299365e-05
0.9670351798986108,0.2678151868610208,0.0939047090231607,4.505090678417414e-05
0.9667783003828259,0.26732751053844006,0.0935622252012674,4.4963699366629824e-05
0.9549488157852828,0.26870717696896684,0.09475625531082445,4.487240571864005e-05
0.9559465721432243,0.2688087435543567,0.0947912436965497,4.478934504624998e-05
0.953893744113465,0.268837363212465,0.09449315452463872,4.471444154168964e-05
0.9665668498379727,0.2685880558039526,0.09393488086566909,4.462330532456546e-05
0.9633295435031055,0.26857460177586034,0.09364293329118406,4.453540181671826e-05
0.9669992789001647,0.26733295273680135,0.0934521346275206,4.4444928811879096e-05
0.9606204147777149,0.26699787094243943,0.09347536906969807,4.435695842514523e-05
0.9544783979514371,0.26827857358725726,0.09396603616946847,4.42667278371031e-05
0.9539076952980654,0.26853851132791706,0.09418321570145916,4.418632180541826e-05
0.9603519127378188,0.2688625637527009,0.09470491531264053,4.4098439225474124e-05
0.9588753195183273,0.2671711193713924,0.09391752358986928,4.4012104356033416e-05
0.9621223905296965,0.2688454006047667,0.09385760379792918,4.392508662825611e-05
0.9569027266149845,0.2675155148687922,0.09423644653304228,4.383731801986747e-05
0.9589439741550869,0.26838075722641586,0.0946851128044432,4.375371061768412e-05
0.9573035567063215,0.26789064169376453,0.09356395426383075,4.36682582386505e-05
0.9565176054290703,0.2674196421411086,0.09363604580713528,4.3580643350304406e-05
0.9613489143824179,0.2691848241365875,0.09443498644577258,4.349175879471133e-05
0.953905398876083,0.2683117339922243,0.09407090459134713,4.340460095648288e-05
0.9675426998531584,0.2676278729708599,0.09338933547994828,4.332060307076225e-05
0.9634657226169381,0.2690215458058456,0.09415480836504474,4.3233432375838906e-05
0.9654805249488838,0.26829104558583605,0.09350407568006534,4.3146367692437434e-05
0.9578249350033339,0.26739345620366506,0.09414414416695889,4.306640999960596e-05
0.9613023438557757,0.26718177462155723,0.09391053930411715,4.2984016062831736e-05
0.9534045666992483,0.26846296928017743,0.09425756056191387,4.291238714307856e-05
0.9672319280298822,0.2674131209396404,0.09348675090675942,4.2828834658201926e-05
0.9538734027126452,0.2686373471385102,0.09427363513411485,4.274723750265302e-05
0.9540305080638607,0.26859837917751417,0.0942135189843647,4.2661528062340806e-05
0.9533208284880903,0.26859912757753834,0.09442263885888182,4.258117480677074e-05
0.956178438567612,0.2673395979472273,0.09390742890916981,4.249973285057058e-05
0.9647374820979664,0.2672341542472745,0.09323482036655414,4.241551857799212e-05
0.9654127409054354,0.26713071879824724,0.09346223091940335,4.233174339956409e-05
0.9568270171456295,0.26747907890782474,0.09358839952015309,4.225050542701811e-05
0.9531564223247759,0.26848680518803625,0.09444663274626908,4.2164676868848776e-05
0.964031100733477,0.26710018306696215,0.09364033022700173,4.2079531112347225e-05
0.9617445300917264,0.26705650696949523,0.09334503161413454,4.200362301197761e-05
0.9608619859613192,0.2677220196360539,0.09433370580416911,4.191970170365957e-05
0.959933134469745,0.2677834457200614,0.09439741624574034,4.185196849555453e-05
0.9574068523768293,0.2672722538978216,0.09396708527694048,4.1769285852344216e-05
0.9643924336971885,0.26794783028549185,0.09423714570532808,4.168433154627672e-05
0.9612104851589827,0.26699383476491834,0.09353446371681498,4.160118471692281e-05
0.956209602308359,0.2673447827966293,0.09380997814806614,4.151828086975417e-05
0.9611946536813196,0.2689385759147471,0.09463142180932818,4.144201285022768e-05
0.9624290797867019,0.26771071438563565,0.09425316902866812,4.135756551547556e-05
0.9666361221048643,0.2673846078513791,0.09362295084515837,4.1279830447278146e-05
0.9561086183995311,0.26901050982458896,0.09473342734562422,4.120013620008895e-05
0.9555179382565022,0.268490026423311,0.09396098957202756,4.111785906110796e-05
0.9577268097756697,0.26920480095670274,0.09451717770368809,4.104477426302743e-05
0.9650001668145496,0.2678316723341061,0.09329667660016121,4.096687114624847e-05
0.9628345502332536,0.26714978098661724,0.09326913838611245,4.088294296097039e-05
0.965287880383018,0.2687284044974645,0.09420642477433709,4.080629073750436e-05
0.9577191443316799,0.26846959442694596,0.09377119866861808,4.072356391783633e-05
0.9575718541655611,0.268752166480811,0.09477099928159523,4.0647161699745796e-05
0.9572109290130637,0.2672539131727629,0.09368144781893951,4.056741190623352e-05
0.9578590216427241,0.26893907675073914,0.09409268093676923,4.048761128329709e-05
0.963287424220395,0.26706688986459004,0.09363182049381684,4.040704709748291e-05
0.9671885926120503,0.2674742943415571,0.09356857274725262,4.032513120858443e-05
0.9575390846577694,0.26893368489141567,0.09410981915112596,4.0245460694223606e-05
0.9639516592531905,0.26834524433917917,0.09439180486448513,4.0174730780489946e-05
0.9575011803895759,0.2679100461275963,0.09449637435554711,4.0095108614086774e-05
0.9677649188181636,0.2677474547950225,0.09362342159785329,4.001630732573431e-05
0.9606206071033192,0.26714478624155835,0.09385895257838515,3.993517688139784e-05
0.9608961566526393,0.2691781248566123,0.09439726472843578,3.9858272788364194e-05
0.9564915121204454,0.26745582710720006,0.0936606067443028,3.9791590098731454e-05
0.9537271727918952,0.2685869765280928,0.09430952060844705,3.971952314353303e-05
0.9587105967433338,0.2689240541669773,0.09403742492885366,3.9644416477349015e-05
0.9610686227317853,0.2672027717022394,0.09391347795586645,3.956860743180132e-05
0.9614639908048499,0.2671059146792236,0.0937784605360424,3.9500875011181124e-05
0.956006939588784,0.26774945878399725,0.09436403240975098,3.942205903704015e-05
0.9599808486402139,0.26908557120207255,0.09417161550021047,3.934905837064278e-05
0.9540343386644725,0.2678333755290172,0.09407089771790406,3.927547785479683e-05
0.9562927130161825,0.26910959232207965,0.09455186641278077,3.919977340484551e-05
0.9564362325899154,0.26859450292649667,0.0939492100586783,3.912504852094156e-05
0.9556217978708723,0.2680712288013507,0.09454646115252748,3.904607715407354e-05
0.9594419802632927,0.26707899711493965,0.09365545353140543,3.896761934227413e-05
0.9580243075292785,0.2684609352937244,0.09375810788891807,3.889867769846601e-05
0.9580406888936945,0.26717474090422244,0.09375114937349402,3.8819464543895995e-05
0.9575685297449237,0.2672178298896506,0.09376974893407912,3.875523224582271e-05
0.9561668559307375,0.26814791704242413,0.09376318481043995,3.8677425448414084e-05
0.9626217191471529,0.26706384212602186,0.09363922019224889,3.861085351316407e-05
0.9589864226550233,0.26771583070821237,0.09436114448685948,3.853230954078553e-05
0.9566360192414383,0.2682844783279523,0.09377629398383988,3.846153439500882e-05
0.9575383032644602,0.26904985528951486,0.09425754483252595,3.838547527903299e-05
0.9643165076231579,0.2679755433314701,0.09423458676219315,3.8315260640762826e-05
0.9637500712403639,0.2689523675226544,0.09422485368291304,3.8241048953117305e-05
0.9567650356923991,0.2684762814871937,0.09386033934750729,3.8165424475496776e-05
0.9560485476247838,0.2674500108967479,0.09378165509050965,3.810195030558561e-05
0.9639999494333384,0.26888256703641367,0.09403579409575165,3.802383787292908e-05
0.9635115650040422,0.2689723775718187,0.09420313226104257,3.7955617455570965e-05
0.9612828717000159,0.26898821835216413,0.09405321080567725,3.788045551867534e-05
0.9549472105887542,0.26879012811697667,0.09427765404108393,3.780575517320431e-05
0.9548422121001465,0.2676399865792496,0.09397629224188804,3.7728834637995424e-05
0.9666750343032682,0.26746089775886883,0.09336734027367476,3.765308154836087e-05
0.9661717729311459,0.26802114351174255,0.09405261523182311,3.757748793225091e-05
0.9674388297353609,0.2680834349673886,0.09363421917040284,3.75048289751469e-05
0.9558175309825856,0.2683550608865819,0.09388929705128635,3.743647350362385e-05
0.9599946662003749,0.2671524782610606,0.09344169768980155,3.736654184986428e-05
0.9664279399573701,0.2673612053317398,0.09339632083582804,3.729073365914108e-05
0.9570745561176928,0.2678692480363454,0.09445215989461851,3.7219838451308346e-05
0.9603027653414653,0.26769956988615573,0.09337000313339221,3.714558325040475e-05
0.9551188120861784,0.26779582635340415,0.09432182894076928,3.707948071380448e-05
0.963457310683765,0.2670669944881665,0.09343369148717207,3.700547280514489e-05
0.9594121287428887,0.26907410158581535,0.09464288355688369,3.693250511657114e-05
0.9637979322089834,0.26733456043391546,0.09325286863936073,3.686452359225801e-05
0.9633907284134526,0.2679150654106839,0.09334440278305216,3.6793578188360896e-05
0.9556583643643961,0.2685877714185738,0.09403755020321965,3.6718871266058706e-05
0.9598284824713055,0.26841011512473245,0.09463109241342843,3.664520917925879e-05
0.956125476154055,0.2688418722232224,0.09472959231728681,3.6572601306926494e-05
0.9603564949574555,0.26837267494097605,0.09460043428244828,3.649863244124876e-05
0.9658552932080919,0.2673011221021342,0.09357978813840485,3.64475375923873e-05
0.9548521127578304,0.26774076647706013,0.09421994665621014,3.6387299799512393e-05
0.9589310971609031,0.2676527323787177,0.09430644130077785,3.631586493007438e-05
0.9673172683099889,0.2676752122125221,0.09363102705157343,3.624361734732783e-05
0.9633957707831176,0.2672912312913551,0.09326789171973959,3.616954569813892e-05
0.9550137501278453,0.268636572239082,0.09415668143310514,3.6098069173181254e-05
0.9616462461409494,0.26742763996636776,0.09407137710613135,3.602575044991863e-05
0.9656956037687614,0.267268692467834,0.09338608870832323,3.595490087531798e-05
0.9638291813963598,0.2673336842698477,0.09386333023069797,3.5884781250249556e-05
0.9552451845419778,0.2680648670662691,0.09386151504783746,3.581912478723143e-05
0.9636393054360841,0.2686845720464146,0.09379372982634074,3.575015631289889e-05
0.9654708431711114,0.26725002008494303,0.09337668071831284,3.567896328739306e-05
0.9586940202062699,0.2688950900487357,0.09471026283810002,3.560782116110212e-05
0.9633289267263034,0.2681487079104068,0.09344568329216676,3.5539449131636125e-05
0.9599931999411346,0.26830542142392844,0.09359766939818553,3.546952043607407e-05
0.9554680157499611,0.26879355963577445,0.09423068282728854,3.5397948628866696e-05
0.96062892566448,0.26750237583314473,0.09334205399110505,3.5326604469476176e-05
0.9574844734839001,0.2674976825932427,0.09357012792628262,3.525439668869627e-05
0.9643950130215639,0.2679515830472019,0.09336669995345984,3.518836315365688e-05
0.9538749717380224,0.2684035208254598,0.09451148268205495,3.511874641204696e-05
0.9600516501404819,0.2673769267613402,0.0933776634249753,3.504731588168029e-05
0.9669898538232253,0.2677226506652657,0.09375623904716619,3.4976000093086636e-05
0.9563509291731513,0.26815807915006995,0.09377371343096788,3.491906744514922e-05
0.9669862391364639,0.2680960331309643,0.09358557668852016,3.4858632758646875e-05
0.9663837570792513,0.26834655324018697,0.09369417386585294,3.478895300217269e-05
0.9594393952011657,0.269084143664974,0.09424459628367758,3.4722245148495624e-05
0.9553768774760432,0.26814881913346733,0.09454146028270816,3.46531343310937e-05
0.964299679411841,0.268845421959353,0.09413214575485951,3.458191632565155e-05
0.9600686636926632,0.2684581010568019,0.09367910602482103,3.451212974538629e-05
0.9599415276839434,0.26901759149747395,0.09461981290822472,3.4444977543021665e-05
0.9632425329629246,0.2674376325908947,0.09326777555337303,3.437497029745634e-05
0.9544806128563543,0.26878576938797405,0.09451109335173491,3.430558852050568e-05
0.9570229778717696,0.2674244666210317,0.0936607176941033,3.423528918627413e-05
0.9542281590742174,0.26870576534326696,0.09451450610853793,3.4178228891741515e-05
0.9663892186748999,0.2684560185859477,0.09392979978285149,3.410894636951117e-05
0.9602747101460078,0.2677006492146372,0.09429849072473534,3.404221690900383e-05
0.9641854495154298,0.26715711388213603,0.09338473434698091,3.398339395734311e-05
0.9607520010234172,0.2689451761605377,0.09404236726441623,3.392055046363505e-05
0.9631765407639534,0.26710959614458085,0.09359234053184814,3.385639176152457e-05
0.9649421974374714,0.2687336611729372,0.09401335510203844,3.3791900552218364e-05
0.9631199853482872,0.26850688854519267,0.0944449596211766,3.3723306031058705e-05
0.966557171103176,0.2682037319673458,0.09361170062314778,3.365838461817686e-05
0.9556886770972621,0.268951947718592,0.09459982194183893,3.35940408611112e-05
0.9622259163557452,0.2681916652722558,0.09443464808037551,3.3533946220826165e-05
0.96027300119483,0.26849266789034276,0.09369858269315076,3.3467784349718255e-05
0.9583909379824558,0.2687208882379275,0.09393395156690267,3.339980190822165e-05
0.9622927829323782,0.26724071136094607,0.09384881932943029,3.333161917034497e-05
0.9574549542355015,0.2672924746763343,0.09378950432385641,3.326833188315425e-05
0.9608836433524939,0.26907431726864006,0.0944812128452518,3.3204957750512534e-05
0.959253091121024,0.26890013704149074,0.09467057145489366,3.3154668445658805e-05
0.9608568410579021,0.2687119962534479,0.09383373469093272,3.309036602496034e-05
0.9562617380145912,0.268126955936139,0.09378662796826036,3.302798339011663e-05
0.9567099065872409,0.2675362945730113,0.0941489141912016,3.296143800843499e-05
0.9579261104527887,0.2690444010871027,0.09464040834865589,3.289456441495245e-05
0.962944124356337,0.2683416618789485,0.09356252481313912,3.2829544236927734e-05
0.9643882209894166,0.2687414534820536,0.09393936805596939,3.276823599717068e-05
0.9659623373820736,0.2674461294925987,0.09368700225078246,3.2700914552547905e-05
0.9627063773979909,0.26819274872418886,0.09439747523775144,3.2656121252461326e-05
0.9603208237163621,0.2691043543824141,0.09444587858209912,3.2595918541549654e-05
0.9569344617765587,0.2688549790996628,0.09469971529471057,3.2531659936299e-05
0.9569931150542921,0.2674976612501403,0.09366353329940023,3.2466451830410594e-05
0.9579145577715629,0.2674364214265095,0.0935700036748524,3.2410598465814886e-05
0.9554363361254197,0.26884345422871303,0.0946226475477406,3.2347470734733413e-05
0.9571739796492622,0.26772121712030894,0.09431858579154051,3.229017101304314e-05
0.9651346067585322,0.2683118331983094,0.09359164988804052,3.2224765036744724e-05
0.9628077664161481,0.2683770890783175,0.0935902873890352,3.215905956013979e-05
0.9672000873027642,0.2678365592951144,0.09361505596124163,3.20967722439298e-05
0.9663443527214692,0.2678103425701832,0.09342254973717648,3.2032529153064865e-05
0.960693564703833,0.2685932780826732,0.09376087060925666,3.196799363250117e-05
0.9619292253456209,0.2679016256579856,0.09432298090883955,3.191031329202814e-05
0.9670685462526087,0.26785280520010013,0.09373302584338351,3.184578031999765e-05
0.964087889436767,0.26747950259175024,0.09392782841679052,3.178175787965235e-05
0.9627397824080752,0.2671140224930504,0.0934780937881727,3.17257749285832e-05
0.9665751694616596,0.26825500547322045,0.09393159375058394,3.1663240032693955e-05
0.9662908466089917,0.2683365439280423,0.0939901608845963,3.1606229432856674e-05
0.9635310868074178,0.2671485498794097,0.09356278524823068,3.154414393145218e-05
0.9649272693805475,0.2676457841463993,0.09332194984353304,3.1480521992875814e-05
0.958293041754608,0.26845371077406743,0.09378534117282608,3.141603941273302e-05
0.9568775679936508,0.26739300355098883,0.09388775651259959,3.1352949986212444e-05
0.9637621181019576,0.2686850828010898,0.09435151905704697,3.129035169849437e-05
0.963495644463876,0.26760993797297017,0.09330472240322885,3.1226701846451645e-05
0.959937344719803,0.26882934276389814,0.09397161331884171,3.1162840622188385e-05
0.958208640785843,0.26830358135894294,0.09460701684234842,3.110372798632473e-05
0.9608719947557933,0.2672516837955059,0.09340199403238582,3.104484174424983e-05
0.9555712935831551,0.26778674295372595,0.09428193387410261,3.0984200256929854e-05
0.9605686596744842,0.2683910250218571,0.0945613263513827,3.092836371575341e-05
0.959838336399903,0.26868972190786544,0.09386394376702667,3.0868154725389344e-05
0.9625634123292457,0.26891463705078245,0.09439061465984969,3.080681344176593e-05
0.9587281729952455,0.2690970254899956,0.0945012718666942,3.074808574054266e-05
0.9638588213673636,0.2676747546477938,0.09331833398294949,3.068500998443723e-05
0.9641453108286395,0.2685740093640816,0.09376153826912471,3.062619041259339e-05
0.9659723780774794,0.2677510271663932,0.09339368130475255,3.0563768949528406e-05
0.9596834243855863,0.2690378461698739,0.09456226778247634,3.050181771687062e-05
0.9662460431818385,0.2682502282176229,0.09365863693918108,3.044911170611021e-05
0.9581113724707464,0.2678329371700552,0.09438811608493496,3.0388388432184927e-05
0.9564288275838173,0.2689461985395032,0.09435854725131172,3.0327049011173198e-05
0.9641096259301083,0.2672978056542352,0.093335978787689,3.0266323572710538e-05
0.9621370993309064,0.267277783480633,0.09334865564883621,3.0205603966649452e-05
0.9601018009174105,0.2671706991574747,0.09354209585931518,3.0146009898972652e-05
0.954334103508975,0.26854513472067887,0.09450049706752235,3.0091378282468728e-05
0.9563711819991116,0.2689236323693862,0.09462146935733347,3.0033490712716292e-05
0.956080079428439,0.26873988995690157,0.09466587449019397,2.9971967082694895e-05
0.9623929729927365,0.26733415388642245,0.0933307398050584,2.9913982788653857e-05
0.9669811885716921,0.2678735519447608,0.09358048667104178,2.985256014034575e-05
0.9647290892402012,0.26863941104057365,0.09419970697569342,2.9791881849847292e-05
0.9640919500385046,0.26848506541586015,0.09431957686898358,2.973103761487489e-05
0.9603089148398212,0.2674032804789339,0.09404628415896618,2.9669938927022926e-05
0.9605272335522095,0.2687512759110058,0.09460150755840135,2.9609126551860016e-05
0.963850586900028,0.267174198148868,0.09348997653144128,2.9549915009113655e-05
0.9584058774030986,0.2674799809538311,0.09412153293576023,2.9502066331395468e-05
0.9646980592502565,0.26824557107763036,0.09355233041214697,2.9441897605595684e-05
0.9586835862999106,0.2690531147765769,0.0945650513197402,2.938195668859699e-05
0.9545721152069504,0.2679688332939314,0.09405235066879863,2.9323247517018936e-05
0.9609891276596958,0.2680868273476926,0.09349892916282475,2.926379832562349e-05
0.9606742456392521,0.2673761759222333,0.09339118254056124,2.920578513612416e-05
0.9564143487991501,0.2682139946963953,0.09456113430760453,2.914704853765933e-05
0.960707379827678,0.2688497621661312,0.09398736915674337,2.909166775426847e-05
0.9602165335554655,0.26806612587319045,0.09445827973580555,2.9032305801549365e-05
0.9640904548506537,0.2678925553943339,0.093384223243974,2.8973979492909733e-05
0.962955818694736,0.2681793948172273,0.09435647641199038,2.891710757046358e-05
0.9662919832399908,0.26833991003229674,0.09392556139014974,2.8869934997899452e-05
0.9657815202996769,0.2679125210935147,0.09344365319566494,2.8812021200047205e-05
0.9610411593031198,0.26836453826568185,0.09452215487329352,2.875357783696241e-05
0.9662473569601673,0.2675323280369135,0.09345021462399423,2.8696920343931427e-05
0.9561877964060521,0.2683146254354618,0.09458958503986345,2.8641051015205334e-05
0.9605828585521756,0.26725770024883655,0.09343995395273913,2.8583130758264006e-05
0.9624262424423815,0.26893173059316444,0.09413849358562087,2.8525093335491644e-05
0.956971274924113,0.2689517829324064,0.09431757031226515,2.8472234601645332e-05
0.9553949066148437,0.2687953631508915,0.09457589897140999,2.8414782022141548e-05
0.9649431423824666,0.26851157199556774,0.09419282779561874,2.8357733161470682e-05
0.9570162557811877,0.26741938998095294,0.09392348389402698,2.8306152658434887e-05
0.9632204559744917,0.26745622635535415,0.09394994863049703,2.8256173652225854e-05
0.966522422767957,0.267696571634378,0.09347698553943032,2.8198894758468086e-05
0.9561816072323346,0.26873130639495435,0.09465336347239264,2.8143593410202434e-05
0.9543735682497019,0.2680636390244966,0.09413800412986555,2.8087768471138195e-05
0.9633967608931666,0.26733579128476803,0.09382472780153771,2.803080552534275e-05
0.9625522594523588,0.26778431456901863,0.09420772986344128,2.7979641737347986e-05
0.9587275427753976,0.26743816473947435,0.0935276760695353,2.7923662024895963e-05
0.9629251519746269,0.2683262021298263,0.09439079952402189,2.786733205707099e-05
0.9606732261379243,0.26904772786065867,0.0943553980417345,2.781243752097704e-05
0.9542986143371941,0.2681403184466076,0.09432424893179217,2.7758676475263763e-05
0.9604616853194692,0.26855741805747546,0.09458099217819582,2.7704499583645876e-05
0.9576966318477176,0.2679106104025246,0.09441731257315607,2.7649072117746666e-05
0.9635244835773769,0.26719081265772515,0.09345966849148771,2.759321661709045e-05
0.9607453341302925,0.26723125649418167,0.09345912784475542,2.7537123117933794e-05
0.9645435391025039,0.2676622408763558,0.09334308371716334,2.7480757318849736e-05
0.9632982015666105,0.26743656286189776,0.09332305095986461,2.742492097243512e-05
0.9663104806965297,0.26825268404069247,0.09393550324177535,2.7371683091752016e-05
0.9656181578124432,0.268439768146878,0.09406122381086353,2.7322188100267127e-05
0.9655842922240652,0.2683917694076723,0.09373727757352351,2.7266835503331897e-05
0.9589033735184653,0.26849255892055246,0.09462331175336544,2.721103738040516e-05
0.9664100617115938,0.26786854332341536,0.09384278940384191,2.7160724126172386e-05
0.9563011681389515,0.2683861116860593,0.09393125430112974,2.7105990268603655e-05
0.9657915520906872,0.26770760292010354,0.09386122983926685,2.7051005320949606e-05
0.9645620912918478,0.2678108239815593,0.09406392434369913,2.6996815832261387e-05
0.9552071006564677,0.2677585060427672,0.09400772962416255,2.6942478535153127e-05
0.9554077919415143,0.26871768767352044,0.09458798486906297,2.68928553991183e-05
0.964036333597404,0.26767311179985387,0.09334314784081116,2.68421849151531e-05
0.9580218329035013,0.2690082103413005,0.09456865729569124,2.6788876648633814e-05
0.9643775324483066,0.26782152020584093,0.09338097893212592,2.6735236038239942e-05
0.9631389588723387,0.2688741673294124,0.09417843713850006,2.668164717854257e-05
0.96617931038916,0.2677320947346371,0.09380564957922999,2.663047687808213e-05
0.9649729318749376,0.26861126005179203,0.09408911697596033,2.6583350450830057e-05
0.9596762433250792,0.26887560752600836,0.09406305119914234,2.652891087521811e-05
0.9651715320467762,0.2674031706266027,0.09367416405685454,2.648198527921148e-05
0.9569016086972564,0.2675111681872777,0.09375287538860341,2.6432340326908206e-05
0.9621077878028199,0.26835291698119357,0.0936157172160567,2.6378021195004076e-05
0.9574882548717039,0.2686604885703481,0.09400234973394711,2.6324389436240797e-05
0.9643800535863125,0.2676207069823666,0.09396199045619004,2.6273581497255543e-05
0.9545999861611296,0.26797785214957526,0.09417058822823443,2.6228379916215495e-05
0.9592108679000422,0.268088781479461,0.09447910992526465,2.6178907007680726e-05
0.9548956185784956,0.26823128300145127,0.09445729785270832,2.6127787305330897e-05
0.9653498553973492,0.2673720734514118,0.09351222333468145,2.6075142235363085e-05
0.9632262462268386,0.26796950090160965,0.0934313508206179,2.602910105917091e-05
0.955559186129225,0.2685644173723012,0.09459546931775847,2.5976390513749857e-05
0.9664823005846834,0.2681380757284668,0.09370125940579024,2.5926442008696126e-05
0.9633879723706595,0.26853614671608206,0.0943604990171414,2.5874648266680415e-05
0.9563693784844247,0.2676205767600568,0.09380455381562487,2.5823524093320276e-05
0.9636281745545041,0.26723497096445903,0.09344492622020027,2.5771673841195788e-05
0.959315537846047,0.2678083438580692,0.09351241316281868,2.5719560528369273e-05
0.9646231886276411,0.2677109114818388,0.09337049651099365,2.5669345087246526e-05
0.9614928378246361,0.2682869121931404,0.09359668526049439,2.5616919280091607e-05
0.956351177748548,0.26797252108652225,0.09441074435293063,2.5568469915891328e-05
0.9618792328474264,0.26891826883917336,0.09439273303163023,2.5518738290929855e-05
0.9614964307878271,0.26860463761534614,0.09451243720508593,2.5466462099923044e-05
0.9625799491012028,0.2687779149186378,0.09395942485248054,2.5415603084433487e-05
0.9563913844180902,0.2675585057281651,0.09400615171074288,2.5369738552170078e-05
0.9554738150064228,0.26862629443796315,0.09420870972810291,2.531762503875663e-05
0.96398759041743,0.2683330484359425,0.09361888963079809,2.5267909251598693e-05
0.9660790056837225,0.2680888174542766,0.0935939032485335,2.5218952500574902e-05
0.9663639341280899,0.2680112636794105,0.0935959104074061,2.5174547297702373e-05
0.9588693517988638,0.2688116972852599,0.09405192631466391,2.5128026016675644e-05
0.9605173313258568,0.26876685696228053,0.09456180069168767,2.5077239823083963e-05
0.9583241006865215,0.2690170692152476,0.09438654691745196,2.5025964547486846e-05
0.9649905400956378,0.2679217200240571,0.09405155727855508,2.4976020529297327e-05
0.9620790785494258,0.2673403972554915,0.093385901432043,2.4931683147750353e-05
0.9613403260627642,0.26742276332932,0.09339420935465487,2.4884155821519276e-05
0.9622784029320197,0.2671902653567144,0.09361749557137643,2.483333236546656e-05
0.9573566383416114,0.26746001594418733,0.09374093938408905,2.478238155208829e-05
0.9564515064755792,0.2688062033402667,0.09425428213205946,2.473285546375874e-05
0.9549619921505528,0.2679471935849418,0.09404545686464781,2.468327092721655e-05
0.9549212244770917,0.2680417809728244,0.09404381287806707,2.4633498884173545e-05
0.9647108635324919,0.26734597129230386,0.09344115046804308,2.4583755240151913e-05
0.9590178782216565,0.2682310882271908,0.09367348966453758,2.4533856013850027e-05
0.9628764917478172,0.26876185636961547,0.0943598987142455,2.448617019133219e-05
0.9615397112539519,0.2687275144743497,0.09390592415863566,2.4444114721484633e-05
0.9632916289293583,0.26747092314306187,0.09335184314459832,2.439469564661361e-05
0.9634578268514638,0.26871444397124633,0.09394334834798185,2.434521673529187e-05
0.9554395944508869,0.2678235572842438,0.09420037964356284,2.4297439256278528e-05
0.9587649420202826,0.26730238944600937,0.09368411655524549,2.4249804027239367e-05
0.9657829435023757,0.267908059278988,0.09349310603849978,2.4200583619527064e-05
0.9575891421448546,0.2684162984931058,0.09460091873006528,2.4150976724204883e-05
0.9605916372084682,0.2677011717889828,0.09343822194476795,2.4104615852917855e-05
0.9565278593861439,0.2677805191439968,0.09427128083972407,2.4056158592964812e-05
0.9658491241384386,0.267953283791287,0.09393684063104721,2.401126774208705e-05
0.9665352628571906,0.26801967762681356,0.09373613506196556,2.3970859503179803e-05
0.9634641269794706,0.2672626432617269,0.09364989787860413,2.3922439388704978e-05
0.9566717285563229,0.26753092276308243,0.09395501052418623,2.387329589752671e-05
0.954633107768478,0.2684739635932645,0.09439376895494972,2.38283387953174e-05
0.9589690335478398,0.268997096739934,0.09449574786898828,2.3786090358172197e-05
0.958963252867882,0.26734961785207956,0.09391175759208714,2.3737427242580266e-05
0.9572628747963101,0.2679193481967195,0.09438623604044145,2.368951103787619e-05
0.9579937414526487,0.26864625740012404,0.09398121038488103,2.364533586598824e-05
0.9627810479777423,0.2672543062615911,0.09369810592506761,2.359809103191202e-05
0.9571957154255308,0.2679894714799971,0.09442371318693563,2.355069180098718e-05
0.957318781827956,0.26772132691032224,0.09368037198959153,2.3504133769128933e-05
0.9639089929424927,0.2681125098331343,0.09351214393276473,2.3456609591136223e-05
0.9609619964706848,0.26759526765401853,0.093416913047565,2.3409331661197962e-05
0.9663066412706414,0.26768944553560736,0.09359208681464724,2.336197097706391e-05
0.956657291354043,0.2676244668160852,0.09411485521474978,2.3316301046260743e-05
0.9592713421595107,0.26821364903542766,0.0945075658032765,2.3269797859998407e-05
0.9624457603148269,0.2682137378326406,0.09436328780381632,2.3222442972412504e-05
0.9657930689515215,0.26752962876714204,0.09355051495420795,2.3187835924956052e-05
0.9562681636957073,0.2681629307352493,0.09387889824020784,2.314445037962397e-05
0.9621041791965599,0.2688981036348048,0.09430253176815981,2.309802482726521e-05
0.961973848655111,0.26726474859574667,0.09375766756968737,2.3052074075421736e-05
0.9556472164873142,0.2678921208977605,0.09427341015351935,2.3006611097963898e-05
0.9589575504091865,0.26899820412850683,0.09437464047539845,2.296888073956111e-05
0.9628649739162789,0.2688359165644547,0.09421997799310465,2.292227058424878e-05
0.9609920699616037,0.2677039699712518,0.09419972569695295,2.2876259185626167e-05
0.9659178029846185,0.2679360268917188,0.09354223331682521,2.2831265312510926e-05
0.9617943642576083,0.26865228797265295,0.09385703863605481,2.278723061024197e-05
0.9630483261456995,0.2672756598181494,0.09345114920405263,2.2741108930167916e-05
0.9606663622344964,0.267385896703785,0.09345747116423876,2.2694390207087402e-05
0.9615805554419286,0.2681554235111012,0.09439010123917546,2.2650967154523706e-05
0.960035175300133,0.267336783084261,0.09389733222485665,2.260534517640883e-05
0.9650015866412698,0.26762920247515276,0.09385591057055749,2.255927178095695e-05
0.9600067287960989,0.2679613545599615,0.09353839644952534,2.2516422248208128e-05
0.9636877480645065,0.2682363908794114,0.09426375380635814,2.2470146008384236e-05
0.9573445772818374,0.2675679775464086,0.09371722611285327,2.2424171846666855e-05
0.9604909194154896,0.2689373876197787,0.09445423501866597,2.2381158944957478e-05
0.9596304056803646,0.26876472105959626,0.09457619755434395,2.2335619212976435e-05
0.9603779073069099,0.2685853470374535,0.09454584922782372,2.2290923377962903e-05
0.960784560021958,0.2676401437465199,0.09343804655983341,2.224612943759036e-05
0.9629230160146189,0.2676493994654152,0.09406056491508352,2.220111499920678e-05
0.9576981953403951,0.267922219417571,0.09368076328206167,2.2165220163541747e-05
0.961030736032825,0.2678408884944734,0.09346587322707799,2.212478744481706e-05
0.9601293215314612,0.26729599062190634,0.09382314961330114,2.2080440491129885e-05
0.9572666256611129,0.26829700010455215,0.09384560252722386,2.203770886853149e-05
0.9629949574584593,0.268197695286323,0.09356210671690991,2.1996864181223655e-05
0.9575147254525049,0.26851512286238055,0.09394481679016038,2.195371633979302e-05
0.9549150952358918,0.26840708889777587,0.09442594186974591,2.190866119213556e-05
0.9551857799390167,0.2683910544163792,0.09447219511952504,2.1863769866545013e-05
0.9588044719553857,0.2677636079057957,0.09427957927631202,2.181909779354913e-05
0.9610953582608541,0.2686399139161302,0.09450366685137283,2.1775837641464997e-05
0.964721462289237,0.2673892981823873,0.09360177743089337,2.1731310088679237e-05
0.9563472719415422,0.268708609360673,0.09457445523864742,2.1686838476371656e-05
0.9626237502514634,0.2676067305862191,0.09404505962795047,2.1644238274631787e-05
0.9557191761515469,0.2677719531484737,0.09398925243875424,2.1599750398255155e-05
0.9629702262024793,0.2685153446086568,0.09435780696196903,2.1561289895601803e-05
0.9606025361645045,0.2675972644506841,0.09345048445018232,2.151823636502552e-05
0.9636468583664062,0.267622965355814,0.09338520204523063,2.1475495693212663e-05
0.9566467614553318,0.26818075040855427,0.09386089857732079,2.1436655413785686e-05
0.956490291450395,0.2688311010367539,0.0944947075227705,2.1395737119128937e-05
0.9656447392611689,0.2676831599699545,0.09377304651051445,2.1353575331794413e-05
0.965054714508339,0.2675792378316775,0.09378690089715003,2.1312430955358458e-05
0.9634949424769879,0.2677691751109177,0.09341016517420153,2.1269182381196685e-05
0.9569293052618324,0.2675477780550033,0.09395723020274366,2.1227881707643286e-05
0.9569702050584112,0.2686381753433975,0.094595521568214,2.1191798196154545e-05
0.9623318953978401,0.26816403288143476,0.09433611791881769,2.1149370645229793e-05
0.9558505265911457,0.267926126367656,0.09391630921015987,2.1108989412636983e-05
0.96481623519335,0.2679387621589562,0.09403528758963413,2.1066468850769712e-05
0.9592475340605162,0.2687158527897431,0.09399152177332179,2.1023222781364566e-05
0.95547257759433,0.2686586538967686,0.0943920560994706,2.098164398695861e-05
0.962612053443813,0.26846007033382624,0.09437903670303278,2.093927132210433e-05
0.9642193641749479,0.2681380295263809,0.09417004168234104,2.089874087292803e-05
0.9626116107051566,0.26734491329939125,0.09379368073626057,2.0855903291113297e-05
0.964798300748658,0.26852602295150696,0.09394974425457937,2.081413423885407e-05
0.9634439245082831,0.2677940545691795,0.09342031776304392,2.0772740166514465e-05
0.9576926320391728,0.26747057243441485,0.09393442790727721,2.0730550029756075e-05
0.9606528882658729,0.26839149161551634,0.0937135894699432,2.068974223235263e-05
0.9606870159064353,0.2672748909453855,0.0937515415188608,2.0647475729365885e-05
0.961859386943841,0.2675927970288743,0.09406806777243357,2.060534654291237e-05
0.9655025253241352,0.2683144223885454,0.09397808741377486,2.0563807896604816e-05
0.9598807229770898,0.26895454888002246,0.09429058911314084,2.052187918135273e-05
0.9640374138653325,0.26784926747990245,0.09407238462957426,2.048105143356974e-05
0.9637758125335072,0.26813879299297017,0.09354945059247374,2.043906265118526e-05
0.965076535507734,0.2674617441439968,0.09359343415566238,2.0399325536886516e-05
0.9623871474039589,0.26742055725297953,0.09341282155789356,2.0358820496616275e-05
0.9595359187080046,0.2683120800511998,0.0945096867925245,2.0318823330970544e-05
0.9657776789185331,0.2679897337775554,0.09390035436785468,2.0278287425576207e-05
0.9645862285638636,0.26786845119576363,0.09402400711513496,2.0239180025781877e-05
0.9635624578330955,0.26765675371460973,0.09399868642653875,2.0198578618556475e-05
0.9553827686180636,0.2684899291132212,0.09447899705836393,2.0158246908187207e-05
0.9660677485487668,0.2678792380150712,0.09360638125848833,2.0117977536625296e-05
0.9583740082546583,0.2677865882376842,0.09361875709570575,2.0098258165281663e-05
0.962422780985456,0.26824965134332324,0.09434961310158657,2.0098581066916215e-05
0.9646630353023955,0.2674989496529203,0.093747938366387,2.0099242716157755e-05
0.9618724630475466,0.26726226420980725,0.09353847950321303,2.0100089163984153e-05
0.961520098005332,0.26726716916537874,0.09371007469002886,2.0100243567232705e-05
0.9657935238296709,0.2678947979299702,0.09385420620518377,2.0102875732536653e-05
0.9562780042397367,0.2676750413189686,0.09399544247624239,2.0106164154703828e-05
0.9573360194820797,0.26752504047428527,0.09380762203902555,2.010646735443832e-05
0.9575669749372864,0.26753899784486945,0.09374456560040506,2.0112766622374363e-05
0.964991554735386,0.26752969192568377,0.09346910542663801,2.01129404183721e-05
0.9605777025704114,0.26870024709447216,0.09394228556283446,2.0113576644610827e-05
0.9652679872226937,0.2675167392569593,0.09361604714082458,2.0114575365983377e-05
0.9630001830845103,0.26874180995308805,0.09425666409528036,2.0117555922948972e-05
0.9585100301910146,0.2678624754647425,0.0943250226116825,2.012134181799436e-05
0.9604627786174973,0.26739398965651495,0.09350582866577514,2.0121682376854934e-05
0.9573693748899128,0.2681089223666191,0.09378221934901577,2.0122808614780804e-05
0.9551510782428352,0.2684525858492146,0.09426322699179093,2.0123585734546335e-05
0.9647309223872327,0.26846947009820044,0.09408840780549331,2.012455183331361e-05
0.9649298813176195,0.26784999322455905,0.09348006060385791,2.01261385867293e-05
0.9609122862170523,0.26744262631450844,0.09396718752039147,2.0126628476348973e-05
0.9640285672865776,0.26842288321660757,0.09374717812698163,2.01273480928601e-05
0.9644492131471818,0.26847577732178696,0.09383010139413625,2.0127933623833556e-05
0.958519079964999,0.26811427138476573,0.09369599099812015,2.0128507179559277e-05
0.9656299386782958,0.2682002082851924,0.09372693047407166,2.0132848504672265e-05
0.9647911942806058,0.26846963311091043,0.09406476079808797,2.0133343997462743e-05
0.9635489928044052,0.26866813363910524,0.09420484139849078,2.0137884087236508e-05
0.9654266066008006,0.2682974099170208,0.0939686645047321,2.01400139569181e-05
0.9571503783231314,0.26868653183058955,0.09413583773441765,2.0145898118500093e-05
0.961399002744395,0.26883456635126746,0.0943917103217314,2.014669213736572e-05
0.9602151212967609,0.2684850887943868,0.09451259638169866,2.0150812162001627e-05
0.9577410866988991,0.26753819758901787,0.09373392582156678,2.015123949878195e-05
0.9602455203567519,0.26871784842735025,0.0945165673921654,2.0154069928794513e-05
0.9576794410393585,0.2688609424053503,0.09429631971769216,2.0154185657285583e-05
0.9574691721516615,0.2676149802493164,0.09409537704200735,2.0155693554250563e-05
0.9644609887014859,0.2674504439288201,0.09368380136600107,2.016019664586251e-05
0.9645677203083753,0.2684633486107091,0.09384717800998935,2.0161373018636117e-05
0.9658288143672156,0.26816324321627194,0.09381300938683758,2.0161834691318798e-05
0.9587857454764208,0.2678187755504582,0.09360582928953737,2.016313727728334e-05
0.9573201181833522,0.26755517142887975,0.09398312046067496,2.016323774759848e-05
0.9653715272360426,0.26761896048274525,0.09370460449315234,2.0168794608496732e-05
0.9623646154157814,0.2673550710744135,0.09346818283870398,2.01694243364962e-05
0.9634399507685707,0.2682994861540877,0.0942626777630398,2.017122771612793e-05
0.9607216540982577,0.2680806739446526,0.09437237989221486,2.017176146296542e-05
0.961286273849618,0.2679752937163422,0.09430166028919741,2.01724871990894e-05
0.9576808993158767,0.2675016183607697,0.0939224256346821,2.0172945416211273e-05
0.9564650856793442,0.2683084006343319,0.09449588978339186,2.0173486081311556e-05
0.963760840920127,0.26740627776946835,0.09372171052945764,2.017371936460201e-05
0.9644697755952958,0.26854051383440014,0.09404190923693646,2.017586626120244e-05
0.9556547979304337,0.26838166828404586,0.09446262904545956,2.0176147593561926e-05
0.9593002661957026,0.2674902778165782,0.09357748011680547,2.017642080615287e-05
0.9650678390486895,0.26837153819252535,0.09382913242312389,2.0177725770957906e-05
0.9608711757606976,0.2688297669717552,0.0941033056738336,2.017866466503235e-05
0.9596968801245591,0.26734051138593284,0.09379428523564655,2.0180193754996923e-05
0.9620236111557112,0.2673945807921756,0.09385273891585331,2.0182016383975463e-05
0.9595273751655249,0.2689172469898611,0.09442610941349976,2.0183156138346443e-05
0.9623221102639725,0.26728733264398974,0.09359590756170592,2.0184268521361517e-05
0.963273791257814,0.26867371331518686,0.09422899076739194,2.0184626401580256e-05
0.9630065184711238,0.2681290969575425,0.0942537687038605,2.0184738599205985e-05
0.9564764678678355,0.26862307676720043,0.09453625698112277,2.0187792158557647e-05
0.9607709945007024,0.2685733419916234,0.0938516907982052,2.0189133830376942e-05
0.9644226419213915,0.267739142494581,0.09345211649033305,2.0189194924469645e-05
0.9571818527357401,0.2687358482039055,0.09454585997069906,2.019171130937667e-05
0.9633596648418781,0.2684566266878061,0.09376588185698577,2.0192726003376573e-05
0.9556586536552096,0.26824616568994664,0.09405967644761423,2.019343457568243e-05
0.9641033243804848,0.2680814324302392,0.09355462077505054,2.0196305116943092e-05
0.9575554339201418,0.26768337492818306,0.09372482859936412,2.0197449510686902e-05
0.9605623574452373,0.26789602415901204,0.09353017628308719,2.0198543120693685e-05
0.9636085361332771,0.2679736965784152,0.09414260416344329,2.020093950772017e-05
0.9551170376799423,0.26826387650224004,0.09424003451908201,2.020318915153516e-05
0.9637537146871722,0.26810697635175695,0.09356149789242364,2.0208693850458693e-05
0.9629208800739786,0.26742192384685226,0.09381421351139874,2.020876704481373e-05
0.9610791936829965,0.26737395253670604,0.09351416030614226,2.021206280765114e-05
0.9604982481188191,0.26745117388771034,0.09351301601076092,2.0212423356818124e-05
0.9625144954226013,0.2673071105239262,0.09363559387778522,2.021428845339187e-05
0.9557661890704736,0.2684393235532845,0.09415159038841493,2.02143208501621e-05
0.958820871457835,0.2681777949631148,0.09445659875663348,2.0218876812226e-05
0.9640567096110626,0.26835145195227783,0.09418739946785944,2.022104859201987e-05
0.9578704101761009,0.26835601796960273,0.09452239019086651,2.022306099976132e-05
0.9553571569553831,0.2683916142069873,0.09438544470538272,2.02271897192092e-05
0.9555882535895339,0.26819795777310906,0.09407270712299666,2.0229721036857027e-05
0.9588469420744321,0.26836128709228446,0.09380567135495904,2.0230023845084474e-05
0.9596786678098592,0.26868963648906896,0.09399088087638292,2.023077501431072e-05
0.9569287306094765,0.2676380560004141,0.09400774360480903,2.023367681867828e-05
0.9617687461789473,0.26774186085333773,0.09346278644380772,2.023514301235697e-05
0.9617547793540311,0.2675262532779261,0.09345208927740614,2.0235920709134552e-05
0.9561097046935387,0.26785037074869456,0.09417018875227773,2.0238261196274175e-05
0.9556699556581023,0.26794410292646353,0.09406012225275008,2.0239551691552343e-05
0.9593835431971272,0.2684218898977242,0.09451246617583284,2.023966556662954e-05
0.9594441664852518,0.2683073829134841,0.0944825048577107,2.0240249451682634e-05
0.9560518425528848,0.2685268042712978,0.09448756561520201,2.0241295228648584e-05
0.9649783389850253,0.2675817626130692,0.09370461022350556,2.0243087182390565e-05
0.9619694077835685,0.26849785037826335,0.09379227593436255,2.0244119484680147e-05
0.955745520445042,0.26853961185570574,0.09426102053624404,2.024442544143355e-05
0.9618839451590215,0.26796292797082977,0.09425075894982915,2.0248081057540484e-05
0.9630271301574904,0.2678474479341326,0.09347022863780431,2.0249203405517854e-05
0.9570177234950954,0.2676705350129074,0.09407508745715226,2.0249252823032717e-05
0.9651027254965001,0.2677045040284176,0.09351495769983302,2.0249400957560243e-05
0.9656906193644001,0.2681109467640488,0.09379072503161827,2.025113497672105e-05
0.9646022821457425,0.2681829602404431,0.0940872307169385,2.025119386223897e-05
0.9633523151283221,0.2684700615742386,0.09379536032849982,2.0256166037169715e-05
0.9634294974849791,0.2677378557459542,0.09402239549934828,2.0259770580128068e-05
0.9565196934489144,0.26799443345891727,0.09388171114724622,2.0260394550888162e-05
0.9566470419480311,0.26870537360738056,0.09427649777332346,2.0260596912441732e-05
0.9646476794973502,0.26839185474773175,0.09382857589723022,2.026328661448618e-05
0.9582190959144459,0.2676902378040362,0.09366964800974896,2.0263439834251115e-05
0.9619675339065719,0.2686697890201306,0.09437196613363007,2.0263893482123823e-05
0.9624281303515136,0.2687482012214448,0.09425939211705259,2.0264633433096056e-05
0.9582122264668236,0.2674778165420615,0.09386532226277451,2.0270762623727193e-05
0.9597216901081325,0.2682287204633578,0.09370153640404233,2.0271221925005814e-05
0.9597693975595281,0.2687990834574556,0.09447863194981956,2.0272953260014678e-05
0.9580937798357798,0.26885867967808963,0.094433462831327,2.0273367398918655e-05
0.9573384200070691,0.2688106367455947,0.09435689754425963,2.0275250208876917e-05
0.9565289056769526,0.2684704852562023,0.0945046147606487,2.027857611792825e-05
0.9653279890000377,0.26781996723974766,0.09356485534346928,2.0278969319625967e-05
0.9604468863697164,0.26737300195948466,0.09382624545631485,2.027981888786352e-05
0.95676961097241,0.26867535023671163,0.09450233844773015,2.0280022055552702e-05
0.9562261572790458,0.26800952685703083,0.09393565351481356,2.0280118031697235e-05
0.9570083582561857,0.268735640259242,0.09448875145220459,2.0282063593004177e-05
0.9604776514296649,0.26873079720620674,0.09402345486349586,2.0285479643960244e-05
0.9580234025228229,0.2677996313865294,0.09369672536368528,2.029224561617451e-05
0.9597646134712612,0.2675853907640591,0.09355751884203382,2.02933741414118e-05
0.9599797173504854,0.26832520081517597,0.09374214756722282,2.029352395280398e-05
0.9605951755517026,0.2673665417927731,0.09359347374752107,2.029433183709108e-05
0.9580806213435125,0.2675007363279638,0.09386746476970165,2.0295633435504984e-05
0.9605793649604184,0.2686876598076602,0.09446228166686743,2.029871579613383e-05
0.9620534035490298,0.26865414112070485,0.09394818676935783,2.0302570964473122e-05
0.9633356214570359,0.2683535786175191,0.09424734495643114,2.0302748585728287e-05
0.9588192878457367,0.26765985205231546,0.09413905905323112,2.0304137683770385e-05
0.9601308089730072,0.2682454616976313,0.09442965395726446,2.0304988697921382e-05
0.9640945047709497,0.2678366372682268,0.09349379997932035,2.0305301399584648e-05
0.9619979297112788,0.26733123750928156,0.09360840470463777,2.0305414336054344e-05
0.9633876995153319,0.2683783807969451,0.0942428003240885,2.030582540694133e-05
0.9629426013988933,0.26736741638311545,0.09356481461971985,2.0310775058322352e-05
0.9637913603053825,0.2682253925900757,0.0936514469737923,2.031381676068491e-05
0.9573139643349702,0.26777825544161016,0.09419202585829722,2.0314283021772738e-05
0.959909024332811,0.2688231296095356,0.09416672709544066,2.0316155823971605e-05
0.9605991550801658,0.2688586646302915,0.0942744705776508,2.031684704046039e-05
0.9567042109369375,0.2684753302774472,0.0944984415544587,2.032385634320673e-05
0.9638732995513575,0.26803460363657083,0.0941106516404955,2.0329977749539266e-05
0.9610302028564082,0.26846377061567694,0.09379936583817124,2.033029971881614e-05
0.9555930699020898,0.2683261842087008,0.09418917138041202,2.0331246100732233e-05
0.9636916425370092,0.267806421415383,0.09348600873734067,2.0337298317609028e-05
0.9635574583649493,0.2674154107703435,0.09358430164557875,2.0340053882822962e-05
0.9606859103075251,0.2688460692212302,0.09429589876943409,2.0340620346484476e-05
0.9616166218030617,0.26800669936051413,0.09355770898858246,2.0343467665194485e-05
0.9618518034831567,0.26873058265067273,0.09405800559727759,2.0343482604754074e-05
0.9638847156756594,0.2679196501106291,0.09405816279921653,2.0343867565954625e-05
0.9631200037184335,0.26836847727787205,0.09373499413197997,2.0346334178970488e-05
0.9586485016315738,0.2674665144966051,0.09380196232063248,2.0346739625514336e-05
0.9637952345395995,0.26746854941622367,0.09352811367331719,2.0347750689080966e-05
0.9637546961823755,0.2685425144218887,0.0939517995258964,2.0349668352791725e-05
0.9584962568784583,0.2675407114575079,0.09398093426735325,2.0356662118096875e-05
0.95883924140532,0.2688106782084396,0.09421902187438039,2.0357155203360182e-05
0.9588622141613214,0.26877093604648405,0.09415936245490676,2.0358385879073165e-05
0.9567255971598403,0.2686927027588524,0.0943334399446193,2.036370298971899e-05
0.960141295871626,0.2674129096637574,0.09362637079122817,2.036491512813637e-05
0.9600034137671702,0.26835986269761314,0.09377557454005296,2.0368624024363794e-05
0.960451224281563,0.26737065691267126,0.09371877980353817,2.0372575000867067e-05
0.96153394138544,0.2677389798293861,0.09412051106992643,2.0372822699921894e-05
0.9641410610567664,0.2684554230143381,0.09408477942553507,2.03743256932994e-05
0.9629439427290531,0.267434591857588,0.09375010211725972,2.0374933621458726e-05
0.9625873178194162,0.26833712574656454,0.09429585981207551,2.037713007567051e-05
0.9583025242403629,0.2675210603011202,0.0938986939867123,2.0377791178676673e-05
0.9598053680232663,0.2687829243852482,0.0941407576509358,2.0381340113990262e-05
0.9584876734582632,0.2686927798541141,0.09410436373172357,2.038143472822475e-05
0.9649387546324188,0.26828842095492367,0.093865168922653,2.0381609822173722e-05
0.9636235585370354,0.2685479319973494,0.09413286313112253,2.038399946666413e-05
0.9594827507943666,0.26743701324806235,0.09369534175436602,2.038607276457802e-05
0.9594146890404982,0.26753792503478957,0.09362566102753606,2.0389903385194146e-05
0.9601608055592781,0.26884080013449374,0.094309601571357,2.0390598120432773e-05
0.9563077032485143,0.2680777562800958,0.09397714763808268,2.0392908003806503e-05
0.962465983079138,0.26815006115788464,0.09361472715667353,2.0393412580052712e-05
0.9575688089903505,0.26877486237269155,0.09436619097973338,2.039379553108759e-05
0.9579313812655332,0.2683479833272069,0.09447920898798354,2.039936544061775e-05
0.9578527700400219,0.2687068019627237,0.0941832179759167,2.0401148422914418e-05
0.9628488255259757,0.2674021198615475,0.09366363680845387,2.0401498788390992e-05
0.9557524131528989,0.268359028741014,0.09422500703900974,2.0403296087709795e-05
0.9606415716075496,0.26743214461304565,0.09359022849304742,2.0406251126408125e-05
0.9605094849383828,0.2686901474700889,0.09443112784664591,2.0406397917959973e-05
0.9642365130857335,0.2676641703761513,0.0938374431281991,2.0409064089875843e-05
0.9634859503857509,0.26845057156848817,0.09419290812859193,2.0409353110833807e-05
0.9582733502799545,0.26790469951063356,0.0937168917509408,2.0411558070916547e-05
0.9603544286312324,0.2682171915507847,0.09438994740596167,2.0416563068646463e-05
0.9584963103652626,0.2681462082416777,0.09440580954429535,2.0418904742952503e-05
0.9643305984842421,0.26830622552312344,0.09377978360877988,2.042254630758145e-05
0.9571941735992855,0.26776560163381546,0.09385097452057915,2.0424426715504033e-05
0.9635427272431087,0.26820052575763476,0.09416832767143665,2.0425733469346072e-05
0.9612875419635465,0.2687750390748258,0.0941777344101748,2.0428492238433e-05
0.9610141261289442,0.26872773386623705,0.09407399279612243,2.043293749962494e-05
0.9578101232343297,0.26829724236987973,0.09445468037780415,2.0437312070873647e-05
0.9598911185310257,0.26882513450714507,0.09429498760686396,2.0438254958912255e-05
0.9592099918520489,0.2681940503381519,0.09441091047572747,2.0438913135685334e-05
0.9595233192352328,0.26882624587214665,0.09433073359649863,2.0439578242730972e-05
0.960347723606688,0.2680015365817985,0.09429962264237847,2.044243802782807e-05
0.9570089841044833,0.267751008776707,0.09405798573596987,2.044485792382872e-05
0.9612270493484072,0.26818462720322533,0.09433278438735214,2.045043471126216e-05
0.9621516534787453,0.2676688655835673,0.09349822830759637,2.045489746335899e-05
0.9619596803488637,0.26871803722494736,0.09414074378494941,2.0462962212744058e-05
0.9572454661530134,0.26869744890595926,0.0943158732283688,2.0465776145063904e-05
0.9622173922129811,0.268249722450542,0.0942861539765412,2.0466447026951202e-05
0.9561510404674056,0.2684896988465364,0.09432370294839394,2.0468812652577265e-05
0.9619016844623047,0.2674105397000335,0.0937277327539822,2.0471002614876815e-05
0.9585492763236161,0.2683332821465625,0.09445604238745253,2.0472944760773435e-05
0.9601064293409678,0.2677957505433206,0.09418597154420806,2.0472985170118715e-05
0.9650326335225756,0.2681137049102347,0.09387334928820565,2.0475299479078024e-05
0.959208342204521,0.2680989188443914,0.0937179370843016,2.0479511516678523e-05
0.9616756534038124,0.2686532957112828,0.0940087811088833,2.0481561661469943e-05
0.9639241421973104,0.26779546588320335,0.0935347325677094,2.0486174355878497e-05
0.9629378507491957,0.2686143275670949,0.09409172916817318,2.0487319297061375e-05
0.964488311045633,0.2682959666181819,0.09383566291389603,2.048851745173048e-05
0.9563680616927144,0.2679238217962121,0.094107238262504,2.0488702113462657e-05
0.9582928162533548,0.2686587578015658,0.09412578686676429,2.0490066772764037e-05
0.9608131925537702,0.2677030198608066,0.09354924732112786,2.0490611227241565e-05
0.9640461764131327,0.2684137363096919,0.09404587012238873,2.049477800843789e-05
0.957689784572187,0.2678078798986423,0.09417353428138069,2.0495484458718807e-05
0.9564339486013065,0.26852003953740966,0.09425428330876538,2.0495752204235015e-05
0.9645765833373154,0.2677520816358754,0.09381172941732177,2.0496167282794074e-05
0.959059511234905,0.2680759762791751,0.09372325854026652,2.0498084059037664e-05
0.9566655751743927,0.26859355606601265,0.09434185254819828,2.0499822230848638e-05
0.9582947378521194,0.2683777048631668,0.09446090617970906,2.0501130018171033e-05
0.9589256184992294,0.2687659718546376,0.09440380514493603,2.0502721933502072e-05
0.9600019663230697,0.26879166011063327,0.0943184931602878,2.050464105728942e-05
0.9597524822539238,0.2676919866566905,0.0936104990920024,2.0505390564380317e-05
0.9589224548550632,0.26878615916245163,0.09435730481315593,2.050594030393926e-05
0.9645213763471858,0.2678393335619127,0.09358809916115125,2.0507078671752312e-05
0.9575213749326856,0.26858534725766225,0.09413861757180915,2.0512618324253228e-05
0.9645086402155094,0.26829017698338453,0.09396196124749695,2.0515489935819527e-05
0.9596771209249457,0.26779193326978934,0.09362423619127958,2.052168332729179e-05
0.963131712854258,0.26768084146602833,0.09393434227473625,2.05219889271722e-05
0.9630919746570417,0.2683021543789432,0.09373860391088237,2.05224821596225e-05
0.9585676595854835,0.26871268298017115,0.09418366288894113,2.0522650367215267e-05
0.962946330553903,0.26802131119970585,0.09359034176582884,2.0524459413009614e-05
0.961095710640091,0.2681542164280293,0.09366734818990013,2.0525159773199937e-05
0.9638370304727228,0.2684547280220839,0.09398527439141091,2.0526043008617514e-05
0.9571341508043165,0.26801708830766735,0.09428679621893282,2.052682032270082e-05
0.964338299943801,0.2679725533248376,0.09361975098399776,2.0529893915725594e-05
0.9639769644536109,0.2684216424754957,0.09400386227500741,2.0533469767363777e-05
0.9572150558857189,0.268516969076823,0.09444113837358374,2.0541651773483406e-05
0.9628541341951102,0.26755851174011847,0.09383675667113772,2.0545592390306975e-05
0.95792216251931,0.26834776845311903,0.0939394234219847,2.0548210637247384e-05
0.9610726394653692,0.268229810361295,0.09370960766946808,2.055100844622441e-05
0.9640046044977826,0.2675900505940305,0.09367878008661185,2.055186189358739e-05
0.9572344001538085,0.2684483791370673,0.094437154625218,2.055318112989918e-05
0.9591154521504972,0.26874404873978075,0.0943893482001403,2.0554184536680004e-05
0.9641649379443695,0.26807648114055915,0.09366284486431874,2.0554229413882592e-05
0.9603135391562159,0.26875273581071624,0.09432278363380735,2.0555467479760376e-05
0.9580586799875412,0.2686420307059527,0.09444299343075331,2.055663046411186e-05
0.9641358040084338,0.2683025755673383,0.09403682949285917,2.0557994715199776e-05
0.9642467019902519,0.26811499433576724,0.094014323977475,2.0558578031704186e-05
0.9618013296314842,0.26859523295386745,0.09397662952973472,2.0562321200471325e-05
0.9582775509264945,0.26811316086658277,0.09380851655476784,2.0562864387909913e-05
0.9623413069491278,0.26851608868865773,0.09390740760463502,2.056474371052919e-05
0.962130087399105,0.2684655127594071,0.09429107845384505,2.0566012401834767e-05
0.9570532803473117,0.2678166399598729,0.09396427405089545,2.0568775405740034e-05
0.9594376826555475,0.2677100172798492,0.09410679083457628,2.056940016594868e-05
0.9626596643428673,0.2678595150464016,0.09355250003667971,2.05762324579405e-05
0.9583409363587041,0.2683484375744163,0.09391432547915848,2.058119764572101e-05
0.9574906682346445,0.26865746891754383,0.09430554332922332,2.058133900166616e-05
0.9621514940840434,0.2681650874260162,0.0942395105135191,2.0585168780496398e-05
0.9628497003842575,0.2679270513077039,0.09409239382128325,2.0586281405960233e-05
0.9599950280858334,0.26751677100671634,0.09388284753084586,2.0590875303932445e-05
0.9617239156128345,0.2674837659478362,0.09360632075507805,2.0591979077068876e-05
0.9566133980083293,0.2683641070111822,0.09435774738655331,2.059893127148165e-05
0.9620832943222002,0.2681145036756254,0.09364858517851936,2.0599669138103312e-05
0.9619941063491506,0.26777051486709036,0.09354860719353399,2.0599874911571035e-05
0.9641387233864389,0.2683263189094769,0.09397750928296134,2.060040237506041e-05
0.9584674217551292,0.2676102056762295,0.09391785591108257,2.0600820634473582e-05
0.956597796350529,0.26801038638384544,0.0941828695794028,2.060194002710754e-05
0.9619812923558104,0.2686443787834598,0.09420062491600092,2.060649511333829e-05
0.9636822545696369,0.2684312777253488,0.09399984509039817,2.0607401550708762e-05
0.9647884460722391,0.26793586209248144,0.09374689631247374,2.0607475793117918e-05
0.9569077510759811,0.2678843266894022,0.09399935462445139,2.060892376897262e-05
0.9646676331846251,0.26807983208905584,0.09377366554487401,2.06126513424661e-05
0.9587582786699471,0.2678749588790017,0.09421514341641016,2.061380882535672e-05
0.9624605469532685,0.26756682858717706,0.0938493508840917,2.061461230923443e-05
0.9593543937155502,0.26870681080854064,0.09417537933126273,2.0617842899546092e-05
0.9632551637633266,0.26774109477310915,0.09355360582982691,2.0618337382623068e-05
0.9599608621638609,0.26808687129736164,0.09370592739700073,2.062843020914225e-05
0.9608579902052288,0.2687112483351568,0.09419563864639542,2.063012183789904e-05
0.9604898821442305,0.2681556782753265,0.09371124335167658,2.0630321470961007e-05
0.9608680707741648,0.2685364211654444,0.09393925209823602,2.0631374983327602e-05
0.9596971636328249,0.26758736625510027,0.09368202533837816,2.0632035911158336e-05
0.9571348555261476,0.2678723002551131,0.09411118389079455,2.0632308458583296e-05
0.9622586954777752,0.2676117265414051,0.09390482759908271,2.0634756968978916e-05
0.9565413079075071,0.26805229653125995,0.09408277255106849,2.0638610071718988e-05
0.9606018028137306,0.2677661292997844,0.09360293161203734,2.064161921544013e-05
0.9585689248647213,0.2687073901707009,0.0943247089613721,2.0641790569100785e-05
0.9614982423416745,0.2681970116221284,0.0937059390730571,2.0644420187108155e-05
0.9612757972262411,0.2685202554660806,0.09392674218136965,2.0648040972225917e-05
0.9572273739227466,0.2679469317508252,0.0939232086649477,2.0648561270247906e-05
0.9626099813989235,0.2684949729071453,0.09393631170058013,2.0649972868497142e-05
0.9621522104423565,0.26749691363639383,0.09364912866196336,2.065054561834495e-05
0.960859712514015,0.26817450877187254,0.09430270916693785,2.0651452375200643e-05
0.9628298145991803,0.267705723803366,0.09393593690030419,2.0651685948912037e-05
0.9643511104880851,0.2677693502360401,0.09368001220026453,2.0655482763128452e-05
0.9635971112182631,0.2676482399435509,0.09378540773131534,2.065555953095971e-05
0.960350544210069,0.26861062292173155,0.09436900535454854,2.065575836681929e-05
0.9641560430592122,0.2677288552641659,0.09364784716262878,2.0656302126093522e-05
0.9576064082891058,0.2685689938259146,0.09419067032866661,2.0661843083582623e-05
0.9610462156724253,0.26774308217986054,0.09407061080414254,2.0664555783485953e-05
0.959759617788901,0.2687180817095982,0.09423289325204683,2.0665271023820925e-05
0.9598885202119583,0.26849836810508343,0.09394574855637189,2.0665735631303325e-05
0.9575470466157263,0.26845089905771924,0.09408530083365536,2.0666632214294796e-05
0.9635499622699921,0.2678895939904882,0.093604114615222,2.067157647935793e-05
0.9645256737671613,0.26791431396762033,0.09380117119339561,2.067434609338746e-05
0.963973714975614,0.2677356042367127,0.0936275456248822,2.0674543281137565e-05
0.9607760260479381,0.2675066800193717,0.09369226083318723,2.0676888886846026e-05
0.9624213010683036,0.2681162751493955,0.0936682564345687,2.067734999072937e-05
0.9634452377287595,0.26776552157491684,0.09390629078709754,2.0682410844308816e-05
0.9615026870302934,0.2682230520359057,0.09427376429624208,2.0686352194177835e-05
0.9566326907932865,0.2682573711555951,0.09427529469207693,2.0687844025920495e-05
0.9571200890161187,0.267892308079531,0.09406905809455968,2.06888187227779e-05
0.9566133548502886,0.26817405407402073,0.09423041145047148,2.069292617851915e-05
0.9581513933577863,0.2681994233160001,0.09388845787953672,2.0693071357575176e-05
0.9575251220259844,0.26837242379653703,0.09438553437932715,2.0694103308756222e-05
0.9597798015566088,0.2686277530925081,0.09437186299515986,2.0695015939371253e-05
0.9633991597929743,0.2677024524959457,0.09385176232802105,2.0695942693685944e-05
0.9589649225275902,0.2685193861712496,0.09441234733811907,2.0697809928342853e-05
0.9618193675146944,0.2675249682527534,0.09364763218815422,2.0701176403702013e-05
0.9579865079657992,0.2686043365436346,0.0943648676239784,2.070374950645825e-05
0.9627138506498412,0.26766089645485946,0.09388559533043948,2.0704467028113665e-05
0.9616616571880954,0.26759284317970455,0.09360252088119693,2.0706731256597733e-05
0.9641516647385924,0.26820952814252874,0.09386391107649424,2.0709758049311576e-05
0.957186642853074,0.26789693120878066,0.09401830476807882,2.071521868008419e-05
0.9589251527299005,0.2678897838843437,0.09374398088293076,2.071778979614363e-05
0.9639812500205025,0.2677997546497015,0.09365119801978236,2.07215420704509e-05
0.9629841318238217,0.267643306428351,0.09382260355989282,2.073024290155014e-05
0.958888925756586,0.2683114337267014,0.09437932000183576,2.0732713912563967e-05
0.9573747318583727,0.26844404500297414,0.09413929452657871,2.0733038061511784e-05
0.9638587354004517,0.2681611945255695,0.09377193538679301,2.073576418212553e-05
0.9602619118569322,0.2676174216498135,0.09394976979320654,2.073651523828981e-05
0.9591081222658229,0.2678163578314845,0.09413732040725656,2.0736813217662883e-05
0.9627600981246172,0.26773604756580327,0.09359056231299977,2.074225319331472e-05
0.9623409937708303,0.26853723283912956,0.09405082085032868,2.074242107877917e-05
0.9600822634062993,0.2676089840740954,0.09369471132412281,2.07443782939924e-05
0.9602182900351064,0.2675509848196691,0.09377681809961179,2.0751802830669598e-05
0.9575869719216232,0.2683835421522722,0.09407201503831075,2.0758198174170244e-05
0.9614758205873475,0.26761708861881406,0.09362400450174162,2.0761094986937027e-05
0.9605288086426356,0.26765900654305375,0.0939810157557434,2.076340128224417e-05
0.9592113060370782,0.26838618943854553,0.09392964280065381,2.076413322546334e-05
0.9613921858779548,0.26774008278383676,0.09402193382397668,2.0764396265106167e-05
0.9569370953500123,0.26836270662413164,0.0942060772463838,2.0766868124923965e-05
0.9624379799520746,0.26796493620730244,0.09409210408903004,2.0768241802225935e-05
0.9569310851104831,0.26812044631513743,0.09407960729295985,2.077277617536633e-05
0.9576725725161612,0.2682144482530997,0.09431960535420338,2.0773741438970027e-05
0.9641653549663136,0.2679963170803339,0.09386267605861502,2.0774199547988323e-05
0.9610636369365739,0.2686152807608153,0.0941144365881594,2.077627007702448e-05
0.9589301623850623,0.26834409972930917,0.09437110801407628,2.0781848588700613e-05
0.9622269889254991,0.26832384821905775,0.0942081350969523,2.0782681710790657e-05
0.9592776480907546,0.2677187802191494,0.09403325487677279,2.078268463956451e-05
0.9581141817982743,0.26858731249228485,0.09425604720176492,2.078337480980369e-05
0.9612540524587203,0.2675483273269321,0.0937196805224144,2.0783624944296427e-05
0.9594360736193668,0.26766749396423917,0.09374941356878277,2.078466312839988e-05
0.9622911559218732,0.2684046712675381,0.09419616541588967,2.078852640262752e-05
0.9570976329820962,0.2680682014339084,0.09404864894062055,2.0795098003714248e-05
0.959100120669607,0.2686351974226524,0.09421737052832034,2.0796273931735357e-05
0.9593954381836944,0.26858624954578936,0.09434681640386879,2.0797950910874118e-05
0.9580645194576842,0.2678522522261868,0.09409972454996286,2.079935579464964e-05
0.9582308906027013,0.2678497075758228,0.09385175899871213,2.0802416369845078e-05
0.963047756385139,0.26833553097170104,0.09409446487042203,2.0803232257669752e-05
0.9639801597143656,0.2680382711641165,0.09390524635169231,2.080329146329125e-05
0.963634222517495,0.26823795103609593,0.09386437536493936,2.0810274583739205e-05
0.9580633484597278,0.2683299425016994,0.09435045058805733,2.081180615709961e-05
0.9569764239828853,0.2681992285058694,0.0941987154431017,2.0815191138466877e-05
0.9625002438535102,0.2676377288944516,0.09365719028848288,2.08245008020944e-05
0.9622790685511742,0.2677136138094298,0.093917759217107,2.082864772550853e-05
0.9635102011985417,0.2679484360980908,0.09368665270223019,2.083038405676181e-05
0.9640222354570387,0.2680204772764201,0.09383734163059095,2.0830630452520236e-05
0.9625712751366038,0.26843467458793113,0.09410330909810621,2.0841484699092934e-05
0.9609200979740358,0.2685981634541361,0.0941521605046575,2.0841796032112462e-05
0.9574783588407172,0.26837184239434797,0.09429455861388347,2.0848492721847404e-05
0.9593888582654628,0.2676649996170781,0.09390152977716436,2.0855497902842375e-05
0.9625902216781146,0.267943223958496,0.09403794147122188,2.0859666284387826e-05
0.9623728657858592,0.2681111670903069,0.09372123935746961,2.086074725339666e-05
0.9577492736973099,0.2679592198470926,0.09395266465799408,2.086117848834682e-05
0.9575507620338648,0.26842535901556874,0.0942059382052827,2.0863670742512466e-05
0.957766156823622,0.26826967712695304,0.09430099238651676,2.0863815472721555e-05
0.9598426392609163,0.2684176996077019,0.09433467236134857,2.0863879887909342e-05
0.9587781481741136,0.26839718448676075,0.0943458356309809,2.0872956886410768e-05
0.9590019093543294,0.2678582967936227,0.09379290679397344,2.0877747537964882e-05
0.9583382009990089,0.2684183113573737,0.09433462009486626,2.0881122778556018e-05
0.9626618683150969,0.2683078687661242,0.09386647977314018,2.088347567867636e-05
0.9637917356329879,0.2679373800200253,0.0938118572638471,2.0883549123430917e-05
0.959267483959092,0.26773043110527484,0.09398715154490425,2.0885546248771203e-05
0.9611216239425566,0.2680087400166704,0.09416287337912078,2.0885691080045004e-05
0.9633793719031178,0.2678118709185324,0.09383019662168315,2.0887013288207494e-05
0.9589579405204613,0.26856171971653753,0.09428544099252242,2.0892984871733266e-05
0.9607410104886505,0.2676280758367997,0.09373802437288967,2.0893071830444412e-05
0.9591431388199663,0.26770903774322274,0.09389319665801664,2.090011173504849e-05
0.9632338035551502,0.26796528168185985,0.09371164680594088,2.090532513547518e-05
0.95867317711898,0.2682858107809527,0.09431585418514726,2.090587037386844e-05
0.961174753514987,0.26767472078092736,0.0936910067216173,2.091028425373039e-05
0.9626323733966267,0.2679400759039179,0.0936823726100496,2.0915420746029047e-05
0.960548354008024,0.2680830123441402,0.09421219176488448,2.0916020023544865e-05
0.9582846725987473,0.2682949486446058,0.09430386119930441,2.0919817085474056e-05
0.9621626954110063,0.2681981981925219,0.09378592709918833,2.0920497396182255e-05
0.9573953947571141,0.2682041327962321,0.09417350087496362,2.0924296809005625e-05
0.9607243021515917,0.2676906436740698,0.09371295645354243,2.0925835857171272e-05
0.9582510106679969,0.2683345331761482,0.09430527432623265,2.0926648629310536e-05
0.962477110786633,0.2679778653364435,0.0940401738515639,2.09267368905366e-05
0.9611515246963691,0.26848012378412056,0.09422279895096143,2.0927396831184637e-05
0.9574877563733892,0.2681686888339425,0.09408432532340384,2.0929313096483177e-05
0.9593207591762738,0.2679927958756916,0.093799566171576,2.093009631451047e-05
0.9626242173255761,0.2678338836475631,0.09393645888296398,2.0930800311649686e-05
0.9603376170105928,0.26840030529646364,0.09428692649216237,2.0938055405173324e-05
0.9622705010183168,0.26828128199036616,0.09413548551676636,2.094306097362226e-05
0.9621959151495751,0.26767544940570254,0.09374421701058532,2.094450248911623e-05
0.9586153273325682,0.26828894524752167,0.09398053455426679,2.0948617788570985e-05
0.9598781466074886,0.26783918677011065,0.09375191215628212,2.095645696343309e-05
0.9579778987081511,0.26795860443109265,0.09406658503792338,2.096142760992061e-05
0.9633024374765959,0.2678953030969964,0.0937654928083894,2.0967585184524933e-05
0.9587986624873412,0.26795530819228675,0.09414224022177503,2.0971254072651738e-05
0.9607473690766621,0.26832446244649244,0.09424952130702241,2.097250019834842e-05
0.9608233619312418,0.26782998387427726,0.09403887896468954,2.0973544257269638e-05
0.9601518619248033,0.26773582843846677,0.09396136301753447,2.0973829669100204e-05
0.9584958622751998,0.2681871352634133,0.0939526179375598,2.097617613948711e-05
0.9631137731736921,0.26783035863025506,0.09378398955357896,2.0977679581086364e-05
0.9628312465114668,0.2682371209307768,0.0940316911970342,2.097856229162332e-05
0.9624275184993962,0.26817537190941443,0.0938038902410342,2.097915352505673e-05
0.9632316416878233,0.26788132749466675,0.09379616944746252,2.0985108504934797e-05
0.9623794676389181,0.26832063430428454,0.0940845761185703,2.0989143747520528e-05
0.9600332211421598,0.26782686163752834,0.0937572179754543,2.099119344383075e-05
0.9596486127005814,0.2677527272948068,0.09382080714856074,2.0992808211627643e-05
0.9625534252727022,0.26828388262160985,0.09406105547513346,2.0994257200838592e-05
0.9621697297810954,0.26832468773772544,0.0941098143363377,2.0999924940526737e-05
0.9599861771462006,0.2685075900431677,0.09412519402054358,2.100716160413281e-05
0.9626461811801956,0.26777886086044567,0.09379640289795123,2.100842452412608e-05
0.9589233771576176,0.26838688120123,0.09405247234857353,2.1010019297339118e-05
0.960387556383882,0.2684717146125424,0.09422414868734054,2.101714430626117e-05
0.9621408181434994,0.2683416410888284,0.09395987705317801,2.1021717313955725e-05
0.9628140456924079,0.2682385903397273,0.09396570210822014,2.1021971714133536e-05
0.9591187106083527,0.26839667950705026,0.09427379987458083,2.1023005130254974e-05
0.9617779742413628,0.26772193076422846,0.09383159038042825,2.102404462731892e-05
0.9628601429210928,0.26815150562669743,0.09385556988894393,2.1032123500284727e-05
0.961350576954473,0.26793106311665316,0.09405817288514069,2.1033732246822198e-05
0.9629522641949801,0.26810733578775303,0.09384107572226036,2.1035831672306006e-05
0.9582939203529008,0.2683650533452804,0.09421190972912065,2.1036354226124835e-05
0.9613799388259476,0.26771668383789105,0.093841883709436,2.1036715533645288e-05
0.9622955392581574,0.26778316470820274,0.09384605265087746,2.1038817994172984e-05
0.9612272168620883,0.26772130416806994,0.09377082087160625,2.104109599090871e-05
0.9617404620316048,0.2677505175434498,0.09386116421173789,2.1047340594546012e-05
0.9604860352371638,0.2684630082363815,0.09407844317535878,2.1048082812889845e-05
0.9607728555596022,0.26805971321190025,0.09378250642498329,2.1049749465708743e-05
0.9588103288269441,0.26836144738671286,0.09425211079333275,2.105082618875271e-05
0.9604978166188118,0.2680544369479363,0.09415557572236538,2.105304902412273e-05
0.9621171816435101,0.26821625410670547,0.09386117111094835,2.1058782220904275e-05
0.9624981350170305,0.2682591235303644,0.09394926536321656,2.1059827218095163e-05
0.9585637605286284,0.2680201832750373,0.09394516640995648,2.1059964993704705e-05
0.959372269226046,0.2684271065952639,0.09423998694757207,2.10601973606542e-05
0.9614574738337343,0.268311781384841,0.09415755289129993,2.1061527196810662e-05
0.9582922178947797,0.2681463781779194,0.09417025958368468,2.1067596062696156e-05
0.9626905008367057,0.26793464006901613,0.09390488114571496,2.1071596855731907e-05
0.9592984069092498,0.268276734523486,0.09424313511017911,2.1075384739906374e-05
0.9622910371439897,0.2678597743417426,0.09376477269928411,2.10876744916864e-05
0.9610229776584234,0.26826277506475193,0.09417518332384453,2.109223701880609e-05
0.9603266937833261,0.2683805416750409,0.0940100016298065,2.1094626243576705e-05
0.960784613269988,0.2678509993189715,0.09376946627361878,2.109979009194012e-05
0.9623654284559287,0.2681565055422701,0.09386555938617554,2.110333471414759e-05
0.9612042685346278,0.26825663976898406,0.09415329280223268,2.1108429042232435e-05
0.961216761177365,0.2683470457954251,0.09398454743258523,2.11116518599016e-05
0.961349023281258,0.2678668873312646,0.09376287895045758,2.111611415797405e-05
0.9621658557190411,0.2682135668761134,0.09390685936630791,2.1116992159618876e-05
0.9617619345638388,0.26799114683310754,0.09377753606099842,2.1120000747504578e-05
0.9610312023060175,0.2678102977921326,0.09391840912858704,2.1128111033097577e-05
0.960543485293119,0.2682615656602476,0.09392605905539729,2.1133437852726013e-05
0.9588255190332617,0.26817725026903205,0.09416523151002286,2.1143005853180622e-05
0.9602773809176348,0.2679355846070637,0.09405091834769332,2.1146191674606512e-05
0.9605120507781368,0.2681761632794273,0.09388287096028626,2.114820289583055e-05
0.9605522876670545,0.2679476197916819,0.09381054318679317,2.115396861565533e-05
0.9618266408393001,0.26787796358653093,0.09390404966127293,2.1154758671596508e-05
0.9603629098768387,0.26797140206765,0.09406846440650292,2.1156349608320577e-05
0.9597964802612413,0.2682628178866395,0.09418927455430841,2.116224993110596e-05
0.9606421136934884,0.2683059114975326,0.09398236395590578,2.1168530301693113e-05
0.9610602513849784,0.2683039060902892,0.09409836094350495,2.1186350054137736e-05
0.9608349284103568,0.26787088545898086,0.09394387773926362,2.1186738908720282e-05
0.9609988770197919,0.26789366302080997,0.0939517199717234,2.119732494567463e-05
0.9620711478547772,0.2680961350220241,0.09392830512626095,2.120273932878464e-05
0.9618603893906599,0.2681195579418445,0.09397949032594176,2.121522983201106e-05
0.961771706699853,0.26813478986512584,0.09399027207876934,2.122049172450129e-05
0.9596334574693746,0.268122912328453,0.09396020332806967,2.122817706712495e-05
0.9606317805768363,0.26827256161850666,0.0940163120338729,2.1233294677403967e-05
0.9599361837790692,0.2680989637087394,0.09409316183628684,2.1237557797465762e-05
0.9599906494468993,0.26812241740414966,0.09408290733762499,2.1258686617724573e-05
0.9601470614738652,0.26820607546644437,0.09409671430183594,2.1259599371716844e-05
0.9608302150764079,0.268150200096813,0.09405599108029221,2.1264362695573382e-05
0.9604685514291393,0.26804343699829003,0.09397338552558789,2.1291966104077475e-05
